"Time (s)","Magnetic Field x (µT)","Magnetic Field y (µT)","Magnetic Field z (µT)","Absolute field (µT)"
7.656791669E-3,2.897332764E1,-1.673607635E1,3.958667755E1,5.183295289E1
1.758879167E-2,2.929158783E1,-1.652469635E1,3.963946533E1,5.198413141E1
2.751979166E-2,3.033181763E1,-1.570044708E1,3.983188629E1,5.247001396E1
3.745179166E-2,3.085739899E1,-1.506167603E1,3.981043625E1,5.257284462E1
4.738379167E-2,2.965604401E1,-1.680854797E1,3.992333984E1,5.249648841E1
5.731479166E-2,2.941291046E1,-1.652928162E1,3.939835358E1,5.187067300E1
6.724679166E-2,3.127832794E1,-1.452735901E1,3.965990067E1,5.255745123E1
7.717779167E-2,3.141265106E1,-1.439157104E1,3.952142334E1,5.249585571E1
8.710979167E-2,2.998933411E1,-1.614680481E1,3.970307159E1,5.231073847E1
9.704179167E-2,2.922227478E1,-1.653157806E1,3.938227081E1,5.175130598E1
1.069727917E-1,3.091365051E1,-1.539284515E1,3.971498108E1,5.262958476E1
1.169047917E-1,3.107402802E1,-1.503984070E1,3.974568176E1,5.264514454E1
1.268367917E-1,2.983964539E1,-1.647097778E1,3.992729568E1,5.249653785E1
1.367677917E-1,2.885762024E1,-1.690640259E1,4.001351166E1,5.215045359E1
1.466997917E-1,3.075574493E1,-1.557751465E1,3.990282440E1,5.273338795E1
1.566307917E-1,3.138715363E1,-1.455120850E1,3.983999252E1,5.276472388E1
1.665627917E-1,3.138715363E1,-1.455120850E1,3.983999252E1,5.276472388E1
1.764947917E-1,2.924021912E1,-1.706547546E1,3.963890839E1,5.212930006E1
1.864257917E-1,3.033100891E1,-1.576729584E1,3.978309631E1,5.245257355E1
1.963577917E-1,3.110787964E1,-1.515060425E1,3.940752411E1,5.244229153E1
2.062897917E-1,3.044422913E1,-1.634327698E1,3.980676651E1,5.271178663E1
2.162207917E-1,2.891739655E1,-1.709256744E1,3.962659073E1,5.194842036E1
2.261527917E-1,2.991978455E1,-1.633211517E1,3.966014099E1,5.229587246E1
2.360837917E-1,3.074564362E1,-1.519711304E1,3.973531342E1,5.248944635E1
2.460157917E-1,3.021430969E1,-1.612925720E1,3.976869202E1,5.248434350E1
2.559477917E-1,2.894419098E1,-1.724864197E1,3.961837387E1,5.200862803E1
2.658787917E-1,2.943746948E1,-1.654306030E1,3.996518326E1,5.232067781E1
2.758107917E-1,3.063830566E1,-1.557427979E1,3.973151779E1,5.253434563E1
2.857427917E-1,3.031379700E1,-1.586734772E1,3.991715240E1,5.257450017E1
2.956737917E-1,2.907747650E1,-1.733265686E1,3.960261917E1,5.209882992E1
3.056057917E-1,2.927410889E1,-1.727647400E1,4.006732941E1,5.254370458E1
3.155367917E-1,3.032339478E1,-1.590837860E1,4.010962677E1,5.273866646E1
3.254687917E-1,3.059093475E1,-1.619776154E1,3.972791672E1,5.269231571E1
3.354001667E-1,2.925450897E1,-1.724214935E1,3.966220093E1,5.221310364E1
3.453311667E-1,2.927655029E1,-1.717055511E1,3.979282379E1,5.230117767E1
3.552631667E-1,3.047832489E1,-1.578152466E1,3.975056839E1,5.251754465E1
3.651941667E-1,3.054087830E1,-1.543197632E1,3.995342255E1,5.260386976E1
3.751261667E-1,2.935194397E1,-1.655069733E1,3.963143158E1,5.202030917E1
3.850581667E-1,2.933359528E1,-1.700821686E1,3.973219681E1,5.223396132E1
3.949891667E-1,3.006320190E1,-1.597496033E1,3.960166550E1,5.222343704E1
4.049211667E-1,3.054734039E1,-1.580464172E1,3.978405762E1,5.258990346E1
4.148531667E-1,2.941590118E1,-1.650582123E1,3.946780396E1,5.191767450E1
4.247841667E-1,2.916770172E1,-1.679548645E1,3.962328720E1,5.198892264E1
4.347161667E-1,3.001169586E1,-1.562408447E1,3.978548431E1,5.222737468E1
4.446471667E-1,3.052091980E1,-1.494188690E1,3.970753479E1,5.226351355E1
4.545791667E-1,3.003813934E1,-1.535903931E1,3.949108887E1,5.193973434E1
4.645111667E-1,2.951703644E1,-1.632509613E1,3.949567795E1,5.193912572E1
4.744421667E-1,2.947786713E1,-1.631565094E1,3.925683594E1,5.173242971E1
4.843741667E-1,2.947080994E1,-1.615431976E1,3.959192657E1,5.193275782E1
4.943061667E-1,2.938333130E1,-1.639763641E1,3.938929367E1,5.180520335E1
5.042371667E-1,2.917344666E1,-1.656256866E1,3.924634552E1,5.163026542E1
5.141691667E-1,2.981278229E1,-1.623348236E1,3.951674652E1,5.209511679E1
5.241011667E-1,3.031951904E1,-1.580152893E1,3.928802490E1,5.208176698E1
5.340321667E-1,3.047454071E1,-1.596868896E1,3.925728989E1,5.219991828E1
5.439641667E-1,2.983416748E1,-1.633063507E1,3.925624847E1,5.194054520E1
5.538951667E-1,2.967731476E1,-1.623783112E1,3.956433105E1,5.205522512E1
5.638271667E-1,2.961124420E1,-1.562090302E1,3.966200256E1,5.190291747E1
5.737591667E-1,2.979766083E1,-1.640193176E1,3.921679688E1,5.191224435E1
5.836901667E-1,2.924047852E1,-1.669211578E1,3.935078430E1,5.178915464E1
5.936221667E-1,2.918180847E1,-1.647621918E1,3.890295029E1,5.134669692E1
6.035541667E-1,2.985552979E1,-1.586119080E1,3.936763000E1,5.189162095E1
6.134851667E-1,2.985198212E1,-1.561629486E1,3.944107819E1,5.187107238E1
6.234171667E-1,2.938520050E1,-1.625291443E1,3.928816605E1,5.168372304E1
6.333481667E-1,2.925511932E1,-1.658996582E1,3.922934341E1,5.167233648E1
6.432801667E-1,2.948202515E1,-1.603710938E1,3.924977112E1,5.164226192E1
6.532121667E-1,2.983346558E1,-1.604975891E1,3.949869537E1,5.203630815E1
6.631431667E-1,2.928109741E1,-1.624403381E1,3.965634155E1,5.190256955E1
6.730751667E-1,2.949904633E1,-1.632766724E1,3.931707001E1,5.179400009E1
6.830071667E-1,2.999585724E1,-1.610147095E1,3.942456818E1,5.208939810E1
6.929381667E-1,3.004486084E1,-1.584007263E1,3.939844513E1,5.201768010E1
7.028701667E-1,2.946046448E1,-1.606389618E1,3.932792664E1,5.169771311E1
7.128011667E-1,2.931539917E1,-1.623251343E1,3.922790909E1,5.159182079E1
7.227331667E-1,2.935743713E1,-1.595589447E1,3.919285965E1,5.150271770E1
7.326651667E-1,2.946080780E1,-1.608554077E1,3.920009995E1,5.160747672E1
7.425961667E-1,2.927774048E1,-1.606848145E1,3.917977142E1,5.148239187E1
7.525281667E-1,2.960700989E1,-1.606719971E1,3.924110794E1,5.171648183E1
7.624601667E-1,2.946255493E1,-1.591677094E1,3.925081635E1,5.159469279E1
7.723911667E-1,2.981600189E1,-1.597064972E1,3.928871536E1,5.184263473E1
7.823231667E-1,2.947042084E1,-1.607647705E1,3.944659424E1,5.179761207E1
7.922551667E-1,2.941508484E1,-1.599664307E1,3.939036179E1,5.169855324E1
8.021861667E-1,2.948352051E1,-1.577668762E1,3.924629974E1,5.156019683E1
8.121181667E-1,2.958672333E1,-1.568872070E1,3.946408463E1,5.175832426E1
8.220501667E-1,2.948912048E1,-1.601309204E1,3.916270828E1,5.157271627E1
8.319811667E-1,2.964801025E1,-1.612640381E1,3.963097382E1,5.205458191E1
8.419131667E-1,2.947914886E1,-1.594844818E1,3.959696960E1,5.187767554E1
8.518441667E-1,2.982327271E1,-1.592187500E1,3.998389435E1,5.236072484E1
8.617761667E-1,2.956755829E1,-1.591007233E1,3.962931824E1,5.194086800E1
8.717081667E-1,2.962599945E1,-1.609505463E1,3.923097992E1,5.172833278E1
8.816391667E-1,2.984618378E1,-1.587274933E1,3.958744049E1,5.205674118E1
8.915711667E-1,2.992887878E1,-1.581968689E1,3.967566299E1,5.215513889E1
9.015031667E-1,2.953621674E1,-1.561341095E1,3.967635345E1,5.186887047E1
9.114341667E-1,2.950122833E1,-1.575447083E1,3.981046677E1,5.199422168E1
9.213661667E-1,2.948220825E1,-1.556214905E1,3.938489532E1,5.159991343E1
9.312981667E-1,3.000674438E1,-1.575583649E1,3.941796875E1,5.198487619E1
9.412291667E-1,2.972042084E1,-1.578736115E1,3.944197083E1,5.184798211E1
9.511611667E-1,2.967366028E1,-1.618278503E1,3.926214600E1,5.180660917E1
9.610921667E-1,2.944577789E1,-1.626459503E1,3.909088898E1,5.157216777E1
9.710241667E-1,2.971456909E1,-1.584605408E1,3.935492706E1,5.179636406E1
9.809561667E-1,2.938979340E1,-1.576467896E1,3.945347595E1,5.166102809E1
9.908871667E-1,2.968273926E1,-1.629581451E1,3.965747070E1,5.214722968E1
1.000819167E0,2.927897644E1,-1.642816925E1,3.950222778E1,5.184177086E1
1.010751167E0,2.972247314E1,-1.621511078E1,3.996298599E1,5.237743290E1
1.020682167E0,2.947676849E1,-1.608209229E1,3.958043671E1,5.190495682E1
1.030614167E0,2.945516968E1,-1.618972015E1,4.000120544E1,5.224758843E1
1.040546167E0,2.908130646E1,-1.610797882E1,3.941264343E1,5.156108833E1
1.050477167E0,2.951429749E1,-1.613666534E1,3.955623627E1,5.192476819E1
1.060409167E0,2.926784515E1,-1.585449982E1,3.941903305E1,5.159294614E1
1.070340167E0,2.954672241E1,-1.599482727E1,3.974127197E1,5.204048427E1
1.080272167E0,2.924025726E1,-1.593818665E1,3.937603760E1,5.157025087E1
1.090204167E0,2.937147522E1,-1.596916199E1,3.956173706E1,5.179603006E1
1.100135167E0,2.946974945E1,-1.574991608E1,3.932684326E1,5.160548992E1
1.110067167E0,2.968711090E1,-1.589924622E1,3.973726654E1,5.208801144E1
1.119999167E0,2.917748260E1,-1.596608734E1,3.984854507E1,5.190518260E1
1.129930167E0,2.957228851E1,-1.600207520E1,3.998716736E1,5.224519319E1
1.139862167E0,2.916294098E1,-1.605061340E1,3.925726318E1,5.147069098E1
1.149794167E0,2.936465454E1,-1.590790558E1,3.955606079E1,5.176897084E1
1.159725167E0,2.906649780E1,-1.604851532E1,3.949061584E1,5.159384535E1
1.169657167E0,2.928025818E1,-1.617506409E1,3.952023315E1,5.177658782E1
1.179589167E0,2.935430145E1,-1.585244751E1,3.932951355E1,5.157311065E1
1.189520167E0,2.956398010E1,-1.584739685E1,3.947229004E1,5.179990914E1
1.199452167E0,2.935588837E1,-1.605056763E1,3.962271881E1,5.185893124E1
1.209383167E0,2.949175262E1,-1.598791504E1,4.022579193E1,5.237834702E1
1.219315167E0,2.959144592E1,-1.581394196E1,3.977738571E1,5.203820564E1
1.229247167E0,2.968053436E1,-1.584759521E1,3.974562836E1,5.207490151E1
1.239178167E0,2.926856995E1,-1.597473907E1,3.958633041E1,5.175827500E1
1.249110167E0,2.953696442E1,-1.605653381E1,3.989896393E1,5.217443692E1
1.259042167E0,2.970756531E1,-1.581401825E1,3.947508240E1,5.187393122E1
1.268973167E0,2.982639313E1,-1.620980072E1,3.949833679E1,5.208157040E1
1.278905167E0,2.940673065E1,-1.621282196E1,3.965182114E1,5.196035338E1
1.288837167E0,2.974057007E1,-1.617433929E1,3.969421387E1,5.217031123E1
1.298768167E0,2.963540649E1,-1.588189697E1,3.962802505E1,5.196991764E1
1.308700167E0,2.944059753E1,-1.622187805E1,3.946738815E1,5.184180589E1
1.318632167E0,2.925289917E1,-1.620856476E1,3.936874771E1,5.165605461E1
1.328563167E0,2.953492737E1,-1.615517426E1,3.923812103E1,5.170040360E1
1.338495667E0,2.958839417E1,-1.602100372E1,3.927861023E1,5.171996569E1
1.348426667E0,2.972034454E1,-1.614099121E1,3.952652740E1,5.202092700E1
1.358358667E0,2.925291443E1,-1.619018555E1,3.917166901E1,5.150024042E1
1.368290667E0,2.947709656E1,-1.610302734E1,3.947592163E1,5.183198915E1
1.378221667E0,2.949959564E1,-1.571766663E1,3.933717346E1,5.162058120E1
1.388153667E0,2.933269501E1,-1.598197174E1,3.944104385E1,5.168584291E1
1.398085667E0,2.897148895E1,-1.635449982E1,3.953576660E1,5.167101390E1
1.408016667E0,2.898085785E1,-1.626993561E1,3.943681717E1,5.157386426E1
1.417948667E0,2.930821991E1,-1.584363556E1,3.901314926E1,5.130320026E1
1.427880667E0,2.940469360E1,-1.571318817E1,3.942205811E1,5.162982620E1
1.437811667E0,2.923068237E1,-1.590548706E1,3.912783432E1,5.136540401E1
1.447743667E0,2.934365082E1,-1.596823883E1,3.950110626E1,5.173366303E1
1.457675667E0,2.954871368E1,-1.603262329E1,3.949214172E1,5.186328902E1
1.467606667E0,2.943403625E1,-1.609083557E1,3.929587555E1,5.166665573E1
1.477538667E0,2.925727081E1,-1.599143982E1,3.920317841E1,5.146458238E1
1.487470667E0,2.915452576E1,-1.603093719E1,3.938288879E1,5.155569075E1
1.497401667E0,2.952879333E1,-1.572698212E1,3.950360107E1,5.176699818E1
1.507333667E0,2.930387878E1,-1.570735168E1,3.985227203E1,5.190030631E1
1.517265667E0,2.941296387E1,-1.593144226E1,3.965540314E1,5.187951709E1
1.527196667E0,2.908715057E1,-1.588635254E1,3.936938477E1,5.146248131E1
1.537128667E0,2.941063690E1,-1.592216492E1,3.947384644E1,5.173669347E1
1.547059667E0,2.954320526E1,-1.566669464E1,3.927868652E1,5.158547773E1
1.556991667E0,2.942529297E1,-1.609053802E1,3.922913361E1,5.161083417E1
1.566923667E0,2.927908325E1,-1.629364014E1,3.917853546E1,5.155293460E1
1.576854667E0,2.939410400E1,-1.585491943E1,3.920678711E1,5.150304822E1
1.586786667E0,2.941300201E1,-1.593979645E1,3.939698029E1,5.168485130E1
1.596718667E0,2.963262939E1,-1.614214325E1,3.948037720E1,5.193613094E1
1.606649667E0,2.927477264E1,-1.607472229E1,3.923867035E1,5.152749034E1
1.616581667E0,2.942983246E1,-1.592322540E1,3.957602692E1,5.182592066E1
1.626513667E0,2.942516327E1,-1.576009369E1,3.958812332E1,5.178262541E1
1.636444667E0,2.932751465E1,-1.559497070E1,3.926596069E1,5.143074854E1
1.646376667E0,2.906767273E1,-1.569454956E1,3.926562881E1,5.131313760E1
1.656308667E0,2.929679871E1,-1.584406281E1,3.902427673E1,5.130527181E1
1.666239667E0,2.934197998E1,-1.571037292E1,3.913375854E1,5.137332639E1
1.676171667E0,2.934357452E1,-1.570305634E1,3.931401062E1,5.150944355E1
1.686103667E0,2.902537537E1,-1.591079712E1,3.958178711E1,5.159790452E1
1.696034667E0,2.924438477E1,-1.602745819E1,3.958522797E1,5.176005921E1
1.705966667E0,2.908540344E1,-1.582169342E1,3.924520874E1,5.134659760E1
1.715898667E0,2.936094666E1,-1.591889954E1,3.919380188E1,5.149398661E1
1.725829667E0,2.910708618E1,-1.593383026E1,3.913555908E1,5.130985673E1
1.735761667E0,2.959105682E1,-1.594066620E1,3.942803955E1,5.181028648E1
1.745693667E0,2.954914856E1,-1.583435822E1,3.915352631E1,5.154490957E1
1.755624667E0,2.958844757E1,-1.600312805E1,3.943402481E1,5.183260219E1
1.765556667E0,2.903777313E1,-1.616303253E1,3.936023712E1,5.151372783E1
1.775488667E0,2.936807251E1,-1.606197357E1,3.955181122E1,5.181521445E1
1.785419667E0,2.920986938E1,-1.587783051E1,3.949925232E1,5.162860549E1
1.795351667E0,2.948870850E1,-1.602588654E1,3.950967026E1,5.184039942E1
1.805282667E0,2.917527771E1,-1.588687897E1,3.919758987E1,5.138132739E1
1.815214667E0,2.930809021E1,-1.598829651E1,3.934290695E1,5.159897387E1
1.825146667E0,2.934685516E1,-1.554688263E1,3.939177704E1,5.152334971E1
1.835077667E0,2.958245850E1,-1.558755493E1,3.937172318E1,5.165487688E1
1.845009667E0,2.907701874E1,-1.596939087E1,3.914317703E1,5.130967522E1
1.854941667E0,2.933135223E1,-1.583632660E1,3.929827499E1,5.153127091E1
1.864872667E0,2.949478912E1,-1.597798157E1,3.941090393E1,5.175381946E1
1.874804667E0,2.979782104E1,-1.579288483E1,3.957672119E1,5.199655960E1
1.884736667E0,2.948365021E1,-1.564250946E1,3.900192261E1,5.133345594E1
1.894667667E0,2.958056641E1,-1.595693207E1,3.923259354E1,5.166071995E1
1.904599667E0,2.956022644E1,-1.598293304E1,3.928861618E1,5.169967599E1
1.914531667E0,2.963471985E1,-1.601314545E1,3.920570374E1,5.168872849E1
1.924462667E0,2.910951996E1,-1.599386597E1,3.868645859E1,5.098833179E1
1.934394667E0,2.933107758E1,-1.623151398E1,3.914447021E1,5.153701297E1
1.944326667E0,2.928263855E1,-1.593095398E1,3.926642609E1,5.150845011E1
1.954257667E0,2.953106689E1,-1.603838348E1,3.962322617E1,5.195491996E1
1.964189667E0,2.937765503E1,-1.611389160E1,3.892187119E1,5.135772750E1
1.974121667E0,2.956007385E1,-1.638993073E1,3.908182144E1,5.167026768E1
1.984052667E0,2.939279938E1,-1.589063263E1,3.918131256E1,5.149392308E1
1.993984667E0,2.978147888E1,-1.582262421E1,3.942564392E1,5.188133884E1
2.003916667E0,2.939768219E1,-1.609812927E1,3.960541534E1,5.188412482E1
2.013847667E0,2.932970428E1,-1.610424805E1,3.960442352E1,5.184678120E1
2.023779667E0,2.934620667E1,-1.576932526E1,3.897567368E1,5.127352731E1
2.033711667E0,2.946014404E1,-1.579815674E1,3.919866180E1,5.151715181E1
2.043642667E0,2.937014008E1,-1.580856323E1,3.927670288E1,5.152839206E1
2.053574667E0,2.963105011E1,-1.587866974E1,3.918297195E1,5.162786626E1
2.063506667E0,2.933708954E1,-1.570236206E1,3.906124878E1,5.131286538E1
2.073437667E0,2.978516388E1,-1.580803680E1,3.930666733E1,5.178864848E1
2.083369667E0,2.942044067E1,-1.596263885E1,3.907081604E1,5.144800127E1
2.093301667E0,2.962153625E1,-1.615864563E1,3.915535355E1,5.168828639E1
2.103232667E0,2.965312958E1,-1.604378510E1,3.893777847E1,5.150593875E1
2.113164667E0,2.984608459E1,-1.620127869E1,3.956558990E1,5.214121308E1
2.123096667E0,2.957130432E1,-1.627716064E1,3.944577789E1,5.191702410E1
2.133027667E0,2.966748810E1,-1.611740112E1,3.978343964E1,5.217904309E1
2.142959667E0,2.983811188E1,-1.597156525E1,3.965181732E1,5.213128076E1
2.152891667E0,2.939097595E1,-1.611263275E1,3.930710220E1,5.165747463E1
2.162822667E0,2.938896942E1,-1.618163300E1,3.958189392E1,5.188721515E1
2.172754667E0,2.939965057E1,-1.586822510E1,3.940436172E1,5.166085311E1
2.182686667E0,2.973133087E1,-1.601558685E1,3.946903992E1,5.194474150E1
2.192617667E0,2.941155243E1,-1.605318451E1,3.916727448E1,5.154434536E1
2.202549667E0,2.937767792E1,-1.597528076E1,3.949752808E1,5.175241327E1
2.212481667E0,2.952793121E1,-1.574178314E1,3.957096481E1,5.182242482E1
2.222412667E0,2.968827820E1,-1.556926727E1,3.976342010E1,5.200889851E1
2.232344667E0,2.920116425E1,-1.590541077E1,3.948133087E1,5.161846155E1
2.242276667E0,2.946041107E1,-1.623732758E1,3.955195618E1,5.192228678E1
2.252207667E0,2.946254730E1,-1.610130310E1,3.933541870E1,5.171623362E1
2.262139667E0,2.944097900E1,-1.614576721E1,3.943007660E1,5.178984441E1
2.272070667E0,2.931519318E1,-1.586130524E1,3.959268188E1,5.175463277E1
2.282002667E0,2.941867065E1,-1.582197571E1,3.966267014E1,5.185480210E1
2.291934667E0,2.939746094E1,-1.579748535E1,3.954009247E1,5.174157096E1
2.301865667E0,2.946826935E1,-1.567237091E1,3.969725037E1,5.186399324E1
2.311797667E0,2.942835236E1,-1.612872314E1,3.947037506E1,5.180805092E1
2.321729667E0,2.965840149E1,-1.602169800E1,3.971418381E1,5.209157303E1
2.331660667E0,2.967347717E1,-1.586949921E1,3.969435883E1,5.203843171E1
2.341592417E0,2.966802216E1,-1.582051849E1,3.960885239E1,5.195518772E1
2.351524417E0,2.920369720E1,-1.566860962E1,3.957851410E1,5.162189493E1
2.361455417E0,2.925520325E1,-1.558269501E1,3.948345947E1,5.155221501E1
2.371387417E0,2.937116241E1,-1.563857269E1,3.900777817E1,5.127218442E1
2.381319417E0,2.936369324E1,-1.586519623E1,3.927426910E1,5.154026722E1
2.391250417E0,2.940686798E1,-1.599761963E1,3.924338531E1,5.158227418E1
2.401182417E0,2.936852264E1,-1.605849457E1,3.948426819E1,5.176285159E1
2.411114417E0,2.933328247E1,-1.618519592E1,3.949547577E1,5.179087404E1
2.421045417E0,2.939434814E1,-1.570765686E1,3.917280960E1,5.143216113E1
2.430977417E0,2.935690308E1,-1.593627930E1,3.911132050E1,5.143430905E1
2.440909417E0,2.943968201E1,-1.568030548E1,3.910466003E1,5.139787246E1
2.450840417E0,2.938724518E1,-1.592369843E1,3.901003265E1,5.137077962E1
2.460772417E0,2.967020416E1,-1.610939789E1,3.887768555E1,5.149085500E1
2.470704417E0,2.937918854E1,-1.580732727E1,3.921276855E1,5.148445913E1
2.480635417E0,2.962319946E1,-1.607379150E1,3.919459915E1,5.169252676E1
2.490567417E0,2.947898865E1,-1.591020966E1,3.909621429E1,5.148455608E1
2.500499417E0,2.959866333E1,-1.612526703E1,3.912327576E1,5.164044746E1
2.510430417E0,2.958845520E1,-1.596588135E1,3.927332306E1,5.169893570E1
2.520362417E0,2.952543640E1,-1.605078888E1,3.952173615E1,5.187819240E1
2.530294417E0,2.975242615E1,-1.591864014E1,3.946038818E1,5.192044107E1
2.540225417E0,2.971179962E1,-1.597957611E1,3.926908112E1,5.177063474E1
2.550157417E0,2.973898315E1,-1.614855194E1,3.921166229E1,5.179514754E1
2.560089417E0,2.962567139E1,-1.617613983E1,3.939703751E1,5.187942241E1
2.570020417E0,2.972872162E1,-1.600445557E1,3.926010132E1,5.178122288E1
2.579952417E0,2.962273407E1,-1.581708527E1,3.916967773E1,5.159409088E1
2.589884417E0,2.960804749E1,-1.613419342E1,3.935844421E1,5.182697950E1
2.599815417E0,2.960142517E1,-1.619334412E1,3.962584686E1,5.204494697E1
2.609747417E0,2.966242218E1,-1.601264954E1,3.952565765E1,5.194749126E1
2.619679417E0,2.934780884E1,-1.610778809E1,3.948387146E1,5.176611658E1
2.629610417E0,2.935107422E1,-1.628791809E1,3.936660767E1,5.173501360E1
2.639542417E0,2.936539459E1,-1.599883270E1,3.981473541E1,5.199521327E1
2.649474417E0,2.962815857E1,-1.614653778E1,3.937292099E1,5.185330626E1
2.659406417E0,2.944171143E1,-1.608940125E1,3.963919067E1,5.193215421E1
2.669337417E0,2.943800354E1,-1.618453979E1,3.965686035E1,5.197308875E1
2.679269417E0,2.945408630E1,-1.603076935E1,3.942927551E1,5.176095568E1
2.689201417E0,2.954295349E1,-1.592958832E1,3.956747818E1,5.188567446E1
2.699132417E0,2.928279114E1,-1.576251984E1,3.931042099E1,5.149027177E1
2.709064417E0,2.935184479E1,-1.603221130E1,3.933058167E1,5.162806645E1
2.718996417E0,2.923625946E1,-1.601530457E1,3.981113052E1,5.192470473E1
2.728927417E0,2.934513092E1,-1.606723022E1,3.983946991E1,5.202380185E1
2.738859417E0,2.930352783E1,-1.591999817E1,4.020021057E1,5.223217414E1
2.748791417E0,2.960366058E1,-1.583534241E1,4.000105286E1,5.222278256E1
2.758722417E0,2.937810516E1,-1.604869843E1,3.977436829E1,5.198686523E1
2.768654417E0,2.947418976E1,-1.611962128E1,3.962226868E1,5.194703290E1
2.778586417E0,2.949231720E1,-1.584293365E1,3.973055267E1,5.195490483E1
2.788517417E0,2.945849609E1,-1.593560791E1,3.928869629E1,5.162701083E1
2.798449417E0,2.908766174E1,-1.601828766E1,3.916371155E1,5.134660561E1
2.808381417E0,2.924520874E1,-1.591259766E1,3.960773468E1,5.174230034E1
2.818312417E0,2.895464325E1,-1.594316864E1,3.930126953E1,5.135314770E1
2.828244417E0,2.955176544E1,-1.582163239E1,3.952497864E1,5.182523351E1
2.838176417E0,2.940334320E1,-1.584252930E1,3.967955399E1,5.186529987E1
2.848107417E0,2.967137909E1,-1.582953644E1,3.949153137E1,5.187047340E1
2.858039417E0,2.935538483E1,-1.593479156E1,3.925911331E1,5.154545740E1
2.867971417E0,2.937048340E1,-1.597863007E1,3.960617065E1,5.183233226E1
2.877902417E0,2.938444519E1,-1.600167084E1,3.945151520E1,5.172930640E1
2.887834417E0,2.962048340E1,-1.586191559E1,3.961354065E1,5.194425864E1
2.897766417E0,2.929164886E1,-1.599266815E1,3.971672440E1,5.187662599E1
2.907697417E0,2.934725952E1,-1.605723572E1,3.963277435E1,5.186379530E1
2.917629417E0,2.898980713E1,-1.581327820E1,3.967196274E1,5.161718040E1
2.927561417E0,2.947883606E1,-1.594293213E1,3.954338074E1,5.183490928E1
2.937492417E0,2.920412445E1,-1.581388092E1,3.919499969E1,5.137321983E1
2.947424417E0,2.949369049E1,-1.588020325E1,3.953258896E1,5.181586845E1
2.957356417E0,2.918772125E1,-1.596250153E1,3.917778397E1,5.139672444E1
2.967287417E0,2.934410095E1,-1.603228760E1,3.950014496E1,5.175298985E1
2.977219417E0,2.915926361E1,-1.615132904E1,3.904016876E1,5.133481140E1
2.987151417E0,2.953862000E1,-1.617378235E1,3.917518616E1,5.166058959E1
2.997082417E0,2.921150970E1,-1.596556854E1,3.919042969E1,5.142082708E1
3.007014417E0,2.935707855E1,-1.584680176E1,3.921745300E1,5.148755002E1
3.016946417E0,2.909313202E1,-1.577565765E1,3.926856995E1,5.135467156E1
3.026877417E0,2.953453827E1,-1.595192719E1,3.946224594E1,5.180754565E1
3.036809417E0,2.901854706E1,-1.610844421E1,3.921481323E1,5.137469830E1
3.046741417E0,2.948535156E1,-1.600557709E1,3.911921692E1,5.153520726E1
3.056672417E0,2.935665131E1,-1.576713562E1,3.919287109E1,5.144411226E1
3.066604417E0,2.927456665E1,-1.597500610E1,3.959472656E1,5.176817018E1
3.076536417E0,2.910313416E1,-1.592826843E1,3.920671082E1,5.136018230E1
3.086467417E0,2.965290833E1,-1.603425598E1,3.918800735E1,5.169228431E1
3.096399417E0,2.957534027E1,-1.566602325E1,3.942643738E1,5.171623537E1
3.106331417E0,2.962106323E1,-1.584819794E1,3.949613190E1,5.185091320E1
3.116262417E0,2.935784912E1,-1.581503296E1,3.928563690E1,5.153018377E1
3.126194417E0,2.964072418E1,-1.580625916E1,3.961472321E1,5.193974060E1
3.136126417E0,2.951274109E1,-1.563938141E1,3.983885193E1,5.198775106E1
3.146058417E0,2.987165833E1,-1.564062500E1,3.962526321E1,5.202986264E1
3.155989417E0,2.958283997E1,-1.546379852E1,3.933527374E1,5.159008864E1
3.165921417E0,2.955588531E1,-1.581060791E1,3.959194183E1,5.187530759E1
3.175853417E0,2.954933167E1,-1.526902771E1,3.961573792E1,5.172729357E1
3.185784417E0,2.979586029E1,-1.542024231E1,3.983045197E1,5.207727016E1
3.195716417E0,2.944593048E1,-1.567419434E1,3.936996078E1,5.160171511E1
3.205648417E0,2.944380951E1,-1.548907471E1,3.925063324E1,5.145348932E1
3.215579417E0,2.927931213E1,-1.540371704E1,3.915032959E1,5.125720364E1
3.225511417E0,2.935214233E1,-1.535401917E1,3.865172577E1,5.090432270E1
3.235443417E0,2.865752411E1,-1.553723145E1,3.771394348E1,4.984978217E1
3.245374417E0,2.801155090E1,-1.535772705E1,3.733408356E1,4.913593959E1
3.255306417E0,2.722375488E1,-1.528925323E1,3.613291931E1,4.775439197E1
3.265238417E0,2.692867279E1,-1.497927094E1,3.507012177E1,4.668453081E1
3.275169417E0,2.571272278E1,-1.497957611E1,3.367654419E1,4.494042102E1
3.285101417E0,2.460202789E1,-1.494486237E1,3.216481400E1,4.316461452E1
3.295033417E0,2.288787079E1,-1.518584442E1,3.048898315E1,4.103708803E1
3.304964417E0,2.200614929E1,-1.451407623E1,2.850166702E1,3.882362732E1
3.314896417E0,2.083698273E1,-1.412210846E1,2.655195236E1,3.658715582E1
3.324828417E0,1.978697968E1,-1.404481506E1,2.482672119E1,3.471523412E1
3.334758708E0,1.856839752E1,-1.436082458E1,2.244998932E1,3.248108203E1
3.344690708E0,1.770628357E1,-1.413508606E1,2.003750992E1,3.024590781E1
3.354622708E0,1.695088959E1,-1.365538025E1,1.851334381E1,2.857526844E1
3.364553708E0,1.661640930E1,-1.296619415E1,1.648966980E1,2.676072606E1
3.374485708E0,1.560557556E1,-1.317208862E1,1.449757385E1,2.504431183E1
3.384417708E0,1.490745544E1,-1.290869141E1,1.280944443E1,2.351485505E1
3.394348708E0,1.448240662E1,-1.239710999E1,1.156835938E1,2.229922366E1
3.404280708E0,1.385618591E1,-1.184065247E1,1.008721924E1,2.083139292E1
3.414212708E0,1.333460999E1,-1.166799164E1,8.372005463E0,1.959704896E1
3.424144708E0,1.265866089E1,-1.171452332E1,7.027000427E0,1.862392244E1
3.434075708E0,1.225570679E1,-1.137283325E1,5.360412598E0,1.755783894E1
3.444007708E0,1.182794952E1,-1.082895660E1,3.941154480E0,1.651361225E1
3.453939708E0,1.106656647E1,-1.051074219E1,2.385581970E0,1.544783467E1
3.463870708E0,1.056278992E1,-1.056258392E1,1.014694214E0,1.497231827E1
3.473802708E0,1.015605164E1,-1.056768036E1,-1.899032593E-1,1.465801202E1
3.483734708E0,1.003202057E1,-1.039835358E1,-1.350975037E0,1.451179959E1
3.493665708E0,9.578224182E0,-9.828887939E0,-2.212509155E0,1.390124503E1
3.503597708E0,9.642066956E0,-9.655021667E0,-3.048568726E0,1.398151172E1
3.513529708E0,9.173622131E0,-9.572227478E0,-3.646453857E0,1.375061845E1
3.523460708E0,8.895950317E0,-9.649810791E0,-3.805305481E0,1.366517948E1
3.533392708E0,8.838531494E0,-9.547729492E0,-4.460372925E0,1.375404319E1
3.543324708E0,8.733428955E0,-9.189331055E0,-4.825416565E0,1.356470536E1
3.553255708E0,8.218872070E0,-9.326461792E0,-4.947486877E0,1.337947585E1
3.563187708E0,7.987945557E0,-9.277130127E0,-5.032020569E0,1.323607376E1
3.573119708E0,8.102508545E0,-9.110359192E0,-5.216514587E0,1.326127120E1
3.583050708E0,7.812576294E0,-9.084838867E0,-5.401870728E0,1.314347188E1
3.592982708E0,7.849929810E0,-9.133148193E0,-5.560203552E0,1.326467706E1
3.602914708E0,7.721778870E0,-9.117958069E0,-5.661994934E0,1.322199739E1
3.612845708E0,7.615219116E0,-9.007064819E0,-6.058029175E0,1.325965672E1
3.622777708E0,7.310348511E0,-8.941047668E0,-6.458618164E0,1.323243278E1
3.632709708E0,7.279609680E0,-8.825599670E0,-6.690650940E0,1.325325381E1
3.642641708E0,7.153648376E0,-8.652503967E0,-6.971298218E0,1.321512425E1
3.652572708E0,6.744529724E0,-8.663070679E0,-7.377510071E0,1.322743851E1
3.662504708E0,6.413047791E0,-8.380218506E0,-7.850006104E0,1.315210401E1
3.672436708E0,6.212997437E0,-8.603073120E0,-8.220596313E0,1.342357657E1
3.682367708E0,5.866348267E0,-8.389144897E0,-8.391403198E0,1.323659479E1
3.692299708E0,5.992439270E0,-8.457656860E0,-8.546775818E0,1.343460699E1
3.702231708E0,5.693344116E0,-8.555358887E0,-9.002006531E0,1.366178811E1
3.712162708E0,5.686447144E0,-8.606613159E0,-8.880508423E0,1.361149885E1
3.722094708E0,5.572296143E0,-8.435836792E0,-9.370040894E0,1.378446564E1
3.732026708E0,5.632499695E0,-8.478302002E0,-9.487503052E0,1.391471781E1
3.741957708E0,5.630493164E0,-8.856330872E0,-9.723152161E0,1.430652780E1
3.751889708E0,5.573272705E0,-8.909500122E0,-9.558929443E0,1.420611464E1
3.761821708E0,5.453025818E0,-8.951194763E0,-9.887268066E0,1.440893640E1
3.771752708E0,5.404975891E0,-8.429039001E0,-1.005641937E1,1.419133656E1
3.781684708E0,5.040397644E0,-8.337081909E0,-1.045655823E1,1.429168126E1
3.791616708E0,5.074745178E0,-8.803222656E0,-1.051174164E1,1.462007114E1
3.801547708E0,4.937973022E0,-8.656364441E0,-1.127746582E1,1.504983250E1
3.811479708E0,5.196083069E0,-8.549682617E0,-1.163708496E1,1.534659892E1
3.821411708E0,4.672348022E0,-8.535652161E0,-1.153553772E1,1.509161437E1
3.831343708E0,4.711494446E0,-8.633216858E0,-1.156711578E1,1.518317427E1
3.841274708E0,4.442794800E0,-8.685005188E0,-1.201506805E1,1.547674388E1
3.851206708E0,4.476806641E0,-8.708168030E0,-1.184230042E1,1.536600362E1
3.861138708E0,4.427360535E0,-8.724288940E0,-1.236150360E1,1.576456501E1
3.871069708E0,4.434730530E0,-8.927909851E0,-1.240612030E1,1.591496874E1
3.881001708E0,3.851951599E0,-8.730049133E0,-1.309466553E1,1.620251691E1
3.890933708E0,3.826164246E0,-8.576110840E0,-1.287574768E1,1.593656451E1
3.900864708E0,3.571365356E0,-8.356887817E0,-1.314692688E1,1.598229992E1
3.910796708E0,3.606307983E0,-8.295455933E0,-1.347164917E1,1.622668721E1
3.920728708E0,3.301116943E0,-8.175529480E0,-1.388195038E1,1.644521820E1
3.930659708E0,3.365966797E0,-8.210800171E0,-1.433852386E1,1.686239125E1
3.940591708E0,3.106437683E0,-7.878433228E0,-1.460829926E1,1.688555810E1
3.950523708E0,3.021514893E0,-8.030006409E0,-1.468808746E1,1.701030477E1
3.960454708E0,2.682167053E0,-8.192131042E0,-1.497241974E1,1.727652696E1
3.970386708E0,3.059700012E0,-7.801864624E0,-1.493781281E1,1.712802111E1
3.980318708E0,2.870620728E0,-7.759170532E0,-1.497922516E1,1.711205356E1
3.990249708E0,3.112968445E0,-7.978950500E0,-1.478504181E1,1.708659372E1
4.000181708E0,3.138999939E0,-7.733337402E0,-1.456507111E1,1.678687357E1
4.010113708E0,3.274963379E0,-7.751625061E0,-1.420265198E1,1.650843419E1
4.020045708E0,2.917587280E0,-7.836128235E0,-1.465072632E1,1.686893603E1
4.029976708E0,2.790161133E0,-8.065170288E0,-1.442645264E1,1.676169761E1
4.039908708E0,2.509399414E0,-8.007263184E0,-1.496032715E1,1.715298043E1
4.049840708E0,2.796279907E0,-8.054603577E0,-1.473464203E1,1.702367457E1
4.059771708E0,2.714004517E0,-7.676826477E0,-1.470243835E1,1.680658141E1
4.069703708E0,2.798217773E0,-7.572601318E0,-1.455478668E1,1.664380151E1
4.079635708E0,2.537368774E0,-7.776824951E0,-1.471873474E1,1.683919235E1
4.089566708E0,2.620758057E0,-8.067291260E0,-1.468220520E1,1.695631772E1
4.099498708E0,2.651344299E0,-7.743644714E0,-1.504881287E1,1.713068676E1
4.109430708E0,2.819793701E0,-7.895271301E0,-1.447588348E1,1.672835162E1
4.119361708E0,2.376014709E0,-7.794845581E0,-1.471831512E1,1.682361030E1
4.129293708E0,2.861564636E0,-8.052177429E0,-1.466660309E1,1.697455035E1
4.139225708E0,2.609970093E0,-7.850372314E0,-1.518906403E1,1.729589418E1
4.149157708E0,2.961807251E0,-7.711143494E0,-1.499871063E1,1.712294825E1
4.159088708E0,2.598762512E0,-7.838195801E0,-1.481862640E1,1.696415540E1
4.169020708E0,2.905006409E0,-7.805374146E0,-1.493586731E1,1.710096664E1
4.178952708E0,2.847831726E0,-7.806175232E0,-1.525244904E1,1.736904485E1
4.188883708E0,2.887748718E0,-7.725585938E0,-1.487295532E1,1.700672134E1
4.198815708E0,2.715927124E0,-7.842033386E0,-1.520664978E1,1.732385481E1
4.208747708E0,3.086013794E0,-8.076225281E0,-1.475094604E1,1.709793277E1
4.218678708E0,2.775138855E0,-7.836463928E0,-1.473313904E1,1.691676531E1
4.228610708E0,2.871536255E0,-7.854400635E0,-1.504199219E1,1.721042878E1
4.238542708E0,2.786315918E0,-8.161361694E0,-1.526670074E1,1.753406777E1
4.248473708E0,3.010505676E0,-8.253921509E0,-1.504695129E1,1.742415301E1
4.258405708E0,2.786560059E0,-8.168739319E0,-1.486687469E1,1.719061320E1
4.268337708E0,2.866401672E0,-7.919342041E0,-1.486431885E1,1.708450209E1
4.278268708E0,2.768585205E0,-7.988151550E0,-1.504128265E1,1.725444329E1
4.288200708E0,2.770668030E0,-7.900871277E0,-1.513514709E1,1.729661949E1
4.298132708E0,3.038330078E0,-7.941490173E0,-1.473638153E1,1.701351394E1
4.308064708E0,3.070075989E0,-7.923599243E0,-1.499261475E1,1.723331914E1
4.317995708E0,3.098625183E0,-7.837226868E0,-1.457836914E1,1.683901570E1
4.327927708E0,3.025474548E0,-7.891197205E0,-1.446537018E1,1.675325115E1
4.337860292E0,2.826820374E0,-7.878089905E0,-1.448674011E1,1.673083540E1
4.347791292E0,2.746833801E0,-8.069046021E0,-1.462330627E1,1.692618344E1
4.357723292E0,2.968742371E0,-8.116401672E0,-1.445244598E1,1.683931716E1
4.367655292E0,2.720146179E0,-7.787277222E0,-1.473898315E1,1.689018964E1
4.377586292E0,2.990303040E0,-7.812126160E0,-1.481845856E1,1.701640213E1
4.387518292E0,3.037582397E0,-7.886657715E0,-1.506134033E1,1.727050229E1
4.397450292E0,2.957862854E0,-7.822555542E0,-1.507528687E1,1.723965202E1
4.407381292E0,2.802459717E0,-7.751876831E0,-1.453810883E1,1.671233027E1
4.417313292E0,3.000373840E0,-7.583648682E0,-1.451795959E1,1.665188041E1
4.427245292E0,2.843246460E0,-7.632255554E0,-1.476811218E1,1.686512712E1
4.437177292E0,2.814720154E0,-7.733192444E0,-1.481522369E1,1.694744134E1
4.447108292E0,2.850769043E0,-7.669708252E0,-1.476222992E1,1.687823276E1
4.457040292E0,3.043380737E0,-7.820320129E0,-1.447576904E1,1.673222826E1
4.466972292E0,2.853439331E0,-8.037208557E0,-1.458679199E1,1.689713994E1
4.476903292E0,3.037376404E0,-8.115921021E0,-1.470445251E1,1.706794520E1
4.486835292E0,3.012252808E0,-8.175514221E0,-1.445286560E1,1.687595994E1
4.496767292E0,2.850761414E0,-8.029426575E0,-1.479587555E1,1.707385326E1
4.506698292E0,2.986091614E0,-7.926116943E0,-1.470724487E1,1.697183327E1
4.516630292E0,3.087615967E0,-7.715904236E0,-1.445262146E1,1.667173709E1
4.526562292E0,2.882011414E0,-7.693878174E0,-1.481320190E1,1.693908799E1
4.536493292E0,2.689178467E0,-7.761505127E0,-1.477132416E1,1.690161708E1
4.546425292E0,2.849151611E0,-7.878639221E0,-1.497587585E1,1.716005473E1
4.556357292E0,2.849151611E0,-7.878639221E0,-1.497587585E1,1.716005473E1
4.566289292E0,2.831123352E0,-7.884674072E0,-1.488289642E1,1.707875729E1
4.576220292E0,2.799621582E0,-7.727325439E0,-1.503330994E1,1.713329645E1
4.586152292E0,3.030517578E0,-7.873649597E0,-1.488279724E1,1.710777743E1
4.596084292E0,3.186882019E0,-7.679565430E0,-1.479236603E1,1.696897271E1
4.606015292E0,3.257850647E0,-7.455062866E0,-1.477919006E1,1.687056644E1
4.615947292E0,3.073127747E0,-7.979164124E0,-1.454245758E1,1.686992136E1
4.625879292E0,3.168571472E0,-8.066963196E0,-1.478240967E1,1.713579225E1
4.635810292E0,2.928291321E0,-8.091796875E0,-1.478279877E1,1.710506376E1
4.645742292E0,3.169219971E0,-7.961517334E0,-1.475419617E1,1.706212232E1
4.655674292E0,3.004104614E0,-7.907958984E0,-1.481623840E1,1.706110724E1
4.665605292E0,3.059120178E0,-7.897628784E0,-1.520938110E1,1.740850454E1
4.675537292E0,2.768196106E0,-8.074012756E0,-1.499600220E1,1.725493186E1
4.685469292E0,3.088935852E0,-8.087318420E0,-1.469163513E1,1.705257713E1
4.695401292E0,3.039794922E0,-7.924583435E0,-1.494075775E1,1.718329474E1
4.705332292E0,3.173446655E0,-7.905532837E0,-1.486769867E1,1.713524662E1
4.715264292E0,2.906623840E0,-8.040199280E0,-1.482918549E1,1.711718460E1
4.725196292E0,3.024345398E0,-8.059577942E0,-1.459465790E1,1.694424684E1
4.735127292E0,2.857780457E0,-7.955230713E0,-1.465289307E1,1.691626082E1
4.745059292E0,3.151145935E0,-7.902458191E0,-1.480145264E1,1.707224550E1
4.754991292E0,3.066238403E0,-7.977951050E0,-1.480909729E1,1.709850530E1
4.764922292E0,3.039604187E0,-8.027809143E0,-1.501854706E1,1.729860309E1
4.774854292E0,3.053878784E0,-7.757583618E0,-1.495324707E1,1.712033519E1
4.784786292E0,3.079780579E0,-7.844566345E0,-1.497831726E1,1.718639746E1
4.794718292E0,2.947319031E0,-7.857139587E0,-1.523990631E1,1.739758823E1
4.804649292E0,3.243499756E0,-7.872261047E0,-1.517262268E1,1.739831209E1
4.814581292E0,2.990158081E0,-7.764266968E0,-1.540743256E1,1.751039305E1
4.824513292E0,3.188133240E0,-7.897315979E0,-1.561872101E1,1.778977906E1
4.834444292E0,2.961578369E0,-7.978752136E0,-1.517833710E1,1.740153295E1
4.844376292E0,3.059143066E0,-7.979888916E0,-1.501534271E1,1.727708020E1
4.854308292E0,2.933631897E0,-8.054199219E0,-1.479801941E1,1.710139467E1
4.864239292E0,2.957893372E0,-8.181144714E0,-1.468945312E1,1.707220827E1
4.874171292E0,2.493774414E0,-8.132766724E0,-1.502774811E1,1.726829519E1
4.884103292E0,2.695358276E0,-8.250656128E0,-1.455229187E1,1.694424626E1
4.894034292E0,2.796974182E0,-8.024917603E0,-1.474582672E1,1.701945278E1
4.903966292E0,3.079711914E0,-8.378776550E0,-1.484206390E1,1.731979743E1
4.913898292E0,2.767768860E0,-8.272659302E0,-1.477075958E1,1.715438064E1
4.923830292E0,2.790122986E0,-8.152061462E0,-1.473523712E1,1.706950806E1
4.933761292E0,2.892639160E0,-8.161865234E0,-1.463623810E1,1.700596575E1
4.943693292E0,2.887969971E0,-8.063507080E0,-1.445551300E1,1.680245140E1
4.953625292E0,2.669540405E0,-8.138885498E0,-1.512238312E1,1.737971157E1
4.963556292E0,3.305923462E0,-8.254188538E0,-1.496916962E1,1.741082414E1
4.973488292E0,2.877761841E0,-7.894660950E0,-1.476321411E1,1.698704435E1
4.983420292E0,3.175506592E0,-7.862510681E0,-1.451348114E1,1.680904671E1
4.993351292E0,2.823150635E0,-7.762702942E0,-1.487528229E1,1.701481001E1
5.003283292E0,3.080932617E0,-8.049804688E0,-1.474784088E1,1.708187086E1
5.013215292E0,2.795501709E0,-7.741279602E0,-1.515467834E1,1.724547811E1
5.023147292E0,3.085441589E0,-7.820053101E0,-1.478721619E1,1.700984841E1
5.033078292E0,2.863975525E0,-7.801712036E0,-1.490443420E1,1.706491211E1
5.043010292E0,3.131759644E0,-8.012939453E0,-1.476184082E1,1.708587316E1
5.052942292E0,2.955894470E0,-7.861442566E0,-1.502244568E1,1.721085313E1
5.062873292E0,3.092559814E0,-7.751853943E0,-1.494879913E1,1.712079908E1
5.072805292E0,3.027961731E0,-7.917900085E0,-1.517951202E1,1.738618070E1
5.082737292E0,3.097282410E0,-8.226791382E0,-1.501490784E1,1.739887100E1
5.092668292E0,2.782699585E0,-8.143363953E0,-1.516248322E1,1.743441111E1
5.102600292E0,2.802062988E0,-7.861961365E0,-1.477526855E1,1.696969518E1
5.112532292E0,2.639198303E0,-8.019950867E0,-1.485740662E1,1.708881245E1
5.122464292E0,2.744323730E0,-7.866439819E0,-1.475537872E1,1.694501075E1
5.132395292E0,2.635536194E0,-7.878746033E0,-1.464853668E1,1.684043696E1
5.142327292E0,2.825981140E0,-7.883232117E0,-1.479064178E1,1.699689979E1
5.152259292E0,2.798759460E0,-7.965393066E0,-1.498403931E1,1.719889459E1
5.162190292E0,2.772933960E0,-7.932083130E0,-1.494502258E1,1.714528523E1
5.172122292E0,2.708801270E0,-8.057624817E0,-1.489503479E1,1.715007240E1
5.182054292E0,2.905639648E0,-7.750579834E0,-1.472380829E1,1.689096682E1
5.191985292E0,2.599830627E0,-7.846351624E0,-1.477988434E1,1.693426509E1
5.201917292E0,2.680595398E0,-7.828361511E0,-1.454326630E1,1.673246635E1
5.211849292E0,2.532371521E0,-7.522483826E0,-1.463576508E1,1.664951314E1
5.221781292E0,2.769104004E0,-7.683273315E0,-1.479502869E1,1.689951182E1
5.231712292E0,2.472015381E0,-7.918006897E0,-1.479694366E1,1.696334976E1
5.241644292E0,2.621948242E0,-7.703353882E0,-1.484854126E1,1.693208349E1
5.251576292E0,2.721992493E0,-7.589714050E0,-1.495270538E1,1.698812529E1
5.261507292E0,2.788146973E0,-7.688621521E0,-1.483051300E1,1.693613829E1
5.271439292E0,2.385536194E0,-7.777816772E0,-1.539172363E1,1.740949089E1
5.281371292E0,2.790512085E0,-7.928558350E0,-1.489373779E1,1.710182507E1
5.291302292E0,2.779106140E0,-7.959289551E0,-1.477125549E1,1.700775441E1
5.301234292E0,2.652351379E0,-7.884925842E0,-1.476059723E1,1.694350182E1
5.311166292E0,2.691612244E0,-7.741241455E0,-1.507874298E1,1.716217019E1
5.321098292E0,2.833175659E0,-7.642425537E0,-1.506571198E1,1.712919233E1
5.331029292E0,2.906250000E0,-7.644104004E0,-1.486274719E1,1.696407584E1
5.340961417E0,2.878631592E0,-7.701148987E0,-1.483802795E1,1.696352820E1
5.350893417E0,2.644142151E0,-7.564361572E0,-1.464479828E1,1.669374644E1
5.360824417E0,2.957008362E0,-7.760124207E0,-1.470981598E1,1.689207247E1
5.370756417E0,2.676612854E0,-7.666061401E0,-1.485283661E1,1.692747793E1
5.380688417E0,2.659751892E0,-7.665817261E0,-1.474230194E1,1.682778954E1
5.390619417E0,2.806983948E0,-7.757072449E0,-1.514181519E1,1.724314064E1
5.400551417E0,2.810363770E0,-7.941551208E0,-1.493981171E1,1.715122019E1
5.410483417E0,2.865089417E0,-7.756614685E0,-1.522129059E1,1.732228322E1
5.420415417E0,3.099166870E0,-8.043510437E0,-1.477851868E1,1.710869690E1
5.430346417E0,2.746200562E0,-8.132675171E0,-1.450609589E1,1.685552849E1
5.440278417E0,2.799041748E0,-8.150062561E0,-1.485639954E1,1.717471285E1
5.450210417E0,2.777572632E0,-7.990272522E0,-1.472763824E1,1.698418950E1
5.460141417E0,2.831642151E0,-7.691253662E0,-1.458104706E1,1.672664083E1
5.470073417E0,2.870582581E0,-7.784744263E0,-1.487351990E1,1.703126777E1
5.480005417E0,2.717254639E0,-7.834800720E0,-1.489664459E1,1.704926964E1
5.489936417E0,2.425308228E0,-7.923828125E0,-1.457881165E1,1.676934468E1
5.499868417E0,2.961959839E0,-7.593536377E0,-1.496680450E1,1.704230729E1
5.509800417E0,2.831237793E0,-7.856681824E0,-1.474115753E1,1.694240485E1
5.519732417E0,2.849914551E0,-7.802734375E0,-1.462092590E1,1.681594930E1
5.529663417E0,2.995040894E0,-8.066200256E0,-1.435098267E1,1.673273917E1
5.539595417E0,2.782913208E0,-8.034736633E0,-1.430895996E1,1.664475695E1
5.549527417E0,3.022651672E0,-7.969459534E0,-1.484250641E1,1.711574436E1
5.559458417E0,2.656112671E0,-7.756500244E0,-1.460481262E1,1.674869494E1
5.569390417E0,2.745483398E0,-7.780868530E0,-1.465886688E1,1.682147355E1
5.579322417E0,2.651313782E0,-7.822265625E0,-1.466603851E1,1.683181481E1
5.589253417E0,2.996414185E0,-7.653488159E0,-1.463165283E1,1.678212274E1
5.599185417E0,2.882049561E0,-7.666862488E0,-1.504930115E1,1.713383947E1
5.609117417E0,2.984870911E0,-7.762489319E0,-1.516760254E1,1.729803057E1
5.619049417E0,2.756919861E0,-7.736343384E0,-1.503797913E1,1.713453916E1
5.628980417E0,2.902923584E0,-7.599517822E0,-1.473470306E1,1.683125399E1
5.638912417E0,2.825126648E0,-7.700225830E0,-1.480157471E1,1.692221712E1
5.648844417E0,2.844223022E0,-8.019111633E0,-1.491300964E1,1.716955482E1
5.658775417E0,2.582839966E0,-7.685768127E0,-1.481720734E1,1.689058102E1
5.668707417E0,3.059211731E0,-7.653656006E0,-1.433222961E1,1.653330071E1
5.678639417E0,2.762367249E0,-7.567848206E0,-1.454634094E1,1.662826010E1
5.688570417E0,3.000770569E0,-7.737602234E0,-1.432771301E1,1.655773150E1
5.698502417E0,2.829177856E0,-7.766159058E0,-1.457580566E1,1.675624017E1
5.708434417E0,3.034332275E0,-7.677337646E0,-1.465908051E1,1.682371323E1
5.718366417E0,2.620864868E0,-7.783432007E0,-1.465134430E1,1.679620898E1
5.728297417E0,2.733619690E0,-7.831893921E0,-1.470141602E1,1.688025094E1
5.738229417E0,2.686454773E0,-7.590621948E0,-1.442796326E1,1.652273296E1
5.748161417E0,3.057495117E0,-7.506919861E0,-1.451113892E1,1.662153046E1
5.758092417E0,3.041397095E0,-7.534370422E0,-1.475857544E1,1.684732569E1
5.768024417E0,2.881103516E0,-7.659149170E0,-1.469151306E1,1.681677375E1
5.777956417E0,2.733970642E0,-7.775016785E0,-1.452337646E1,1.669892049E1
5.787887417E0,3.334289551E0,-7.741241455E0,-1.463974762E1,1.689279481E1
5.797819417E0,2.935935974E0,-7.739631653E0,-1.461096191E1,1.679291000E1
5.807751417E0,2.731750488E0,-7.984268188E0,-1.471795654E1,1.696553106E1
5.817683417E0,2.787117004E0,-7.868171692E0,-1.471264648E1,1.691561744E1
5.827614417E0,3.251693726E0,-7.765083313E0,-1.446041870E1,1.673241584E1
5.837546417E0,2.945617676E0,-7.894309998E0,-1.454405975E1,1.680852367E1
5.847478417E0,3.034210205E0,-7.716880798E0,-1.490204620E1,1.705367004E1
5.857409417E0,2.805191040E0,-7.729293823E0,-1.480950165E1,1.693907963E1
5.867341417E0,3.070938110E0,-7.759429932E0,-1.476667786E1,1.696155030E1
5.877273417E0,3.020393372E0,-8.058883667E0,-1.470487976E1,1.703824729E1
5.887205417E0,3.224449158E0,-8.120246887E0,-1.466815186E1,1.707308293E1
5.897136417E0,2.795890808E0,-8.149734497E0,-1.466687012E1,1.701035734E1
5.907068417E0,2.859931946E0,-7.806243896E0,-1.458889008E1,1.679143735E1
5.917000417E0,3.020469666E0,-7.720428467E0,-1.477980804E1,1.694611987E1
5.926931417E0,3.230773926E0,-7.678070068E0,-1.468988037E1,1.688736941E1
5.936863417E0,2.847297668E0,-7.594001770E0,-1.467796326E1,1.676957281E1
5.946795417E0,2.887527466E0,-7.646202087E0,-1.436294556E1,1.652562938E1
5.956726417E0,2.877944946E0,-7.767127991E0,-1.488781738E1,1.703695838E1
5.966658417E0,2.921699524E0,-7.872840881E0,-1.448097229E1,1.673966876E1
5.976590417E0,2.788681030E0,-7.847167969E0,-1.484489441E1,1.702133006E1
5.986522417E0,3.305091858E0,-8.009864807E0,-1.437949371E1,1.678843071E1
5.996453417E0,2.758453369E0,-7.807884216E0,-1.481655884E1,1.697358350E1
6.006385417E0,3.128890991E0,-7.712982178E0,-1.470963287E1,1.690128256E1
6.016317417E0,2.861297607E0,-7.745727539E0,-1.457624054E1,1.675261494E1
6.026248417E0,3.323425293E0,-7.718299866E0,-1.469680786E1,1.692966242E1
6.036180417E0,3.063690186E0,-7.800064087E0,-1.456959534E1,1.680774540E1
6.046112417E0,3.271049500E0,-7.870880127E0,-1.434681702E1,1.668777029E1
6.056044417E0,3.023994446E0,-7.710914612E0,-1.457384491E1,1.676304573E1
6.065975417E0,3.094902039E0,-7.989151001E0,-1.439311218E1,1.675012330E1
6.075907417E0,3.134544373E0,-7.808792114E0,-1.496354675E1,1.716712947E1
6.085839417E0,3.280487061E0,-8.038276672E0,-1.496513367E1,1.730117663E1
6.095770417E0,2.930213928E0,-7.837738037E0,-1.477629089E1,1.698102069E1
6.105702417E0,3.045906067E0,-7.859626770E0,-1.473719788E1,1.697752273E1
6.115634417E0,2.625724792E0,-8.073295593E0,-1.483332062E1,1.709093131E1
6.125566417E0,3.186309814E0,-7.987754822E0,-1.474427032E1,1.706898663E1
6.135497417E0,3.134056091E0,-7.871139526E0,-1.478460693E1,1.704000432E1
6.145429417E0,3.253036499E0,-8.002891541E0,-1.493651581E1,1.725479713E1
6.155361417E0,3.165534973E0,-7.906898499E0,-1.484461212E1,1.711438473E1
6.165292417E0,3.460044861E0,-7.803367615E0,-1.436001587E1,1.670552341E1
6.175224417E0,3.048332214E0,-7.884460449E0,-1.486978912E1,1.710460974E1
6.185156417E0,3.355690002E0,-8.087654114E0,-1.456134796E1,1.699128185E1
6.195087417E0,2.952751160E0,-7.924034119E0,-1.473400879E1,1.698823331E1
6.205019417E0,3.236244202E0,-7.897979736E0,-1.442057037E1,1.675721368E1
6.214951417E0,2.899078369E0,-7.751594543E0,-1.455087280E1,1.673976621E1
6.224883417E0,3.128143311E0,-7.759086609E0,-1.460645294E1,1.683262229E1
6.234814417E0,3.352348328E0,-7.768722534E0,-1.468219757E1,1.694574326E1
6.244746417E0,3.262649536E0,-7.507026672E0,-1.482493591E1,1.693455214E1
6.254678417E0,3.067634583E0,-7.437080383E0,-1.517223358E1,1.717315400E1
6.264609417E0,3.057960510E0,-7.795608521E0,-1.500694275E1,1.718519611E1
6.274541417E0,2.955947876E0,-7.695899963E0,-1.495404053E1,1.707594308E1
6.284473417E0,3.377555847E0,-7.596847534E0,-1.510845184E1,1.724486280E1
6.294405417E0,3.496086121E0,-7.562446594E0,-1.538884735E1,1.749942397E1
6.304336417E0,3.439163208E0,-7.772232056E0,-1.459268951E1,1.688733318E1
6.314268417E0,3.171875000E0,-7.781425476E0,-1.488196564E1,1.709047321E1
6.324200417E0,3.434524536E0,-7.778518677E0,-1.481506348E1,1.708178613E1
6.334131417E0,3.015068054E0,-7.565521240E0,-1.483473206E1,1.692326866E1
6.344063292E0,3.165245056E0,-7.544128418E0,-1.480821991E1,1.691792028E1
6.353995292E0,3.194786072E0,-7.838745117E0,-1.498767853E1,1.721287572E1
6.363926292E0,3.209335327E0,-7.740684509E0,-1.456945038E1,1.680734703E1
6.373858292E0,3.470436096E0,-7.819107056E0,-1.481362152E1,1.710630715E1
6.383790292E0,3.276565552E0,-7.923851013E0,-1.509826660E1,1.736320682E1
6.393722292E0,3.126037598E0,-7.844207764E0,-1.503285217E1,1.724210982E1
6.403653292E0,3.481498718E0,-7.784400940E0,-1.495185089E1,1.721265745E1
6.413585292E0,3.324447632E0,-7.862495422E0,-1.467956543E1,1.698117863E1
6.423517292E0,3.293029785E0,-7.784393311E0,-1.474297333E1,1.699400150E1
6.433448292E0,3.184524536E0,-7.833030701E0,-1.479577637E1,1.704149538E1
6.443380292E0,3.389221191E0,-7.797729492E0,-1.503613281E1,1.727358375E1
6.453312292E0,3.262748718E0,-7.770126343E0,-1.489741516E1,1.711588067E1
6.463244292E0,3.239135742E0,-8.053421021E0,-1.492839813E1,1.726866125E1
6.473175292E0,3.203071594E0,-7.849784851E0,-1.473020935E1,1.699581882E1
6.483107292E0,3.171333313E0,-7.732910156E0,-1.458669281E1,1.681150980E1
6.493039292E0,3.547645569E0,-7.834884644E0,-1.474394989E1,1.706913193E1
6.502970292E0,3.111000061E0,-7.808387756E0,-1.499752808E1,1.719229738E1
6.512902292E0,3.144378662E0,-7.598777771E0,-1.507476044E1,1.717198134E1
6.522834292E0,3.107643127E0,-7.876808167E0,-1.505339813E1,1.727154735E1
6.532766292E0,3.175254822E0,-7.932319641E0,-1.490606689E1,1.718123303E1
6.542697292E0,3.083114624E0,-7.870307922E0,-1.511985016E1,1.732215955E1
6.552629292E0,3.257881165E0,-7.835746765E0,-1.474047852E1,1.700865732E1
6.562561292E0,3.298011780E0,-7.738540649E0,-1.489357758E1,1.710498600E1
6.572492292E0,3.312713623E0,-7.823295593E0,-1.509396362E1,1.732067445E1
6.582424292E0,3.223464966E0,-7.822227478E0,-1.468283081E1,1.694589891E1
6.592356292E0,3.387161255E0,-7.693115234E0,-1.467363739E1,1.691072197E1
6.602288292E0,3.529907227E0,-7.507621765E0,-1.471347809E1,1.689115351E1
6.612219292E0,3.290519714E0,-7.566925049E0,-1.481053162E1,1.695398836E1
6.622151292E0,3.610153198E0,-7.337692261E0,-1.518203735E1,1.724439596E1
6.632083292E0,3.323478699E0,-7.426666260E0,-1.476247406E1,1.685620131E1
6.642014292E0,3.524063110E0,-7.429473877E0,-1.462640381E1,1.677938590E1
6.651946292E0,3.348159790E0,-7.673103333E0,-1.466206360E1,1.688380282E1
6.661878292E0,3.276191711E0,-7.575439453E0,-1.479995728E1,1.694577972E1
6.671810292E0,3.252151489E0,-7.593902588E0,-1.489600372E1,1.703334297E1
6.681741292E0,3.349388123E0,-7.538345337E0,-1.505338287E1,1.716535427E1
6.691673292E0,3.226432800E0,-7.625000000E0,-1.475084686E1,1.691561340E1
6.701605292E0,3.338172913E0,-7.752822876E0,-1.472316742E1,1.697119088E1
6.711536292E0,3.154411316E0,-7.740318298E0,-1.488133240E1,1.706800785E1
6.721468292E0,3.268074036E0,-7.680709839E0,-1.451158142E1,1.674095597E1
6.731400292E0,3.248733521E0,-7.504829407E0,-1.489491272E1,1.699220877E1
6.741331292E0,3.400375366E0,-7.671821594E0,-1.436792755E1,1.663901263E1
6.751263292E0,3.279426575E0,-7.632514954E0,-1.439376831E1,1.661897979E1
6.761195292E0,3.223083496E0,-7.517906189E0,-1.451011658E1,1.665685036E1
6.771127292E0,3.095237732E0,-7.571609497E0,-1.443296051E1,1.658975937E1
6.781058292E0,3.369651794E0,-7.708816528E0,-1.424446106E1,1.654343001E1
6.790990292E0,3.136306763E0,-7.897857666E0,-1.429743195E1,1.663217172E1
6.800922292E0,3.270019531E0,-7.787460327E0,-1.431815338E1,1.662369039E1
6.810853292E0,3.143165588E0,-7.709884644E0,-1.475979614E1,1.694619111E1
6.820785292E0,3.634994507E0,-7.783325195E0,-1.491848755E1,1.721495300E1
6.830717292E0,3.015197754E0,-7.729034424E0,-1.511042786E1,1.723816755E1
6.840649292E0,3.147476196E0,-7.743118286E0,-1.453882599E1,1.677021015E1
6.850580292E0,2.938552856E0,-7.721740723E0,-1.463748169E1,1.680821950E1
6.860512292E0,3.112976074E0,-7.724082947E0,-1.455433655E1,1.676844625E1
6.870444292E0,3.185150146E0,-7.709304810E0,-1.500563049E1,1.716821216E1
6.880375292E0,3.483459473E0,-7.904205322E0,-1.473194885E1,1.707750768E1
6.890307292E0,3.301521301E0,-7.723472595E0,-1.504337311E1,1.722948479E1
6.900239292E0,3.434516907E0,-7.878379822E0,-1.462516022E1,1.696349275E1
6.910171292E0,3.219108582E0,-7.626754761E0,-1.474346924E1,1.690857574E1
6.920102292E0,3.465576172E0,-7.900054932E0,-1.482916260E1,1.715590713E1
6.930034292E0,3.109176636E0,-7.630783081E0,-1.489070129E1,1.701848450E1
6.939966292E0,3.510940552E0,-7.706588745E0,-1.489233398E1,1.713183660E1
6.949897292E0,3.017044067E0,-7.696334839E0,-1.467871094E1,1.684638476E1
6.959829292E0,3.153251648E0,-7.755691528E0,-1.442701721E1,1.668030493E1
6.969761292E0,3.043945312E0,-7.650291443E0,-1.455758667E1,1.672470902E1
6.979693292E0,3.298614502E0,-7.633560181E0,-1.459386444E1,1.679681452E1
6.989624292E0,2.945983887E0,-7.767097473E0,-1.453115082E1,1.673800969E1
6.999556292E0,3.123130798E0,-7.702079773E0,-1.464459991E1,1.683865450E1
7.009488292E0,3.152557373E0,-7.589210510E0,-1.471978760E1,1.685843650E1
7.019419292E0,3.434432983E0,-7.774925232E0,-1.465189362E1,1.693879508E1
7.029351292E0,3.173637390E0,-7.727340698E0,-1.482910156E1,1.702016515E1
7.039283292E0,3.462043762E0,-7.835655212E0,-1.439932251E1,1.675481210E1
7.049215292E0,3.203758240E0,-7.851928711E0,-1.451828766E1,1.681361139E1
7.059146292E0,3.340423584E0,-8.044494629E0,-1.440764618E1,1.683605037E1
7.069078292E0,3.321411133E0,-8.054397583E0,-1.477094269E1,1.714893117E1
7.079010292E0,3.419425964E0,-7.787658691E0,-1.435848236E1,1.668850255E1
7.088941292E0,2.963958740E0,-7.702064514E0,-1.477053070E1,1.691967572E1
7.098873292E0,3.046585083E0,-7.741874695E0,-1.458421326E1,1.679040145E1
7.108805292E0,3.101135254E0,-7.711776733E0,-1.462799072E1,1.682458477E1
7.118737292E0,3.371185303E0,-7.876899719E0,-1.449009705E1,1.683369692E1
7.128668292E0,3.292098999E0,-7.972511292E0,-1.436267853E1,1.675366786E1
7.138600292E0,3.256553650E0,-7.850379944E0,-1.411564636E1,1.647680428E1
7.148532292E0,2.911354065E0,-7.782943726E0,-1.416946411E1,1.642631756E1
7.158463292E0,3.127738953E0,-7.720260620E0,-1.443164825E1,1.666306233E1
7.168395292E0,2.857856750E0,-7.490058899E0,-1.476056671E1,1.679710264E1
7.178327292E0,3.035827637E0,-7.781112671E0,-1.478687286E1,1.698274339E1
7.188259292E0,3.124771118E0,-7.831367493E0,-1.485174561E1,1.707831546E1
7.198190292E0,2.979919434E0,-7.974433899E0,-1.465760040E1,1.695042080E1
7.208122292E0,2.806915283E0,-7.887207031E0,-1.507783508E1,1.724609866E1
7.218054292E0,3.177581787E0,-7.682365417E0,-1.459427643E1,1.679609088E1
7.227985292E0,2.931488037E0,-7.843063354E0,-1.477532196E1,1.698285618E1
7.237917292E0,3.203086853E0,-7.754913330E0,-1.446244812E1,1.672007332E1
7.247849292E0,2.909591675E0,-7.843658447E0,-1.449761200E1,1.673826321E1
7.257781292E0,3.197181702E0,-7.767425537E0,-1.424962616E1,1.654106151E1
7.267712292E0,2.932640076E0,-7.904930115E0,-1.459909058E1,1.685887729E1
7.277644292E0,3.146530151E0,-7.688934326E0,-1.449680328E1,1.670861061E1
7.287576292E0,2.973381042E0,-7.726348877E0,-1.483554077E1,1.698913570E1
7.297507292E0,3.279724121E0,-7.900039673E0,-1.449455261E1,1.683030815E1
7.307439292E0,3.264816284E0,-7.733337402E0,-1.452355957E1,1.677490135E1
7.317371292E0,3.443672180E0,-7.804046631E0,-1.431020355E1,1.665965028E1
7.327303292E0,3.281486511E0,-7.791976929E0,-1.472732544E1,1.698167167E1
7.337234292E0,3.213798523E0,-7.759475708E0,-1.471816254E1,1.694586300E1
7.347166542E0,3.056228638E0,-7.577514648E0,-1.460791016E1,1.673769103E1
7.357098542E0,3.435813904E0,-7.715080261E0,-1.440072632E1,1.669455597E1
7.367029542E0,3.290168762E0,-7.654701233E0,-1.473695374E1,1.692918979E1
7.376961542E0,3.282737732E0,-7.657768250E0,-1.477454376E1,1.696186679E1
7.386893542E0,2.824569702E0,-7.653923035E0,-1.483830261E1,1.693327955E1
7.396825542E0,3.118362427E0,-7.622138977E0,-1.455529785E1,1.672357266E1
7.406756542E0,2.980995178E0,-7.602279663E0,-1.443721771E1,1.658656817E1
7.416688542E0,3.284530640E0,-7.771972656E0,-1.421736145E1,1.653254569E1
7.426620542E0,3.130111694E0,-7.785560608E0,-1.422305298E1,1.651386657E1
7.436551542E0,3.219963074E0,-7.843635559E0,-1.449143982E1,1.678965780E1
7.446483542E0,2.982009888E0,-7.968643188E0,-1.473337555E1,1.701364195E1
7.456415542E0,3.209487915E0,-7.923858643E0,-1.480812073E1,1.709879493E1
7.466347542E0,3.171066284E0,-7.825279236E0,-1.457311249E1,1.684239484E1
7.476278542E0,3.075965881E0,-7.787948608E0,-1.435171509E1,1.661581884E1
7.486210542E0,2.942939758E0,-7.564521790E0,-1.457164764E1,1.667980214E1
7.496142542E0,3.175743103E0,-7.771453857E0,-1.460548401E1,1.684639435E1
7.506074542E0,2.883224487E0,-7.890106201E0,-1.441754150E1,1.668628965E1
7.516005542E0,2.887435913E0,-7.944015503E0,-1.406277466E1,1.640750741E1
7.525937542E0,2.754913330E0,-7.742149353E0,-1.434563446E1,1.653262387E1
7.535869542E0,2.911972046E0,-8.043701172E0,-1.440756989E1,1.675585807E1
7.545800542E0,2.740600586E0,-8.118537903E0,-1.446798706E1,1.681499922E1
7.555732542E0,2.646125793E0,-7.760459900E0,-1.424221802E1,1.643373036E1
7.565664542E0,2.762191772E0,-7.961059570E0,-1.435040283E1,1.664158148E1
7.575596542E0,2.844528198E0,-8.011810303E0,-1.419857025E1,1.654931546E1
7.585527542E0,2.865104675E0,-7.929359436E0,-1.456916046E1,1.683282515E1
7.595459542E0,2.958801270E0,-7.717643738E0,-1.463094330E1,1.680419685E1
7.605391542E0,3.076660156E0,-7.676132202E0,-1.480015564E1,1.695386240E1
7.615322542E0,2.935234070E0,-7.783821106E0,-1.446226501E1,1.668414155E1
7.625254542E0,2.819847107E0,-7.825912476E0,-1.478049469E1,1.696052673E1
7.635186542E0,2.683715820E0,-7.824310303E0,-1.475484467E1,1.691530678E1
7.645118542E0,2.890029907E0,-7.795379639E0,-1.468978882E1,1.687928056E1
7.655049542E0,2.700859070E0,-7.978553772E0,-1.483688354E1,1.706121547E1
7.664981542E0,3.129753113E0,-8.055458069E0,-1.485260773E1,1.718387953E1
7.674913542E0,3.116439819E0,-7.840553284E0,-1.453244019E1,1.680411529E1
7.684844542E0,3.080169678E0,-7.818679810E0,-1.462669373E1,1.686888759E1
7.694776542E0,3.097122192E0,-7.688491821E0,-1.448376465E1,1.668785519E1
7.704708542E0,3.021507263E0,-7.913169861E0,-1.465325928E1,1.692529973E1
7.714640542E0,2.743385315E0,-7.953300476E0,-1.436407471E1,1.664655501E1
7.724571542E0,3.220046997E0,-7.853454590E0,-1.454364777E1,1.683933318E1
7.734503542E0,3.188201904E0,-7.894393921E0,-1.446850586E1,1.678760699E1
7.744435542E0,3.235412598E0,-7.831314087E0,-1.436923218E1,1.668149299E1
7.754367542E0,3.109146118E0,-7.710372925E0,-1.518502045E1,1.731188858E1
7.764298542E0,3.208145142E0,-7.706489563E0,-1.496618652E1,1.713677087E1
7.774230542E0,3.204727173E0,-7.426971436E0,-1.493310547E1,1.698316284E1
7.784162542E0,2.987998962E0,-7.511688232E0,-1.532933044E1,1.733037708E1
7.794093542E0,3.123764038E0,-7.352592468E0,-1.563210297E1,1.755508932E1
7.804025542E0,3.080329895E0,-7.338256836E0,-1.605660248E1,1.792074019E1
7.813957542E0,2.462303162E0,-7.548637390E0,-1.657678223E1,1.838027672E1
7.823889542E0,2.426437378E0,-7.886009216E0,-1.696958923E1,1.886912024E1
7.833820542E0,1.963249207E0,-7.889030457E0,-1.752539062E1,1.931917352E1
7.843752542E0,1.987030029E0,-8.085136414E0,-1.762134552E1,1.948921592E1
7.853684542E0,2.025421143E0,-8.066101074E0,-1.807608032E1,1.989746208E1
7.863615542E0,2.230369568E0,-7.833137512E0,-1.801340485E1,1.976905020E1
7.873547542E0,2.140220642E0,-7.797401428E0,-1.798284912E1,1.971707067E1
7.883479542E0,2.063194275E0,-7.829032898E0,-1.826882172E1,1.998250169E1
7.893411542E0,1.794631958E0,-7.799163818E0,-1.798690796E1,1.968696315E1
7.903342542E0,1.995292664E0,-7.924682617E0,-1.805032349E1,1.981403456E1
7.913274542E0,1.734130859E0,-7.804252625E0,-1.798024750E1,1.967747110E1
7.923206542E0,2.152442932E0,-7.963996887E0,-1.789559174E1,1.970559465E1
7.933137542E0,1.666213989E0,-7.974670410E0,-1.777845001E1,1.955619907E1
7.943069542E0,1.961318970E0,-7.877532959E0,-1.790216827E1,1.965680357E1
7.953001542E0,1.904357910E0,-7.776443481E0,-1.809768677E1,1.978954064E1
7.962933542E0,2.045722961E0,-8.027801514E0,-1.770573425E1,1.954798212E1
7.972864542E0,1.765037537E0,-7.805229187E0,-1.822247314E1,1.990214782E1
7.982796542E0,1.935012817E0,-8.117416382E0,-1.845878601E1,2.025743084E1
7.992728542E0,1.558921814E0,-8.020790100E0,-1.891112518E1,2.060082442E1
8.002659542E0,1.576034546E0,-7.965751648E0,-1.883440399E1,2.051028664E1
8.012591542E0,1.226005554E0,-8.013107300E0,-1.958152771E1,2.119314053E1
8.022523542E0,1.088478088E0,-8.198234558E0,-1.966017914E1,2.132881802E1
8.032455542E0,6.571044922E-1,-7.990501404E0,-2.006889343E1,2.161111711E1
8.042386542E0,8.327560425E-1,-8.022201538E0,-2.039130402E1,2.192839437E1
8.052318542E0,4.246597290E-1,-7.983291626E0,-2.104399109E1,2.251139360E1
8.062250542E0,5.012741089E-1,-8.124114990E0,-2.089743805E1,2.242666799E1
8.072182542E0,3.536224365E-1,-8.117851257E0,-2.116505432E1,2.267121704E1
8.082113542E0,4.660644531E-1,-8.120964050E0,-2.120249176E1,2.270931373E1
8.092045542E0,3.366088867E-2,-8.207695007E0,-2.195085144E1,2.343517163E1
8.101977542E0,2.102279663E-1,-8.440826416E0,-2.218833160E1,2.374055193E1
8.111908542E0,-2.327499390E-1,-8.476135254E0,-2.262911224E1,2.416559046E1
8.121840542E0,-1.580276489E-1,-8.664672852E0,-2.295935059E1,2.454044229E1
8.131772542E0,-4.136962891E-1,-8.791816711E0,-2.396179199E1,2.552713578E1
8.141704542E0,-6.175308228E-1,-8.928047180E0,-2.404439545E1,2.565588282E1
8.151635542E0,-8.569030762E-1,-8.889373779E0,-2.451685333E1,2.609274509E1
8.161567542E0,-9.692916870E-1,-8.786422729E0,-2.440386963E1,2.595553127E1
8.171499542E0,-1.137657166E0,-8.933715820E0,-2.510745239E1,2.667376441E1
8.181431542E0,-1.052932739E0,-9.321403503E0,-2.506053162E1,2.675868972E1
8.191362542E0,-1.437644958E0,-9.440620422E0,-2.541603851E1,2.715082228E1
8.201294542E0,-1.077178955E0,-9.325622559E0,-2.606202698E1,2.770120576E1
8.211226542E0,-1.426094055E0,-9.048385620E0,-2.627005768E1,2.782126807E1
8.221157542E0,-1.321166992E0,-9.305137634E0,-2.629058075E1,2.791998755E1
8.231089542E0,-1.529281616E0,-9.418632507E0,-2.630933380E1,2.798625351E1
8.241021542E0,-1.379753113E0,-9.439743042E0,-2.635482788E1,2.802836813E1
8.250953542E0,-1.933570862E0,-9.312828064E0,-2.701395416E1,2.863950388E1
8.260884542E0,-1.664161682E0,-9.427040100E0,-2.731548309E1,2.894432821E1
8.270816542E0,-1.893798828E0,-9.491401672E0,-2.718310547E1,2.885471197E1
8.280748542E0,-1.928710938E0,-9.447937012E0,-2.746296692E1,2.910666576E1
8.290679542E0,-2.088577271E0,-9.289161682E0,-2.782276154E1,2.940674649E1
8.300611542E0,-2.262863159E0,-9.555870056E0,-2.803480530E1,2.970497450E1
8.310543542E0,-2.241508484E0,-9.717742920E0,-2.821680450E1,2.992736113E1
8.320475542E0,-2.062599182E0,-9.690078735E0,-2.855287170E1,3.022281297E1
8.330406542E0,-2.383407593E0,-9.868736267E0,-2.867292786E1,3.041725463E1
8.340338167E0,-2.421920776E0,-9.902160645E0,-2.903122711E1,3.076898817E1
8.350270167E0,-2.517982483E0,-1.013204956E1,-2.921616364E1,3.102551984E1
8.360201167E0,-2.507232666E0,-1.023617554E1,-2.935132599E1,3.118598792E1
8.370133167E0,-2.591262817E0,-1.019671631E1,-2.951240540E1,3.133160926E1
8.380065167E0,-2.295257568E0,-1.008485413E1,-2.976519012E1,3.151093514E1
8.389997167E0,-2.612472534E0,-1.018529510E1,-2.989497375E1,3.169029354E1
8.399928167E0,-2.449562073E0,-1.025454712E1,-3.002561951E1,3.182285213E1
8.409860167E0,-2.922538757E0,-1.039183044E1,-2.987268829E1,3.176332600E1
8.419792167E0,-2.564041138E0,-1.032965851E1,-2.989282990E1,3.173101686E1
8.429724167E0,-2.440124512E0,-1.021357727E1,-2.987080383E1,3.166285347E1
8.439655167E0,-2.437362671E0,-1.024662781E1,-2.974868011E1,3.155816989E1
8.449587167E0,-2.399101257E0,-1.039349365E1,-2.980617523E1,3.165736058E1
8.459519167E0,-2.554161072E0,-1.032485199E1,-2.963105011E1,3.148214475E1
8.469450167E0,-2.554962158E0,-1.002239990E1,-2.986369324E1,3.160405837E1
8.479382167E0,-2.323936462E0,-1.017529297E1,-2.980744934E1,3.158197752E1
8.489314167E0,-2.345268250E0,-1.020663452E1,-2.997946167E1,3.175600405E1
8.499246167E0,-2.472900391E0,-1.012238312E1,-2.980880737E1,3.157756915E1
8.509177167E0,-2.641487122E0,-1.020907593E1,-2.966034698E1,3.147918151E1
8.519109167E0,-2.483200073E0,-1.025239563E1,-2.968875885E1,3.150714682E1
8.529041167E0,-2.361267090E0,-1.055908966E1,-2.977440643E1,3.167941343E1
8.538973167E0,-2.363998413E0,-1.013647461E1,-2.960929871E1,3.138546122E1
8.548904167E0,-2.765769958E0,-1.028321075E1,-2.958541870E1,3.144345570E1
8.558836167E0,-2.500320435E0,-1.020759583E1,-2.918212128E1,3.101681507E1
8.568768167E0,-2.583892822E0,-1.032873535E1,-2.923061371E1,3.110929208E1
8.578699167E0,-2.695442200E0,-1.042475891E1,-2.926673126E1,3.118465273E1
8.588631167E0,-2.617561340E0,-1.024678040E1,-2.969997406E1,3.152675998E1
8.598563167E0,-2.477088928E0,-1.045817566E1,-2.965776062E1,3.154508159E1
8.608495167E0,-2.441680908E0,-1.054091644E1,-2.942018127E1,3.134676684E1
8.618426167E0,-2.206939697E0,-1.039196777E1,-2.923675537E1,3.110709632E1
8.628358167E0,-2.566848755E0,-1.040543365E1,-2.902085114E1,3.093657322E1
8.638290167E0,-2.401802063E0,-1.037780762E1,-2.928963470E1,3.116649235E1
8.648222167E0,-2.383384705E0,-1.063200378E1,-2.938670349E1,3.134163954E1
8.658153167E0,-2.542587280E0,-1.047554016E1,-2.977608490E1,3.166728475E1
8.668085167E0,-2.291671753E0,-1.052659607E1,-2.995860291E1,3.183675348E1
8.678017167E0,-2.061576843E0,-1.029228210E1,-2.930781555E1,3.113084037E1
8.687948167E0,-2.195259094E0,-1.034877777E1,-2.962928772E1,3.146126276E1
8.697880167E0,-2.114562988E0,-1.025437927E1,-2.971950531E1,3.150988205E1
8.707812167E0,-2.293617249E0,-1.025218201E1,-2.979425812E1,3.159217835E1
8.717744167E0,-2.129203796E0,-1.030166626E1,-2.974137878E1,3.154690870E1
8.727675167E0,-2.319892883E0,-1.033946228E1,-2.979380035E1,3.162209548E1
8.737607167E0,-2.150688171E0,-1.036322021E1,-2.988856506E1,3.170722496E1
8.747539167E0,-2.266166687E0,-1.027085114E1,-2.976733398E1,3.157087371E1
8.757470167E0,-2.212127686E0,-1.028572083E1,-2.950019073E1,3.132013434E1
8.767402167E0,-2.464622498E0,-1.023744202E1,-2.958506012E1,3.140311076E1
8.777334167E0,-2.344100952E0,-1.059341431E1,-2.977871704E1,3.169364644E1
8.787266167E0,-2.269874573E0,-1.032472992E1,-2.964566803E1,3.147408476E1
8.797197167E0,-2.126251221E0,-1.033922577E1,-2.945468903E1,3.128896354E1
8.807129167E0,-2.495422363E0,-1.039334869E1,-2.985774231E1,3.171330329E1
8.817061167E0,-2.393066406E0,-1.051126099E1,-2.941968536E1,3.133259104E1
8.826993167E0,-2.660476685E0,-1.056000519E1,-2.941361237E1,3.136482804E1
8.836924167E0,-2.731994629E0,-1.026307678E1,-2.956557465E1,3.141524700E1
8.846856167E0,-2.470848083E0,-1.012600708E1,-2.957000732E1,3.135325251E1
8.856788167E0,-2.335540771E0,-1.023448181E1,-2.958803558E1,3.139508271E1
8.866719167E0,-2.565505981E0,-9.988639832E0,-2.966777802E1,3.140910376E1
8.876651167E0,-2.435554504E0,-1.031793213E1,-2.975393677E1,3.158620589E1
8.886583167E0,-2.975639343E0,-1.029450226E1,-2.948937225E1,3.137601444E1
8.896515167E0,-2.607772827E0,-1.051029205E1,-2.970108795E1,3.161362592E1
8.906446167E0,-2.461990356E0,-1.047375488E1,-2.959165192E1,3.148693064E1
8.916378167E0,-2.237129211E0,-1.067364502E1,-2.943596649E1,3.139120209E1
8.926310167E0,-2.620529175E0,-1.026490021E1,-2.947404480E1,3.132019582E1
8.936241167E0,-2.401664734E0,-1.038584137E1,-2.925096130E1,3.113281920E1
8.946173167E0,-2.604454041E0,-1.034046173E1,-2.941477203E1,3.128797123E1
8.956105167E0,-2.306495667E0,-1.051926422E1,-2.922661591E1,3.114755078E1
8.966037167E0,-2.394187927E0,-1.048399353E1,-2.949826050E1,3.139735066E1
8.975968167E0,-2.220542908E0,-1.053612518E1,-2.924154663E1,3.116101401E1
8.985900167E0,-2.534347534E0,-1.035317230E1,-2.974618530E1,3.159820619E1
8.995832167E0,-2.305267334E0,-1.036318970E1,-2.891487122E1,3.080226835E1
9.005764167E0,-2.567962646E0,-1.024615479E1,-2.952404022E1,3.135677074E1
9.015695167E0,-2.336784363E0,-1.007922363E1,-2.944036102E1,3.120554706E1
9.025627167E0,-2.632568359E0,-1.021957397E1,-2.981506348E1,3.162764801E1
9.035559167E0,-2.410995483E0,-1.016976166E1,-2.969853973E1,3.148396757E1
9.045490167E0,-2.552131653E0,-1.026303864E1,-2.964160919E1,3.147170687E1
9.055422167E0,-2.020088196E0,-1.024646759E1,-2.967807007E1,3.146201992E1
9.065354167E0,-2.522155762E0,-1.034997559E1,-2.959583282E1,3.145467509E1
9.075286167E0,-2.407752991E0,-1.036331177E1,-2.951213837E1,3.137135343E1
9.085217167E0,-2.628074646E0,-1.026462555E1,-2.948011017E1,3.132644585E1
9.095149167E0,-2.438865662E0,-1.023221588E1,-2.945262146E1,3.127464178E1
9.105081167E0,-2.619430542E0,-1.029181671E1,-2.946211243E1,3.131771026E1
9.115013167E0,-2.520446777E0,-1.026425171E1,-2.921922302E1,3.107202132E1
9.124944167E0,-2.609161377E0,-1.010167694E1,-2.950772858E1,3.129788565E1
9.134876167E0,-2.422714233E0,-1.013005829E1,-2.920877075E1,3.101031948E1
9.144808167E0,-2.780517578E0,-1.024526215E1,-2.912325287E1,3.099775044E1
9.154739167E0,-2.531089783E0,-1.009523010E1,-2.929776764E1,3.109146627E1
9.164671167E0,-2.710365295E0,-9.968696594E0,-2.952552032E1,3.128062247E1
9.174603167E0,-2.565742493E0,-1.018935394E1,-2.901390076E1,3.085793910E1
9.184535167E0,-2.633369446E0,-1.031993103E1,-2.934573364E1,3.121870744E1
9.194466167E0,-2.457122803E0,-1.042626190E1,-2.920141602E1,3.110413296E1
9.204398167E0,-2.638610840E0,-1.015393829E1,-2.969840240E1,3.149698137E1
9.214330167E0,-2.397956848E0,-1.016806030E1,-2.925421906E1,3.106362793E1
9.224262167E0,-2.584899902E0,-1.032117462E1,-2.903353119E1,3.092174456E1
9.234193167E0,-2.219573975E0,-1.014762115E1,-2.918133545E1,3.097500706E1
9.244125167E0,-2.543693542E0,-1.013872528E1,-2.957021332E1,3.136338060E1
9.254057167E0,-2.325256348E0,-1.029761505E1,-2.924969482E1,3.109650045E1
9.263988167E0,-2.583885193E0,-1.023757935E1,-2.970390320E1,3.152469443E1
9.273920167E0,-2.372352600E0,-1.036634827E1,-2.925666046E1,3.112943004E1
9.283852167E0,-2.493194580E0,-9.941886902E0,-2.920848846E1,3.095469161E1
9.293784167E0,-2.065193176E0,-1.016758728E1,-2.909182739E1,3.088655492E1
9.303715167E0,-2.564201355E0,-1.033113861E1,-2.947761536E1,3.134066625E1
9.313647167E0,-2.430664062E0,-1.025595093E1,-2.957366180E1,3.139576611E1
9.323579167E0,-2.616203308E0,-1.025112915E1,-2.955857849E1,3.139489976E1
9.333510167E0,-2.312164307E0,-1.049047089E1,-2.934946442E1,3.125359411E1
9.343445208E0,-2.412857056E0,-1.011340332E1,-2.941085815E1,3.119457298E1
9.353377208E0,-2.391716003E0,-1.008663940E1,-2.917713165E1,3.096394050E1
9.363309208E0,-2.446563721E0,-9.935646057E0,-2.922976685E1,3.096904917E1
9.373240208E0,-2.290145874E0,-1.017024231E1,-2.910659790E1,3.091719001E1
9.383172208E0,-2.333824158E0,-1.041217804E1,-2.934587097E1,3.122563578E1
9.393104208E0,-2.356346130E0,-1.035164642E1,-2.940991974E1,3.126743241E1
9.403036208E0,-2.057075500E0,-1.037330627E1,-2.932242584E1,3.117116777E1
9.412967208E0,-2.183135986E0,-1.030451965E1,-2.918106079E1,3.102391846E1
9.422899208E0,-2.472434998E0,-1.022447968E1,-2.967477417E1,3.148404582E1
9.432831208E0,-2.177696228E0,-1.022358704E1,-2.960190582E1,3.139326235E1
9.442762208E0,-2.423385620E0,-1.017456818E1,-2.924920654E1,3.106301207E1
9.452694208E0,-2.297294617E0,-1.017398071E1,-2.878295898E1,3.061447654E1
9.462626208E0,-2.301719666E0,-1.021132660E1,-2.907136536E1,3.089843666E1
9.472558208E0,-2.012527466E0,-1.022858429E1,-2.919268036E1,3.099817398E1
9.482489208E0,-2.177062988E0,-9.988792419E0,-2.920103455E1,3.093890748E1
9.492421208E0,-1.989448547E0,-1.000824738E1,-2.946311951E1,3.118009513E1
9.502353208E0,-2.166839600E0,-1.021157837E1,-2.947410583E1,3.126810582E1
9.512285208E0,-2.031089783E0,-1.028588867E1,-2.954256439E1,3.134785387E1
9.522216208E0,-2.327583313E0,-1.028910065E1,-2.912623596E1,3.097774778E1
9.532148208E0,-2.474395752E0,-1.039405060E1,-2.900870514E1,3.091381400E1
9.542080208E0,-2.573600769E0,-1.030850983E1,-2.952021027E1,3.137405951E1
9.552011208E0,-2.537071228E0,-1.009506226E1,-2.966087341E1,3.143428739E1
9.561943208E0,-2.470817566E0,-1.014519501E1,-2.940785980E1,3.120660410E1
9.571875208E0,-2.306228638E0,-1.021569061E1,-2.925209045E1,3.107030449E1
9.581807208E0,-2.409927368E0,-1.030789948E1,-2.943743896E1,3.128295629E1
9.591738208E0,-2.593620300E0,-1.057688904E1,-2.917816925E1,3.114422914E1
9.601670208E0,-2.639831543E0,-1.046249390E1,-2.944760132E1,3.136229763E1
9.611602208E0,-2.671325684E0,-1.034513855E1,-2.944731140E1,3.132574055E1
9.621534208E0,-2.355911255E0,-1.004091644E1,-2.937675476E1,3.113461163E1
9.631465208E0,-2.493400574E0,-1.039674377E1,-2.952900696E1,3.140496106E1
9.641397208E0,-2.503013611E0,-1.024809265E1,-2.929087830E1,3.113268430E1
9.651329208E0,-2.547760010E0,-1.027067566E1,-2.902192688E1,3.089093879E1
9.661260208E0,-2.454078674E0,-1.024163055E1,-2.905417633E1,3.090402338E1
9.671192208E0,-2.479995728E0,-1.015522003E1,-2.923953247E1,3.105203909E1
9.681124208E0,-2.447692871E0,-1.035685730E1,-2.918509674E1,3.106486062E1
9.691056208E0,-2.597457886E0,-1.028903961E1,-2.940019989E1,3.125672531E1
9.700987208E0,-2.480056763E0,-1.028721619E1,-2.951815033E1,3.135759393E1
9.710919208E0,-2.426689148E0,-1.039560699E1,-2.945910645E1,3.133363078E1
9.720851208E0,-2.402069092E0,-1.026100922E1,-2.960610962E1,3.142578516E1
9.730783208E0,-2.404655457E0,-1.024221039E1,-2.954162598E1,3.135909608E1
9.740714208E0,-2.159927368E0,-1.021627045E1,-2.948426819E1,3.127873940E1
9.750646208E0,-2.306411743E0,-9.983139038E0,-2.945320892E1,3.118451725E1
9.760578208E0,-2.519538879E0,-1.020132446E1,-2.972430420E1,3.152696238E1
9.770509208E0,-2.572692871E0,-1.004324341E1,-2.980890656E1,3.156036116E1
9.780441208E0,-2.091545105E0,-1.026929474E1,-2.945105743E1,3.126016250E1
9.790373208E0,-2.389892578E0,-1.023842621E1,-2.978973389E1,3.159058725E1
9.800305208E0,-2.239654541E0,-1.014929962E1,-2.957408142E1,3.134725869E1
9.810236208E0,-2.402900696E0,-1.018601990E1,-2.974121094E1,3.152885284E1
9.820168208E0,-2.293701172E0,-1.012796021E1,-2.955750275E1,3.132862288E1
9.830100208E0,-2.408264160E0,-1.026219177E1,-2.981648254E1,3.162491024E1
9.840031208E0,-2.351501465E0,-1.024269867E1,-2.954093933E1,3.135457752E1
9.849963208E0,-2.494628906E0,-1.027648163E1,-2.968228149E1,3.150979344E1
9.859895208E0,-2.162353516E0,-1.037409973E1,-2.957160187E1,3.141301251E1
9.869827208E0,-2.519142151E0,-1.003075409E1,-2.955918121E1,3.131624656E1
9.879758208E0,-2.158287048E0,-1.036772919E1,-2.961016846E1,3.144694083E1
9.889690208E0,-2.530799866E0,-1.010574341E1,-2.952744293E1,3.131135391E1
9.899622208E0,-2.250152588E0,-1.040094757E1,-2.971452332E1,3.156256949E1
9.909554208E0,-2.497528076E0,-1.050700378E1,-2.982008362E1,3.171548773E1
9.919485208E0,-2.165649414E0,-1.008951569E1,-2.965924072E1,3.140316743E1
9.929417208E0,-2.377220154E0,-1.014048004E1,-2.977153778E1,3.154084610E1
9.939349208E0,-2.190231323E0,-1.036618805E1,-2.953024292E1,3.137339980E1
9.949280208E0,-2.408912659E0,-1.032498932E1,-2.960328674E1,3.144459971E1
9.959212208E0,-2.300247192E0,-1.040225983E1,-2.946646118E1,3.133321690E1
9.969144208E0,-2.695518494E0,-1.030766296E1,-2.968347931E1,3.153763909E1
9.979076208E0,-2.367408752E0,-1.030998230E1,-2.951721954E1,3.135548770E1
9.989007208E0,-2.596336365E0,-1.037871552E1,-2.983435059E1,3.169459218E1
9.998939208E0,-2.128067017E0,-1.037536621E1,-2.990554047E1,3.172567168E1
1.000887121E1,-2.209533691E0,-1.031213379E1,-2.970645142E1,3.152293448E1
1.001880321E1,-2.209053040E0,-1.042156982E1,-2.959324646E1,3.145233328E1
1.002873421E1,-2.443000793E0,-1.028181458E1,-2.989128876E1,3.170446510E1
1.003866621E1,-2.246833801E0,-1.001839447E1,-2.968017578E1,3.140588041E1
1.004859821E1,-2.349456787E0,-1.008577728E1,-2.995766449E1,3.169707419E1
1.005852921E1,-2.203422546E0,-1.041849518E1,-2.974840546E1,3.159695776E1
1.006846121E1,-2.633750916E0,-1.010541534E1,-2.982607269E1,3.160143471E1
1.007839321E1,-2.258422852E0,-1.019109344E1,-2.960977173E1,3.139581885E1
1.008832521E1,-2.414009094E0,-1.042936707E1,-2.946245575E1,3.134701638E1
1.009825621E1,-2.366050720E0,-1.034167480E1,-2.947403717E1,3.132518637E1
1.010818821E1,-2.476997375E0,-1.022507477E1,-2.953320312E1,3.135120025E1
1.011812021E1,-2.419685364E0,-1.029111481E1,-2.940007782E1,3.124302317E1
1.012805221E1,-2.499061584E0,-1.020989990E1,-2.971888733E1,3.152300158E1
1.013798321E1,-2.450164795E0,-1.032548523E1,-2.955168152E1,3.139937632E1
1.014791521E1,-2.385116577E0,-1.021163940E1,-2.957502747E1,3.137911105E1
1.015784721E1,-2.362739563E0,-1.026776123E1,-2.935083008E1,3.118462258E1
1.016777821E1,-2.584480286E0,-1.017452240E1,-2.932719421E1,3.114939429E1
1.017771021E1,-2.112869263E0,-1.020558929E1,-2.914681244E1,3.095407800E1
1.018764221E1,-2.509544373E0,-9.820854187E0,-2.938518524E1,3.108433853E1
1.019757421E1,-2.342384338E0,-1.003067780E1,-2.935779572E1,3.111239995E1
1.020750521E1,-2.638366699E0,-9.929489136E0,-2.936605072E1,3.111142344E1
1.021743721E1,-2.228210449E0,-1.003179932E1,-2.937278748E1,3.111852444E1
1.022736921E1,-2.575309753E0,-1.013834381E1,-2.950041199E1,3.130004062E1
1.023730121E1,-2.382255554E0,-1.009886932E1,-2.945197296E1,3.122628723E1
1.024723221E1,-2.583030701E0,-9.834831238E0,-2.935021210E1,3.106172731E1
1.025716421E1,-2.387947083E0,-9.845191956E0,-2.940507507E1,3.110126261E1
1.026709621E1,-2.489059448E0,-9.885490417E0,-2.950395966E1,3.121541243E1
1.027702721E1,-2.461212158E0,-1.002297974E1,-2.921855927E1,3.098777007E1
1.028695921E1,-2.343856812E0,-9.980873108E0,-2.950460052E1,3.123512358E1
1.029689121E1,-2.114776611E0,-9.954132080E0,-2.910688019E1,3.083451799E1
1.030682321E1,-2.319213867E0,-9.822570801E0,-2.944828796E1,3.112978179E1
1.031675421E1,-2.238250732E0,-9.832489014E0,-2.929977417E1,3.098651921E1
1.032668621E1,-2.361648560E0,-9.801940918E0,-2.994344330E1,3.159533551E1
1.033661821E1,-2.375350952E0,-9.904830933E0,-2.948085785E1,3.119084717E1
1.034654742E1,-2.441596985E0,-9.960769653E0,-2.946324158E1,3.119713019E1
1.035647842E1,-2.377372742E0,-1.003490448E1,-2.924666595E1,3.101158942E1
1.036641042E1,-2.522476196E0,-9.961906433E0,-2.982191467E1,3.154281314E1
1.037634242E1,-2.368240356E0,-1.012310028E1,-2.968824005E1,3.145595840E1
1.038627342E1,-2.532272339E0,-1.005462646E1,-2.961974335E1,3.138211453E1
1.039620542E1,-2.270812988E0,-9.994560242E0,-2.953255463E1,3.126051197E1
1.040613742E1,-2.410537720E0,-1.017326355E1,-2.962252045E1,3.141336819E1
1.041606942E1,-2.429687500E0,-1.016547394E1,-2.950187683E1,3.129857790E1
1.042600042E1,-2.590270996E0,-1.002676392E1,-2.974618530E1,3.149731796E1
1.043593242E1,-2.672172546E0,-1.016425323E1,-2.947650146E1,3.129403599E1
1.044586442E1,-2.525314331E0,-9.992187500E0,-2.940882874E1,3.116248114E1
1.045579642E1,-2.332176208E0,-9.913246155E0,-2.969058990E1,3.138857474E1
1.046572742E1,-2.072334290E0,-1.006121063E1,-2.940612793E1,3.114872210E1
1.047565942E1,-2.449531555E0,-9.916603088E0,-2.957203674E1,3.128649195E1
1.048559142E1,-2.566024780E0,-1.009898376E1,-2.972226715E1,3.149582704E1
1.049552242E1,-2.400932312E0,-1.024495697E1,-2.971306610E1,3.152126134E1
1.050545442E1,-2.667953491E0,-1.035708618E1,-3.003006744E1,3.187776907E1
1.051538642E1,-2.651733398E0,-1.033709717E1,-3.002264404E1,3.186293180E1
1.052531842E1,-2.517211914E0,-1.025305939E1,-2.968053436E1,3.150231266E1
1.053524942E1,-2.522178650E0,-1.025972748E1,-2.998345184E1,3.179041959E1
1.054518142E1,-2.528038025E0,-1.046273041E1,-2.970458221E1,3.159465000E1
1.055511342E1,-2.434829712E0,-1.072666931E1,-2.959119415E1,3.156942511E1
1.056504542E1,-2.764991760E0,-1.039906311E1,-2.999220276E1,3.186405372E1
1.057497642E1,-2.704383850E0,-1.004569244E1,-2.996377563E1,3.171840915E1
1.058490842E1,-2.795921326E0,-1.055165863E1,-2.963528442E1,3.158171558E1
1.059484042E1,-2.798187256E0,-1.066252899E1,-2.980502319E1,3.177827535E1
1.060477142E1,-2.826995850E0,-1.052008820E1,-2.976316833E1,3.169401127E1
1.061470342E1,-2.583175659E0,-1.014936066E1,-2.976323700E1,3.155206166E1
1.062463542E1,-2.740150452E0,-1.015609741E1,-2.975819397E1,3.156271293E1
1.063456742E1,-2.592453003E0,-1.024347687E1,-2.972183990E1,3.154421339E1
1.064449842E1,-2.623771667E0,-1.019579315E1,-2.990973663E1,3.170852758E1
1.065443042E1,-2.707206726E0,-1.036665344E1,-2.986448669E1,3.172828450E1
1.066436242E1,-2.680442810E0,-1.029375458E1,-2.968577576E1,3.153397278E1
1.067429442E1,-2.527282715E0,-1.029004669E1,-2.984380341E1,3.166898831E1
1.068422542E1,-2.778404236E0,-1.046950531E1,-2.964855194E1,3.156527687E1
1.069415742E1,-2.829444885E0,-1.050422668E1,-2.962716675E1,3.156126655E1
1.070408942E1,-2.864624023E0,-1.052770996E1,-2.984738922E1,3.177900866E1
1.071402042E1,-2.703308105E0,-1.047452545E1,-2.997459412E1,3.186690839E1
1.072395242E1,-2.784843445E0,-1.040966034E1,-2.996310425E1,3.184185920E1
1.073388442E1,-2.454795837E0,-1.037290955E1,-2.991870117E1,3.176085570E1
1.074381642E1,-2.845901489E0,-1.033575439E1,-2.952746582E1,3.141334449E1
1.075374742E1,-2.686668396E0,-1.024808502E1,-2.969317627E1,3.152659434E1
1.076367942E1,-2.892745972E0,-1.026790619E1,-2.958947754E1,3.145369704E1
1.077361142E1,-2.588760376E0,-1.048500061E1,-2.976319122E1,3.166203515E1
1.078354242E1,-2.975669861E0,-1.039305878E1,-2.959245300E1,3.150529410E1
1.079347442E1,-2.757614136E0,-1.037844086E1,-2.980886078E1,3.168413880E1
1.080340642E1,-2.640968323E0,-1.022908783E1,-2.993444824E1,3.174397806E1
1.081333842E1,-2.409835815E0,-1.049913025E1,-2.966963196E1,3.156463377E1
1.082326942E1,-2.753494263E0,-1.064153290E1,-2.981761169E1,3.177914285E1
1.083320142E1,-2.351417542E0,-1.009850311E1,-2.976106262E1,3.151554819E1
1.084313342E1,-2.576934814E0,-1.030608368E1,-2.997721863E1,3.180392414E1
1.085306542E1,-2.471603394E0,-1.012639618E1,-2.987404633E1,3.164034397E1
1.086299642E1,-2.651977539E0,-1.033406067E1,-2.978290558E1,3.163617011E1
1.087292842E1,-2.416320801E0,-1.036879730E1,-2.950662994E1,3.136864317E1
1.088286042E1,-2.633872986E0,-1.041114807E1,-2.958708191E1,3.147577969E1
1.089279142E1,-2.557655334E0,-1.034400940E1,-2.966019440E1,3.151614289E1
1.090272342E1,-2.619422913E0,-1.043227386E1,-2.989985657E1,3.177570042E1
1.091265542E1,-2.446411133E0,-1.037850952E1,-2.970716095E1,3.156285473E1
1.092258742E1,-2.597183228E0,-1.033799744E1,-2.956963348E1,3.143219331E1
1.093251842E1,-2.372718811E0,-1.013422394E1,-2.990943909E1,3.166870436E1
1.094245042E1,-2.682685852E0,-1.001203918E1,-2.958910370E1,3.135207792E1
1.095238242E1,-2.483558655E0,-1.004309845E1,-2.926122284E1,3.103628606E1
1.096231442E1,-2.716926575E0,-9.916221619E0,-2.973480225E1,3.146222506E1
1.097224542E1,-2.440307617E0,-9.824157715E0,-2.971563721E1,3.139248749E1
1.098217742E1,-2.662673950E0,-9.960571289E0,-2.977164459E1,3.150640625E1
1.099210942E1,-2.382492065E0,-1.000418854E1,-2.941082001E1,3.115696375E1
1.100204042E1,-2.564506531E0,-9.959663391E0,-2.945027161E1,3.119439190E1
1.101197242E1,-2.375793457E0,-1.000096893E1,-2.935734558E1,3.110494356E1
1.102190442E1,-2.510116577E0,-1.002187347E1,-2.943487549E1,3.119536068E1
1.103183642E1,-2.253959656E0,-1.010176849E1,-2.963737488E1,3.139267511E1
1.104176742E1,-2.544952393E0,-1.009616089E1,-2.968234253E1,3.145553537E1
1.105169942E1,-2.278930664E0,-1.003776550E1,-2.957648468E1,3.131642871E1
1.106163142E1,-2.412429810E0,-9.957786560E0,-2.957843781E1,3.130273652E1
1.107156342E1,-2.216346741E0,-1.013108063E1,-2.944808960E1,3.122084189E1
1.108149442E1,-2.413558960E0,-9.985176086E0,-2.973669434E1,3.146108705E1
1.109142642E1,-2.326843262E0,-1.000243378E1,-2.927735138E1,3.102621770E1
1.110135842E1,-2.480377197E0,-1.017218018E1,-2.946066284E1,3.126589477E1
1.111128942E1,-2.417640686E0,-1.034349823E1,-2.952570343E1,3.137833815E1
1.112122142E1,-2.658096313E0,-1.026727295E1,-2.950869751E1,3.135674726E1
1.113115342E1,-2.334411621E0,-1.035083771E1,-2.952342987E1,3.137231630E1
1.114108542E1,-2.658103943E0,-1.041289520E1,-2.978392792E1,3.166348473E1
1.115101642E1,-2.413452148E0,-1.020267487E1,-2.956043243E1,3.136460571E1
1.116094842E1,-2.572456360E0,-1.019210815E1,-2.943809509E1,3.125856751E1
1.117088042E1,-2.358047485E0,-1.047212219E1,-2.912870789E1,3.104363629E1
1.118081142E1,-2.715873718E0,-1.052431488E1,-2.911608124E1,3.107866407E1
1.119074342E1,-2.423004150E0,-1.036452484E1,-2.918677521E1,3.106705926E1
1.120067542E1,-2.529609680E0,-1.026304626E1,-2.981847382E1,3.163653623E1
1.121060742E1,-2.369506836E0,-1.037414551E1,-2.959024048E1,3.144550507E1
1.122053842E1,-2.733711243E0,-1.039542389E1,-2.994531250E1,3.181602985E1
1.123047042E1,-2.502014160E0,-1.047714233E1,-2.971919250E1,3.161108966E1
1.124040242E1,-2.781211853E0,-1.046907043E1,-2.984548187E1,3.175042304E1
1.125033442E1,-2.762329102E0,-1.067749786E1,-2.955127716E1,3.154231134E1
1.126026542E1,-2.589363098E0,-1.050756836E1,-2.956040192E1,3.147905900E1
1.127019742E1,-2.549926758E0,-1.014339447E1,-2.939144135E1,3.119691334E1
1.128012942E1,-2.656074524E0,-1.021924591E1,-2.921178436E1,3.106148845E1
1.129006042E1,-2.340545654E0,-1.003733063E1,-2.941883850E1,3.117201018E1
1.129999242E1,-2.398773193E0,-1.018726349E1,-2.994191742E1,3.171833648E1
1.130992442E1,-2.544631958E0,-1.041654205E1,-2.969145203E1,3.156836745E1
1.131985642E1,-2.600227356E0,-1.008306122E1,-2.993235016E1,3.169187422E1
1.132978742E1,-2.450271606E0,-1.031719971E1,-2.972994232E1,3.156450398E1
1.133971942E1,-2.555740356E0,-1.012596893E1,-2.987451172E1,3.164733016E1
1.134965146E1,-2.431312561E0,-1.007118225E1,-2.970205688E1,3.145714825E1
1.135958246E1,-2.592308044E0,-1.014696503E1,-2.993370819E1,3.171289716E1
1.136951446E1,-2.822532654E0,-1.020935822E1,-3.026543427E1,3.206546736E1
1.137944646E1,-2.756080627E0,-1.031223297E1,-3.047980499E1,3.229483924E1
1.138937846E1,-2.658126831E0,-1.039291382E1,-3.049253082E1,3.232449121E1
1.139930946E1,-3.126541138E0,-1.061865997E1,-3.078479767E1,3.271444584E1
1.140924146E1,-2.893531799E0,-1.068665314E1,-3.095391083E1,3.287433158E1
1.141917346E1,-3.194030762E0,-1.102680969E1,-3.065271759E1,3.273196389E1
1.142910546E1,-3.003227234E0,-1.082032776E1,-3.074488068E1,3.273143068E1
1.143903646E1,-3.137489319E0,-1.076876831E1,-3.103018951E1,3.299519467E1
1.144896846E1,-2.914154053E0,-1.076876068E1,-3.096144104E1,3.291001871E1
1.145890046E1,-3.180099487E0,-1.096440887E1,-3.125435638E1,3.327410536E1
1.146883146E1,-3.078262329E0,-1.099536896E1,-3.139854431E1,3.341021434E1
1.147876346E1,-3.261718750E0,-1.095897675E1,-3.130908203E1,3.333161559E1
1.148869546E1,-3.222663879E0,-1.107855225E1,-3.117690277E1,3.324333240E1
1.149862746E1,-3.296142578E0,-1.104058075E1,-3.160070801E1,3.363575071E1
1.150855846E1,-3.409023285E0,-1.112911987E1,-3.175118256E1,3.381739704E1
1.151849046E1,-3.301788330E0,-1.139927673E1,-3.204272461E1,3.416989196E1
1.152842246E1,-3.457199097E0,-1.140357971E1,-3.184133148E1,3.399800356E1
1.153835446E1,-3.809284210E0,-1.124865723E1,-3.187731934E1,3.401773690E1
1.154828546E1,-3.827575684E0,-1.118985748E1,-3.163875580E1,3.377682807E1
1.155821746E1,-3.550811768E0,-1.140924835E1,-3.223210907E1,3.437569006E1
1.156814946E1,-3.454738617E0,-1.151443481E1,-3.258251190E1,3.472949049E1
1.157808046E1,-3.499954224E0,-1.138993073E1,-3.267023468E1,3.477534235E1
1.158801246E1,-3.642932892E0,-1.146721649E1,-3.267722321E1,3.482196046E1
1.159794446E1,-3.818580627E0,-1.162042236E1,-3.266371918E1,3.487885211E1
1.160787646E1,-3.870567322E0,-1.157760620E1,-3.273870087E1,3.494058945E1
1.161780746E1,-3.973228455E0,-1.154810333E1,-3.272119904E1,3.492595169E1
1.162773946E1,-4.031612396E0,-1.160478210E1,-3.267460632E1,3.490780378E1
1.163767146E1,-3.831687927E0,-1.163665009E1,-3.277731323E1,3.499208082E1
1.164760346E1,-3.795616150E0,-1.185227203E1,-3.302251434E1,3.528979325E1
1.165753446E1,-4.044975281E0,-1.186050415E1,-3.339838409E1,3.567191394E1
1.166746646E1,-4.303482056E0,-1.180231476E1,-3.311376190E1,3.541660372E1
1.167739846E1,-4.506824493E0,-1.197033691E1,-3.307234955E1,3.545956482E1
1.168732946E1,-4.685264587E0,-1.217395782E1,-3.322209167E1,3.569123602E1
1.169726146E1,-4.264545441E0,-1.216693115E1,-3.390400696E1,3.627261018E1
1.170719346E1,-4.448543549E0,-1.208530426E1,-3.371703339E1,3.609269260E1
1.171712546E1,-4.406639099E0,-1.234527588E1,-3.385435486E1,3.630346605E1
1.172705646E1,-4.597534180E0,-1.224537659E1,-3.401371002E1,3.644199552E1
1.173698846E1,-4.589881897E0,-1.274114227E1,-3.434204102E1,3.691584353E1
1.174692046E1,-4.762611389E0,-1.273587799E1,-3.443453979E1,3.702192035E1
1.175685146E1,-4.498733521E0,-1.280310059E1,-3.447384644E1,3.704867172E1
1.176678346E1,-4.664939880E0,-1.240892029E1,-3.434958649E1,3.681897688E1
1.177671546E1,-4.552978516E0,-1.252735138E1,-3.438960266E1,3.688236594E1
1.178664746E1,-4.772205353E0,-1.254473114E1,-3.446492767E1,3.698615231E1
1.179657846E1,-4.709499359E0,-1.274558258E1,-3.456534576E1,3.714017215E1
1.180651046E1,-4.752696991E0,-1.279413605E1,-3.464043427E1,3.723221363E1
1.181644246E1,-4.598979950E0,-1.294072723E1,-3.459822083E1,3.722431896E1
1.182637446E1,-4.754863739E0,-1.268397522E1,-3.469440460E1,3.724504890E1
1.183630546E1,-4.651000977E0,-1.278570557E1,-3.453119659E1,3.711481665E1
1.184623746E1,-4.743896484E0,-1.281922150E1,-3.471851349E1,3.731235951E1
1.185616946E1,-4.493572235E0,-1.260808563E1,-3.439981842E1,3.691210536E1
1.186610046E1,-4.497592926E0,-1.275581360E1,-3.469870758E1,3.724163571E1
1.187603246E1,-4.532825470E0,-1.277525330E1,-3.450338745E1,3.707070743E1
1.188596446E1,-4.897331238E0,-1.259889221E1,-3.460901642E1,3.715507981E1
1.189589646E1,-4.662109375E0,-1.285633850E1,-3.461723328E1,3.722060643E1
1.190582746E1,-4.867591858E0,-1.304373932E1,-3.513318634E1,3.779118109E1
1.191575946E1,-4.770347595E0,-1.298342896E1,-3.504264069E1,3.767376156E1
1.192569146E1,-5.079559326E0,-1.311596680E1,-3.479489899E1,3.753019456E1
1.193562246E1,-5.148036957E0,-1.320758820E1,-3.471751404E1,3.749997935E1
1.194555446E1,-5.274642944E0,-1.306290436E1,-3.486533356E1,3.760389358E1
1.195548646E1,-4.792636871E0,-1.296103668E1,-3.485169220E1,3.749130952E1
1.196541846E1,-5.263267517E0,-1.289783478E1,-3.508444214E1,3.774883054E1
1.197534946E1,-4.940322876E0,-1.268760681E1,-3.491303253E1,3.747401763E1
1.198528146E1,-5.061775208E0,-1.280647278E1,-3.493462372E1,3.755070236E1
1.199521346E1,-5.033496857E0,-1.300935364E1,-3.501985931E1,3.769575466E1
1.200514546E1,-5.142044067E0,-1.290955353E1,-3.492651367E1,3.758934087E1
1.201507646E1,-4.960205078E0,-1.316881561E1,-3.493267822E1,3.766050115E1
1.202500846E1,-5.128421783E0,-1.297360229E1,-3.501728058E1,3.769383246E1
1.203494046E1,-4.645133972E0,-1.335391235E1,-3.466865540E1,3.744088556E1
1.204487146E1,-5.099102020E0,-1.318502808E1,-3.485391235E1,3.761171378E1
1.205480346E1,-4.855625153E0,-1.312696838E1,-3.480739594E1,3.751598601E1
1.206473546E1,-4.975959778E0,-1.288756561E1,-3.473215485E1,3.737876541E1
1.207466746E1,-4.629589081E0,-1.317476654E1,-3.464929962E1,3.735748295E1
1.208459846E1,-4.866992950E0,-1.311609650E1,-3.499411774E1,3.768697234E1
1.209453046E1,-4.555721283E0,-1.315457916E1,-3.472543335E1,3.741194022E1
1.210446246E1,-4.723907471E0,-1.301808929E1,-3.478421021E1,3.743964784E1
1.211439346E1,-4.694881439E0,-1.297936249E1,-3.504768372E1,3.766757088E1
1.212432546E1,-5.051544189E0,-1.293103027E1,-3.479784393E1,3.746491138E1
1.213425746E1,-4.760795593E0,-1.309868622E1,-3.491395569E1,3.759288573E1
1.214418946E1,-4.761936188E0,-1.285086823E1,-3.538764191E1,3.794872923E1
1.215412046E1,-4.675651550E0,-1.294247437E1,-3.520260620E1,3.779673059E1
1.216405246E1,-5.041526794E0,-1.298508453E1,-3.517071533E1,3.782867470E1
1.217398446E1,-4.849281311E0,-1.311737823E1,-3.517369843E1,3.785195110E1
1.218391646E1,-5.135242462E0,-1.302357483E1,-3.505181122E1,3.774405498E1
1.219384746E1,-4.661705017E0,-1.320874786E1,-3.510076904E1,3.779241328E1
1.220377946E1,-4.809753418E0,-1.302736664E1,-3.524760437E1,3.788455653E1
1.221371146E1,-4.597896576E0,-1.322657013E1,-3.509201050E1,3.778269460E1
1.222364246E1,-4.786396027E0,-1.321671295E1,-3.508400726E1,3.779521999E1
1.223357446E1,-4.622051239E0,-1.312090302E1,-3.497361755E1,3.763874836E1
1.224350646E1,-4.661888123E0,-1.308169556E1,-3.512336731E1,3.776923206E1
1.225343846E1,-4.814685822E0,-1.326308441E1,-3.471804810E1,3.747577179E1
1.226336946E1,-4.861164093E0,-1.322332001E1,-3.489849854E1,3.763498782E1
1.227330146E1,-4.599899292E0,-1.332411957E1,-3.459007263E1,3.735189902E1
1.228323346E1,-4.631958008E0,-1.320983887E1,-3.526470947E1,3.794146297E1
1.229316446E1,-4.385147095E0,-1.322492981E1,-3.503053284E1,3.769968852E1
1.230309646E1,-4.529949188E0,-1.317703247E1,-3.513333130E1,3.779557636E1
1.231302846E1,-4.378776550E0,-1.304006195E1,-3.486041260E1,3.747619599E1
1.232296046E1,-4.844196320E0,-1.321297455E1,-3.526609802E1,3.797033848E1
1.233289146E1,-4.528633118E0,-1.335171509E1,-3.518999481E1,3.790926732E1
1.234282346E1,-4.430908203E0,-1.314231873E1,-3.527204895E1,3.790080377E1
1.235275492E1,-4.369014740E0,-1.317904663E1,-3.490472412E1,3.756481500E1
1.236268692E1,-4.649295807E0,-1.298641968E1,-3.502249908E1,3.764091510E1
1.237261792E1,-4.454681396E0,-1.330989838E1,-3.472662354E1,3.745578678E1
1.238254992E1,-4.503398895E0,-1.310404205E1,-3.509690094E1,3.773312835E1
1.239248192E1,-4.308311462E0,-1.314099121E1,-3.486032867E1,3.750319604E1
1.240241292E1,-4.485713959E0,-1.328218079E1,-3.461904907E1,3.734991988E1
1.241234492E1,-4.453273773E0,-1.326761627E1,-3.471678162E1,3.743148694E1
1.242227692E1,-4.655540466E0,-1.289177704E1,-3.489715576E1,3.749244527E1
1.243220892E1,-4.519500732E0,-1.285021210E1,-3.493663025E1,3.749829291E1
1.244213992E1,-4.666080475E0,-1.290218353E1,-3.514260864E1,3.772587427E1
1.245207192E1,-4.674724579E0,-1.329526520E1,-3.508185577E1,3.780679477E1
1.246200392E1,-4.812519073E0,-1.314987183E1,-3.508961487E1,3.778042536E1
1.247193492E1,-4.717994690E0,-1.318530273E1,-3.515949249E1,3.784576059E1
1.248186692E1,-4.933338165E0,-1.301090240E1,-3.495201111E1,3.762000116E1
1.249179892E1,-4.791503906E0,-1.321892548E1,-3.544514465E1,3.813209645E1
1.250173092E1,-4.868473053E0,-1.323088074E1,-3.550003815E1,3.819700176E1
1.251166192E1,-4.878067017E0,-1.298561859E1,-3.548333740E1,3.809841284E1
1.252159392E1,-4.853122711E0,-1.321522522E1,-3.547316742E1,3.816465098E1
1.253152592E1,-4.668716431E0,-1.298335266E1,-3.525047302E1,3.785446087E1
1.254145692E1,-4.810832977E0,-1.315149689E1,-3.546057892E1,3.812556415E1
1.255138892E1,-4.652336121E0,-1.301953125E1,-3.555474854E1,3.814829706E1
1.256132092E1,-4.645168304E0,-1.295728302E1,-3.513150024E1,3.773183114E1
1.257125292E1,-4.725772858E0,-1.290845490E1,-3.506082153E1,3.765929292E1
1.258118392E1,-4.818969727E0,-1.291223907E1,-3.514630890E1,3.775197235E1
1.259111592E1,-4.517066956E0,-1.289909363E1,-3.528532410E1,3.783972261E1
1.260104792E1,-4.446598053E0,-1.299786377E1,-3.504615784E1,3.764239466E1
1.261097992E1,-4.561138153E0,-1.307131195E1,-3.481692505E1,3.746840599E1
1.262091092E1,-4.567440033E0,-1.287228394E1,-3.499810028E1,3.756892633E1
1.263084292E1,-4.603748322E0,-1.291001129E1,-3.493618774E1,3.752865711E1
1.264077492E1,-4.727020264E0,-1.287724304E1,-3.504373932E1,3.763285499E1
1.265070592E1,-4.864124298E0,-1.278368378E1,-3.494975281E1,3.753088725E1
1.266063792E1,-4.704692841E0,-1.289227295E1,-3.513849640E1,3.772345114E1
1.267056992E1,-4.773620605E0,-1.293363190E1,-3.524003601E1,3.784080371E1
1.268050192E1,-4.825252533E0,-1.305272675E1,-3.548693848E1,3.811796873E1
1.269043292E1,-5.032428741E0,-1.295719147E1,-3.530268097E1,3.794065673E1
1.270036492E1,-5.000419617E0,-1.292052460E1,-3.523600769E1,3.786185931E1
1.271029692E1,-5.009300232E0,-1.303351593E1,-3.517706299E1,3.784694686E1
1.272022792E1,-4.798126221E0,-1.310929108E1,-3.520675659E1,3.787335788E1
1.273015992E1,-4.637943268E0,-1.319792175E1,-3.514984894E1,3.783130366E1
1.274009192E1,-4.641235352E0,-1.300611115E1,-3.506933594E1,3.769029472E1
1.275002392E1,-4.560970306E0,-1.282458496E1,-3.493886566E1,3.749662336E1
1.275995492E1,-5.002338409E0,-1.276733398E1,-3.509270477E1,3.767659930E1
1.276988692E1,-4.752609253E0,-1.291796875E1,-3.495404053E1,3.756655641E1
1.277981892E1,-4.933574677E0,-1.294541931E1,-3.507984161E1,3.771630056E1
1.278975092E1,-4.816360474E0,-1.330860138E1,-3.490123749E1,3.766181856E1
1.279968192E1,-5.044670105E0,-1.301416779E1,-3.519346619E1,3.786023404E1
1.280961392E1,-4.935604095E0,-1.284795380E1,-3.500869751E1,3.761700421E1
1.281954592E1,-4.816318512E0,-1.297660828E1,-3.512763214E1,3.775632167E1
1.282947692E1,-4.588432312E0,-1.314896393E1,-3.511952209E1,3.778001847E1
1.283940892E1,-4.892524719E0,-1.297811890E1,-3.517269897E1,3.780855884E1
1.284934092E1,-4.741737366E0,-1.305367279E1,-3.517544556E1,3.781791132E1
1.285927292E1,-5.155467987E0,-1.302265167E1,-3.521123505E1,3.789458247E1
1.286920392E1,-4.900428772E0,-1.318842316E1,-3.543952942E1,3.813015805E1
1.287913592E1,-5.144645691E0,-1.317871094E1,-3.543896484E1,3.815843328E1
1.288906792E1,-4.833087921E0,-1.293129730E1,-3.537104034E1,3.796956260E1
1.289899892E1,-4.702125549E0,-1.308573914E1,-3.526681519E1,3.790903331E1
1.290893092E1,-4.571697235E0,-1.293807220E1,-3.531275177E1,3.788514967E1
1.291886292E1,-5.102535248E0,-1.303028107E1,-3.546282196E1,3.812395352E1
1.292879492E1,-4.685733795E0,-1.310186005E1,-3.507785034E1,3.773685761E1
1.293872592E1,-4.893310547E0,-1.298519897E1,-3.505718994E1,3.770366623E1
1.294865792E1,-4.651542664E0,-1.297364807E1,-3.497142029E1,3.758926217E1
1.295858992E1,-4.805965424E0,-1.279706573E1,-3.538999939E1,3.793829532E1
1.296852092E1,-4.550586700E0,-1.283666992E1,-3.522195435E1,3.776339500E1
1.297845292E1,-4.568878174E0,-1.302802277E1,-3.536818695E1,3.796725791E1
1.298838492E1,-4.394287109E0,-1.288994598E1,-3.485589600E1,3.742183791E1
1.299831692E1,-4.828994751E0,-1.281404877E1,-3.517986298E1,3.775105025E1
1.300824792E1,-4.597999573E0,-1.305643463E1,-3.476221466E1,3.741688995E1
1.301817992E1,-4.827644348E0,-1.309757996E1,-3.504402924E1,3.772183367E1
1.302811192E1,-4.342586517E0,-1.327748108E1,-3.489971924E1,3.759175394E1
1.303804292E1,-4.670516968E0,-1.308569336E1,-3.508431244E1,3.773536907E1
1.304797492E1,-4.440101624E0,-1.309259033E1,-3.508099365E1,3.770685004E1
1.305790692E1,-4.923072815E0,-1.303979492E1,-3.513872528E1,3.780215486E1
1.306783892E1,-4.306140900E0,-1.296031952E1,-3.507245636E1,3.763761319E1
1.307776992E1,-4.657196045E0,-1.294783020E1,-3.537919617E1,3.796081273E1
1.308770192E1,-4.215675354E0,-1.296160889E1,-3.496770477E1,3.753019585E1
1.309763392E1,-4.619060516E0,-1.311649323E1,-3.488364410E1,3.755325206E1
1.310756592E1,-4.504455566E0,-1.298026276E1,-3.488235474E1,3.749074570E1
1.311749692E1,-4.916423798E0,-1.289816284E1,-3.542236328E1,3.801680744E1
1.312742892E1,-4.528972626E0,-1.281128693E1,-3.488077545E1,3.743406419E1
1.313736092E1,-4.802944183E0,-1.303308868E1,-3.503496552E1,3.768790896E1
1.314729192E1,-4.568012238E0,-1.298641205E1,-3.486611938E1,3.748546271E1
1.315722392E1,-4.557060242E0,-1.310229492E1,-3.483784485E1,3.749816481E1
1.316715592E1,-4.452503204E0,-1.303508759E1,-3.495422363E1,3.757041446E1
1.317708792E1,-4.743335724E0,-1.296932983E1,-3.517276764E1,3.778658933E1
1.318701892E1,-4.329803467E0,-1.311448669E1,-3.513604736E1,3.775286458E1
1.319695092E1,-4.733303070E0,-1.288321686E1,-3.542488098E1,3.799083609E1
1.320688292E1,-4.499572754E0,-1.295023346E1,-3.489780426E1,3.749415213E1
1.321681392E1,-4.872035980E0,-1.287887573E1,-3.503821564E1,3.764676254E1
1.322674592E1,-4.544830322E0,-1.291478729E1,-3.477914429E1,3.737694598E1
1.323667792E1,-4.808723450E0,-1.316862488E1,-3.490526581E1,3.761534372E1
1.324660992E1,-4.856071472E0,-1.319143677E1,-3.487442780E1,3.760081313E1
1.325654092E1,-4.805046082E0,-1.311186218E1,-3.494570923E1,3.763259214E1
1.326647292E1,-4.569919586E0,-1.294977570E1,-3.506129456E1,3.765468406E1
1.327640492E1,-4.711147308E0,-1.279193878E1,-3.523019409E1,3.777558977E1
1.328633592E1,-4.356105804E0,-1.295036316E1,-3.510100555E1,3.766653893E1
1.329626792E1,-4.651897430E0,-1.302318573E1,-3.497979736E1,3.761422257E1
1.330619992E1,-4.729305267E0,-1.300775146E1,-3.483740234E1,3.748616449E1
1.331613192E1,-4.757080078E0,-1.304489136E1,-3.520938873E1,3.784838248E1
1.332606292E1,-4.535472870E0,-1.299706268E1,-3.506196594E1,3.766743432E1
1.333599492E1,-4.898780823E0,-1.307460022E1,-3.507675934E1,3.775344051E1
1.334592742E1,-4.668350220E0,-1.300730133E1,-3.535297394E1,3.795808409E1
1.335585842E1,-4.587856293E0,-1.297982788E1,-3.519974518E1,3.779611644E1
1.336579042E1,-4.687248230E0,-1.315146637E1,-3.505158234E1,3.772989250E1
1.337572242E1,-4.897232056E0,-1.293144226E1,-3.539542389E1,3.800054096E1
1.338565442E1,-4.726821899E0,-1.280062103E1,-3.552679443E1,3.805721833E1
1.339558542E1,-4.744056702E0,-1.276858521E1,-3.580564880E1,3.830910242E1
1.340551742E1,-4.556503296E0,-1.285619354E1,-3.520964050E1,3.775926666E1
1.341544942E1,-4.871910095E0,-1.282077026E1,-3.542872620E1,3.799081860E1
1.342538042E1,-4.785385132E0,-1.281765747E1,-3.522830200E1,3.779187103E1
1.343531242E1,-4.893180847E0,-1.295493317E1,-3.506803131E1,3.770331991E1
1.344524442E1,-4.792037964E0,-1.299418640E1,-3.493981171E1,3.758461055E1
1.345517642E1,-4.581401825E0,-1.275392914E1,-3.523898315E1,3.775497166E1
1.346510742E1,-4.410068512E0,-1.280759430E1,-3.525022125E1,3.776322648E1
1.347503942E1,-4.478454590E0,-1.281306458E1,-3.509522247E1,3.762852402E1
1.348497142E1,-4.709186554E0,-1.286046600E1,-3.500235748E1,3.758634131E1
1.349490242E1,-4.839664459E0,-1.287055206E1,-3.518216705E1,3.777377849E1
1.350483442E1,-4.683815002E0,-1.295151520E1,-3.481990051E1,3.744469710E1
1.351476642E1,-4.659400940E0,-1.279450989E1,-3.471716309E1,3.729196848E1
1.352469842E1,-4.524036407E0,-1.260926819E1,-3.491669464E1,3.739834374E1
1.353462942E1,-4.712814331E0,-1.271061707E1,-3.517694092E1,3.769864159E1
1.354456142E1,-4.453353882E0,-1.283096313E1,-3.494023132E1,3.748714100E1
1.355449342E1,-4.883193970E0,-1.280898285E1,-3.488356018E1,3.748037348E1
1.356442442E1,-4.820392609E0,-1.293294525E1,-3.489400482E1,3.752450973E1
1.357435642E1,-4.845626831E0,-1.304262543E1,-3.489962769E1,3.757092213E1
1.358428842E1,-4.872554779E0,-1.304112244E1,-3.502370453E1,3.768915684E1
1.359422042E1,-4.973945618E0,-1.291435242E1,-3.481695557E1,3.746653211E1
1.360415142E1,-4.857227325E0,-1.287876129E1,-3.511291504E1,3.771434677E1
1.361408342E1,-4.642616272E0,-1.283290100E1,-3.487295532E1,3.744810071E1
1.362401542E1,-4.647502899E0,-1.294933319E1,-3.465753174E1,3.728845692E1
1.363394642E1,-4.769634247E0,-1.288154602E1,-3.479557800E1,3.740876752E1
1.364387842E1,-4.849945068E0,-1.296564484E1,-3.487462616E1,3.752158663E1
1.365381042E1,-4.628295898E0,-1.281214142E1,-3.496835327E1,3.752809376E1
1.366374242E1,-4.558227539E0,-1.281347656E1,-3.498911285E1,3.753932123E1
1.367367342E1,-4.419822693E0,-1.286180878E1,-3.494012451E1,3.749364291E1
1.368360542E1,-4.456275940E0,-1.273795319E1,-3.501711273E1,3.752748367E1
1.369353742E1,-4.667407990E0,-1.275299835E1,-3.507940674E1,3.761633211E1
1.370346942E1,-4.590763092E0,-1.287326050E1,-3.493457794E1,3.751294014E1
1.371340042E1,-4.674552917E0,-1.278159332E1,-3.503252411E1,3.758321857E1
1.372333242E1,-4.774417877E0,-1.275141144E1,-3.514673615E1,3.769199678E1
1.373326442E1,-4.534786224E0,-1.278889465E1,-3.488253784E1,3.742875310E1
1.374319542E1,-4.376289368E0,-1.290210724E1,-3.492617798E1,3.748938767E1
1.375312742E1,-4.706668854E0,-1.287922668E1,-3.513082886E1,3.771209816E1
1.376305942E1,-4.688358307E0,-1.298308563E1,-3.527776337E1,3.788220960E1
1.377299042E1,-4.439876556E0,-1.307712555E1,-3.514705658E1,3.776293557E1
1.378292242E1,-4.634151459E0,-1.300660706E1,-3.490158844E1,3.753355915E1
1.379285442E1,-4.483863831E0,-1.296864319E1,-3.476454163E1,3.737464509E1
1.380278642E1,-4.549278259E0,-1.280977631E1,-3.520509338E1,3.773837439E1
1.381271742E1,-4.206031799E0,-1.314134216E1,-3.514492798E1,3.775647679E1
1.382264942E1,-4.552642822E0,-1.320201111E1,-3.504828644E1,3.772800069E1
1.383258142E1,-4.436813354E0,-1.314154053E1,-3.515757751E1,3.779471731E1
1.384251242E1,-4.486469269E0,-1.302569580E1,-3.511040497E1,3.771654404E1
1.385244442E1,-4.241947174E0,-1.295375061E1,-3.502552032E1,3.758431647E1
1.386237642E1,-4.488559723E0,-1.280417633E1,-3.527661896E1,3.779595144E1
1.387230842E1,-4.457141876E0,-1.303329468E1,-3.520900726E1,3.780750027E1
1.388223942E1,-4.411914825E0,-1.284480286E1,-3.510300446E1,3.763874167E1
1.389217142E1,-4.107322693E0,-1.276988220E1,-3.515223694E1,3.762472263E1
1.390210342E1,-4.325157166E0,-1.304148102E1,-3.551103210E1,3.807650999E1
1.391203442E1,-4.019481659E0,-1.317041779E1,-3.511929321E1,3.772241897E1
1.392196642E1,-4.746978760E0,-1.321040344E1,-3.522788239E1,3.792165956E1
1.393189842E1,-4.559158325E0,-1.353981018E1,-3.505628204E1,3.785571681E1
1.394183042E1,-4.703445435E0,-1.337188721E1,-3.527995300E1,3.802111059E1
1.395176142E1,-4.516017914E0,-1.335147095E1,-3.556445312E1,3.825554235E1
1.396169342E1,-4.597049713E0,-1.305110931E1,-3.551069641E1,3.811133532E1
1.397162542E1,-4.403507233E0,-1.324813080E1,-3.526338196E1,3.792637542E1
1.398155742E1,-4.543830872E0,-1.313425446E1,-3.527697754E1,3.791596212E1
1.399148842E1,-4.471332550E0,-1.315564728E1,-3.510171509E1,3.775174529E1
1.400142042E1,-4.575565338E0,-1.334817505E1,-3.509864044E1,3.782887966E1
1.401135242E1,-4.244045258E0,-1.320825958E1,-3.522309113E1,3.785678525E1
1.402128342E1,-4.351657867E0,-1.315813446E1,-3.515788269E1,3.779087382E1
1.403121542E1,-4.421421051E0,-1.313652802E1,-3.521364594E1,3.784333749E1
1.404114742E1,-4.736248016E0,-1.324673462E1,-3.573212433E1,3.840172825E1
1.405107942E1,-4.468460083E0,-1.299790955E1,-3.562014771E1,3.817993859E1
1.406101042E1,-4.687992096E0,-1.305063629E1,-3.558917236E1,3.819536054E1
1.407094242E1,-4.571559906E0,-1.323110962E1,-3.539952087E1,3.806688193E1
1.408087442E1,-4.878356934E0,-1.292813873E1,-3.541797638E1,3.801799822E1
1.409080542E1,-4.559894562E0,-1.294133759E1,-3.526158142E1,3.783715081E1
1.410073742E1,-4.870395660E0,-1.297524261E1,-3.483592987E1,3.749159485E1
1.411066942E1,-4.683422089E0,-1.308187866E1,-3.497798157E1,3.763680627E1
1.412060142E1,-4.822582245E0,-1.298924255E1,-3.510362244E1,3.773913128E1
1.413053242E1,-4.467300415E0,-1.290483093E1,-3.499578094E1,3.756589036E1
1.414046442E1,-4.860057831E0,-1.281493378E1,-3.528706360E1,3.785524465E1
1.415039642E1,-4.548080444E0,-1.280644989E1,-3.548532867E1,3.799866768E1
1.416032742E1,-4.896606445E0,-1.282093811E1,-3.523488617E1,3.781336288E1
1.417025942E1,-4.654479980E0,-1.289456940E1,-3.530709839E1,3.787512773E1
1.418019142E1,-4.647132874E0,-1.303639221E1,-3.535695648E1,3.796916825E1
1.419012242E1,-4.506790161E0,-1.316734314E1,-3.537268829E1,3.801206598E1
1.420005442E1,-4.477787018E0,-1.291022491E1,-3.577133179E1,3.829246221E1
1.420998642E1,-4.449108124E0,-1.317667389E1,-3.521903992E1,3.786555256E1
1.421991842E1,-4.771537781E0,-1.295921326E1,-3.536169434E1,3.796258958E1
1.422984942E1,-4.600337982E0,-1.321022034E1,-3.516854858E1,3.784837963E1
1.423978142E1,-4.732444763E0,-1.302747345E1,-3.501176453E1,3.765547441E1
1.424971342E1,-4.556213379E0,-1.292421722E1,-3.516559601E1,3.774140450E1
1.425964442E1,-4.895626068E0,-1.295223999E1,-3.568504333E1,3.827727777E1
1.426957642E1,-4.898391724E0,-1.283676147E1,-3.582534027E1,3.836967151E1
1.427950842E1,-4.849411011E0,-1.293516541E1,-3.562077332E1,3.820569045E1
1.428944042E1,-4.642814636E0,-1.281798553E1,-3.531872559E1,3.785853745E1
1.429937142E1,-4.838226318E0,-1.275000000E1,-3.531997681E1,3.786121624E1
1.430930342E1,-4.735134125E0,-1.291291809E1,-3.520786285E1,3.779892268E1
1.431923542E1,-4.892055511E0,-1.312127686E1,-3.553324890E1,3.819308695E1
1.432916642E1,-4.536525726E0,-1.287896729E1,-3.544618988E1,3.798526347E1
1.433909842E1,-4.492504120E0,-1.323168182E1,-3.536885834E1,3.802914852E1
1.434903067E1,-4.552467346E0,-1.322158813E1,-3.554328156E1,3.819502867E1
1.435896267E1,-4.683605194E0,-1.298878479E1,-3.534808350E1,3.794906711E1
1.436889367E1,-4.290512085E0,-1.299214935E1,-3.547663879E1,3.802362869E1
1.437882567E1,-4.498058319E0,-1.281842041E1,-3.499587250E1,3.754005224E1
1.438875767E1,-4.730690002E0,-1.279193115E1,-3.497582245E1,3.754092549E1
1.439868867E1,-4.681148529E0,-1.308520508E1,-3.541194153E1,3.804131105E1
1.440862067E1,-4.662147522E0,-1.294596863E1,-3.532276154E1,3.790819444E1
1.441855267E1,-4.694213867E0,-1.272668457E1,-3.520751953E1,3.773027399E1
1.442848467E1,-4.439369202E0,-1.303928375E1,-3.502528381E1,3.763643748E1
1.443841567E1,-4.686183929E0,-1.283053589E1,-3.513542175E1,3.769722580E1
1.444834767E1,-4.804756165E0,-1.287109375E1,-3.507675171E1,3.767133189E1
1.445827967E1,-4.821617126E0,-1.268654633E1,-3.507518768E1,3.760937703E1
1.446821067E1,-4.568897247E0,-1.291938782E1,-3.507212830E1,3.765421075E1
1.447814267E1,-4.905498505E0,-1.284809875E1,-3.513156891E1,3.772750576E1
1.448807467E1,-4.950790405E0,-1.283876801E1,-3.502075195E1,3.762708276E1
1.449800667E1,-4.985546112E0,-1.272849274E1,-3.505107880E1,3.762244439E1
1.450793767E1,-4.967658997E0,-1.292812347E1,-3.516736603E1,3.779626497E1
1.451786967E1,-5.170230865E0,-1.280646515E1,-3.530207825E1,3.790743417E1
1.452780167E1,-4.911594391E0,-1.296413422E1,-3.545889282E1,3.807263605E1
1.453773267E1,-4.825321198E0,-1.306640625E1,-3.538423157E1,3.802707641E1
1.454766467E1,-4.689174652E0,-1.288389587E1,-3.540312958E1,3.796530937E1
1.455759667E1,-4.548973083E0,-1.283267212E1,-3.522393036E1,3.776368493E1
1.456752767E1,-4.729625702E0,-1.288188934E1,-3.524927521E1,3.782623210E1
1.457745967E1,-4.624694824E0,-1.302994537E1,-3.542493439E1,3.802753285E1
1.458739167E1,-4.806095123E0,-1.305502319E1,-3.525967407E1,3.790483870E1
1.459732367E1,-4.655494690E0,-1.302335358E1,-3.563475037E1,3.822455759E1
1.460725467E1,-4.683509827E0,-1.311604309E1,-3.554102325E1,3.817237463E1
1.461718667E1,-4.925327301E0,-1.329201508E1,-3.555721283E1,3.827860888E1
1.462711867E1,-4.826427460E0,-1.347282410E1,-3.575839233E1,3.851589300E1
1.463704967E1,-5.058712006E0,-1.322433472E1,-3.638653564E1,3.904425146E1
1.464698167E1,-5.066890717E0,-1.325463104E1,-3.656727600E1,3.922402707E1
1.465691367E1,-5.006538391E0,-1.343656921E1,-3.656941223E1,3.928013149E1
1.466684567E1,-5.014030457E0,-1.344593048E1,-3.641545868E1,3.914101658E1
1.467677667E1,-5.209968567E0,-1.355374908E1,-3.645765686E1,3.924294370E1
1.468670867E1,-5.245658875E0,-1.386498260E1,-3.701173401E1,3.987007818E1
1.469664067E1,-5.184871674E0,-1.378685760E1,-3.722690582E1,4.003502035E1
1.470657167E1,-5.467761993E0,-1.394039917E1,-3.773841095E1,4.060072427E1
1.471650367E1,-5.271194458E0,-1.386875153E1,-3.801634216E1,4.080894548E1
1.472643567E1,-5.426570892E0,-1.417207336E1,-3.775020599E1,4.068628009E1
1.473636767E1,-5.531879425E0,-1.423624420E1,-3.791879272E1,4.087917784E1
1.474629867E1,-5.396060944E0,-1.445893097E1,-3.810269928E1,4.110953479E1
1.475623067E1,-5.466445923E0,-1.462143707E1,-3.821084595E1,4.127635160E1
1.476616267E1,-5.584808350E0,-1.459065247E1,-3.840367889E1,4.145985741E1
1.477609367E1,-5.434734344E0,-1.486013031E1,-3.828800201E1,4.142862426E1
1.478602567E1,-5.607917786E0,-1.480651093E1,-3.894475555E1,4.204016523E1
1.479595767E1,-5.330066681E0,-1.497312164E1,-3.888301849E1,4.200586994E1
1.480588967E1,-5.460018158E0,-1.482193756E1,-3.921149445E1,4.227343052E1
1.481582067E1,-5.258510590E0,-1.494200134E1,-3.907759857E1,4.216602955E1
1.482575267E1,-5.581890106E0,-1.508650208E1,-3.929096222E1,4.245632761E1
1.483568467E1,-5.624835968E0,-1.510173798E1,-3.938451385E1,4.255397985E1
1.484561567E1,-5.955513000E0,-1.513683319E1,-3.930809021E1,4.254077820E1
1.485554767E1,-5.779998779E0,-1.497405243E1,-3.912058258E1,4.228534750E1
1.486547967E1,-5.912746429E0,-1.479341125E1,-3.927770996E1,4.238565897E1
1.487541167E1,-5.544509888E0,-1.477996826E1,-3.892879486E1,4.200761980E1
1.488534267E1,-5.655170441E0,-1.512375641E1,-3.923459625E1,4.242714348E1
1.489527467E1,-5.736774445E0,-1.505171967E1,-3.967118073E1,4.281667229E1
1.490520667E1,-5.485080719E0,-1.505993652E1,-3.964098358E1,4.275857081E1
1.491513767E1,-5.978446960E0,-1.484463501E1,-3.991643524E1,4.300496273E1
1.492506967E1,-5.817592621E0,-1.505097198E1,-4.005902100E1,4.318681865E1
1.493500167E1,-6.241474152E0,-1.487420654E1,-4.003243256E1,4.316009356E1
1.494493267E1,-5.911384583E0,-1.496636200E1,-4.016964722E1,4.327282076E1
1.495486467E1,-6.066932678E0,-1.488907623E1,-4.056246185E1,4.363262054E1
1.496479667E1,-5.760612488E0,-1.509202576E1,-4.053250122E1,4.363298698E1
1.497472867E1,-6.201145172E0,-1.536421967E1,-4.122148895E1,4.442662039E1
1.498465967E1,-5.792762756E0,-1.504389954E1,-4.086919403E1,4.393365492E1
1.499459167E1,-6.028148651E0,-1.510868073E1,-4.085193634E1,4.397148522E1
1.500452367E1,-5.885765076E0,-1.512623596E1,-4.103278351E1,4.412634777E1
1.501445467E1,-5.935569763E0,-1.500240326E1,-4.158551788E1,4.460558698E1
1.502438667E1,-5.812126160E0,-1.495256042E1,-4.103886414E1,4.406300311E1
1.503431867E1,-6.102027893E0,-1.500630188E1,-4.125789642E1,4.432423556E1
1.504425067E1,-5.876125336E0,-1.519679260E1,-4.137427521E1,4.446686410E1
1.505418167E1,-6.129367828E0,-1.502953339E1,-4.155274200E1,4.461038435E1
1.506411367E1,-6.053630829E0,-1.501461029E1,-4.178688812E1,4.481326798E1
1.507404567E1,-6.389736176E0,-1.525131989E1,-4.169892883E1,4.485791070E1
1.508397667E1,-6.163776398E0,-1.547566223E1,-4.157647705E1,4.478941510E1
1.509390867E1,-6.561214447E0,-1.532360077E1,-4.155768585E1,4.477614911E1
1.510384067E1,-6.205867767E0,-1.519132233E1,-4.160477448E1,4.472411349E1
1.511377167E1,-6.213981628E0,-1.523027039E1,-4.189308929E1,4.500672877E1
1.512370367E1,-5.951915741E0,-1.528650665E1,-4.190228271E1,4.499893202E1
1.513363567E1,-6.122535706E0,-1.511084747E1,-4.196237183E1,4.501848292E1
1.514356767E1,-6.049785614E0,-1.516025543E1,-4.168109131E1,4.476322847E1
1.515349867E1,-6.506427765E0,-1.506048584E1,-4.221417999E1,4.529005220E1
1.516343067E1,-6.349868774E0,-1.495832062E1,-4.197406006E1,4.500993120E1
1.517336267E1,-6.595947266E0,-1.501271820E1,-4.241690826E1,4.547617326E1
1.518329367E1,-6.282299042E0,-1.527113342E1,-4.195124054E1,4.508415886E1
1.519322567E1,-6.590164185E0,-1.510803223E1,-4.228199768E1,4.538116602E1
1.520315767E1,-6.418968201E0,-1.545670319E1,-4.220247650E1,4.540002036E1
1.521308967E1,-6.739959717E0,-1.540936279E1,-4.269592285E1,4.588918551E1
1.522302067E1,-6.318778992E0,-1.535050201E1,-4.247028351E1,4.559923093E1
1.523295267E1,-6.350540161E0,-1.529055023E1,-4.235736847E1,4.547831297E1
1.524288467E1,-6.350704193E0,-1.536867523E1,-4.201758575E1,4.518855093E1
1.525281567E1,-6.474788666E0,-1.550725555E1,-4.235202026E1,4.556414691E1
1.526274767E1,-6.227848053E0,-1.551210022E1,-4.238474274E1,4.556180156E1
1.527267967E1,-6.451961517E0,-1.538484955E1,-4.220941162E1,4.538673631E1
1.528261067E1,-6.190734863E0,-1.526475525E1,-4.230797577E1,4.540157227E1
1.529254267E1,-6.200416565E0,-1.516970062E1,-4.250363159E1,4.555352545E1
1.530247467E1,-6.098072052E0,-1.522524261E1,-4.254915619E1,4.560071477E1
1.531240667E1,-6.408977509E0,-1.519281006E1,-4.247893524E1,4.556705399E1
1.532233767E1,-6.091083527E0,-1.525897980E1,-4.248623657E1,4.555236614E1
1.533226967E1,-6.059555054E0,-1.533381653E1,-4.250910950E1,4.559461072E1
1.534220167E1,-6.038574219E0,-1.512813568E1,-4.207865143E1,4.512136715E1
1.535213417E1,-6.090099335E0,-1.512635803E1,-4.243576813E1,4.546086706E1
1.536206617E1,-6.038326263E0,-1.511464691E1,-4.235719299E1,4.537670915E1
1.537199817E1,-6.339359283E0,-1.515245819E1,-4.248369598E1,4.554831380E1
1.538193017E1,-6.203559875E0,-1.509062195E1,-4.219510651E1,4.523978381E1
1.539186117E1,-6.172172546E0,-1.516657257E1,-4.243447113E1,4.548411786E1
1.540179317E1,-5.935070038E0,-1.524089813E1,-4.253783417E1,4.557386716E1
1.541172517E1,-6.144496918E0,-1.505472565E1,-4.245938873E1,4.546646345E1
1.542165617E1,-6.172706604E0,-1.531722260E1,-4.227298737E1,4.538419412E1
1.543158817E1,-6.310615540E0,-1.516363525E1,-4.256031036E1,4.561951031E1
1.544152017E1,-6.380908966E0,-1.533793640E1,-4.223696899E1,4.538644998E1
1.545145117E1,-6.022686005E0,-1.526747131E1,-4.238512421E1,4.545181164E1
1.546138317E1,-6.151954651E0,-1.521753693E1,-4.211022949E1,4.519614369E1
1.547131517E1,-6.111679077E0,-1.518102264E1,-4.236947632E1,4.542013423E1
1.548124717E1,-5.955764771E0,-1.517200470E1,-4.245729828E1,4.547837989E1
1.549117817E1,-5.830417633E0,-1.531954193E1,-4.267306519E1,4.571293720E1
1.550111017E1,-6.048027039E0,-1.539350891E1,-4.254383850E1,4.564555775E1
1.551104217E1,-5.760013580E0,-1.545538330E1,-4.228897858E1,4.539167697E1
1.552097317E1,-5.842350006E0,-1.549641418E1,-4.206786346E1,4.521036433E1
1.553090517E1,-5.945121765E0,-1.537697601E1,-4.203272247E1,4.515025606E1
1.554083717E1,-6.192516327E0,-1.551072693E1,-4.211878204E1,4.530917908E1
1.555076917E1,-6.159900665E0,-1.546849060E1,-4.253065491E1,4.567357206E1
1.556070017E1,-6.253578186E0,-1.532415009E1,-4.251288605E1,4.562107294E1
1.557063217E1,-6.172348022E0,-1.534587097E1,-4.236352539E1,4.547814771E1
1.558056417E1,-6.215148926E0,-1.545045471E1,-4.220493317E1,4.537180854E1
1.559049517E1,-6.225345612E0,-1.528025055E1,-4.245227814E1,4.554598669E1
1.560042717E1,-6.398097992E0,-1.527746582E1,-4.236635590E1,4.548895175E1
1.561035917E1,-6.162239075E0,-1.545149231E1,-4.245461273E1,4.559732390E1
1.562029017E1,-6.086334229E0,-1.542996979E1,-4.253858185E1,4.565805928E1
1.563022217E1,-6.073127747E0,-1.558932495E1,-4.272577667E1,4.588465893E1
1.564015417E1,-6.228553772E0,-1.553813171E1,-4.278428650E1,4.594261192E1
1.565008617E1,-6.142627716E0,-1.521051788E1,-4.285152435E1,4.588403719E1
1.566001717E1,-6.198799133E0,-1.532566833E1,-4.286888885E1,4.594608637E1
1.566994917E1,-6.062648773E0,-1.538796234E1,-4.245716858E1,4.556485772E1
1.567988117E1,-5.957115173E0,-1.523944855E1,-4.235874176E1,4.540915124E1
1.568981217E1,-6.117553711E0,-1.544168854E1,-4.255718231E1,4.568351973E1
1.569974417E1,-6.115905762E0,-1.536837769E1,-4.262428284E1,4.572112010E1
1.570967617E1,-5.858287811E0,-1.522316742E1,-4.253751373E1,4.555770447E1
1.571960717E1,-6.143482208E0,-1.512918091E1,-4.258590698E1,4.560914340E1
1.572953917E1,-6.072460175E0,-1.529444122E1,-4.251850891E1,4.559186665E1
1.573947117E1,-6.072406769E0,-1.530828094E1,-4.254652405E1,4.562262923E1
1.574940317E1,-6.077369690E0,-1.522113037E1,-4.249134064E1,4.554263125E1
1.575933417E1,-6.121967316E0,-1.544848633E1,-4.256740570E1,4.569593244E1
1.576926617E1,-6.068126678E0,-1.549530029E1,-4.290224457E1,4.601661745E1
1.577919817E1,-6.362434387E0,-1.559646606E1,-4.270866394E1,4.591035069E1
1.578912917E1,-5.952358246E0,-1.574359894E1,-4.260376740E1,4.580799573E1
1.579906117E1,-6.236667633E0,-1.555187225E1,-4.256987000E1,4.574877687E1
1.580899317E1,-6.073348999E0,-1.565967560E1,-4.239994812E1,4.560555458E1
1.581892517E1,-6.125190735E0,-1.551541138E1,-4.241220093E1,4.557456241E1
1.582885617E1,-6.130928040E0,-1.554519653E1,-4.270532227E1,4.585832491E1
1.583878817E1,-6.177577972E0,-1.554637909E1,-4.273027039E1,4.588821613E1
1.584872017E1,-6.108200073E0,-1.547861481E1,-4.272335815E1,4.584956877E1
1.585865117E1,-6.517635345E0,-1.539370728E1,-4.269432831E1,4.585031585E1
1.586858317E1,-5.993408203E0,-1.552920532E1,-4.259217834E1,4.572932118E1
1.587851517E1,-6.284286499E0,-1.551746368E1,-4.241792297E1,4.560223816E1
1.588844617E1,-6.087165833E0,-1.531034088E1,-4.230448151E1,4.539966169E1
1.589837817E1,-6.456317902E0,-1.540607452E1,-4.280059052E1,4.594476816E1
1.590831017E1,-5.987289429E0,-1.556188965E1,-4.248368073E1,4.563861492E1
1.591824217E1,-6.082302094E0,-1.516067505E1,-4.213953400E1,4.519491998E1
1.592817317E1,-5.972381592E0,-1.528150940E1,-4.196395874E1,4.505738235E1
1.593810517E1,-6.090808868E0,-1.535196686E1,-4.250897980E1,4.560476074E1
1.594803717E1,-5.985042572E0,-1.517319489E1,-4.244190216E1,4.546824866E1
1.595796817E1,-5.923324585E0,-1.518842316E1,-4.237479401E1,4.540261159E1
1.596790017E1,-5.756233215E0,-1.522866058E1,-4.208181763E1,4.512123335E1
1.597783217E1,-6.371803284E0,-1.519715881E1,-4.240988159E1,4.549891834E1
1.598776317E1,-6.048664093E0,-1.544786835E1,-4.220547485E1,4.534892591E1
1.599769517E1,-6.240180969E0,-1.532575989E1,-4.268198395E1,4.577740194E1
1.600762717E1,-6.150653839E0,-1.548075104E1,-4.257344818E1,4.571632843E1
1.601755917E1,-6.542545319E0,-1.533317566E1,-4.281260681E1,4.594377517E1
1.602749017E1,-6.265003204E0,-1.554094696E1,-4.261825562E1,4.579396259E1
1.603742217E1,-6.291286469E0,-1.547675323E1,-4.263426208E1,4.579072482E1
1.604735417E1,-6.078567505E0,-1.555365753E1,-4.236648560E1,4.553882242E1
1.605728517E1,-6.305686951E0,-1.549917603E1,-4.273516846E1,4.589423459E1
1.606721717E1,-6.033130646E0,-1.567722321E1,-4.254310608E1,4.573936890E1
1.607714917E1,-6.371391296E0,-1.552891541E1,-4.244682312E1,4.564509430E1
1.608708017E1,-6.066577911E0,-1.560299683E1,-4.248220825E1,4.566174433E1
1.609701217E1,-5.920661926E0,-1.544151306E1,-4.234300232E1,4.545794110E1
1.610694417E1,-5.938983917E0,-1.535167694E1,-4.242788696E1,4.550902226E1
1.611687617E1,-6.074699402E0,-1.510078430E1,-4.283765411E1,4.582575989E1
1.612680717E1,-5.993041992E0,-1.532408905E1,-4.277338409E1,4.582910259E1
1.613673917E1,-6.234657288E0,-1.530724335E1,-4.264396667E1,4.573500349E1
1.614667117E1,-5.993736267E0,-1.543247223E1,-4.266524506E1,4.576471577E1
1.615660217E1,-6.180679321E0,-1.533243561E1,-4.277310944E1,4.585655100E1
1.616653417E1,-5.798530579E0,-1.527096558E1,-4.241097260E1,4.544794762E1
1.617646617E1,-6.422264099E0,-1.510147858E1,-4.271862793E1,4.576222573E1
1.618639717E1,-5.981121063E0,-1.530979919E1,-4.241233063E1,4.548592694E1
1.619632917E1,-6.144046783E0,-1.533809662E1,-4.264556122E1,4.573456472E1
1.620626117E1,-5.772365570E0,-1.524520111E1,-4.216664124E1,4.520798596E1
1.621619317E1,-5.784812927E0,-1.532341766E1,-4.245228577E1,4.550239286E1
1.622612417E1,-5.960620880E0,-1.533721924E1,-4.223267365E1,4.532502640E1
1.623605617E1,-6.046405792E0,-1.514556122E1,-4.227607727E1,4.531240180E1
1.624598817E1,-6.029167175E0,-1.496701813E1,-4.244950867E1,4.541280959E1
1.625591917E1,-6.293830872E0,-1.517092133E1,-4.267858887E1,4.572998041E1
1.626585117E1,-6.095687866E0,-1.511521912E1,-4.242713165E1,4.544984884E1
1.627578317E1,-6.168670654E0,-1.501412964E1,-4.252562714E1,4.551818922E1
1.628571417E1,-6.007015228E0,-1.509403229E1,-4.263464355E1,4.562484930E1
1.629564617E1,-6.285835266E0,-1.526567841E1,-4.278724670E1,4.586176123E1
1.630557817E1,-6.191329956E0,-1.519553375E1,-4.251667023E1,4.557306288E1
1.631551017E1,-6.369182587E0,-1.496372223E1,-4.245043945E1,4.545898459E1
1.632544117E1,-6.224754333E0,-1.501000977E1,-4.219223785E1,4.521319381E1
1.633537317E1,-6.442466736E0,-1.494206238E1,-4.238821411E1,4.540408904E1
1.634530517E1,-6.124149323E0,-1.514170074E1,-4.228106689E1,4.532620571E1
1.635523421E1,-5.973941803E0,-1.534517670E1,-4.243679810E1,4.551971289E1
1.636516621E1,-6.155120850E0,-1.519406891E1,-4.260696411E1,4.565192913E1
1.637509821E1,-6.085105896E0,-1.519551849E1,-4.258217621E1,4.561988631E1
1.638502921E1,-5.780673981E0,-1.523092651E1,-4.248729706E1,4.550349135E1
1.639496121E1,-5.748229980E0,-1.515937805E1,-4.244865417E1,4.543937865E1
1.640489321E1,-6.116271973E0,-1.521622467E1,-4.250415802E1,4.555815761E1
1.641482521E1,-6.329364777E0,-1.506340790E1,-4.288694000E1,4.589397279E1
1.642475621E1,-5.874591827E0,-1.536607361E1,-4.227294922E1,4.536109878E1
1.643468821E1,-6.094230652E0,-1.521134186E1,-4.264224243E1,4.568244092E1
1.644462021E1,-5.899253845E0,-1.527829742E1,-4.230473328E1,4.536428139E1
1.645455121E1,-5.909629822E0,-1.523983765E1,-4.245589447E1,4.549372870E1
1.646448321E1,-5.815834045E0,-1.539105225E1,-4.228839874E1,4.537639346E1
1.647441521E1,-5.948219299E0,-1.541777039E1,-4.246566010E1,4.556776540E1
1.648434621E1,-6.170814514E0,-1.534222412E1,-4.251319122E1,4.561616184E1
1.649427821E1,-6.012886047E0,-1.532477570E1,-4.265334320E1,4.571992164E1
1.650421021E1,-5.887336731E0,-1.542063904E1,-4.277294922E1,4.584737754E1
1.651414221E1,-5.851833344E0,-1.545950317E1,-4.242683411E1,4.553324548E1
1.652407321E1,-5.628124237E0,-1.551192474E1,-4.242040253E1,4.551687755E1
1.653400521E1,-5.860561371E0,-1.521959686E1,-4.200655365E1,4.506143426E1
1.654393721E1,-6.055732727E0,-1.541493988E1,-4.235943604E1,4.548201943E1
1.655386821E1,-5.893199921E0,-1.538356018E1,-4.267070770E1,4.574027793E1
1.656380021E1,-5.895591736E0,-1.547619629E1,-4.283982849E1,4.592952818E1
1.657373221E1,-5.973907471E0,-1.559590912E1,-4.255990601E1,4.571942203E1
1.658366321E1,-6.285472870E0,-1.549479675E1,-4.252256012E1,4.569205636E1
1.659359521E1,-6.163848877E0,-1.539466858E1,-4.238726807E1,4.551559456E1
1.660352721E1,-6.152297974E0,-1.524722290E1,-4.238021851E1,4.545779908E1
1.661345921E1,-6.184478760E0,-1.527217865E1,-4.259370422E1,4.566958351E1
1.662339021E1,-6.213592529E0,-1.536566162E1,-4.232364655E1,4.545330952E1
1.663332221E1,-5.870994568E0,-1.514972687E1,-4.209143066E1,4.511841461E1
1.664325421E1,-5.990608215E0,-1.531436157E1,-4.185276031E1,4.496743937E1
1.665318521E1,-6.202156067E0,-1.520018768E1,-4.221836090E1,4.529792978E1
1.666311721E1,-5.869823456E0,-1.533538055E1,-4.241586304E1,4.548333938E1
1.667304921E1,-5.832374573E0,-1.525520325E1,-4.248376465E1,4.551492149E1
1.668298021E1,-5.580352783E0,-1.526246643E1,-4.236756134E1,4.537723518E1
1.669291221E1,-5.770706177E0,-1.562454224E1,-4.217591858E1,4.534573274E1
1.670284421E1,-6.116809845E0,-1.538579559E1,-4.248105621E1,4.559362023E1
1.671277521E1,-5.890834808E0,-1.539582825E1,-4.276975250E1,4.583650501E1
1.672270721E1,-6.240455627E0,-1.535375214E1,-4.268469238E1,4.578934325E1
1.673263921E1,-6.105876923E0,-1.538468933E1,-4.277915192E1,4.586966577E1
1.674257121E1,-5.910331726E0,-1.519070435E1,-4.286043549E1,4.585527723E1
1.675250221E1,-6.020381927E0,-1.514096832E1,-4.282653046E1,4.582145383E1
1.676243421E1,-6.143287659E0,-1.513262939E1,-4.279322815E1,4.580389537E1
1.677236621E1,-6.053813934E0,-1.508747864E1,-4.285765076E1,4.583730907E1
1.678229721E1,-5.778232574E0,-1.520153809E1,-4.281012726E1,4.579499675E1
1.679222921E1,-5.829830170E0,-1.524092102E1,-4.273859406E1,4.574778700E1
1.680216121E1,-5.849601746E0,-1.509201813E1,-4.238142395E1,4.536708000E1
1.681209221E1,-5.745719910E0,-1.509326172E1,-4.211901093E1,4.510910028E1
1.682202421E1,-6.069797516E0,-1.530556488E1,-4.210306549E1,4.520808425E1
1.683195621E1,-5.775695801E0,-1.536541748E1,-4.232849884E1,4.539996179E1
1.684188821E1,-5.698684692E0,-1.538142395E1,-4.238062286E1,4.544425601E1
1.685181921E1,-5.732666016E0,-1.505341339E1,-4.251165009E1,4.546107244E1
1.686175121E1,-5.958614349E0,-1.480654907E1,-4.231125641E1,4.522147056E1
1.687168321E1,-5.858932495E0,-1.504843903E1,-4.239933777E1,4.537054607E1
1.688161421E1,-6.007301331E0,-1.505751038E1,-4.234574890E1,4.534290174E1
1.689154621E1,-5.898529053E0,-1.494606018E1,-4.213590240E1,4.509558328E1
1.690147821E1,-5.936733246E0,-1.523495483E1,-4.241048431E1,4.545324884E1
1.691140921E1,-5.820938110E0,-1.540124512E1,-4.206455994E1,4.517199214E1
1.692134121E1,-6.085914612E0,-1.556372070E1,-4.230519867E1,4.548623521E1
1.693127321E1,-5.723892212E0,-1.552719116E1,-4.227808380E1,4.540146448E1
1.694120421E1,-6.097843170E0,-1.530418396E1,-4.258381653E1,4.565942584E1
1.695113621E1,-5.981998444E0,-1.540238953E1,-4.225234985E1,4.536825957E1
1.696106821E1,-6.009712219E0,-1.527962494E1,-4.207088470E1,4.516129891E1
1.697100021E1,-5.822692871E0,-1.533281708E1,-4.166128540E1,4.477344897E1
1.698093121E1,-6.012042999E0,-1.525553131E1,-4.207523346E1,4.515751507E1
1.699086321E1,-6.010784149E0,-1.544585419E1,-4.188416290E1,4.504427866E1
1.700079521E1,-6.201869965E0,-1.542137909E1,-4.234332275E1,4.548888992E1
1.701072621E1,-5.964309692E0,-1.534584808E1,-4.179142761E1,4.491760752E1
1.702065821E1,-6.067565918E0,-1.535823059E1,-4.176054382E1,4.490694405E1
1.703059021E1,-5.748065948E0,-1.530461884E1,-4.198939514E1,4.505974838E1
1.704052121E1,-6.094135284E0,-1.538004303E1,-4.185049438E1,4.500164540E1
1.705045321E1,-6.036582947E0,-1.540456390E1,-4.220587921E1,4.533295890E1
1.706038521E1,-5.872257233E0,-1.566731262E1,-4.205234528E1,4.525867688E1
1.707031621E1,-6.238529205E0,-1.551248932E1,-4.243527985E1,4.561041051E1
1.708024821E1,-5.995296478E0,-1.561514282E1,-4.222161865E1,4.541410956E1
1.709018021E1,-6.024673462E0,-1.554030609E1,-4.223545837E1,4.540519516E1
1.710011221E1,-5.809234619E0,-1.562847137E1,-4.199051666E1,4.517963937E1
1.711004321E1,-6.044887543E0,-1.555984497E1,-4.221102905E1,4.539185406E1
1.711997521E1,-5.656936646E0,-1.578374481E1,-4.199461365E1,4.521808386E1
1.712990721E1,-5.910877228E0,-1.535435486E1,-4.254660034E1,4.561696925E1
1.713983821E1,-5.998855591E0,-1.528939056E1,-4.224354553E1,4.532404297E1
1.714977021E1,-6.118766785E0,-1.527993774E1,-4.244941711E1,4.552876912E1
1.715970221E1,-5.659362793E0,-1.500224304E1,-4.202924347E1,4.498391924E1
1.716963321E1,-5.925178528E0,-1.515761566E1,-4.203372955E1,4.507433275E1
1.717956521E1,-5.955280304E0,-1.528438568E1,-4.220822144E1,4.528368101E1
1.718949721E1,-6.105690002E0,-1.507913971E1,-4.259652710E1,4.559741249E1
1.719942821E1,-5.886547089E0,-1.500750732E1,-4.268013000E1,4.562313240E1
1.720936021E1,-6.075263977E0,-1.512795258E1,-4.224928284E1,4.528538044E1
1.721929221E1,-6.018756866E0,-1.527482605E1,-4.216555023E1,4.524908144E1
1.722922421E1,-6.213504791E0,-1.553138733E1,-4.219937897E1,4.539404388E1
1.723915521E1,-5.815219879E0,-1.551206970E1,-4.213019562E1,4.527023825E1
1.724908721E1,-5.926712036E0,-1.574312592E1,-4.209603119E1,4.533263472E1
1.725901921E1,-6.087963104E0,-1.561442566E1,-4.212776184E1,4.533896670E1
1.726895021E1,-6.415523529E0,-1.567167664E1,-4.233850098E1,4.559944140E1
1.727888221E1,-5.950351715E0,-1.538715363E1,-4.211544800E1,4.523142870E1
1.728881421E1,-6.118194580E0,-1.540866089E1,-4.235066223E1,4.548008055E1
1.729874521E1,-5.859169006E0,-1.528265381E1,-4.216947174E1,4.523443064E1
1.730867721E1,-6.351528168E0,-1.542935181E1,-4.236673737E1,4.553402291E1
1.731860921E1,-5.972114563E0,-1.544915009E1,-4.219948578E1,4.533364083E1
1.732854021E1,-6.230251312E0,-1.528173065E1,-4.247747040E1,4.557063544E1
1.733847221E1,-6.092353821E0,-1.542553711E1,-4.266123962E1,4.577166521E1
1.734840421E1,-6.161087036E0,-1.534123993E1,-4.236850739E1,4.547969936E1
1.735833629E1,-6.149341583E0,-1.546998596E1,-4.238853455E1,4.554034177E1
1.736826729E1,-6.251926422E0,-1.511961365E1,-4.244599915E1,4.549013238E1
1.737819929E1,-6.107788086E0,-1.536777496E1,-4.242579651E1,4.553484152E1
1.738813129E1,-5.903102875E0,-1.538860321E1,-4.249174500E1,4.557635489E1
1.739806229E1,-6.004920959E0,-1.528440094E1,-4.219122314E1,4.527440003E1
1.740799429E1,-6.116291046E0,-1.546236420E1,-4.247068787E1,4.560979117E1
1.741792629E1,-5.932178497E0,-1.532971191E1,-4.243647003E1,4.550873320E1
1.742785729E1,-6.229713440E0,-1.544093323E1,-4.209033203E1,4.526397904E1
1.743778929E1,-6.157432556E0,-1.539204407E1,-4.207387543E1,4.522211837E1
1.744772129E1,-6.068580627E0,-1.555120087E1,-4.195586395E1,4.515486728E1
1.745765229E1,-5.929538727E0,-1.531264496E1,-4.158214569E1,4.470694986E1
1.746758429E1,-6.289142609E0,-1.512023163E1,-4.183891296E1,4.492960446E1
1.747751629E1,-6.163902283E0,-1.536071014E1,-4.183970642E1,4.499451234E1
1.748744829E1,-6.144424438E0,-1.546918488E1,-4.183769989E1,4.502713365E1
1.749737929E1,-6.068687439E0,-1.552747345E1,-4.185728455E1,4.505511812E1
1.750731129E1,-6.118339539E0,-1.541577911E1,-4.192355347E1,4.508508245E1
1.751724329E1,-6.224143982E0,-1.538101959E1,-4.228984833E1,4.542848229E1
1.752717429E1,-6.353328705E0,-1.517160797E1,-4.237145996E1,4.545198668E1
1.753710629E1,-6.301239014E0,-1.520632935E1,-4.231947327E1,4.540788349E1
1.754703829E1,-6.040706635E0,-1.550715637E1,-4.227418518E1,4.543202360E1
1.755696929E1,-6.111763000E0,-1.520912170E1,-4.190530396E1,4.499695023E1
1.756690129E1,-6.335197449E0,-1.508515167E1,-4.211936951E1,4.518559301E1
1.757683329E1,-6.200096130E0,-1.547393799E1,-4.213397217E1,4.531175962E1
1.758676429E1,-6.195373535E0,-1.552415466E1,-4.224142456E1,4.542818487E1
1.759669629E1,-6.062526703E0,-1.565110016E1,-4.224128723E1,4.545368536E1
1.760662829E1,-6.191841125E0,-1.549877930E1,-4.219436646E1,4.537527539E1
1.761656029E1,-6.154796600E0,-1.536712646E1,-4.210059357E1,4.523814846E1
1.762649129E1,-5.934318542E0,-1.560774231E1,-4.214995575E1,4.533692233E1
1.763642329E1,-6.255023956E0,-1.544524384E1,-4.199908447E1,4.518411201E1
1.764635529E1,-5.877479553E0,-1.551130676E1,-4.216696930E1,4.531223569E1
1.765628629E1,-6.219352722E0,-1.538992310E1,-4.213925171E1,4.529069017E1
1.766621829E1,-6.208179474E0,-1.536907959E1,-4.265846252E1,4.576564787E1
1.767615029E1,-6.330459595E0,-1.548360443E1,-4.209078979E1,4.529294990E1
1.768608129E1,-6.149124146E0,-1.523786163E1,-4.192380524E1,4.502898622E1
1.769601329E1,-6.337207794E0,-1.531904602E1,-4.192035675E1,4.507937093E1
1.770594529E1,-6.273345947E0,-1.532617950E1,-4.191744232E1,4.507015219E1
1.771587629E1,-6.334846497E0,-1.551924133E1,-4.177638245E1,4.501381190E1
1.772580829E1,-6.289592743E0,-1.528609467E1,-4.192002106E1,4.506120097E1
1.773574029E1,-6.448249817E0,-1.537046814E1,-4.173564148E1,4.494101675E1
1.774567229E1,-6.203289032E0,-1.541755676E1,-4.188822937E1,4.506446062E1
1.775560329E1,-6.263462067E0,-1.527099609E1,-4.161791992E1,4.477148130E1
1.776553529E1,-6.110404968E0,-1.529698181E1,-4.167031097E1,4.480791803E1
1.777546729E1,-6.074134827E0,-1.518294525E1,-4.171493530E1,4.480572249E1
1.778539829E1,-6.096595764E0,-1.518699646E1,-4.184981537E1,4.493573620E1
1.779533029E1,-6.241073608E0,-1.544552612E1,-4.206101990E1,4.523985712E1
1.780526229E1,-6.100246429E0,-1.545388031E1,-4.202289581E1,4.518804262E1
1.781519329E1,-6.159446716E0,-1.547531128E1,-4.189102936E1,4.508084276E1
1.782512529E1,-5.916179657E0,-1.562764740E1,-4.197434998E1,4.517820936E1
1.783505729E1,-6.161605835E0,-1.531798553E1,-4.209241486E1,4.521479244E1
1.784498829E1,-5.797634125E0,-1.528224945E1,-4.191701508E1,4.499106425E1
1.785492029E1,-6.235671997E0,-1.528529358E1,-4.212892914E1,4.524787813E1
1.786485229E1,-6.138278961E0,-1.544187927E1,-4.209915161E1,4.526001183E1
1.787478329E1,-6.501365662E0,-1.543125153E1,-4.211952972E1,4.532599765E1
1.788471529E1,-6.168498993E0,-1.533800507E1,-4.194487762E1,4.508522528E1
1.789464729E1,-6.233821869E0,-1.523368835E1,-4.207545471E1,4.518041263E1
1.790457829E1,-5.953197479E0,-1.509405518E1,-4.176875305E1,4.480959488E1
1.791451029E1,-6.121524811E0,-1.511383820E1,-4.176911163E1,4.483926692E1
1.792444229E1,-6.016902924E0,-1.522708893E1,-4.190451050E1,4.498950275E1
1.793437429E1,-6.144317627E0,-1.542129517E1,-4.192415619E1,4.509106182E1
1.794430529E1,-5.900127411E0,-1.544124603E1,-4.199706268E1,4.513310156E1
1.795423729E1,-6.084796906E0,-1.542201996E1,-4.190606689E1,4.506641649E1
1.796416929E1,-5.992652893E0,-1.536034393E1,-4.218775940E1,4.529524365E1
1.797410029E1,-6.056114197E0,-1.539465332E1,-4.205120850E1,4.518822862E1
1.798403229E1,-6.072593689E0,-1.538603210E1,-4.235097504E1,4.546659724E1
1.799396429E1,-6.104999542E0,-1.519630432E1,-4.216519928E1,4.523386690E1
1.800389529E1,-6.042610168E0,-1.530360413E1,-4.211196136E1,4.521206395E1
1.801382729E1,-6.193397522E0,-1.532472229E1,-4.227127075E1,4.538794572E1
1.802375929E1,-6.008628845E0,-1.536728668E1,-4.214727783E1,4.526201663E1
1.803369029E1,-6.196804047E0,-1.545919800E1,-4.251010895E1,4.565628704E1
1.804362229E1,-5.996704102E0,-1.547338104E1,-4.222679901E1,4.537056905E1
1.805355429E1,-6.250293732E0,-1.524900055E1,-4.178227997E1,4.491499871E1
1.806348529E1,-6.159599304E0,-1.557373047E1,-4.181719208E1,4.504619071E1
1.807341729E1,-6.359256744E0,-1.575510406E1,-4.194462585E1,4.525500070E1
1.808334929E1,-6.034984589E0,-1.555646515E1,-4.203173065E1,4.522268268E1
1.809328129E1,-6.272422791E0,-1.548345947E1,-4.211917877E1,4.531121302E1
1.810321229E1,-6.006973267E0,-1.538806915E1,-4.172022247E1,4.487152063E1
1.811314429E1,-6.150222778E0,-1.554048157E1,-4.233563232E1,4.551524549E1
1.812307629E1,-5.948177338E0,-1.550455475E1,-4.222163391E1,4.537001655E1
1.813300729E1,-6.216526031E0,-1.547389984E1,-4.217799377E1,4.535493282E1
1.814293929E1,-6.198413849E0,-1.547582245E1,-4.214789581E1,4.532512037E1
1.815287129E1,-6.206783295E0,-1.569156647E1,-4.211807251E1,4.537269497E1
1.816280229E1,-5.828689575E0,-1.572002411E1,-4.169918060E1,4.494345829E1
1.817273429E1,-6.376113892E0,-1.581365204E1,-4.216911316E1,4.548582772E1
1.818266629E1,-6.218235016E0,-1.573355865E1,-4.206930542E1,4.534355272E1
1.819259729E1,-6.463077545E0,-1.582057190E1,-4.183567810E1,4.519165663E1
1.820252929E1,-6.303001404E0,-1.578588867E1,-4.192686462E1,4.524139791E1
1.821246129E1,-6.301719666E0,-1.581276703E1,-4.228026581E1,4.557824205E1
1.822239229E1,-5.906227112E0,-1.580928802E1,-4.186448669E1,4.513814742E1
1.823232429E1,-6.260925293E0,-1.578576660E1,-4.177091980E1,4.509101189E1
1.824225629E1,-6.145923615E0,-1.560255432E1,-4.163153839E1,4.488203502E1
1.825218829E1,-6.417991638E0,-1.578541565E1,-4.196396637E1,4.529177008E1
1.826211929E1,-6.352489471E0,-1.576692963E1,-4.195795441E1,4.527052165E1
1.827205129E1,-6.561630249E0,-1.544805908E1,-4.205810547E1,4.528334966E1
1.828198329E1,-6.493122101E0,-1.566709137E1,-4.188375854E1,4.518702929E1
1.829191429E1,-6.668090820E0,-1.571132660E1,-4.187300110E1,4.521788849E1
1.830184629E1,-6.442783356E0,-1.567453003E1,-4.205274963E1,4.533910123E1
1.831177829E1,-6.678325653E0,-1.569836426E1,-4.210813141E1,4.543273495E1
1.832170929E1,-6.411891937E0,-1.580151367E1,-4.204136658E1,4.536823444E1
1.833164129E1,-6.449577332E0,-1.563269043E1,-4.227658844E1,4.553337224E1
1.834157329E1,-6.106636047E0,-1.584286499E1,-4.233098602E1,4.560920688E1
1.835150367E1,-6.429908752E0,-1.561487579E1,-4.239070892E1,4.563047529E1
1.836143567E1,-5.999355316E0,-1.576262665E1,-4.241979218E1,4.564965971E1
1.837136767E1,-6.507694244E0,-1.549287415E1,-4.274521637E1,4.592965008E1
1.838129867E1,-6.295757294E0,-1.563109589E1,-4.295264435E1,4.613997589E1
1.839123067E1,-6.193565369E0,-1.562575531E1,-4.282594299E1,4.600636776E1
1.840116267E1,-6.175689697E0,-1.567990875E1,-4.276802063E1,4.596849215E1
1.841109367E1,-6.383247375E0,-1.544691467E1,-4.327800751E1,4.639330721E1
1.842102567E1,-6.152282715E0,-1.563455200E1,-4.329786682E1,4.644346101E1
1.843095767E1,-6.129360199E0,-1.539643860E1,-4.352695465E1,4.657483397E1
1.844088867E1,-6.114681244E0,-1.571562958E1,-4.328097534E1,4.645011481E1
1.845082067E1,-6.341396332E0,-1.560108948E1,-4.338781738E1,4.654148684E1
1.846075267E1,-6.207569122E0,-1.551099396E1,-4.350847626E1,4.660592617E1
1.847068467E1,-6.237346649E0,-1.545134735E1,-4.371527100E1,4.678326139E1
1.848061567E1,-6.352207184E0,-1.530612946E1,-4.386712646E1,4.689299435E1
1.849054767E1,-6.269058228E0,-1.498755646E1,-4.385299683E1,4.676551369E1
1.850047967E1,-6.320888519E0,-1.521556854E1,-4.422669983E1,4.719606059E1
1.851041067E1,-6.488723755E0,-1.523283386E1,-4.419311523E1,4.719294648E1
1.852034267E1,-6.320899963E0,-1.527684021E1,-4.403583527E1,4.703711737E1
1.853027467E1,-6.466667175E0,-1.524504852E1,-4.416830444E1,4.717063076E1
1.854020567E1,-6.349105835E0,-1.524087524E1,-4.421336365E1,4.719551831E1
1.855013767E1,-6.221279144E0,-1.501434326E1,-4.409875488E1,4.699824465E1
1.856006967E1,-6.154365540E0,-1.505187988E1,-4.420215607E1,4.709847030E1
1.857000067E1,-6.100795746E0,-1.491393280E1,-4.403701782E1,4.689247316E1
1.857993267E1,-6.407634735E0,-1.487855530E1,-4.371247101E1,4.661769313E1
1.858986467E1,-6.381175995E0,-1.525830841E1,-4.420909119E1,4.720147377E1
1.859979567E1,-6.505390167E0,-1.500577545E1,-4.434183502E1,4.726194803E1
1.860972767E1,-6.277603149E0,-1.518726349E1,-4.436636353E1,4.731210718E1
1.861965967E1,-6.324584961E0,-1.511073303E1,-4.435570526E1,4.728385789E1
1.862959067E1,-6.189804077E0,-1.519580841E1,-4.404122925E1,4.699846956E1
1.863952267E1,-6.438133240E0,-1.505248260E1,-4.374044800E1,4.670389259E1
1.864945467E1,-6.474674225E0,-1.485834503E1,-4.358491516E1,4.650093174E1
1.865938667E1,-6.459182739E0,-1.490616608E1,-4.408242035E1,4.698057697E1
1.866931767E1,-6.472892761E0,-1.500579834E1,-4.431523895E1,4.723253887E1
1.867924967E1,-6.434135437E0,-1.507600403E1,-4.418237305E1,4.712500487E1
1.868918167E1,-6.605873108E0,-1.514128876E1,-4.413195801E1,4.712245646E1
1.869911267E1,-6.741661072E0,-1.507111359E1,-4.451062775E1,4.747403965E1
1.870904467E1,-6.671314240E0,-1.497310638E1,-4.435223389E1,4.728446890E1
1.871897667E1,-6.602519989E0,-1.505966949E1,-4.430458069E1,4.725762145E1
1.872890767E1,-6.472808838E0,-1.469902802E1,-4.394180298E1,4.678504812E1
1.873883967E1,-6.529354095E0,-1.460873413E1,-4.413545990E1,4.694663351E1
1.874877167E1,-6.497558594E0,-1.482390594E1,-4.422309113E1,4.709191272E1
1.875870267E1,-6.680217743E0,-1.456567383E1,-4.416224670E1,4.697965727E1
1.876863467E1,-6.434501648E0,-1.477732086E1,-4.435794067E1,4.719532735E1
1.877856667E1,-6.339756012E0,-1.471102905E1,-4.446465302E1,4.726216510E1
1.878849767E1,-6.102516174E0,-1.479838562E1,-4.431180573E1,4.711442504E1
1.879842967E1,-6.317283630E0,-1.463206482E1,-4.454656219E1,4.731174903E1
1.880836167E1,-6.090892792E0,-1.467706299E1,-4.437673187E1,4.713607413E1
1.881829267E1,-6.407283783E0,-1.463668823E1,-4.423384094E1,4.703103882E1
1.882822467E1,-6.032070160E0,-1.489886475E1,-4.444475555E1,4.726201792E1
1.883815667E1,-6.479999542E0,-1.491641998E1,-4.433515930E1,4.722389575E1
1.884808767E1,-6.296291351E0,-1.489663696E1,-4.456650543E1,4.741019388E1
1.885801967E1,-6.343330383E0,-1.488198090E1,-4.440901947E1,4.726385729E1
1.886795167E1,-6.098403931E0,-1.493083954E1,-4.431805420E1,4.716153547E1
1.887788267E1,-6.410961151E0,-1.475537872E1,-4.455261230E1,4.736831100E1
1.888781467E1,-6.310482025E0,-1.508509827E1,-4.439908600E1,4.731449261E1
1.889774667E1,-6.722148895E0,-1.475977325E1,-4.452456665E1,4.738644561E1
1.890767767E1,-6.291561127E0,-1.475746155E1,-4.428681946E1,4.710295947E1
1.891760967E1,-6.575881958E0,-1.492619324E1,-4.414982605E1,4.706634263E1
1.892754167E1,-6.557117462E0,-1.498464203E1,-4.395127869E1,4.689616386E1
1.893747367E1,-6.355953217E0,-1.497082520E1,-4.434943390E1,4.723765485E1
1.894740467E1,-6.118423462E0,-1.497739410E1,-4.422860718E1,4.709487374E1
1.895733667E1,-6.406082153E0,-1.519059753E1,-4.407526398E1,4.705763526E1
1.896726867E1,-6.496170044E0,-1.501998901E1,-4.445301056E1,4.736950963E1
1.897719967E1,-6.810409546E0,-1.503849792E1,-4.454637146E1,4.750702378E1
1.898713167E1,-6.571285248E0,-1.505521393E1,-4.453394318E1,4.746697116E1
1.899706367E1,-6.579517365E0,-1.493788147E1,-4.439875793E1,4.730412305E1
1.900699467E1,-6.561206818E0,-1.484056854E1,-4.433666992E1,4.721262765E1
1.901692667E1,-6.764373779E0,-1.457644653E1,-4.446102142E1,4.727591323E1
1.902685867E1,-6.659221649E0,-1.473909760E1,-4.392596436E1,4.680893692E1
1.903678967E1,-6.684482574E0,-1.465448761E1,-4.467424011E1,4.748919924E1
1.904672167E1,-6.415565491E0,-1.490543365E1,-4.439418793E1,4.726706416E1
1.905665367E1,-6.789924622E0,-1.504667664E1,-4.406932068E1,4.705964916E1
1.906658467E1,-6.307323456E0,-1.509307861E1,-4.411405182E1,4.704926056E1
1.907651667E1,-6.510154724E0,-1.485049438E1,-4.415636444E1,4.703938582E1
1.908644867E1,-6.135162354E0,-1.511878967E1,-4.415380859E1,4.707203874E1
1.909637967E1,-6.431224823E0,-1.500528717E1,-4.444934082E1,4.735254159E1
1.910631167E1,-6.120254517E0,-1.497544098E1,-4.424925995E1,4.711388706E1
1.911624367E1,-6.607261658E0,-1.496163177E1,-4.434881592E1,4.726863448E1
1.912617467E1,-6.556007385E0,-1.495151520E1,-4.392067719E1,4.685674897E1
1.913610667E1,-6.515743256E0,-1.514460754E1,-4.401174164E1,4.699837710E1
1.914603867E1,-6.241188049E0,-1.516264343E1,-4.415095520E1,4.709739939E1
1.915596967E1,-6.289649963E0,-1.513623047E1,-4.439048767E1,4.731998061E1
1.916590167E1,-6.331192017E0,-1.493788910E1,-4.452959442E1,4.739313560E1
1.917583367E1,-6.233985901E0,-1.503359985E1,-4.409736633E1,4.700478084E1
1.918576467E1,-6.479000092E0,-1.506825256E1,-4.431490326E1,4.725293989E1
1.919569667E1,-6.091594696E0,-1.498762512E1,-4.428201294E1,4.714480992E1
1.920562867E1,-6.404678345E0,-1.516392517E1,-4.430903625E1,4.726790904E1
1.921555967E1,-6.097709656E0,-1.512635803E1,-4.414556122E1,4.706186721E1
1.922549167E1,-6.387622833E0,-1.516059875E1,-4.436795044E1,4.731976866E1
1.923542367E1,-6.153362274E0,-1.495751953E1,-4.407437897E1,4.694829219E1
1.924535567E1,-6.355945587E0,-1.484269714E1,-4.402001953E1,4.688780036E1
1.925528667E1,-5.979942322E0,-1.503568268E1,-4.413595581E1,4.700865941E1
1.926521867E1,-6.136768341E0,-1.498625183E1,-4.426903534E1,4.713804365E1
1.927515067E1,-6.123664856E0,-1.512094116E1,-4.419678497E1,4.711154779E1
1.928508167E1,-6.026027679E0,-1.479257202E1,-4.402488708E1,4.683293584E1
1.929501367E1,-6.067771912E0,-1.489709473E1,-4.390435791E1,4.675824987E1
1.930494567E1,-6.383651733E0,-1.502325439E1,-4.439574432E1,4.730149359E1
1.931487667E1,-6.155727386E0,-1.497486877E1,-4.433798981E1,4.720166326E1
1.932480867E1,-6.532451630E0,-1.469705200E1,-4.469463348E1,4.750038446E1
1.933474067E1,-6.387466431E0,-1.476991272E1,-4.448320007E1,4.730438815E1
1.934467167E1,-6.466289520E0,-1.487065887E1,-4.445236969E1,4.731767710E1
1.935460433E1,-6.326347351E0,-1.512517548E1,-4.433147430E1,4.726598373E1
1.936453633E1,-6.434104919E0,-1.515396118E1,-4.457142639E1,4.751475872E1
1.937446733E1,-6.516197205E0,-1.510445404E1,-4.407856750E1,4.704811868E1
1.938439933E1,-6.538429260E0,-1.510970306E1,-4.424504089E1,4.720887446E1
1.939433133E1,-6.291000366E0,-1.522363281E1,-4.416500092E1,4.713685381E1
1.940426233E1,-6.377422333E0,-1.513301086E1,-4.452612305E1,4.745793050E1
1.941419433E1,-6.307476044E0,-1.495873260E1,-4.422712708E1,4.711248990E1
1.942412633E1,-6.559497833E0,-1.508345032E1,-4.396076965E1,4.693705097E1
1.943405733E1,-6.352340698E0,-1.520456696E1,-4.406409454E1,4.704439942E1
1.944398933E1,-6.171604156E0,-1.499672699E1,-4.427175903E1,4.714848000E1
1.945392133E1,-6.043132782E0,-1.513600159E1,-4.424184418E1,4.714826374E1
1.946385233E1,-6.123401642E0,-1.522921753E1,-4.420246124E1,4.715169874E1
1.947378433E1,-6.057773590E0,-1.526467896E1,-4.426619720E1,4.721443910E1
1.948371633E1,-6.395553589E0,-1.482625580E1,-4.450018311E1,4.733906699E1
1.949364733E1,-6.402442932E0,-1.487033081E1,-4.457845306E1,4.742738124E1
1.950357933E1,-6.397830963E0,-1.491207886E1,-4.410117340E1,4.699165705E1
1.951351133E1,-6.124446869E0,-1.486148834E1,-4.420045471E1,4.703246625E1
1.952344233E1,-6.219963074E0,-1.456663513E1,-4.426679993E1,4.701515049E1
1.953337433E1,-6.341060638E0,-1.473749542E1,-4.400514984E1,4.683861691E1
1.954330633E1,-6.291461945E0,-1.480692291E1,-4.425961304E1,4.709289549E1
1.955323733E1,-6.447753906E0,-1.486725616E1,-4.441879272E1,4.728253360E1
1.956316933E1,-6.359149933E0,-1.492745972E1,-4.433358002E1,4.720947107E1
1.957310133E1,-6.269439697E0,-1.500919342E1,-4.420050049E1,4.709847136E1
1.958303233E1,-6.301620483E0,-1.469474792E1,-4.413813019E1,4.694486738E1
1.959296433E1,-6.474746704E0,-1.498494720E1,-4.430024719E1,4.721210532E1
1.960289633E1,-6.449291229E0,-1.492516327E1,-4.410820770E1,4.700944419E1
1.961282833E1,-6.255828857E0,-1.496788025E1,-4.436652374E1,4.723940371E1
1.962275933E1,-6.562229156E0,-1.506337738E1,-4.463309479E1,4.756134292E1
1.963269133E1,-6.480072021E0,-1.493658447E1,-4.429980469E1,4.719709297E1
1.964262333E1,-6.384227753E0,-1.490485382E1,-4.454263306E1,4.740210112E1
1.965255433E1,-6.093383789E0,-1.489199829E1,-4.464691925E1,4.745785854E1
1.966248633E1,-6.070384979E0,-1.459551239E1,-4.453246307E1,4.725482857E1
1.967241833E1,-6.354804993E0,-1.456909943E1,-4.461820984E1,4.736482718E1
1.968234933E1,-6.239025116E0,-1.466110992E1,-4.444028473E1,4.721030063E1
1.969228133E1,-6.274188995E0,-1.469798279E1,-4.421605682E1,4.701548497E1
1.970221333E1,-6.310546875E0,-1.489108276E1,-4.398916626E1,4.686804984E1
1.971214433E1,-6.269348145E0,-1.473504639E1,-4.368450928E1,4.652701010E1
1.972207633E1,-6.237003326E0,-1.467926025E1,-4.421083069E1,4.699977066E1
1.973200833E1,-6.313053131E0,-1.485924530E1,-4.419911957E1,4.705543519E1
1.974193933E1,-6.153064728E0,-1.481513214E1,-4.421888733E1,4.703890244E1
1.975187133E1,-6.168476105E0,-1.490901184E1,-4.416941833E1,4.702410284E1
1.976180333E1,-6.112049103E0,-1.480152893E1,-4.404670715E1,4.686741740E1
1.977173433E1,-6.124328613E0,-1.492960358E1,-4.421286774E1,4.706567898E1
1.978166633E1,-6.018356323E0,-1.492481995E1,-4.409761810E1,4.694220687E1
1.979159833E1,-6.259120941E0,-1.489006042E1,-4.417370605E1,4.703410253E1
1.980152933E1,-6.040302277E0,-1.495211029E1,-4.432086182E1,4.716343548E1
1.981146133E1,-6.446537018E0,-1.491432953E1,-4.444876862E1,4.732534307E1
1.982139333E1,-6.178188324E0,-1.473976135E1,-4.406237793E1,4.687135292E1
1.983132433E1,-6.295646667E0,-1.480294800E1,-4.429310608E1,4.712368494E1
1.984125633E1,-6.184864044E0,-1.515979004E1,-4.417179871E1,4.710859346E1
1.985118833E1,-6.329387665E0,-1.475297546E1,-4.416431427E1,4.699146825E1
1.986111933E1,-6.208606720E0,-1.473349762E1,-4.416856384E1,4.697323473E1
1.987105133E1,-6.442337036E0,-1.465966034E1,-4.425728607E1,4.706502649E1
1.988098333E1,-6.405353546E0,-1.499415588E1,-4.400091553E1,4.692476779E1
1.989091433E1,-6.570224762E0,-1.497181702E1,-4.418897247E1,4.711675335E1
1.990084633E1,-6.186042786E0,-1.496095276E1,-4.420821381E1,4.707933093E1
1.991077833E1,-6.325008392E0,-1.487387085E1,-4.450291443E1,4.734709239E1
1.992070933E1,-6.155822754E0,-1.499133301E1,-4.433287811E1,4.720210060E1
1.993064133E1,-6.467189789E0,-1.503192139E1,-4.414022064E1,4.707592041E1
1.994057333E1,-5.996330261E0,-1.522817230E1,-4.432341003E1,4.724846966E1
1.995050433E1,-6.366573334E0,-1.501130676E1,-4.457639313E1,4.746501249E1
1.996043633E1,-6.128925323E0,-1.490096283E1,-4.449755859E1,4.732478357E1
1.997036833E1,-6.194015503E0,-1.486843109E1,-4.458109283E1,4.740158130E1
1.998029933E1,-5.955589294E0,-1.502483368E1,-4.432315826E1,4.717792947E1
1.999023133E1,-6.088222504E0,-1.486697388E1,-4.463630676E1,4.743936390E1
2.000016333E1,-5.999500275E0,-1.515814972E1,-4.428863525E1,4.719371483E1
2.001009433E1,-5.944774628E0,-1.499196625E1,-4.417093658E1,4.702309046E1
2.002002633E1,-5.696121216E0,-1.494713593E1,-4.396852112E1,4.678774966E1
2.002995833E1,-5.873790741E0,-1.507812500E1,-4.447644043E1,4.732869135E1
2.003988933E1,-6.035133362E0,-1.509381866E1,-4.405400848E1,4.695744733E1
2.004982133E1,-6.365283966E0,-1.509355927E1,-4.421786499E1,4.715455392E1
2.005975333E1,-6.104804993E0,-1.504680634E1,-4.416656494E1,4.705699187E1
2.006968433E1,-6.343074799E0,-1.522023010E1,-4.432213593E1,4.728997500E1
2.007961633E1,-6.012660980E0,-1.533624268E1,-4.428186798E1,4.724654763E1
2.008954833E1,-6.536010742E0,-1.514942932E1,-4.433982849E1,4.731009444E1
2.009947933E1,-6.164978027E0,-1.521788025E1,-4.437103271E1,4.731151422E1
2.010941133E1,-6.529724121E0,-1.521541595E1,-4.442884064E1,4.741379609E1
2.011934333E1,-6.192768097E0,-1.504779816E1,-4.457242584E1,4.744984459E1
2.012927433E1,-6.392417908E0,-1.541183472E1,-4.448807526E1,4.751396106E1
2.013920633E1,-6.125133514E0,-1.503589630E1,-4.402851105E1,4.692659399E1
2.014913833E1,-6.061374664E0,-1.513923645E1,-4.451391602E1,4.740701912E1
2.015906933E1,-6.004882812E0,-1.503955841E1,-4.420421600E1,4.707716694E1
2.016900133E1,-6.363800049E0,-1.495542145E1,-4.454425049E1,4.741679906E1
2.017893333E1,-6.211631775E0,-1.527974701E1,-4.404993439E1,4.703670649E1
2.018886433E1,-6.502307892E0,-1.531262970E1,-4.418758392E1,4.721545519E1
2.019879633E1,-6.124076843E0,-1.512116241E1,-4.399921417E1,4.692637550E1
2.020872833E1,-6.442916870E0,-1.500779724E1,-4.420233917E1,4.712315720E1
2.021865933E1,-6.149787903E0,-1.531378174E1,-4.417615509E1,4.715786765E1
2.022859133E1,-6.218070984E0,-1.512725830E1,-4.455164337E1,4.745890093E1
2.023852333E1,-6.144863129E0,-1.503245544E1,-4.415078735E1,4.704281118E1
2.024845433E1,-6.528999329E0,-1.477346039E1,-4.420692444E1,4.706522211E1
2.025838633E1,-5.994132996E0,-1.481020355E1,-4.415517426E1,4.695690762E1
2.026831833E1,-6.327011108E0,-1.501337433E1,-4.429148102E1,4.719287837E1
2.027824933E1,-6.156101227E0,-1.508093262E1,-4.418987274E1,4.709646445E1
2.028818133E1,-6.099445343E0,-1.497727966E1,-4.421876526E1,4.708313223E1
2.029811333E1,-6.005664825E0,-1.528469086E1,-4.409914398E1,4.705766977E1
2.030804433E1,-6.154228210E0,-1.500374603E1,-4.412926483E1,4.701466723E1
2.031797633E1,-5.833892822E0,-1.515618896E1,-4.377417755E1,4.668964542E1
2.032790833E1,-5.888790131E0,-1.505348206E1,-4.452366638E1,4.736709870E1
2.033783933E1,-5.844734192E0,-1.508650970E1,-4.409875488E1,4.697301220E1
2.034777133E1,-5.884136200E0,-1.519836426E1,-4.432012939E1,4.722168151E1
2.035770433E1,-5.691165924E0,-1.518854523E1,-4.424324036E1,4.712266538E1
2.036763533E1,-5.709697723E0,-1.531030273E1,-4.438730621E1,4.729946058E1
2.037756733E1,-5.848945618E0,-1.532477570E1,-4.407213593E1,4.702565342E1
2.038749933E1,-5.978828430E0,-1.536924744E1,-4.444274139E1,4.740377009E1
2.039743033E1,-5.914844513E0,-1.531303406E1,-4.414418030E1,4.709759072E1
2.040736233E1,-5.804592133E0,-1.527357483E1,-4.441314697E1,4.732338747E1
2.041729433E1,-6.117534637E0,-1.538888550E1,-4.363083649E1,4.666788960E1
2.042722533E1,-6.127559662E0,-1.509916687E1,-4.417344666E1,4.708317340E1
2.043715733E1,-6.066596985E0,-1.523475647E1,-4.424752808E1,4.718840053E1
2.044708933E1,-6.383144379E0,-1.511978149E1,-4.453476715E1,4.746259380E1
2.045702033E1,-6.390777588E0,-1.537648010E1,-4.438601685E1,4.740671545E1
2.046695233E1,-6.473358154E0,-1.580361938E1,-4.440472412E1,4.757560589E1
2.047688433E1,-6.324737549E0,-1.539170074E1,-4.411094666E1,4.714533245E1
2.048681533E1,-6.149425507E0,-1.531018829E1,-4.411739349E1,4.710161046E1
2.049674733E1,-6.070995331E0,-1.543790436E1,-4.452838898E1,4.751803132E1
2.050667933E1,-6.202842712E0,-1.543909454E1,-4.475971985E1,4.775220852E1
2.051661033E1,-6.055240631E0,-1.537767792E1,-4.469488525E1,4.765261467E1
2.052654233E1,-6.210823059E0,-1.499597931E1,-4.483710480E1,4.768458540E1
2.053647433E1,-6.417926788E0,-1.499760437E1,-4.479007721E1,4.766832216E1
2.054640533E1,-6.161571503E0,-1.522266388E1,-4.477376556E1,4.769050788E1
2.055633733E1,-6.388603210E0,-1.513713837E1,-4.460761261E1,4.753720976E1
2.056626933E1,-6.428638458E0,-1.520003510E1,-4.452835083E1,4.748834054E1
2.057620033E1,-6.171409607E0,-1.503088379E1,-4.467462921E1,4.753773511E1
2.058613233E1,-6.261230469E0,-1.506366730E1,-4.457843781E1,4.746950807E1
2.059606433E1,-5.955879211E0,-1.494194031E1,-4.465187073E1,4.746075892E1
2.060599533E1,-6.095771790E0,-1.506929016E1,-4.443640900E1,4.731634373E1
2.061592733E1,-6.115348816E0,-1.492379761E1,-4.452086639E1,4.735213586E1
2.062585933E1,-6.048404694E0,-1.476634979E1,-4.457167816E1,4.734197693E1
2.063579033E1,-6.282516479E0,-1.491175842E1,-4.463401794E1,4.747658486E1
2.064572233E1,-6.222751617E0,-1.465112305E1,-4.454164886E1,4.730049183E1
2.065565433E1,-6.369079590E0,-1.502920532E1,-4.441469574E1,4.731920736E1
2.066558533E1,-6.284317017E0,-1.509365845E1,-4.426376343E1,4.718677695E1
2.067551733E1,-6.182548523E0,-1.521436310E1,-4.408465576E1,4.704420925E1
2.068544933E1,-5.873477936E0,-1.533153534E1,-4.416762543E1,4.712040805E1
2.069538033E1,-6.124206543E0,-1.500023651E1,-4.456860352E1,4.742228823E1
2.070531233E1,-5.960674286E0,-1.485461426E1,-4.447622681E1,4.726863605E1
2.071524433E1,-6.229854584E0,-1.492177582E1,-4.442005920E1,4.727168435E1
2.072517533E1,-6.011394501E0,-1.500545502E1,-4.463307190E1,4.747011324E1
2.073510733E1,-6.111366272E0,-1.498794556E1,-4.453522491E1,4.738537293E1
2.074503933E1,-5.981449127E0,-1.516290283E1,-4.449057007E1,4.738250923E1
2.075497033E1,-6.264499664E0,-1.502481842E1,-4.445130920E1,4.733822995E1
2.076490233E1,-6.090854645E0,-1.503788757E1,-4.410645294E1,4.699591221E1
2.077483433E1,-6.631675720E0,-1.487419891E1,-4.419172668E1,4.709702351E1
2.078476533E1,-6.270011902E0,-1.505054474E1,-4.443500519E1,4.733182473E1
2.079469733E1,-6.312896729E0,-1.516355896E1,-4.453295135E1,4.746546051E1
2.080462933E1,-6.222885132E0,-1.495489502E1,-4.459703827E1,4.744753952E1
2.081456033E1,-6.460014343E0,-1.508249664E1,-4.436201477E1,4.729906812E1
2.082449233E1,-6.200199127E0,-1.509148407E1,-4.424348450E1,4.715592520E1
2.083442433E1,-6.282176971E0,-1.498749542E1,-4.425518036E1,4.714458352E1
2.084435533E1,-6.472064972E0,-1.498551941E1,-4.403319550E1,4.696142803E1
2.085428733E1,-6.626239777E0,-1.511340332E1,-4.422085571E1,4.719964082E1
2.086421933E1,-6.431472778E0,-1.505571747E1,-4.453939819E1,4.745309750E1
2.087415033E1,-6.794548035E0,-1.470685577E1,-4.470277405E1,4.754782327E1
2.088408233E1,-6.409328461E0,-1.472901154E1,-4.489346313E1,4.768067013E1
2.089401433E1,-6.472446442E0,-1.475108337E1,-4.515428162E1,4.794159125E1
2.090394533E1,-6.335601807E0,-1.500515747E1,-4.523723602E1,4.808016352E1
2.091387733E1,-6.526794434E0,-1.473301697E1,-4.507016754E1,4.786419159E1
2.092380933E1,-6.173870087E0,-1.490458679E1,-4.479595947E1,4.761240767E1
2.093374033E1,-6.530334473E0,-1.493013763E1,-4.467446899E1,4.755378490E1
2.094367233E1,-6.286472321E0,-1.503912354E1,-4.449826813E1,4.738977566E1
2.095360433E1,-6.378730774E0,-1.513565063E1,-4.475933838E1,4.767781978E1
2.096353533E1,-5.991886139E0,-1.497624969E1,-4.437339020E1,4.721428292E1
2.097346733E1,-6.043876648E0,-1.485674286E1,-4.437503815E1,4.718469311E1
2.098339933E1,-6.087535858E0,-1.472279358E1,-4.448223114E1,4.724920773E1
2.099333033E1,-6.201206207E0,-1.477118683E1,-4.461392212E1,4.740300587E1
2.100326233E1,-6.040958405E0,-1.486270905E1,-4.416032410E1,4.698433274E1
2.101319433E1,-6.475662231E0,-1.493474579E1,-4.467937469E1,4.755236436E1
2.102312533E1,-6.186935425E0,-1.506243896E1,-4.445331573E1,4.734186855E1
2.103305733E1,-6.225448608E0,-1.484470367E1,-4.494777679E1,4.774331447E1
2.104298933E1,-6.006988525E0,-1.484026337E1,-4.434456635E1,4.714613338E1
2.105292033E1,-6.058654785E0,-1.494805145E1,-4.439056396E1,4.723000857E1
2.106285233E1,-6.024696350E0,-1.515935516E1,-4.439038086E1,4.729279996E1
2.107278433E1,-6.183780670E0,-1.507393646E1,-4.419544983E1,4.710308365E1
2.108271533E1,-5.899188995E0,-1.499806976E1,-4.441521454E1,4.724884983E1
2.109264733E1,-6.188625336E0,-1.508181000E1,-4.428194427E1,4.718739943E1
2.110257933E1,-5.931434631E0,-1.510249329E1,-4.451446533E1,4.737937150E1
2.111251033E1,-6.337371826E0,-1.480346680E1,-4.457532501E1,4.739477303E1
2.112244233E1,-6.283794403E0,-1.499040985E1,-4.444276428E1,4.732185284E1
2.113237433E1,-6.258056641E0,-1.473287201E1,-4.467820740E1,4.745906664E1
2.114230533E1,-5.992229462E0,-1.498724365E1,-4.450704956E1,4.734344460E1
2.115223733E1,-6.215496063E0,-1.508557129E1,-4.478874969E1,4.766800763E1
2.116216933E1,-6.009284973E0,-1.502812958E1,-4.464096069E1,4.748443488E1
2.117210033E1,-6.255981445E0,-1.486454010E1,-4.452017212E1,4.735121521E1
2.118203233E1,-6.134998322E0,-1.512561798E1,-4.409530640E1,4.701934251E1
2.119196433E1,-6.059970856E0,-1.516172028E1,-4.430046844E1,4.721368989E1
2.120189533E1,-5.807754517E0,-1.506740570E1,-4.451581573E1,4.735414003E1
2.121182733E1,-6.158920288E0,-1.500606537E1,-4.466266632E1,4.751702916E1
2.122175833E1,-5.964561462E0,-1.500910187E1,-4.466025543E1,4.749092069E1
2.123169033E1,-6.291545868E0,-1.497206116E1,-4.468807983E1,4.754756191E1
2.124162233E1,-5.851253510E0,-1.496942139E1,-4.435736084E1,4.717940446E1
2.125155333E1,-5.804229736E0,-1.517663574E1,-4.419790649E1,4.709006576E1
2.126148533E1,-5.716037750E0,-1.533216858E1,-4.442476654E1,4.734245835E1
2.127141733E1,-6.155139923E0,-1.523341370E1,-4.433631134E1,4.728267276E1
2.128134833E1,-5.853748322E0,-1.502542877E1,-4.445589447E1,4.729013039E1
2.129128033E1,-6.065757751E0,-1.495406342E1,-4.453336334E1,4.736705480E1
2.130121233E1,-5.798366547E0,-1.506100464E1,-4.424935150E1,4.710053103E1
2.131114333E1,-5.695926666E0,-1.508785248E1,-4.403018188E1,4.689076444E1
2.132107533E1,-6.070507050E0,-1.506524658E1,-4.433799744E1,4.721938931E1
2.133100733E1,-5.916954041E0,-1.510699463E1,-4.443884277E1,4.730795260E1
2.134093833E1,-6.015563965E0,-1.526988983E1,-4.469235992E1,4.761054065E1
2.135087033E1,-5.845722198E0,-1.485669708E1,-4.433286285E1,4.712002382E1
2.136080183E1,-6.016708374E0,-1.495938110E1,-4.423439026E1,4.708147347E1
2.137073283E1,-5.727718353E0,-1.511203766E1,-4.416258240E1,4.702673839E1
2.138066483E1,-6.099018097E0,-1.484488678E1,-4.441336823E1,4.722410362E1
2.139059683E1,-5.907634735E0,-1.502368927E1,-4.423477173E1,4.708849559E1
2.140052783E1,-5.860733032E0,-1.499036407E1,-4.464671326E1,4.745933218E1
2.141045983E1,-5.877738953E0,-1.502158356E1,-4.466725922E1,4.749062890E1
2.142039183E1,-6.003879547E0,-1.501967621E1,-4.445977783E1,4.731077137E1
2.143032283E1,-5.737014771E0,-1.513884735E1,-4.456756592E1,4.741693758E1
2.144025483E1,-5.996238708E0,-1.494989014E1,-4.429834747E1,4.713594894E1
2.145018683E1,-6.172111511E0,-1.501829529E1,-4.449363708E1,4.736378252E1
2.146011783E1,-6.182510376E0,-1.494598389E1,-4.451081085E1,4.735840107E1
2.147004983E1,-6.119972229E0,-1.508691406E1,-4.463622284E1,4.751275013E1
2.147998183E1,-6.297111511E0,-1.535429382E1,-4.472319031E1,4.770295278E1
2.148991283E1,-6.250408173E0,-1.529290771E1,-4.426001740E1,4.724288061E1
2.149984483E1,-5.956180573E0,-1.530413818E1,-4.452107239E1,4.745333096E1
2.150977683E1,-5.855094910E0,-1.531578064E1,-4.460678101E1,4.752494276E1
2.151970783E1,-5.948158264E0,-1.524606323E1,-4.409351349E1,4.703255216E1
2.152963983E1,-5.835346222E0,-1.541303253E1,-4.443315125E1,4.739111485E1
2.153957183E1,-5.662246704E0,-1.521921539E1,-4.419339752E1,4.708228902E1
2.154950283E1,-5.730339050E0,-1.520535278E1,-4.427754974E1,4.716503949E1
2.155943483E1,-5.736610413E0,-1.523011780E1,-4.409988403E1,4.700707350E1
2.156936683E1,-5.939128876E0,-1.511026764E1,-4.429993439E1,4.718132710E1
2.157929783E1,-5.748626709E0,-1.506507874E1,-4.447951508E1,4.731205520E1
2.158922983E1,-5.679080963E0,-1.504449463E1,-4.428541565E1,4.711461364E1
2.159916083E1,-5.817188263E0,-1.499588013E1,-4.405287933E1,4.689746558E1
2.160909283E1,-5.738632202E0,-1.516909027E1,-4.404624176E1,4.693724121E1
2.161902483E1,-5.769939423E0,-1.498768616E1,-4.432729340E1,4.714691800E1
2.162895583E1,-5.956485748E0,-1.522211456E1,-4.435363007E1,4.726983176E1
2.163888783E1,-5.707271576E0,-1.504624939E1,-4.448789978E1,4.730893992E1
2.164881983E1,-5.949413300E0,-1.509433746E1,-4.421199036E1,4.709495337E1
2.165875083E1,-5.688327789E0,-1.520892334E1,-4.439076996E1,4.726741880E1
2.166868283E1,-5.789680481E0,-1.508255768E1,-4.437307739E1,4.722259992E1
2.167861483E1,-5.748062134E0,-1.513304138E1,-4.443506622E1,4.729190491E1
2.168854583E1,-6.013614655E0,-1.509458160E1,-4.450896454E1,4.738204174E1
2.169847783E1,-6.298408508E0,-1.516439819E1,-4.461042023E1,4.753649666E1
2.170840983E1,-6.158668518E0,-1.522953033E1,-4.515831757E1,4.805352680E1
2.171834083E1,-6.120510101E0,-1.507597351E1,-4.488264465E1,4.774094063E1
2.172827283E1,-5.926383972E0,-1.504471588E1,-4.479058838E1,4.761997806E1
2.173820483E1,-6.061508179E0,-1.517551422E1,-4.476103210E1,4.765068844E1
2.174813583E1,-6.175472260E0,-1.506330872E1,-4.523256683E1,4.807311961E1
2.175806783E1,-5.891681671E0,-1.538553619E1,-4.487610626E1,4.780472309E1
2.176799983E1,-5.857379913E0,-1.539166260E1,-4.476288605E1,4.769620681E1
2.177793083E1,-5.880420685E0,-1.533953094E1,-4.500502777E1,4.790963454E1
