"Time (s)","Magnetic Field x (µT)","Magnetic Field y (µT)","Magnetic Field z (µT)","Absolute field (µT)"
6.140166661E-3,1.194845581E1,3.134784698E1,-2.131014252E1,3.974387099E1
1.607116667E-2,1.176580048E1,3.132987976E1,-2.126686096E1,3.965192053E1
2.600116667E-2,1.181894684E1,3.130696106E1,-2.145723724E1,3.975206089E1
3.593116667E-2,1.175328064E1,3.143421555E1,-2.160213470E1,3.991117308E1
4.586116667E-2,1.188511658E1,3.140466309E1,-2.129488373E1,3.976155093E1
5.579216666E-2,1.179333496E1,3.125547028E1,-2.129319000E1,3.961549081E1
6.572216666E-2,1.221224976E1,3.133812714E1,-2.127271271E1,3.979630086E1
7.565216666E-2,1.179710388E1,3.162686539E1,-2.114196014E1,3.982979730E1
8.558216666E-2,1.217315674E1,3.166314316E1,-2.121006775E1,4.000759120E1
9.551316667E-2,1.185083008E1,3.138483810E1,-2.114495850E1,3.965551041E1
1.054431667E-1,1.198209381E1,3.124412918E1,-2.149600220E1,3.977240615E1
1.153731667E-1,1.175032043E1,3.116508865E1,-2.133798981E1,3.955556333E1
1.253041667E-1,1.220060730E1,3.113213730E1,-2.167394257E1,3.984751658E1
1.352341667E-1,1.202317810E1,3.121577454E1,-2.174595642E1,3.989822066E1
1.451641667E-1,1.212639618E1,3.120645905E1,-2.191432953E1,4.001412762E1
1.550941667E-1,1.204078674E1,3.101180649E1,-2.133330536E1,3.951990137E1
1.650251667E-1,1.214450073E1,3.107061768E1,-2.156372833E1,3.972236851E1
1.749551667E-1,1.171485901E1,3.101153564E1,-2.147138214E1,3.949650004E1
1.848851667E-1,1.196324158E1,3.099029922E1,-2.193322754E1,3.980683692E1
1.948151667E-1,1.179134369E1,3.076459122E1,-2.169142914E1,3.944634276E1
2.047461667E-1,1.185563660E1,3.066907883E1,-2.164475250E1,3.936551570E1
2.146761667E-1,1.194156647E1,3.071689987E1,-2.177525330E1,3.950051397E1
2.246061667E-1,1.233789062E1,3.094166946E1,-2.187459564E1,3.985107764E1
2.345371667E-1,1.221496582E1,3.088452530E1,-2.188237762E1,3.977307812E1
2.444671667E-1,1.228748322E1,3.101519394E1,-2.175487518E1,3.982711505E1
2.543971667E-1,1.222521210E1,3.088283539E1,-2.160970306E1,3.962555487E1
2.643271667E-1,1.258340454E1,3.080519104E1,-2.185640717E1,3.981211372E1
2.742581667E-1,1.257509613E1,3.086070251E1,-2.194190979E1,3.989941613E1
2.841881667E-1,1.254490662E1,3.064237595E1,-2.230621338E1,3.992364013E1
2.941181667E-1,1.243092346E1,3.072360992E1,-2.184138489E1,3.969274693E1
3.040481667E-1,1.266866302E1,3.061726761E1,-2.173564911E1,3.962764869E1
3.139791667E-1,1.222962952E1,3.062702942E1,-2.173105621E1,3.949452586E1
3.239091667E-1,1.248300171E1,3.052368164E1,-2.201578522E1,3.965116986E1
3.338386667E-1,1.244162750E1,3.057429504E1,-2.173776245E1,3.952356169E1
3.437686667E-1,1.239794922E1,3.040885925E1,-2.200655365E1,3.953095331E1
3.536996667E-1,1.209793091E1,3.053722763E1,-2.174009705E1,3.938926279E1
3.636296667E-1,1.231960297E1,3.052164841E1,-2.177101898E1,3.946290545E1
3.735596667E-1,1.226891327E1,3.047802353E1,-2.170876312E1,3.937901151E1
3.834906667E-1,1.228157043E1,3.057756424E1,-2.200527191E1,3.962393720E1
3.934206667E-1,1.215626526E1,3.064062881E1,-2.182619476E1,3.953486685E1
4.033506667E-1,1.239076996E1,3.030330658E1,-2.192590332E1,3.940262436E1
4.132806667E-1,1.237728119E1,3.062650681E1,-2.152177429E1,3.942545849E1
4.232116667E-1,1.254564667E1,3.075936127E1,-2.143315125E1,3.953367587E1
4.331416667E-1,1.222060394E1,3.071464920E1,-2.164404297E1,3.951199099E1
4.430716667E-1,1.192215729E1,3.062826157E1,-2.158747101E1,3.932234919E1
4.530016667E-1,1.191957855E1,3.067441177E1,-2.175205231E1,3.944803760E1
4.629326667E-1,1.225318909E1,3.067432785E1,-2.145263672E1,3.938617339E1
4.728626667E-1,1.191390991E1,3.055737305E1,-2.151827240E1,3.922665349E1
4.827926667E-1,1.216819763E1,3.066521835E1,-2.143875885E1,3.934515258E1
4.927236667E-1,1.208750916E1,3.078882980E1,-2.131400299E1,3.934903610E1
5.026536667E-1,1.199038696E1,3.115589905E1,-2.132710266E1,3.961445106E1
5.125836667E-1,1.226281738E1,3.084292221E1,-2.133651733E1,3.945769269E1
5.225136667E-1,1.220729065E1,3.101121140E1,-2.148841858E1,3.965432272E1
5.324446667E-1,1.234764862E1,3.097680283E1,-2.136900330E1,3.960632578E1
5.423746667E-1,1.223723602E1,3.093256760E1,-2.115030670E1,3.941965445E1
5.523046667E-1,1.218322754E1,3.108600998E1,-2.072185516E1,3.929588186E1
5.622346667E-1,1.224227142E1,3.123662567E1,-2.089160919E1,3.952289624E1
5.721656667E-1,1.244865417E1,3.124707413E1,-2.094673157E1,3.962466650E1
5.820956667E-1,1.232150269E1,3.099971008E1,-2.094950867E1,3.939141235E1
5.920256667E-1,1.225270844E1,3.100774002E1,-2.080795288E1,3.930114131E1
6.019556667E-1,1.210427094E1,3.104126740E1,-2.112363434E1,3.944973490E1
6.118866667E-1,1.228767395E1,3.111658859E1,-2.149257660E1,3.976380095E1
6.218166667E-1,1.201972198E1,3.094184113E1,-2.128432465E1,3.943214075E1
6.317466667E-1,1.219802856E1,3.107377243E1,-2.121501923E1,3.955310702E1
6.416776667E-1,1.230184174E1,3.096935654E1,-2.118316650E1,3.948623681E1
6.516076667E-1,1.205935669E1,3.107220459E1,-2.114409637E1,3.947129075E1
6.615376667E-1,1.224816132E1,3.109320068E1,-2.103389740E1,3.948707921E1
6.714676667E-1,1.214795685E1,3.093658447E1,-2.098390198E1,3.930609694E1
6.813986667E-1,1.228961182E1,3.113423538E1,-2.119329834E1,3.961730766E1
6.913286667E-1,1.237092590E1,3.103423691E1,-2.089194489E1,3.940351544E1
7.012586667E-1,1.212284851E1,3.097734070E1,-2.114818573E1,3.941833143E1
7.111886667E-1,1.240784454E1,3.115720749E1,-2.110824585E1,3.962681198E1
7.211196667E-1,1.210102081E1,3.126007843E1,-2.112979126E1,3.962442791E1
7.310496667E-1,1.208155060E1,3.108989716E1,-2.127195740E1,3.956060846E1
7.409796667E-1,1.205062866E1,3.109930801E1,-2.104869080E1,3.943896543E1
7.509096667E-1,1.235772705E1,3.112718964E1,-2.133081055E1,3.970665978E1
7.608406667E-1,1.227051544E1,3.110747528E1,-2.088806152E1,3.942780341E1
7.707706667E-1,1.225643921E1,3.092025375E1,-2.092588043E1,3.929599046E1
7.807006667E-1,1.208065796E1,3.085855484E1,-2.115589905E1,3.931621508E1
7.906316667E-1,1.235671997E1,3.080525589E1,-2.113472748E1,3.934881224E1
8.005616667E-1,1.202943420E1,3.077656174E1,-2.112000275E1,3.921681471E1
8.104916667E-1,1.234136963E1,3.096842957E1,-2.126081848E1,3.953954270E1
8.204216667E-1,1.212909698E1,3.082965088E1,-2.112663269E1,3.929270894E1
8.303526667E-1,1.225550842E1,3.104801941E1,-2.135514069E1,3.962598932E1
8.402826667E-1,1.206493378E1,3.091540527E1,-2.156673431E1,3.957838980E1
8.502126667E-1,1.247367859E1,3.102692795E1,-2.163148499E1,3.982692629E1
8.601426667E-1,1.204329681E1,3.086124420E1,-2.138484192E1,3.943055739E1
8.700736667E-1,1.237130737E1,3.089148331E1,-2.155252075E1,3.964648960E1
8.800036667E-1,1.189184570E1,3.098563766E1,-2.130047607E1,3.943648079E1
8.899336667E-1,1.226753235E1,3.095454788E1,-2.157809448E1,3.967733038E1
8.998636667E-1,1.153173065E1,3.087272263E1,-2.157798004E1,3.939181434E1
9.097946667E-1,1.214050293E1,3.103972244E1,-2.160095978E1,3.971722100E1
9.197246667E-1,1.195800018E1,3.114884186E1,-2.126786804E1,3.956723807E1
9.296546667E-1,1.198950958E1,3.109172821E1,-2.145762634E1,3.963424821E1
9.395856667E-1,1.190217590E1,3.127352142E1,-2.119167328E1,3.960785212E1
9.495156667E-1,1.202988434E1,3.129408646E1,-2.130783844E1,3.972482779E1
9.594456667E-1,1.196155548E1,3.093809509E1,-2.092226410E1,3.921716043E1
9.693756667E-1,1.197284698E1,3.096482468E1,-2.129412079E1,3.944120957E1
9.793066667E-1,1.210473633E1,3.129201889E1,-2.132466125E1,3.975495272E1
9.892366667E-1,1.209387207E1,3.124590683E1,-2.131327057E1,3.970924247E1
9.991666667E-1,1.201210022E1,3.122853851E1,-2.100493622E1,3.950594278E1
1.009096667E0,1.216644287E1,3.120708847E1,-2.118128204E1,3.963018309E1
1.019027667E0,1.196842957E1,3.099801254E1,-2.099871063E1,3.930732675E1
1.028957667E0,1.222666931E1,3.105179214E1,-2.147756958E1,3.968615921E1
1.038887667E0,1.193237305E1,3.097350693E1,-2.112441254E1,3.934438286E1
1.048818667E0,1.210012054E1,3.096294785E1,-2.134889984E1,3.950813310E1
1.058748667E0,1.184531403E1,3.121435165E1,-2.141287994E1,3.966306394E1
1.068678667E0,1.180207062E1,3.123686981E1,-2.131744385E1,3.961646525E1
1.078608667E0,1.190180206E1,3.122961044E1,-2.177808380E1,3.989017918E1
1.088539667E0,1.217976379E1,3.139170074E1,-2.152805328E1,3.996551764E1
1.098469667E0,1.190778351E1,3.152815247E1,-2.112768555E1,3.977686265E1
1.108399667E0,1.192996979E1,3.124728012E1,-2.123126984E1,3.961670750E1
1.118329667E0,1.181037140E1,3.099320602E1,-2.132259369E1,3.942989594E1
1.128260667E0,1.200978088E1,3.117667770E1,-2.138259125E1,3.966655112E1
1.138190667E0,1.153990936E1,3.100044632E1,-2.138121796E1,3.938722714E1
1.148120667E0,1.195093536E1,3.124014282E1,-2.134952545E1,3.968089738E1
1.158050667E0,1.192472839E1,3.130469513E1,-2.113369751E1,3.960828518E1
1.167981667E0,1.207629395E1,3.132009888E1,-2.143170166E1,3.982591248E1
1.177911667E0,1.158703613E1,3.131427383E1,-2.114645386E1,3.952234384E1
1.187841667E0,1.200136566E1,3.108266068E1,-2.119098663E1,3.948699136E1
1.197771667E0,1.171981812E1,3.120206070E1,-2.110032654E1,3.944802287E1
1.207702667E0,1.187826538E1,3.114014816E1,-2.110520172E1,3.944910082E1
1.217632667E0,1.189638519E1,3.132608795E1,-2.099968719E1,3.954534902E1
1.227562667E0,1.202847290E1,3.135530090E1,-2.086123657E1,3.953517733E1
1.237492667E0,1.177893066E1,3.152220154E1,-2.120956421E1,3.977735551E1
1.247423667E0,1.207300568E1,3.127684784E1,-2.122113037E1,3.967789121E1
1.257353667E0,1.213117218E1,3.133495331E1,-2.097600555E1,3.961107732E1
1.267283667E0,1.234893799E1,3.153059006E1,-2.101346588E1,3.985273049E1
1.277214667E0,1.185189056E1,3.136695480E1,-2.092608643E1,3.952536220E1
1.287144667E0,1.209167480E1,3.122765350E1,-2.102492523E1,3.954013687E1
1.297074667E0,1.169808960E1,3.119525528E1,-2.081305695E1,3.928323550E1
1.307004667E0,1.192872620E1,3.107603455E1,-2.080297852E1,3.925274955E1
1.316935667E0,1.192897797E1,3.127706909E1,-2.079476166E1,3.940783778E1
1.326865667E0,1.192691040E1,3.121825790E1,-2.080525970E1,3.936609772E1
1.336795917E0,1.203440094E1,3.115029144E1,-2.045133972E1,3.915896780E1
1.346725917E0,1.207620239E1,3.120684814E1,-2.093332672E1,3.947032053E1
1.356656917E0,1.200368500E1,3.114707947E1,-2.096376038E1,3.941710621E1
1.366586917E0,1.202178192E1,3.122830963E1,-2.117794800E1,3.960096014E1
1.376516917E0,1.199568939E1,3.115588379E1,-2.114265442E1,3.951705321E1
1.386446917E0,1.213154602E1,3.100806427E1,-2.120946503E1,3.947804283E1
1.396377917E0,1.204380035E1,3.107840729E1,-2.101678467E1,3.940337250E1
1.406307917E0,1.227504730E1,3.113098907E1,-2.120827484E1,3.961825575E1
1.416237917E0,1.222740173E1,3.120061111E1,-2.163034058E1,3.988557534E1
1.426167917E0,1.220571136E1,3.128020096E1,-2.139357758E1,3.981350931E1
1.436098917E0,1.229486847E1,3.136529541E1,-2.110134888E1,3.975188639E1
1.446028917E0,1.206024933E1,3.119484711E1,-2.125492859E1,3.962751682E1
1.455958917E0,1.235029602E1,3.107902908E1,-2.129405975E1,3.964685159E1
1.465889917E0,1.231258392E1,3.111418152E1,-2.148618317E1,3.976616755E1
1.475819917E0,1.239549255E1,3.122629547E1,-2.135520935E1,3.980922922E1
1.485749917E0,1.224233246E1,3.132207108E1,-2.134425354E1,3.983119380E1
1.495679917E0,1.205653381E1,3.130219650E1,-2.097648621E1,3.956261476E1
1.505610917E0,1.195534515E1,3.124460220E1,-2.068946838E1,3.933458461E1
1.515540917E0,1.203233337E1,3.113718033E1,-2.090441132E1,3.938648826E1
1.525470917E0,1.204772186E1,3.096915436E1,-2.052188110E1,3.905616120E1
1.535400917E0,1.210731506E1,3.088028717E1,-2.069341278E1,3.909471251E1
1.545331917E0,1.199511719E1,3.098776627E1,-2.042093658E1,3.900178388E1
1.555261917E0,1.211066437E1,3.088632584E1,-2.063569641E1,3.907000488E1
1.565191917E0,1.200189209E1,3.074861145E1,-2.053168488E1,3.887251733E1
1.575121917E0,1.193679810E1,3.089545822E1,-2.089764404E1,3.916283971E1
1.585052917E0,1.178103638E1,3.085336304E1,-2.055139160E1,3.889836148E1
1.594982917E0,1.205228424E1,3.107365417E1,-2.090205383E1,3.934114123E1
1.604912917E0,1.194895935E1,3.105671692E1,-2.070129395E1,3.918980564E1
1.614842917E0,1.231813049E1,3.112530899E1,-2.071256256E1,3.936408828E1
1.624773917E0,1.195204163E1,3.114946747E1,-2.083525085E1,3.933507723E1
1.634703917E0,1.182812500E1,3.147822571E1,-2.117870331E1,3.974066819E1
1.644633917E0,1.177927399E1,3.127598953E1,-2.082074738E1,3.937565667E1
1.654563917E0,1.198923492E1,3.143212509E1,-2.108608246E1,3.970318772E1
1.664494917E0,1.201264954E1,3.150547409E1,-2.122728729E1,3.984339810E1
1.674424917E0,1.183535004E1,3.142597961E1,-2.079636383E1,3.949881585E1
1.684354917E0,1.211148834E1,3.123435593E1,-2.106121826E1,3.957079800E1
1.694285917E0,1.203352356E1,3.137681961E1,-2.078923798E1,3.951585649E1
1.704215917E0,1.238606262E1,3.136649704E1,-2.102360535E1,3.973995050E1
1.714145917E0,1.192453766E1,3.146397400E1,-2.117091370E1,3.975404187E1
1.724075917E0,1.218473816E1,3.114539719E1,-2.121629333E1,3.960599339E1
1.734006917E0,1.208829498E1,3.098696899E1,-2.072237396E1,3.918846649E1
1.743936917E0,1.198668671E1,3.109998703E1,-2.102580261E1,3.940779399E1
1.753866917E0,1.174801636E1,3.100432587E1,-2.066905212E1,3.907037019E1
1.763796917E0,1.218350220E1,3.112160873E1,-2.092347717E1,3.943075136E1
1.773727917E0,1.210668945E1,3.120796204E1,-2.074334717E1,3.938013809E1
1.783657917E0,1.258138275E1,3.129934692E1,-2.091395569E1,3.969047559E1
1.793587917E0,1.225347900E1,3.127642822E1,-2.049559784E1,3.935012377E1
1.803517917E0,1.246973419E1,3.099887085E1,-2.061991119E1,3.926327804E1
1.813448917E0,1.220442963E1,3.121372604E1,-2.046389008E1,3.926850638E1
1.823378917E0,1.237799835E1,3.114982224E1,-2.090125275E1,3.950175483E1
1.833308917E0,1.219283295E1,3.110787964E1,-2.060031128E1,3.925223784E1
1.843238917E0,1.232595062E1,3.129024887E1,-2.093553925E1,3.961446121E1
1.853169917E0,1.221173859E1,3.094042206E1,-2.070805359E1,3.918239094E1
1.863099917E0,1.233049011E1,3.119005966E1,-2.091580200E1,3.952634035E1
1.873029917E0,1.234870911E1,3.128800583E1,-2.079291534E1,3.954459829E1
1.882959917E0,1.235720062E1,3.111503983E1,-2.118122101E1,3.961679232E1
1.892890917E0,1.222476959E1,3.087331772E1,-2.082840729E1,3.919731226E1
1.902820917E0,1.236701965E1,3.092491531E1,-2.094912720E1,3.934665796E1
1.912750917E0,1.211678314E1,3.084064484E1,-2.088743591E1,3.916946242E1
1.922681917E0,1.229212952E1,3.099471283E1,-2.120748901E1,3.951615191E1
1.932611917E0,1.205059052E1,3.098152542E1,-2.101763153E1,3.932953705E1
1.942541917E0,1.202584076E1,3.114947128E1,-2.107960510E1,3.948746837E1
1.952471917E0,1.180335999E1,3.128474045E1,-2.124095154E1,3.961353701E1
1.962402917E0,1.216719055E1,3.126424789E1,-2.133818817E1,3.975942651E1
1.972332917E0,1.179261780E1,3.086703491E1,-2.134764862E1,3.933906176E1
1.982262917E0,1.213724518E1,3.072693253E1,-2.158057404E1,3.946109830E1
1.992192917E0,1.195664215E1,3.102711487E1,-2.104608154E1,3.935201007E1
2.002123917E0,1.210686493E1,3.095951843E1,-2.110514069E1,3.937632440E1
2.012053917E0,1.195228577E1,3.097922897E1,-2.106173706E1,3.932132412E1
2.021983917E0,1.215089417E1,3.100992203E1,-2.153664398E1,3.966215485E1
2.031913917E0,1.198613739E1,3.083119583E1,-2.170682526E1,3.956534328E1
2.041844917E0,1.203860474E1,3.102392197E1,-2.132892609E1,3.952638140E1
2.051774917E0,1.174560547E1,3.099016571E1,-2.154804230E1,3.953059253E1
2.061704917E0,1.198912811E1,3.107810593E1,-2.158840942E1,3.969442382E1
2.071634917E0,1.203503418E1,3.094726562E1,-2.137631989E1,3.949078816E1
2.081565917E0,1.216895294E1,3.094005585E1,-2.118773651E1,3.942449302E1
2.091495917E0,1.200428009E1,3.092440414E1,-2.096553802E1,3.924251899E1
2.101425917E0,1.194659424E1,3.090714264E1,-2.156465149E1,3.953488047E1
2.111355917E0,1.196071625E1,3.086825943E1,-2.136632538E1,3.940086336E1
2.121286917E0,1.214695740E1,3.076477814E1,-2.146669006E1,3.943144596E1
2.131216917E0,1.198681641E1,3.086937332E1,-2.147172546E1,3.946690983E1
2.141146917E0,1.222070312E1,3.077561951E1,-2.165852356E1,3.956736008E1
2.151076917E0,1.205497742E1,3.089684677E1,-2.137761688E1,3.945808060E1
2.161007917E0,1.245281982E1,3.073790741E1,-2.128795624E1,3.940899332E1
2.170937917E0,1.219197083E1,3.104474640E1,-2.155422974E1,3.971152542E1
2.180867917E0,1.218829346E1,3.087702179E1,-2.138031006E1,3.948496714E1
2.190797917E0,1.201667023E1,3.084154510E1,-2.124732971E1,3.933256015E1
2.200728917E0,1.236928558E1,3.096603012E1,-2.127032471E1,3.955149758E1
2.210658917E0,1.208335876E1,3.104120636E1,-2.150716400E1,3.964999565E1
2.220588917E0,1.209452820E1,3.071984100E1,-2.148025513E1,3.938765802E1
2.230519917E0,1.198445129E1,3.084169769E1,-2.149497223E1,3.945720746E1
2.240449917E0,1.196662903E1,3.084610748E1,-2.129743958E1,3.934797949E1
2.250379917E0,1.204863739E1,3.091941833E1,-2.156301117E1,3.957453150E1
2.260309917E0,1.175862885E1,3.105363464E1,-2.175049591E1,3.969480633E1
2.270240917E0,1.177523041E1,3.098911667E1,-2.130547333E1,3.940691052E1
2.280170917E0,1.203195953E1,3.098737717E1,-2.136760712E1,3.951658168E1
2.290100917E0,1.175180817E1,3.080289459E1,-2.122173309E1,3.920822957E1
2.300030917E0,1.195763397E1,3.089701080E1,-2.123146057E1,3.934952611E1
2.309961917E0,1.203800201E1,3.101146317E1,-2.125321198E1,3.947560461E1
2.319891917E0,1.207946777E1,3.098274612E1,-2.133376312E1,3.950915777E1
2.329821917E0,1.225851440E1,3.102441406E1,-2.122360992E1,3.953766636E1
2.339752000E0,1.236835480E1,3.113191986E1,-2.118220520E1,3.963405672E1
2.349683000E0,1.216625214E1,3.108014679E1,-2.134210968E1,3.961664879E1
2.359613000E0,1.208312225E1,3.116593552E1,-2.098968506E1,3.947004255E1
2.369543000E0,1.206342316E1,3.085835266E1,-2.070978546E1,3.907248803E1
2.379473000E0,1.233850861E1,3.111502457E1,-2.076586914E1,3.939041596E1
2.389404000E0,1.215647888E1,3.081584167E1,-2.115992737E1,3.930825108E1
2.399334000E0,1.200833893E1,3.095239639E1,-2.122004700E1,3.940230248E1
2.409264000E0,1.228467560E1,3.093941879E1,-2.083567810E1,3.927195401E1
2.419194000E0,1.212078857E1,3.090290070E1,-2.089435577E1,3.922342273E1
2.429125000E0,1.214418030E1,3.074635315E1,-2.089490509E1,3.910775378E1
2.439055000E0,1.217301941E1,3.079222870E1,-2.100975037E1,3.921419845E1
2.448985000E0,1.239074707E1,3.082300186E1,-2.095746613E1,3.927853667E1
2.458915000E0,1.241933441E1,3.081576538E1,-2.089212036E1,3.924706303E1
2.468846000E0,1.234902954E1,3.096550369E1,-2.091664124E1,3.935564547E1
2.478776000E0,1.190438080E1,3.082851028E1,-2.106033325E1,3.918735721E1
2.488706000E0,1.193690491E1,3.086331177E1,-2.138019562E1,3.939729022E1
2.498636000E0,1.182114410E1,3.104077911E1,-2.113771820E1,3.937096070E1
2.508567000E0,1.202755737E1,3.087657166E1,-2.096590424E1,3.921216589E1
2.518497000E0,1.215042877E1,3.107778168E1,-2.113537598E1,3.949893101E1
2.528427000E0,1.230467987E1,3.105993271E1,-2.100215149E1,3.946156274E1
2.538357000E0,1.202266693E1,3.120246124E1,-2.090812683E1,3.943713828E1
2.548288000E0,1.243272400E1,3.113964081E1,-2.110124969E1,3.961707453E1
2.558218000E0,1.209193420E1,3.117546844E1,-2.100617218E1,3.948903614E1
2.568148000E0,1.219966125E1,3.099438477E1,-2.115695190E1,3.946010942E1
2.578078000E0,1.214228821E1,3.107508087E1,-2.129570007E1,3.958033168E1
2.588009000E0,1.232887268E1,3.101467133E1,-2.122435760E1,3.955229822E1
2.597939000E0,1.202562714E1,3.114342499E1,-2.085044098E1,3.936076113E1
2.607869000E0,1.227767944E1,3.130735016E1,-2.127328491E1,3.979251484E1
2.617799000E0,1.204914093E1,3.095165253E1,-2.100021362E1,3.929625381E1
2.627730000E0,1.216638184E1,3.081304169E1,-2.111240387E1,3.928355867E1
2.637660000E0,1.193674469E1,3.071056366E1,-2.113379669E1,3.914411778E1
2.647590000E0,1.226625824E1,3.095262527E1,-2.126415253E1,3.950557284E1
2.657520000E0,1.219998169E1,3.102866745E1,-2.051454926E1,3.914670469E1
2.667451000E0,1.214890289E1,3.100020599E1,-2.097279358E1,3.935056141E1
2.677381000E0,1.222146606E1,3.079259491E1,-2.082586670E1,3.913137945E1
2.687311000E0,1.258228302E1,3.092297363E1,-2.067121124E1,3.926631022E1
2.697241000E0,1.226455688E1,3.095861816E1,-2.106043243E1,3.940047219E1
2.707172000E0,1.249214172E1,3.129234695E1,-2.116440582E1,3.978940382E1
2.717102000E0,1.199684143E1,3.113632584E1,-2.094111633E1,3.939448368E1
2.727032000E0,1.223063660E1,3.097452164E1,-2.130202484E1,3.953208475E1
2.736962000E0,1.181541443E1,3.087117004E1,-2.123387909E1,3.928753974E1
2.746893000E0,1.215200043E1,3.105047989E1,-2.132416534E1,3.957933101E1
2.756823000E0,1.198317719E1,3.101174164E1,-2.123154449E1,3.944747313E1
2.766753000E0,1.195843506E1,3.104269791E1,-2.125077820E1,3.947466069E1
2.776683000E0,1.193177795E1,3.107008743E1,-2.117922974E1,3.944968226E1
2.786614000E0,1.216172028E1,3.089490128E1,-2.128946686E1,3.944165012E1
2.796544000E0,1.204886627E1,3.095245361E1,-2.090531921E1,3.924617095E1
2.806474000E0,1.206230927E1,3.111504364E1,-2.121785736E1,3.954545127E1
2.816404000E0,1.192229462E1,3.120454407E1,-2.107827759E1,3.949884132E1
2.826335000E0,1.205889130E1,3.114054871E1,-2.114144135E1,3.952355216E1
2.836265000E0,1.196963501E1,3.117582321E1,-2.094712830E1,3.942063291E1
2.846195000E0,1.249055481E1,3.091822433E1,-2.129554749E1,3.956577938E1
2.856125000E0,1.218492126E1,3.106824112E1,-2.086103821E1,3.935595035E1
2.866056000E0,1.216291809E1,3.103800583E1,-2.082907104E1,3.930832714E1
2.875986000E0,1.207698822E1,3.100136948E1,-2.071102142E1,3.919036823E1
2.885916000E0,1.243178558E1,3.079381943E1,-2.090332031E1,3.923974271E1
2.895846000E0,1.223680878E1,3.068904495E1,-2.080161285E1,3.904182458E1
2.905777000E0,1.236907196E1,3.086823273E1,-2.098114014E1,3.931984199E1
2.915707000E0,1.214047241E1,3.085258865E1,-2.090843201E1,3.919739565E1
2.925637000E0,1.211949921E1,3.086939240E1,-2.086987305E1,3.918358392E1
2.935567000E0,1.203336334E1,3.069027328E1,-2.093260193E1,3.904956506E1
2.945498000E0,1.226702881E1,3.070026016E1,-2.111289215E1,3.922677892E1
2.955428000E0,1.198393250E1,3.078311539E1,-2.073421478E1,3.900157040E1
2.965358000E0,1.208892059E1,3.065196228E1,-2.055240631E1,3.883408552E1
2.975289000E0,1.231418610E1,3.089735794E1,-2.064575195E1,3.914757950E1
2.985219000E0,1.221663666E1,3.056237030E1,-2.093795776E1,3.900900877E1
2.995149000E0,1.222285461E1,3.098342133E1,-2.106413269E1,3.940898702E1
3.005079000E0,1.237483978E1,3.090329742E1,-2.092208099E1,3.931773041E1
3.015010000E0,1.205679321E1,3.103422546E1,-2.070560455E1,3.920728851E1
3.024940000E0,1.226182556E1,3.113877487E1,-2.059734344E1,3.929664392E1
3.034870000E0,1.232469940E1,3.080225372E1,-2.097219849E1,3.924933323E1
3.044800000E0,1.244329834E1,3.104270172E1,-2.110903931E1,3.954840761E1
3.054731000E0,1.219968414E1,3.084908295E1,-2.099112701E1,3.925717291E1
3.064661000E0,1.203108215E1,3.060350418E1,-2.102834320E1,3.903219983E1
3.074591000E0,1.220713806E1,3.075699615E1,-2.091370392E1,3.914575384E1
3.084521000E0,1.250149536E1,3.077596664E1,-2.097724915E1,3.928730699E1
3.094452000E0,1.207900238E1,3.117723465E1,-2.110461426E1,3.953893021E1
3.104382000E0,1.218949127E1,3.094076538E1,-2.107746887E1,3.937225360E1
3.114312000E0,1.213404083E1,3.092423248E1,-2.087811279E1,3.923568141E1
3.124242000E0,1.210304260E1,3.092848969E1,-2.112904358E1,3.936358212E1
3.134173000E0,1.224897766E1,3.058069611E1,-2.089134979E1,3.900852374E1
3.144103000E0,1.231229401E1,3.070288849E1,-2.084888458E1,3.910161037E1
3.154033000E0,1.208404541E1,3.062314606E1,-2.103932190E1,3.906986427E1
3.163963000E0,1.213829041E1,3.083657455E1,-2.104359436E1,3.925640442E1
3.173894000E0,1.232416534E1,3.100159073E1,-2.088591766E1,3.935994456E1
3.183824000E0,1.208851624E1,3.114999771E1,-2.083297729E1,3.937597650E1
3.193754000E0,1.209198761E1,3.100134659E1,-2.085967255E1,3.927372650E1
3.203684000E0,1.209524536E1,3.101900101E1,-2.116035461E1,3.944913169E1
3.213615000E0,1.214685822E1,3.089736557E1,-2.110543823E1,3.933996551E1
3.223545000E0,1.207669830E1,3.063206100E1,-2.105543518E1,3.908325925E1
3.233475000E0,1.194712830E1,3.046440887E1,-2.095764160E1,3.885919227E1
3.243405000E0,1.195221710E1,3.075094223E1,-2.089613342E1,3.905284028E1
3.253336000E0,1.221389771E1,3.087993240E1,-2.095559692E1,3.926686345E1
3.263266000E0,1.228150177E1,3.089472580E1,-2.087049103E1,3.925425791E1
3.273196000E0,1.224116516E1,3.096023178E1,-2.076256561E1,3.923603200E1
3.283126000E0,1.227879333E1,3.092113876E1,-2.088984680E1,3.928449169E1
3.293057000E0,1.228816986E1,3.107877350E1,-2.086674500E1,3.939936963E1
3.302987000E0,1.218228149E1,3.094140625E1,-2.111799622E1,3.939223740E1
3.312917000E0,1.230140686E1,3.092539978E1,-2.104645538E1,3.937839822E1
3.322847000E0,1.231481171E1,3.117756653E1,-2.070870209E1,3.940235506E1
3.332778125E0,1.236203766E1,3.115875244E1,-2.103309631E1,3.957371564E1
3.342708125E0,1.203563690E1,3.088563919E1,-2.105003357E1,3.926682031E1
3.352638125E0,1.203217316E1,3.095470810E1,-2.112759399E1,3.936168660E1
3.362568125E0,1.211742401E1,3.103926086E1,-2.136996460E1,3.958463170E1
3.372498125E0,1.235768127E1,3.121132278E1,-2.111003876E1,3.965466798E1
3.382429125E0,1.205434418E1,3.126517487E1,-2.132694244E1,3.971972869E1
3.392359125E0,1.235769653E1,3.140291214E1,-2.122219086E1,3.986523472E1
3.402289125E0,1.208094025E1,3.117659378E1,-2.113442993E1,3.955493958E1
3.412220125E0,1.212496185E1,3.121629715E1,-2.116396332E1,3.961546732E1
3.422150125E0,1.197581482E1,3.094023514E1,-2.112816620E1,3.933341706E1
3.432080125E0,1.213097382E1,3.105623245E1,-2.097433472E1,3.939000910E1
3.442010125E0,1.175671387E1,3.097195435E1,-2.077915955E1,3.910569969E1
3.451941125E0,1.190784454E1,3.107295609E1,-2.110250854E1,3.940356873E1
3.461871125E0,1.200886536E1,3.118463898E1,-2.118294525E1,3.956528434E1
3.471801125E0,1.232335663E1,3.095482635E1,-2.131370544E1,3.955174374E1
3.481731125E0,1.218830109E1,3.102914429E1,-2.083603668E1,3.931288470E1
3.491662125E0,1.230576324E1,3.108759308E1,-2.083046722E1,3.939262136E1
3.501592125E0,1.195252991E1,3.136537170E1,-2.056591797E1,3.936504154E1
3.511522125E0,1.193770599E1,3.137699127E1,-2.093743896E1,3.956514572E1
3.521452125E0,1.186840820E1,3.119940948E1,-2.064685059E1,3.924990070E1
3.531382125E0,1.221762085E1,3.108603668E1,-2.069197083E1,3.929083344E1
3.541313125E0,1.201481628E1,3.100982285E1,-2.082855988E1,3.924020680E1
3.551243125E0,1.236476898E1,3.121388245E1,-2.104420471E1,3.962388827E1
3.561173125E0,1.205863190E1,3.120983887E1,-2.125859070E1,3.964079116E1
3.571103125E0,1.230218506E1,3.105911636E1,-2.132537842E1,3.963312038E1
3.581034125E0,1.204790497E1,3.108613586E1,-2.119892120E1,3.950815254E1
3.590964125E0,1.211000061E1,3.104333878E1,-2.117481995E1,3.948055213E1
3.600894125E0,1.193882751E1,3.100414276E1,-2.086807251E1,3.923351783E1
3.610824125E0,1.242515564E1,3.103936768E1,-2.097800446E1,3.947028641E1
3.620755125E0,1.225416565E1,3.103749466E1,-2.089978790E1,3.937374487E1
3.630685125E0,1.225317383E1,3.125778198E1,-2.124720764E1,3.973201525E1
3.640615125E0,1.183220673E1,3.096820831E1,-2.094954681E1,3.921625369E1
3.650545125E0,1.206824493E1,3.109873199E1,-2.143394470E1,3.965082159E1
3.660476125E0,1.176593018E1,3.114878082E1,-2.132440948E1,3.954003161E1
3.670406125E0,1.201620483E1,3.097787857E1,-2.178757477E1,3.973306625E1
3.680336125E0,1.179077148E1,3.086374283E1,-2.128933716E1,3.930431007E1
3.690266125E0,1.190429688E1,3.101132965E1,-2.130881500E1,3.946492680E1
3.700197125E0,1.178727722E1,3.089620972E1,-2.122038269E1,3.929147898E1
3.710127125E0,1.187979889E1,3.098042297E1,-2.161827850E1,3.960134082E1
3.720057125E0,1.194331360E1,3.094258118E1,-2.090682983E1,3.920690760E1
3.729987125E0,1.208310699E1,3.096979904E1,-2.143105316E1,3.955274917E1
3.739918125E0,1.188363647E1,3.097000504E1,-2.133151245E1,3.943850214E1
3.749848125E0,1.201256561E1,3.096833801E1,-2.144548798E1,3.953793933E1
3.759778125E0,1.207998657E1,3.111714935E1,-2.123754120E1,3.956306631E1
3.769708125E0,1.240548706E1,3.089891815E1,-2.153362274E1,3.965269424E1
3.779639125E0,1.199065399E1,3.099044800E1,-2.153541565E1,3.959744660E1
3.789569125E0,1.232234955E1,3.089130402E1,-2.156763458E1,3.963932169E1
3.799499125E0,1.187973022E1,3.107008743E1,-2.142140198E1,3.956456478E1
3.809429125E0,1.191504669E1,3.114949417E1,-2.169593048E1,3.978658975E1
3.819360125E0,1.195153046E1,3.101955414E1,-2.099214172E1,3.931566906E1
3.829290125E0,1.216358948E1,3.089000320E1,-2.143686676E1,3.951815359E1
3.839220125E0,1.191901398E1,3.098419952E1,-2.148165131E1,3.954168506E1
3.849150125E0,1.205933380E1,3.089514542E1,-2.164230347E1,3.960210653E1
3.859081125E0,1.213921356E1,3.100732040E1,-2.102148438E1,3.937914715E1
3.869011125E0,1.253344727E1,3.097139359E1,-2.109572601E1,3.951384791E1
3.878941125E0,1.246918488E1,3.100152588E1,-2.111994934E1,3.953008270E1
3.888871125E0,1.232670593E1,3.085758209E1,-2.128267670E1,3.945998453E1
3.898802125E0,1.224181366E1,3.083140564E1,-2.123131561E1,3.938535690E1
3.908732125E0,1.228777313E1,3.067681885E1,-2.133261871E1,3.933366503E1
3.918662125E0,1.188687897E1,3.070922470E1,-2.095793915E1,3.903318571E1
3.928592125E0,1.195930481E1,3.086025620E1,-2.113356781E1,3.926841062E1
3.938523125E0,1.193016815E1,3.093695068E1,-2.115315247E1,3.933039142E1
3.948453125E0,1.224168396E1,3.101229858E1,-2.134151459E1,3.958638320E1
3.958383125E0,1.221355438E1,3.097261429E1,-2.107959747E1,3.940587743E1
3.968313125E0,1.242852020E1,3.087752914E1,-2.131488800E1,3.952485763E1
3.978244125E0,1.217564392E1,3.105169296E1,-2.117363739E1,3.950666856E1
3.988174125E0,1.227870941E1,3.108089066E1,-2.144323730E1,3.970643392E1
3.998104125E0,1.250278473E1,3.118351364E1,-2.170420837E1,3.999754755E1
4.008034125E0,1.235144806E1,3.113595963E1,-2.169046783E1,3.990592244E1
4.017965125E0,1.227490997E1,3.073807526E1,-2.151683807E1,3.947755066E1
4.027895125E0,1.235990906E1,3.060142899E1,-2.141811371E1,3.934400085E1
4.037825125E0,1.229927063E1,3.076333618E1,-2.122106934E1,3.934448748E1
4.047755125E0,1.239766693E1,3.107632446E1,-2.128025818E1,3.965210556E1
4.057686125E0,1.246203613E1,3.082806778E1,-2.126977539E1,3.947246449E1
4.067616125E0,1.228326416E1,3.074543762E1,-2.133827972E1,3.938886511E1
4.077546125E0,1.240690613E1,3.064525604E1,-2.094584656E1,3.913810835E1
4.087476125E0,1.217532349E1,3.091303635E1,-2.119034576E1,3.940666278E1
4.097407125E0,1.245299530E1,3.096977615E1,-2.129804230E1,3.959558981E1
4.107337125E0,1.238031006E1,3.102336502E1,-2.133321381E1,3.963366329E1
4.117267125E0,1.242392731E1,3.104785156E1,-2.121367645E1,3.960231212E1
4.127197125E0,1.244302368E1,3.118460083E1,-2.142614746E1,3.982948609E1
4.137128125E0,1.239452362E1,3.111981964E1,-2.153970337E1,3.982494459E1
4.147058125E0,1.219121552E1,3.089238358E1,-2.125606537E1,3.943076735E1
4.156988125E0,1.224880219E1,3.111940765E1,-2.145325470E1,3.973276765E1
4.166918125E0,1.215487671E1,3.077698517E1,-2.130072784E1,3.935333341E1
4.176849125E0,1.229213715E1,3.092182922E1,-2.126920319E1,3.949221648E1
4.186779125E0,1.222811890E1,3.096015930E1,-2.124801636E1,3.949096802E1
4.196709125E0,1.234879303E1,3.094668198E1,-2.143557739E1,3.961910893E1
4.206639125E0,1.206406403E1,3.115574265E1,-2.132707977E1,3.963667837E1
4.216569125E0,1.222753906E1,3.092779160E1,-2.137902832E1,3.953610826E1
4.226500125E0,1.215663147E1,3.073967361E1,-2.127527618E1,3.931092214E1
4.236430125E0,1.209516144E1,3.078823090E1,-2.140914154E1,3.940253080E1
4.246360125E0,1.206201172E1,3.069570541E1,-2.143886566E1,3.933628628E1
4.256290125E0,1.213565826E1,3.072795868E1,-2.151422119E1,3.942516150E1
4.266221125E0,1.210615540E1,3.097757339E1,-2.174102783E1,3.973463657E1
4.276151125E0,1.236846924E1,3.058053970E1,-2.183248901E1,3.955762905E1
4.286081125E0,1.239421844E1,3.071190643E1,-2.203118134E1,3.977701345E1
4.296011125E0,1.216244507E1,3.070816040E1,-2.174856567E1,3.954638155E1
4.305942125E0,1.238260651E1,3.061405945E1,-2.174728394E1,3.954104119E1
4.315872125E0,1.223952484E1,3.065934372E1,-2.171473694E1,3.951368277E1
4.325802125E0,1.225107574E1,3.038092804E1,-2.212498474E1,3.952979377E1
4.335732500E0,1.180933380E1,3.043328094E1,-2.188275146E1,3.930012424E1
4.345663500E0,1.217771149E1,3.030849838E1,-2.215461731E1,3.946807317E1
4.355593500E0,1.193052673E1,3.027035522E1,-2.179736328E1,3.916320875E1
4.365523500E0,1.241490173E1,3.054977798E1,-2.196512604E1,3.962178040E1
4.375453500E0,1.206985474E1,3.065371323E1,-2.236851501E1,3.982062270E1
4.385384500E0,1.214374542E1,3.049338913E1,-2.232782745E1,3.969696729E1
4.395314500E0,1.192824554E1,3.048128128E1,-2.203377533E1,3.945730358E1
4.405244500E0,1.193467712E1,3.052507782E1,-2.206912231E1,3.951282138E1
4.415174500E0,1.173998260E1,3.042664719E1,-2.178350067E1,3.921898714E1
4.425105500E0,1.183399963E1,3.049076462E1,-2.228723907E1,3.957841962E1
4.435035500E0,1.179051971E1,3.039598846E1,-2.205588531E1,3.936234936E1
4.444965500E0,1.169861603E1,3.047328568E1,-2.266046906E1,3.973632613E1
4.454895500E0,1.146972656E1,3.050408173E1,-2.251229858E1,3.960880227E1
4.464826500E0,1.162271118E1,3.022098541E1,-2.245113373E1,3.940112664E1
4.474756500E0,1.154579926E1,3.028519440E1,-2.240341949E1,3.940065590E1
4.484686500E0,1.178063965E1,3.024541473E1,-2.237129211E1,3.942135581E1
4.494616500E0,1.127841949E1,3.010100555E1,-2.235826111E1,3.915565248E1
4.504547500E0,1.173079681E1,3.001665878E1,-2.244432068E1,3.927287778E1
4.514477500E0,1.173668671E1,3.022652817E1,-2.271139526E1,3.958788065E1
4.524407500E0,1.178443146E1,3.008238983E1,-2.246659851E1,3.935188752E1
4.534337500E0,1.156187439E1,2.998704910E1,-2.257141113E1,3.927300159E1
4.544267500E0,1.150288391E1,2.983011246E1,-2.264551544E1,3.917871000E1
4.554198500E0,1.148499298E1,2.982909012E1,-2.241314697E1,3.903881195E1
4.564128500E0,1.182645416E1,2.991433716E1,-2.296863556E1,3.952582453E1
4.574058500E0,1.151881409E1,2.990124512E1,-2.267025757E1,3.925185493E1
4.583988500E0,1.198937225E1,2.976704025E1,-2.301079559E1,3.948820642E1
4.593919500E0,1.165821838E1,3.006217194E1,-2.290842438E1,3.955305481E1
4.603849500E0,1.173163605E1,3.000652313E1,-2.330144501E1,3.976153989E1
4.613779500E0,1.165821075E1,2.965607452E1,-2.305275726E1,3.932971207E1
4.623709500E0,1.163731384E1,2.969778442E1,-2.345659637E1,3.959289566E1
4.633640500E0,1.137643433E1,2.963248062E1,-2.361243439E1,3.956076621E1
4.643570500E0,1.183433533E1,2.949430847E1,-2.404418182E1,3.985082690E1
4.653500500E0,1.171401978E1,2.951265335E1,-2.345124817E1,3.947373820E1
4.663430500E0,1.173619843E1,2.944039154E1,-2.379671478E1,3.963279755E1
4.673361500E0,1.166532898E1,2.956397247E1,-2.356427002E1,3.956492373E1
4.683291500E0,1.159158325E1,2.958284760E1,-2.398966217E1,3.981222884E1
4.693221500E0,1.148935699E1,2.932278442E1,-2.359813690E1,3.935356497E1
4.703151500E0,1.161323547E1,2.931964493E1,-2.388208008E1,3.955834382E1
4.713082500E0,1.138643646E1,2.928432465E1,-2.368692017E1,3.934835184E1
4.723012500E0,1.169218445E1,2.916474915E1,-2.379209900E1,3.941260896E1
4.732942500E0,1.169297028E1,2.932350540E1,-2.392022705E1,3.960771118E1
4.742872500E0,1.171832275E1,2.913727188E1,-2.375201416E1,3.937585399E1
4.752803500E0,1.157786560E1,2.916921616E1,-2.369773102E1,3.932521581E1
4.762733500E0,1.153599548E1,2.930901337E1,-2.419069672E1,3.971507603E1
4.772663500E0,1.143891907E1,2.939710617E1,-2.399466705E1,3.963310192E1
4.782593500E0,1.171553040E1,2.939398193E1,-2.404445648E1,3.974161187E1
4.792524500E0,1.169258118E1,2.944582748E1,-2.420325470E1,3.986942123E1
4.802454500E0,1.162106323E1,2.946226501E1,-2.409391022E1,3.979435488E1
4.812384500E0,1.154415894E1,2.938935089E1,-2.385119629E1,3.957121575E1
4.822314500E0,1.131590271E1,2.918366241E1,-2.382740784E1,3.933803719E1
4.832245500E0,1.156843567E1,2.932375717E1,-2.381080627E1,3.950526464E1
4.842175500E0,1.150186920E1,2.922920990E1,-2.357157898E1,3.927160605E1
4.852105500E0,1.138375092E1,2.912696075E1,-2.386166382E1,3.933635250E1
4.862035500E0,1.144892120E1,2.920304489E1,-2.380123901E1,3.937505056E1
4.871965500E0,1.155652618E1,2.905273819E1,-2.398278046E1,3.940543937E1
4.881896500E0,1.151113129E1,2.920336151E1,-2.371478271E1,3.934124282E1
4.891826500E0,1.119360352E1,2.936599731E1,-2.381714630E1,3.943241073E1
4.901756500E0,1.116564941E1,2.922623444E1,-2.411551666E1,3.950193223E1
4.911686500E0,1.111445618E1,2.926025772E1,-2.430711365E1,3.962990780E1
4.921617500E0,1.119683838E1,2.934517670E1,-2.427258301E1,3.969467056E1
4.931547500E0,1.124638367E1,2.944187164E1,-2.411067963E1,3.968160561E1
4.941477500E0,1.117120361E1,2.944468689E1,-2.406177521E1,3.963274407E1
4.951407500E0,1.110402679E1,2.919568634E1,-2.401173401E1,3.939861523E1
4.961338500E0,1.096208191E1,2.920295715E1,-2.373444366E1,3.919571102E1
4.971268500E0,1.100292969E1,2.921098709E1,-2.410652924E1,3.943945969E1
4.981198500E0,1.100788879E1,2.935533142E1,-2.421386719E1,3.961338742E1
4.991128500E0,1.072881317E1,2.943981552E1,-2.400424957E1,3.947168818E1
5.001059500E0,1.083333588E1,2.931173706E1,-2.431844330E1,3.959704257E1
5.010989500E0,1.098896790E1,2.937248993E1,-2.417716980E1,3.959843582E1
5.020919500E0,1.084972382E1,2.943410110E1,-2.400383759E1,3.950021561E1
5.030849500E0,1.081620789E1,2.950413895E1,-2.431185150E1,3.973097899E1
5.040780500E0,1.074160004E1,2.946644974E1,-2.407839966E1,3.954014367E1
5.050710500E0,1.050011444E1,2.942479706E1,-2.403784943E1,3.941940246E1
5.060640500E0,1.059777069E1,2.941391373E1,-2.379892731E1,3.929223849E1
5.070570500E0,1.079055023E1,2.930456924E1,-2.389090729E1,3.931881488E1
5.080501500E0,1.069821930E1,2.921271515E1,-2.399452972E1,3.928831988E1
5.090431500E0,1.084819031E1,2.907103729E1,-2.410780334E1,3.929369700E1
5.100361500E0,1.068912506E1,2.924134827E1,-2.406605530E1,3.935084320E1
5.110291500E0,1.081875610E1,2.917375183E1,-2.397486877E1,3.928037184E1
5.120221500E0,1.041584778E1,2.934469223E1,-2.400870514E1,3.931944518E1
5.130152500E0,1.094116974E1,2.937453461E1,-2.384382629E1,3.938401365E1
5.140082500E0,1.064805603E1,2.944454956E1,-2.397657776E1,3.943651705E1
5.150012500E0,1.100588226E1,2.922253418E1,-2.429728699E1,3.956569351E1
5.159942500E0,1.088504028E1,2.942140579E1,-2.428516388E1,3.967206077E1
5.169873500E0,1.118349457E1,2.941741180E1,-2.451481628E1,3.989274227E1
5.179803500E0,1.092041016E1,2.923841095E1,-2.443121338E1,3.963614790E1
5.189733500E0,1.103514862E1,2.922931671E1,-2.452075195E1,3.971642905E1
5.199663500E0,1.110332489E1,2.924170685E1,-2.458176422E1,3.978221179E1
5.209594500E0,1.132647705E1,2.887859726E1,-2.438918304E1,3.946003943E1
5.219524500E0,1.142500305E1,2.905190659E1,-2.434458160E1,3.958791008E1
5.229454500E0,1.168492126E1,2.915013504E1,-2.438056946E1,3.975776559E1
5.239384500E0,1.181698608E1,2.913402557E1,-2.430800629E1,3.974055581E1
5.249315500E0,1.197492218E1,2.918763351E1,-2.447012329E1,3.992622754E1
5.259245500E0,1.175236511E1,2.905735016E1,-2.412797546E1,3.955511198E1
5.269175500E0,1.223476410E1,2.918693542E1,-2.406370544E1,3.975711976E1
5.279105500E0,1.209389496E1,2.925351715E1,-2.418077087E1,3.983390818E1
5.289036500E0,1.241501617E1,2.923303986E1,-2.421283722E1,3.993700955E1
5.298966500E0,1.243155670E1,2.927746964E1,-2.394099426E1,3.981061462E1
5.308896500E0,1.277455139E1,2.923438644E1,-2.368139648E1,3.973219165E1
5.318826500E0,1.271171570E1,2.953153992E1,-2.345415497E1,3.979694651E1
5.328757500E0,1.298712921E1,2.935251236E1,-2.383454132E1,3.997900533E1
5.338686542E0,1.257565308E1,2.958182907E1,-2.357202148E1,3.986065552E1
5.348616542E0,1.294016266E1,2.957752609E1,-2.405071259E1,4.025810024E1
5.358546542E0,1.273164368E1,2.966286469E1,-2.392198181E1,4.017762444E1
5.368476542E0,1.314114380E1,2.971839523E1,-2.387705994E1,4.032352498E1
5.378407542E0,1.298332214E1,2.978924942E1,-2.382320404E1,4.029281680E1
5.388337542E0,1.323170471E1,2.953253937E1,-2.372100830E1,4.012399688E1
5.398267542E0,1.302793884E1,2.979673767E1,-2.401565552E1,4.042677920E1
5.408197542E0,1.325487518E1,2.993223190E1,-2.433358002E1,4.078913261E1
5.418128542E0,1.311605835E1,2.976653671E1,-2.462519836E1,4.079801575E1
5.428058542E0,1.315374756E1,2.979738235E1,-2.442317963E1,4.071113819E1
5.437988542E0,1.301773071E1,2.970104980E1,-2.417890167E1,4.045037649E1
5.447918542E0,1.323316956E1,2.991341400E1,-2.444763184E1,4.083645205E1
5.457849542E0,1.284424591E1,2.956742096E1,-2.446308136E1,4.046788090E1
5.467779542E0,1.314127350E1,2.992737579E1,-2.438896179E1,4.078188750E1
5.477709542E0,1.294518280E1,2.986399841E1,-2.425799561E1,4.059416842E1
5.487639542E0,1.329701233E1,3.003971863E1,-2.444076538E1,4.094564989E1
5.497570542E0,1.297597504E1,3.010456467E1,-2.454755402E1,4.095415913E1
5.507500542E0,1.319525909E1,3.009804535E1,-2.430242157E1,4.087315611E1
5.517430542E0,1.303770447E1,2.992330170E1,-2.403865814E1,4.053693140E1
5.527360542E0,1.308147430E1,2.997761917E1,-2.372709656E1,4.040739700E1
5.537290542E0,1.281269836E1,3.028087997E1,-2.377915192E1,4.057764159E1
5.547221542E0,1.329299927E1,3.047464752E1,-2.362222290E1,4.078501423E1
5.557151542E0,1.295794678E1,3.049942780E1,-2.382312775E1,4.081255807E1
5.567081542E0,1.299192810E1,3.051265717E1,-2.417008972E1,4.103663827E1
5.577011542E0,1.277616119E1,3.034484482E1,-2.412905121E1,4.081973805E1
5.586942542E0,1.306974030E1,3.034210205E1,-2.399206543E1,4.082989679E1
5.596872542E0,1.274022675E1,3.039471054E1,-2.363554382E1,4.055601975E1
5.606802542E0,1.271476746E1,3.047397995E1,-2.381380463E1,4.071149784E1
5.616732542E0,1.280097198E1,3.042722321E1,-2.366875458E1,4.061884709E1
5.626663542E0,1.272743988E1,3.047312546E1,-2.374969482E1,4.067735372E1
5.636593542E0,1.226446533E1,3.041855240E1,-2.386634827E1,4.056239662E1
5.646523542E0,1.217645264E1,3.074099350E1,-2.415107727E1,4.094568614E1
5.656453542E0,1.214495850E1,3.073223495E1,-2.400782013E1,4.084538786E1
5.666384542E0,1.211807251E1,3.079765320E1,-2.396230316E1,4.085994489E1
5.676314542E0,1.200729370E1,3.054058838E1,-2.417708588E1,4.076069335E1
5.686244542E0,1.184093475E1,3.079536057E1,-2.422032166E1,4.092903553E1
5.696174542E0,1.174974060E1,3.070895767E1,-2.399906158E1,4.070689674E1
5.706105542E0,1.189028168E1,3.056614685E1,-2.367959595E1,4.045233486E1
5.716035542E0,1.167115784E1,3.044177628E1,-2.413352966E1,4.056285150E1
5.725965542E0,1.163713074E1,3.077877808E1,-2.413291168E1,4.080629140E1
5.735895542E0,1.150315857E1,3.059441376E1,-2.370124817E1,4.037437275E1
5.745825542E0,1.127311707E1,3.081909943E1,-2.356080627E1,4.039816394E1
5.755756542E0,1.118850708E1,3.087424850E1,-2.353956604E1,4.040436958E1
5.765686542E0,1.083090973E1,3.110331726E1,-2.374567413E1,4.060273378E1
5.775616542E0,1.054640198E1,3.091068649E1,-2.381502533E1,4.042094217E1
5.785546542E0,1.041656494E1,3.123123169E1,-2.378910065E1,4.061792668E1
5.795477542E0,1.037197113E1,3.102333069E1,-2.349298096E1,4.027337813E1
5.805407542E0,1.032205963E1,3.100191879E1,-2.392147064E1,4.049568670E1
5.815337542E0,1.047224426E1,3.100927353E1,-2.402926636E1,4.060355386E1
5.825267542E0,1.056712341E1,3.060318375E1,-2.387971497E1,4.023008500E1
5.835198542E0,1.042836761E1,3.090497971E1,-2.423451233E1,4.063471680E1
5.845128542E0,1.064458466E1,3.084643555E1,-2.404533386E1,4.053378651E1
5.855058542E0,1.073146057E1,3.080406570E1,-2.429190063E1,4.067125700E1
5.864988542E0,1.057855988E1,3.092177582E1,-2.419526672E1,4.066292022E1
5.874919542E0,1.050632477E1,3.095174026E1,-2.400811005E1,4.055591737E1
5.884849542E0,1.038478851E1,3.113551331E1,-2.403613281E1,4.068168755E1
5.894779542E0,1.065401459E1,3.104457855E1,-2.404250336E1,4.068557302E1
5.904709542E0,1.034181213E1,3.107616806E1,-2.426237488E1,4.075958948E1
5.914640542E0,1.057314301E1,3.088034439E1,-2.406522369E1,4.055270662E1
5.924570542E0,1.071595001E1,3.066859818E1,-2.462309265E1,4.076384661E1
5.934500542E0,1.043449402E1,3.046994019E1,-2.455634308E1,4.050073957E1
5.944430542E0,1.009745026E1,3.068683624E1,-2.466384125E1,4.064413224E1
5.954360542E0,1.037339783E1,3.050619888E1,-2.469858551E1,4.059871524E1
5.964291542E0,1.027432251E1,3.087396240E1,-2.462454224E1,4.080602085E1
5.974221542E0,1.041123199E1,3.070238876E1,-2.428644562E1,4.050755322E1
5.984151542E0,1.036092377E1,3.066374207E1,-2.429726410E1,4.047185271E1
5.994081542E0,1.044668579E1,3.036825180E1,-2.457096100E1,4.043632137E1
6.004012542E0,1.030115509E1,3.026599884E1,-2.450291443E1,4.028073109E1
6.013942542E0,1.068732452E1,3.038538742E1,-2.456388855E1,4.050771895E1
6.023872542E0,1.054427338E1,3.058803940E1,-2.438982391E1,4.051756861E1
6.033802542E0,1.062042999E1,3.082843781E1,-2.453809357E1,4.080813824E1
6.043733542E0,1.013629913E1,3.064530182E1,-2.423673248E1,4.036456720E1
6.053663542E0,1.036834717E1,3.061055756E1,-2.438348389E1,4.048534480E1
6.063593542E0,1.039267731E1,3.049875641E1,-2.445996857E1,4.045333047E1
6.073523542E0,1.060420227E1,3.071003723E1,-2.440189362E1,4.063259658E1
6.083454542E0,1.035005951E1,3.066114807E1,-2.434883881E1,4.049809482E1
6.093384542E0,1.048643494E1,3.060410690E1,-2.403943634E1,4.030472896E1
6.103314542E0,1.013920593E1,3.062741089E1,-2.401923370E1,4.022145426E1
6.113244542E0,1.033535767E1,3.067309952E1,-2.425064087E1,4.044443391E1
6.123174542E0,1.016421509E1,3.073620605E1,-2.431266022E1,4.048618379E1
6.133105542E0,1.024069977E1,3.069786453E1,-2.414376831E1,4.037514541E1
6.143035542E0,1.031420135E1,3.062511063E1,-2.399576569E1,4.025017915E1
6.152965542E0,1.070465851E1,3.049147797E1,-2.430661011E1,4.043675602E1
6.162895542E0,1.055585480E1,3.079939651E1,-2.439897919E1,4.068585850E1
6.172826542E0,1.064049530E1,3.087202454E1,-2.464238739E1,4.090903684E1
6.182756542E0,1.043509674E1,3.084266663E1,-2.470796967E1,4.087352558E1
6.192686542E0,1.062500000E1,3.085227966E1,-2.457686615E1,4.085065648E1
6.202616542E0,1.045808411E1,3.077490234E1,-2.411899567E1,4.047458572E1
6.212547542E0,1.066077423E1,3.072135544E1,-2.440966797E1,4.066061580E1
6.222477542E0,1.052310944E1,3.073309708E1,-2.451038361E1,4.069420097E1
6.232407542E0,1.061576843E1,3.087313080E1,-2.447200012E1,4.080102370E1
6.242337542E0,1.045446014E1,3.042224503E1,-2.436573792E1,4.035465170E1
6.252268542E0,1.066783905E1,3.074277496E1,-2.444384003E1,4.069916851E1
6.262198542E0,1.049003601E1,3.069973373E1,-2.420080566E1,4.047460317E1
6.272128542E0,1.077247620E1,3.060903931E1,-2.436519623E1,4.057859433E1
6.282058542E0,1.049347687E1,3.052321243E1,-2.444332123E1,4.048772044E1
6.291988542E0,1.098496246E1,3.031623840E1,-2.484915924E1,4.070902144E1
6.301919542E0,1.060069275E1,3.063849640E1,-2.461402130E1,4.070555482E1
6.311849542E0,1.073368073E1,3.045176697E1,-2.451276398E1,4.053884077E1
6.321779542E0,1.073957062E1,3.051194000E1,-2.438100433E1,4.050617523E1
6.331709542E0,1.082095337E1,3.053873825E1,-2.453936005E1,4.064342207E1
6.341641750E0,1.059307861E1,3.049844360E1,-2.399974060E1,4.022879473E1
6.351571750E0,1.099320221E1,3.037141800E1,-2.427638245E1,4.040564652E1
6.361501750E0,1.062123108E1,3.019881821E1,-2.438957214E1,4.024463194E1
6.371431750E0,1.090765381E1,3.032933807E1,-2.428890228E1,4.035835024E1
6.381362750E0,1.058709717E1,3.059912872E1,-2.414271545E1,4.038890955E1
6.391292750E0,1.106388855E1,3.082128143E1,-2.428530884E1,4.076931744E1
6.401222750E0,1.086733246E1,3.057560730E1,-2.437185669E1,4.058268196E1
6.411152750E0,1.108557129E1,3.044660568E1,-2.464544678E1,4.070974988E1
6.421083750E0,1.089015198E1,3.056237793E1,-2.442044830E1,4.060803677E1
6.431013750E0,1.119998169E1,3.051667786E1,-2.437585449E1,4.063113953E1
6.440943750E0,1.116711426E1,3.061988449E1,-2.411988831E1,4.054689605E1
6.450873750E0,1.129792786E1,3.049235153E1,-2.460018921E1,4.077494310E1
6.460803750E0,1.092787933E1,3.060472870E1,-2.426613617E1,4.055753111E1
6.470734750E0,1.102569580E1,3.042729950E1,-2.421189117E1,4.041784503E1
6.480664750E0,1.080179596E1,3.032429504E1,-2.412900543E1,4.022997103E1
6.490594750E0,1.105497742E1,3.041077805E1,-2.433519745E1,4.048740276E1
6.500524750E0,1.093051147E1,3.022552109E1,-2.390770721E1,4.005791645E1
6.510455750E0,1.090827179E1,3.029231262E1,-2.427214813E1,4.032061225E1
6.520385750E0,1.104096222E1,3.032680130E1,-2.471537781E1,4.065055503E1
6.530315750E0,1.108004761E1,3.044654083E1,-2.444950104E1,4.058986825E1
6.540245750E0,1.107512665E1,3.032279587E1,-2.442450714E1,4.048069822E1
6.550176750E0,1.109732056E1,3.029080963E1,-2.463878632E1,4.059252964E1
6.560106750E0,1.106766510E1,3.034967041E1,-2.455708313E1,4.057888659E1
6.570036750E0,1.109833527E1,3.029917908E1,-2.448660278E1,4.050687614E1
6.579966750E0,1.114684296E1,3.024195099E1,-2.442029572E1,4.043734104E1
6.589897750E0,1.148081207E1,3.024748611E1,-2.449670410E1,4.058088188E1
6.599827750E0,1.141426086E1,3.023094177E1,-2.420325470E1,4.037316844E1
6.609757750E0,1.131855011E1,3.016328049E1,-2.436938477E1,4.039554406E1
6.619687750E0,1.107664490E1,3.028321075E1,-2.437821198E1,4.042353442E1
6.629617750E0,1.140444183E1,3.033123016E1,-2.420146179E1,4.044447514E1
6.639548750E0,1.126406860E1,3.044700623E1,-2.432717896E1,4.056736454E1
6.649478750E0,1.130237579E1,3.030448151E1,-2.446269226E1,4.055278795E1
6.659408750E0,1.113848114E1,3.018557358E1,-2.420487213E1,4.026301590E1
6.669338750E0,1.124449921E1,3.046144104E1,-2.412664032E1,4.045284818E1
6.679269750E0,1.091531372E1,3.051860428E1,-2.429832458E1,4.050849119E1
6.689199750E0,1.096370697E1,3.030792999E1,-2.427565765E1,4.034948631E1
6.699129750E0,1.143209839E1,3.013312149E1,-2.418314362E1,4.029295620E1
6.709059750E0,1.111844635E1,3.033397675E1,-2.465837097E1,4.064240708E1
6.718990750E0,1.097284698E1,3.005902481E1,-2.439331055E1,4.023657469E1
6.728920750E0,1.092031097E1,3.016827393E1,-2.407077789E1,4.010960349E1
6.738850750E0,1.116422272E1,3.036584854E1,-2.404523468E1,4.031002279E1
6.748780750E0,1.116780090E1,3.036505508E1,-2.424118042E1,4.042760413E1
6.758710750E0,1.130605316E1,3.031753922E1,-2.391734314E1,4.023703922E1
6.768641750E0,1.119648743E1,3.036914062E1,-2.428379059E1,4.046416338E1
6.778571750E0,1.127868652E1,3.014995193E1,-2.436064911E1,4.036916641E1
6.788501750E0,1.120284271E1,3.001340485E1,-2.430905914E1,4.021490410E1
6.798431750E0,1.125901031E1,3.019783020E1,-2.446367645E1,4.046165750E1
6.808362750E0,1.111955261E1,3.056922913E1,-2.448805237E1,4.071592966E1
6.818292750E0,1.118815613E1,3.048275757E1,-2.426953888E1,4.053867122E1
6.828222750E0,1.109283447E1,3.031901169E1,-2.405879211E1,4.026312115E1
6.838152750E0,1.115676880E1,3.038814926E1,-2.419691467E1,4.041539045E1
6.848083750E0,1.136650085E1,3.041316605E1,-2.396032715E1,4.035164541E1
6.858013750E0,1.152436829E1,3.042169571E1,-2.438399506E1,4.065550208E1
6.867943750E0,1.138031006E1,3.036347198E1,-2.411627197E1,4.041096957E1
6.877873750E0,1.139710999E1,3.033950043E1,-2.421192169E1,4.045487059E1
6.887804750E0,1.126861572E1,3.035328674E1,-2.443983459E1,4.056610939E1
6.897734750E0,1.124859619E1,3.037070465E1,-2.428463745E1,4.048029438E1
6.907664750E0,1.116035461E1,3.025458145E1,-2.408966064E1,4.025176970E1
6.917594750E0,1.133160400E1,3.000291443E1,-2.422998810E1,4.019542818E1
6.927524750E0,1.122377777E1,3.025507355E1,-2.415293121E1,4.030765125E1
6.937455750E0,1.140821838E1,3.021979141E1,-2.399529266E1,4.023875383E1
6.947385750E0,1.140306854E1,3.027715683E1,-2.405312347E1,4.031487253E1
6.957315750E0,1.121034241E1,3.054217148E1,-2.403273010E1,4.044833905E1
6.967245750E0,1.127085114E1,3.022850800E1,-2.443885040E1,4.047285745E1
6.977176750E0,1.124552155E1,3.043213654E1,-2.422315979E1,4.048874114E1
6.987106750E0,1.160660553E1,3.041242218E1,-2.451755524E1,4.075216840E1
6.997036750E0,1.112386322E1,3.050181198E1,-2.432068634E1,4.056595434E1
7.006966750E0,1.143064880E1,3.022494507E1,-2.447901154E1,4.053922844E1
7.016897750E0,1.097676086E1,3.026717377E1,-2.404077911E1,4.018146522E1
7.026827750E0,1.136961365E1,3.029726791E1,-2.452702332E1,4.060501730E1
7.036757750E0,1.093302917E1,3.019482803E1,-2.444300079E1,4.035739157E1
7.046687750E0,1.114756012E1,3.011142349E1,-2.473190308E1,4.052940847E1
7.056617750E0,1.139199829E1,2.995181274E1,-2.471830750E1,4.047077263E1
7.066548750E0,1.143964386E1,3.025758743E1,-2.472721863E1,4.071636514E1
7.076478750E0,1.103170013E1,3.032223511E1,-2.458994293E1,4.056848091E1
7.086408750E0,1.141699982E1,3.011526108E1,-2.508258057E1,4.082171827E1
7.096338750E0,1.099258423E1,2.986197281E1,-2.473660278E1,4.030476207E1
7.106269750E0,1.116291809E1,2.984575272E1,-2.470435333E1,4.031978136E1
7.116199750E0,1.088468933E1,2.995175934E1,-2.464726257E1,4.028736653E1
7.126129750E0,1.129991150E1,2.988654709E1,-2.488833618E1,4.050090091E1
7.136059750E0,1.094328308E1,3.021271515E1,-2.463838959E1,4.049214544E1
7.145990750E0,1.130290985E1,3.034461212E1,-2.485656738E1,4.082156535E1
7.155920750E0,1.111315918E1,3.035540771E1,-2.479307556E1,4.073879822E1
7.165850750E0,1.130989075E1,3.018412018E1,-2.502730560E1,4.080883195E1
7.175780750E0,1.116121674E1,2.998474121E1,-2.500097656E1,4.060426448E1
7.185710750E0,1.133255005E1,3.031452942E1,-2.488850403E1,4.082689086E1
7.195641750E0,1.099360657E1,3.013695526E1,-2.448584747E1,4.035656309E1
7.205571750E0,1.122871399E1,3.001505661E1,-2.485765839E1,4.055725363E1
7.215501750E0,1.101603699E1,3.002767181E1,-2.472520447E1,4.042709341E1
7.225431750E0,1.105918884E1,3.015465927E1,-2.482837677E1,4.059627356E1
7.235362750E0,1.111743927E1,2.972323608E1,-2.444976807E1,4.006069617E1
7.245292750E0,1.120413971E1,3.009442902E1,-2.485671234E1,4.060866352E1
7.255222750E0,1.107238770E1,2.998316193E1,-2.480311584E1,4.045716653E1
7.265152750E0,1.120165253E1,2.982371140E1,-2.505564117E1,4.053043221E1
7.275083750E0,1.098471069E1,3.002176666E1,-2.452336884E1,4.029101589E1
7.285013750E0,1.116636658E1,3.002318573E1,-2.476378632E1,4.048857291E1
7.294943750E0,1.088655853E1,2.991687393E1,-2.443959045E1,4.013514774E1
7.304873750E0,1.115518188E1,2.977945709E1,-2.466115570E1,4.024210169E1
7.314804750E0,1.093396759E1,2.983917999E1,-2.477437592E1,4.029513633E1
7.324734750E0,1.128070831E1,2.982840729E1,-2.507787323E1,4.056954507E1
7.334664750E0,1.143398285E1,2.990718842E1,-2.490722656E1,4.056532778E1
7.344593875E0,1.143547058E1,2.965884781E1,-2.434810638E1,4.004057349E1
7.354523875E0,1.120391846E1,2.993001556E1,-2.431890869E1,4.015897086E1
7.364454875E0,1.133538818E1,2.985528564E1,-2.468943787E1,4.036579552E1
7.374384875E0,1.137564850E1,2.988381577E1,-2.419348907E1,4.009704150E1
7.384314875E0,1.154738617E1,2.975386810E1,-2.461639404E1,4.030634752E1
7.394244875E0,1.149537659E1,2.999840927E1,-2.446370697E1,4.037971273E1
7.404175875E0,1.138045502E1,2.994700241E1,-2.469252014E1,4.044821703E1
7.414105875E0,1.133123016E1,2.971311188E1,-2.428529358E1,4.001301387E1
7.424035875E0,1.154012299E1,2.995588303E1,-2.439474487E1,4.031913868E1
7.433965875E0,1.122183228E1,2.985863876E1,-2.417329407E1,4.002269324E1
7.443895875E0,1.113005066E1,2.998313141E1,-2.432622528E1,4.018247669E1
7.453826875E0,1.110997772E1,3.020853424E1,-2.412213898E1,4.022268930E1
7.463756875E0,1.133520508E1,3.004701996E1,-2.395276642E1,4.006301663E1
7.473686875E0,1.120313263E1,3.021555328E1,-2.388625336E1,4.011287749E1
7.483616875E0,1.133327484E1,3.013797379E1,-2.430168152E1,4.033995919E1
7.493547875E0,1.112916565E1,3.029001617E1,-2.416977692E1,4.031775693E1
7.503477875E0,1.097367096E1,3.002407074E1,-2.423857117E1,4.011701148E1
7.513407875E0,1.083781433E1,3.000872421E1,-2.459025574E1,4.028228426E1
7.523337875E0,1.085460663E1,2.994692612E1,-2.446836090E1,4.016642322E1
7.533268875E0,1.110272217E1,2.999321747E1,-2.434794617E1,4.019559698E1
7.543198875E0,1.122151184E1,2.986386108E1,-2.450182343E1,4.022576137E1
7.553128875E0,1.112342072E1,2.973726273E1,-2.442818451E1,4.005959912E1
7.563058875E0,1.119050598E1,2.970686340E1,-2.440596008E1,4.004217832E1
7.572989875E0,1.121404266E1,2.981784058E1,-2.452481079E1,4.020354106E1
7.582919875E0,1.114445496E1,2.983591080E1,-2.488640594E1,4.041922377E1
7.592849875E0,1.141461182E1,2.990591812E1,-2.460825348E1,4.037602557E1
7.602779875E0,1.156156158E1,2.992404175E1,-2.446212006E1,4.034245033E1
7.612709875E0,1.135581207E1,3.008470917E1,-2.471281433E1,4.055573185E1
7.622640875E0,1.115582275E1,2.995512390E1,-2.456297302E1,4.031254734E1
7.632570875E0,1.117108154E1,2.986358643E1,-2.439395905E1,4.014588516E1
7.642500875E0,1.126442719E1,2.997206497E1,-2.461855316E1,4.038917130E1
7.652430875E0,1.138787079E1,2.999834061E1,-2.437537384E1,4.029569320E1
7.662361875E0,1.137722015E1,3.001611328E1,-2.421347046E1,4.020821243E1
7.672291875E0,1.142922211E1,3.018121338E1,-2.460640717E1,4.058334674E1
7.682221875E0,1.144535065E1,3.027780533E1,-2.442930603E1,4.055283640E1
7.692151875E0,1.155696106E1,3.016776276E1,-2.470141602E1,4.066715151E1
7.702081875E0,1.132160187E1,3.014233780E1,-2.487381744E1,4.068717232E1
7.712012875E0,1.129008484E1,3.013911057E1,-2.425611115E1,4.030125220E1
7.721942875E0,1.130174255E1,3.012560654E1,-2.408191681E1,4.018980307E1
7.731872875E0,1.135203552E1,3.005225754E1,-2.482344818E1,4.059815850E1
7.741802875E0,1.130077362E1,2.996271133E1,-2.455347443E1,4.035275283E1
7.751733875E0,1.139704895E1,3.017505264E1,-2.449835205E1,4.050426866E1
7.761663875E0,1.116323090E1,2.999442673E1,-2.441145325E1,4.025173795E1
7.771593875E0,1.143375397E1,2.990824127E1,-2.453469086E1,4.033837728E1
7.781523875E0,1.123307037E1,2.994354248E1,-2.424584198E1,4.013300960E1
7.791454875E0,1.143420410E1,2.996700668E1,-2.447863770E1,4.034806335E1
7.801384875E0,1.122347260E1,3.005762863E1,-2.406109619E1,4.010441031E1
7.811314875E0,1.158726501E1,3.011407089E1,-2.427759552E1,4.037974270E1
7.821244875E0,1.137202454E1,3.008180237E1,-2.422106934E1,4.026037724E1
7.831174875E0,1.160968781E1,2.980828476E1,-2.436694336E1,4.021276688E1
7.841105875E0,1.153413391E1,2.987369156E1,-2.415257263E1,4.011010418E1
7.851035875E0,1.185694122E1,2.989943314E1,-2.382051086E1,4.002474103E1
7.860965875E0,1.157022858E1,2.976193619E1,-2.424034882E1,4.009036724E1
7.870895875E0,1.149665833E1,2.981983566E1,-2.454613495E1,4.029774798E1
7.880826875E0,1.145918274E1,2.997540665E1,-2.442425537E1,4.032842823E1
7.890756875E0,1.165229797E1,2.994408035E1,-2.456830597E1,4.044781396E1
7.900686875E0,1.127916718E1,3.012657547E1,-2.472430420E1,4.057242142E1
7.910616875E0,1.117523193E1,3.016004562E1,-2.445720673E1,4.040630052E1
7.920547875E0,1.099752045E1,3.001977158E1,-2.450557709E1,4.028219768E1
7.930477875E0,1.144243622E1,2.996848679E1,-2.474184418E1,4.051170695E1
7.940407875E0,1.125595093E1,2.987782669E1,-2.456450653E1,4.028394147E1
7.950337875E0,1.149149323E1,2.981416702E1,-2.478614807E1,4.043874513E1
7.960268875E0,1.124212646E1,2.994488907E1,-2.462946320E1,4.036944694E1
7.970198875E0,1.116673279E1,2.985953903E1,-2.445800781E1,4.018061894E1
7.980128875E0,1.115422058E1,2.997737503E1,-2.404933167E1,4.001787106E1
7.990058875E0,1.145843506E1,2.996064377E1,-2.426457977E1,4.022071283E1
7.999988875E0,1.115447998E1,3.000199127E1,-2.369293213E1,3.982332152E1
8.009919875E0,1.135636139E1,2.978668594E1,-2.423481750E1,4.004422534E1
8.019849875E0,1.116218567E1,2.992968750E1,-2.434282684E1,4.016159610E1
8.029779875E0,1.130548096E1,2.961164474E1,-2.477442169E1,4.022978218E1
8.039709875E0,1.102636719E1,2.954782867E1,-2.456471252E1,3.997599347E1
8.049640875E0,1.150154114E1,2.986789703E1,-2.452141571E1,4.031967944E1
8.059570875E0,1.109392548E1,2.964477539E1,-2.416296387E1,3.982130979E1
8.069500875E0,1.122545624E1,2.977444077E1,-2.477796173E1,4.032958688E1
8.079430875E0,1.102885437E1,2.941059875E1,-2.431107330E1,3.971960766E1
8.089360875E0,1.115917206E1,2.970022583E1,-2.438959503E1,4.001853172E1
8.099291875E0,1.100187683E1,2.981952286E1,-2.435214233E1,4.004088003E1
8.109221875E0,1.152743530E1,2.975800323E1,-2.434402466E1,4.013791297E1
8.119151875E0,1.129441071E1,2.960658646E1,-2.418589020E1,3.986315290E1
8.129081875E0,1.127174377E1,2.974730682E1,-2.482744598E1,4.035290008E1
8.139012875E0,1.110196686E1,2.980355835E1,-2.454079437E1,4.017158631E1
8.148942875E0,1.137605286E1,2.993252563E1,-2.463072968E1,4.039855831E1
8.158872875E0,1.110075378E1,2.975124741E1,-2.443936920E1,4.007051564E1
8.168802875E0,1.141481781E1,2.987957382E1,-2.454623413E1,4.031878728E1
8.178733875E0,1.122330475E1,2.992103958E1,-2.415921021E1,4.006118591E1
8.188663875E0,1.117570496E1,2.976568604E1,-2.423820496E1,3.997978271E1
8.198593875E0,1.097828674E1,2.976734161E1,-2.442066956E1,4.003731395E1
8.208523875E0,1.115635681E1,2.967952347E1,-2.441696167E1,4.001907580E1
8.218453875E0,1.109729767E1,2.971569061E1,-2.428996277E1,3.995215358E1
8.228384875E0,1.141195679E1,2.966526031E1,-2.450224304E1,4.013253470E1
8.238314875E0,1.122441864E1,2.993587875E1,-2.442031097E1,4.023053565E1
8.248244875E0,1.136537170E1,3.015605164E1,-2.457057190E1,4.052495685E1
8.258174875E0,1.116908264E1,3.011395264E1,-2.421628571E1,4.022470688E1
8.268105875E0,1.116680145E1,2.997657013E1,-2.465568542E1,4.038805560E1
8.278035875E0,1.115247345E1,2.990700150E1,-2.416667938E1,4.003541925E1
8.287965875E0,1.144511414E1,2.989722443E1,-2.459698486E1,4.037135532E1
8.297895875E0,1.125630951E1,3.017704391E1,-2.460427856E1,4.053059347E1
8.307825875E0,1.130461884E1,3.027985764E1,-2.448769379E1,4.055010891E1
8.317756875E0,1.114803314E1,3.005207062E1,-2.446752930E1,4.032450348E1
8.327686875E0,1.119728851E1,3.025040436E1,-2.436302185E1,4.042305119E1
8.337617292E0,1.118602753E1,2.993863297E1,-2.456719971E1,4.031124232E1
8.347547292E0,1.126360321E1,2.999031067E1,-2.470989990E1,4.045820862E1
8.357478292E0,1.112781525E1,3.002090454E1,-2.447157288E1,4.029814959E1
8.367408292E0,1.099439240E1,3.000946045E1,-2.467082977E1,4.037442535E1
8.377338292E0,1.110807800E1,2.988466263E1,-2.459163666E1,4.026451354E1
8.387268292E0,1.117064667E1,3.003504562E1,-2.500087738E1,4.064395628E1
8.397199292E0,1.107039642E1,2.985559464E1,-2.465638733E1,4.027216960E1
8.407129292E0,1.110883331E1,2.998544312E1,-2.445964050E1,4.025924726E1
8.417059292E0,1.098136139E1,2.993638229E1,-2.448605347E1,4.020378213E1
8.426989292E0,1.108179474E1,2.995225143E1,-2.465701294E1,4.034738935E1
8.436919292E0,1.114382172E1,2.993504333E1,-2.465947723E1,4.035320804E1
8.446850292E0,1.108315277E1,3.002096939E1,-2.474322510E1,4.045147793E1
8.456780292E0,1.089400482E1,2.996200562E1,-2.455833435E1,4.024317219E1
8.466710292E0,1.102140045E1,2.989815140E1,-2.490548706E1,4.044321959E1
8.476640292E0,1.123348236E1,2.972579193E1,-2.493856812E1,4.039487606E1
8.486571292E0,1.156121826E1,2.978389740E1,-2.488694000E1,4.049817397E1
8.496501292E0,1.161797333E1,2.983781052E1,-2.454282379E1,4.034380300E1
8.506431292E0,1.150615692E1,2.990150070E1,-2.469473267E1,4.045146737E1
8.516361292E0,1.119445801E1,2.995036697E1,-2.474152374E1,4.042874434E1
8.526291292E0,1.112284088E1,2.999726486E1,-2.469672394E1,4.041635389E1
8.536222292E0,1.143390656E1,2.983447266E1,-2.452180481E1,4.027590954E1
8.546152292E0,1.137761688E1,2.999501038E1,-2.441090393E1,4.031182263E1
8.556082292E0,1.127684784E1,2.983161545E1,-2.470232391E1,4.033977422E1
8.566012292E0,1.127548981E1,3.001983643E1,-2.459967804E1,4.041622705E1
8.575943292E0,1.125110626E1,2.967100906E1,-2.459650421E1,4.014902478E1
8.585873292E0,1.134424591E1,2.992288589E1,-2.466796875E1,4.040519395E1
8.595803292E0,1.125847626E1,2.970114136E1,-2.504802704E1,4.045138742E1
8.605733292E0,1.125231171E1,2.961621857E1,-2.483036041E1,4.025272313E1
8.615664292E0,1.143477631E1,2.979231644E1,-2.495156097E1,4.050822908E1
8.625594292E0,1.148478699E1,2.973590469E1,-2.498487854E1,4.050146313E1
8.635524292E0,1.135727692E1,3.005391312E1,-2.474938965E1,4.055561269E1
8.645454292E0,1.118355560E1,3.006077194E1,-2.482695007E1,4.055982465E1
8.655384292E0,1.147669983E1,2.992005157E1,-2.488108826E1,4.057083531E1
8.665315292E0,1.121440125E1,3.011541367E1,-2.494511414E1,4.068119535E1
8.675245292E0,1.139036560E1,2.984354782E1,-2.486370850E1,4.047939939E1
8.685175292E0,1.103697205E1,3.002352905E1,-2.484121704E1,4.050077916E1
8.695105292E0,1.142784119E1,2.980883789E1,-2.469347382E1,4.036000520E1
8.705036292E0,1.109893036E1,3.001280975E1,-2.420655823E1,4.012371450E1
8.714966292E0,1.144776917E1,2.970186615E1,-2.467794800E1,4.027720682E1
8.724896292E0,1.128128815E1,3.006986618E1,-2.461483765E1,4.046423787E1
8.734826292E0,1.140533447E1,2.998019028E1,-2.478914642E1,4.053881157E1
8.744757292E0,1.121997070E1,2.996195602E1,-2.481548309E1,4.048968699E1
8.754687292E0,1.149909210E1,2.972865677E1,-2.461311340E1,4.027191955E1
8.764617292E0,1.119013214E1,2.980811691E1,-2.469882965E1,4.029609258E1
8.774547292E0,1.141591644E1,2.970894241E1,-2.467546844E1,4.027186550E1
8.784477292E0,1.120714569E1,2.955338287E1,-2.450595093E1,3.999430190E1
8.794408292E0,1.134249878E1,2.983863831E1,-2.455415344E1,4.027285768E1
8.804338292E0,1.121430969E1,2.971298981E1,-2.423062134E1,3.994678354E1
8.814268292E0,1.145848083E1,2.974700546E1,-2.455509186E1,4.023845988E1
8.824198292E0,1.142791748E1,2.997854233E1,-2.458160400E1,4.041739172E1
8.834129292E0,1.165519714E1,2.987256622E1,-2.494032288E1,4.062306658E1
8.844059292E0,1.105300903E1,2.994664383E1,-2.481515503E1,4.043219515E1
8.853989292E0,1.129480743E1,2.993083954E1,-2.501756287E1,4.061165205E1
8.863919292E0,1.153322601E1,2.978423691E1,-2.497357941E1,4.054375092E1
8.873849292E0,1.154629517E1,3.001583862E1,-2.495407104E1,4.070593522E1
8.883780292E0,1.135033417E1,2.988606262E1,-2.455892944E1,4.031312243E1
8.893710292E0,1.149875641E1,2.993820190E1,-2.457378387E1,4.040282399E1
8.903640292E0,1.148862457E1,2.983471298E1,-2.429636383E1,4.015484888E1
8.913570292E0,1.162228394E1,2.985465240E1,-2.471766663E1,4.046406798E1
8.923501292E0,1.141091919E1,2.995891190E1,-2.428971100E1,4.022108327E1
8.933431292E0,1.150560760E1,2.991004562E1,-2.456690216E1,4.037972904E1
8.943361292E0,1.109932709E1,2.981172180E1,-2.459355927E1,4.020916532E1
8.953291292E0,1.134886932E1,2.974840546E1,-2.475795746E1,4.033262847E1
8.963221292E0,1.155867767E1,2.982921600E1,-2.451269531E1,4.030207673E1
8.973152292E0,1.151751709E1,2.994932556E1,-2.468263245E1,4.048268329E1
8.983082292E0,1.126371002E1,2.999454498E1,-2.456068420E1,4.037042359E1
8.993012292E0,1.113162994E1,3.003101349E1,-2.463433838E1,4.040576176E1
9.002942292E0,1.099634552E1,2.993313980E1,-2.448505402E1,4.020485472E1
9.012873292E0,1.105619049E1,3.019521332E1,-2.474986267E1,4.057765343E1
9.022803292E0,1.123830414E1,3.009782028E1,-2.466622925E1,4.050433472E1
9.032733292E0,1.163503265E1,2.993904495E1,-2.484382629E1,4.060709424E1
9.042663292E0,1.110203552E1,2.966963196E1,-2.465106964E1,4.013997369E1
9.052594292E0,1.142213440E1,2.977132034E1,-2.488563538E1,4.044862813E1
9.062524292E0,1.132873535E1,2.983987427E1,-2.474379730E1,4.038581243E1
9.072454292E0,1.137107086E1,2.970669556E1,-2.458120728E1,4.019981050E1
9.082384292E0,1.108970642E1,2.980342865E1,-2.460139465E1,4.020515597E1
9.092314292E0,1.145156860E1,2.981649399E1,-2.476419067E1,4.041567613E1
9.102245292E0,1.099755096E1,2.989356995E1,-2.451953888E1,4.019675905E1
9.112175292E0,1.136753082E1,2.989521408E1,-2.472541809E1,4.042636370E1
9.122105292E0,1.116690826E1,2.994890594E1,-2.461421967E1,4.034224358E1
9.132035292E0,1.146510315E1,2.995019531E1,-2.469609070E1,4.047665605E1
9.141965292E0,1.134343719E1,2.989762878E1,-2.444988251E1,4.025342878E1
9.151896292E0,1.132976532E1,3.010445786E1,-2.439464569E1,4.037004711E1
9.161826292E0,1.116299438E1,3.022150803E1,-2.455464172E1,4.050780692E1
9.171756292E0,1.129806519E1,3.000527954E1,-2.490357971E1,4.059743046E1
9.181686292E0,1.083642578E1,3.001860428E1,-2.469172668E1,4.035128366E1
9.191617292E0,1.115163422E1,3.008660126E1,-2.509137726E1,4.073253900E1
9.201547292E0,1.105363464E1,3.010583496E1,-2.462973785E1,4.043721212E1
9.211477292E0,1.140127563E1,3.001338196E1,-2.487596130E1,4.061533742E1
9.221407292E0,1.139578247E1,3.004897308E1,-2.476581573E1,4.057277746E1
9.231338292E0,1.140640259E1,2.998085785E1,-2.468404388E1,4.047542316E1
9.241268292E0,1.126493073E1,2.982657242E1,-2.442456818E1,4.016319979E1
9.251198292E0,1.103954315E1,2.973072052E1,-2.489125061E1,4.031577374E1
9.261128292E0,1.127639008E1,2.970737076E1,-2.470362854E1,4.024865356E1
9.271058292E0,1.139297485E1,2.972262192E1,-2.493892670E1,4.043741083E1
9.280989292E0,1.129086304E1,2.969681549E1,-2.493161011E1,4.038526490E1
9.290919292E0,1.115219879E1,2.992345428E1,-2.505710602E1,4.059117165E1
9.300849292E0,1.112969208E1,2.994868088E1,-2.486946106E1,4.048806769E1
9.310779292E0,1.139605713E1,2.987185287E1,-2.476966095E1,4.044420621E1
9.320710292E0,1.134719849E1,2.981123352E1,-2.459283447E1,4.027748831E1
9.330640292E0,1.125039673E1,3.001984406E1,-2.456538391E1,4.038837147E1
9.340570375E0,1.112729645E1,2.995072556E1,-2.459787750E1,4.032267681E1
9.350500375E0,1.111890411E1,2.975985718E1,-2.455454254E1,4.015226877E1
9.360431375E0,1.098093414E1,2.960763931E1,-2.466467285E1,4.006918151E1
9.370361375E0,1.096251678E1,2.979332352E1,-2.504953003E1,4.043881619E1
9.380291375E0,1.098293304E1,2.976518631E1,-2.478420258E1,4.025975449E1
9.390221375E0,1.095689392E1,2.986836624E1,-2.465466309E1,4.024953712E1
9.400151375E0,1.112555695E1,2.971036148E1,-2.443438721E1,4.004401172E1
9.410082375E0,1.112708282E1,2.960452271E1,-2.429622650E1,3.988165442E1
9.420012375E0,1.117681122E1,2.995716858E1,-2.432498169E1,4.017533811E1
9.429942375E0,1.110196686E1,3.006277466E1,-2.453524780E1,4.036090278E1
9.439872375E0,1.114084625E1,2.973547363E1,-2.443206787E1,4.006548125E1
9.449803375E0,1.128221130E1,2.988917542E1,-2.470332336E1,4.038446835E1
9.459733375E0,1.135691071E1,2.990805435E1,-2.449975586E1,4.029527482E1
9.469663375E0,1.110347748E1,2.992544556E1,-2.443229675E1,4.019647532E1
9.479593375E0,1.109181213E1,2.989232254E1,-2.469963837E1,4.033176637E1
9.489523375E0,1.090989685E1,2.976605988E1,-2.484357452E1,4.027713203E1
9.499454375E0,1.131387329E1,2.986605072E1,-2.508364868E1,4.061002519E1
9.509384375E0,1.128651428E1,2.995347595E1,-2.504104614E1,4.064049850E1
9.519314375E0,1.145238495E1,3.009296417E1,-2.490827179E1,4.070829912E1
9.529244375E0,1.126683044E1,2.987502670E1,-2.467666626E1,4.035339572E1
9.539175375E0,1.139425659E1,2.977474976E1,-2.465312958E1,4.030064025E1
9.549105375E0,1.099725342E1,2.986592484E1,-2.483278656E1,4.036806086E1
9.559035375E0,1.126547241E1,2.988187408E1,-2.481681824E1,4.044393323E1
9.568965375E0,1.118988800E1,2.970347214E1,-2.487622070E1,4.032785894E1
9.578895375E0,1.145764160E1,2.959713745E1,-2.498451996E1,4.039176072E1
9.588826375E0,1.136112213E1,2.983786392E1,-2.488318634E1,4.047895974E1
9.598756375E0,1.116290283E1,2.987916183E1,-2.479862976E1,4.040231119E1
9.608686375E0,1.152684021E1,2.993503952E1,-2.474994659E1,4.051585483E1
9.618616375E0,1.124331665E1,3.001873016E1,-2.478354645E1,4.051864391E1
9.628547375E0,1.124022675E1,2.997339630E1,-2.526845551E1,4.078286438E1
9.638477375E0,1.110687256E1,2.997363663E1,-2.500272369E1,4.058223383E1
9.648407375E0,1.139680481E1,2.967465210E1,-2.511100769E1,4.050968828E1
9.658337375E0,1.131706238E1,2.985527420E1,-2.511981964E1,4.062534476E1
9.668267375E0,1.146595764E1,2.987401962E1,-2.494201660E1,4.057128819E1
9.678198375E0,1.118683624E1,2.963370132E1,-2.475818634E1,4.020285251E1
9.688128375E0,1.144258118E1,2.955866623E1,-2.529124451E1,4.054990089E1
9.698058375E0,1.122115326E1,2.952442932E1,-2.514246368E1,4.037015838E1
9.707988375E0,1.148143768E1,2.954047012E1,-2.544238281E1,4.064206724E1
9.717919375E0,1.130242157E1,2.986257172E1,-2.495178223E1,4.052294855E1
9.727849375E0,1.146855927E1,2.970767212E1,-2.514399719E1,4.057455150E1
9.737779375E0,1.121894836E1,2.979437256E1,-2.478517151E1,4.034692262E1
9.747709375E0,1.129972839E1,2.967462921E1,-2.514364624E1,4.050272123E1
9.757639375E0,1.131084442E1,2.963026810E1,-2.518866730E1,4.050132034E1
9.767570375E0,1.138619232E1,2.949415970E1,-2.529950714E1,4.049217077E1
9.777500375E0,1.106330109E1,2.950448990E1,-2.510583496E1,4.028913630E1
9.787430375E0,1.132350922E1,2.944374466E1,-2.516523743E1,4.035399776E1
9.797360375E0,1.126723480E1,2.924253464E1,-2.507946777E1,4.013796352E1
9.807291375E0,1.132638550E1,2.936260605E1,-2.505635071E1,4.022773115E1
9.817221375E0,1.128571320E1,2.943656921E1,-2.464321899E1,4.001458699E1
9.827151375E0,1.177879333E1,2.959440994E1,-2.511380005E1,4.056195293E1
9.837081375E0,1.143094635E1,2.955339050E1,-2.497431183E1,4.034582600E1
9.847011375E0,1.152395630E1,2.970031357E1,-2.521990967E1,4.063193373E1
9.856942375E0,1.137724304E1,2.964353561E1,-2.532383728E1,4.061376118E1
9.866872375E0,1.156333160E1,2.973656082E1,-2.527021027E1,4.070082572E1
9.876802375E0,1.110020447E1,2.953601456E1,-2.469993591E1,4.007090627E1
9.886732375E0,1.144344330E1,2.974007034E1,-2.489435577E1,4.043702669E1
9.896663375E0,1.134693909E1,2.978326797E1,-2.502779388E1,4.052390091E1
9.906593375E0,1.158017731E1,2.976515198E1,-2.487444305E1,4.048212811E1
9.916523375E0,1.131026459E1,2.976127243E1,-2.467167664E1,4.027836950E1
9.926453375E0,1.133016205E1,2.958285904E1,-2.474540710E1,4.019767772E1
9.936383375E0,1.103913879E1,3.001672745E1,-2.477129364E1,4.045347328E1
9.946314375E0,1.135431671E1,2.970640945E1,-2.504175568E1,4.047815211E1
9.956244375E0,1.145793915E1,2.962731552E1,-2.486328125E1,4.033912430E1
9.966174375E0,1.168973541E1,2.967791748E1,-2.511543274E1,4.059819776E1
9.976104375E0,1.151435089E1,2.974689102E1,-2.475837708E1,4.037864581E1
9.986035375E0,1.176378632E1,2.974391556E1,-2.475121307E1,4.044390844E1
9.995965375E0,1.124463654E1,2.973561096E1,-2.463561249E1,4.021892357E1
1.000589537E1,1.148907471E1,2.949750519E1,-2.482368469E1,4.022831057E1
1.001582537E1,1.126621246E1,2.967050171E1,-2.488165283E1,4.032818943E1
1.002575537E1,1.130876923E1,2.951940918E1,-2.484355927E1,4.020554958E1
1.003568638E1,1.107884216E1,2.949123001E1,-2.509008789E1,4.027388610E1
1.004561638E1,1.154794312E1,2.959782791E1,-2.473727417E1,4.026560742E1
1.005554638E1,1.134418488E1,2.965843582E1,-2.461359406E1,4.017639056E1
1.006547638E1,1.131074524E1,2.947229767E1,-2.491220856E1,4.021402023E1
1.007540737E1,1.141342163E1,2.932376480E1,-2.502085876E1,4.020189982E1
1.008533737E1,1.163722229E1,2.958092499E1,-2.494120789E1,4.040445417E1
1.009526737E1,1.133351898E1,2.940897751E1,-2.508685303E1,4.028258688E1
1.010519737E1,1.168932343E1,2.942820740E1,-2.494747162E1,4.031173542E1
1.011512738E1,1.143222809E1,2.939321518E1,-2.491323090E1,4.019111856E1
1.012505838E1,1.127252960E1,2.921213913E1,-2.504904938E1,4.009830259E1
1.013498837E1,1.115625000E1,2.929099274E1,-2.502300262E1,4.010704215E1
1.014491837E1,1.125153351E1,2.921581268E1,-2.503194427E1,4.008439785E1
1.015484837E1,1.128922272E1,2.915608215E1,-2.528775787E1,4.021186858E1
1.016477938E1,1.136756897E1,2.903558731E1,-2.521449280E1,4.010059353E1
1.017470938E1,1.128830719E1,2.906040192E1,-2.534488678E1,4.017830415E1
1.018463938E1,1.124518585E1,2.897775650E1,-2.569802094E1,4.033054496E1
1.019456938E1,1.129312134E1,2.880982590E1,-2.555966187E1,4.013523355E1
1.020449938E1,1.135923767E1,2.872670746E1,-2.586567688E1,4.029006382E1
1.021443037E1,1.127638245E1,2.897509003E1,-2.580268860E1,4.040410105E1
1.022436037E1,1.164976501E1,2.902663422E1,-2.596335602E1,4.064921124E1
1.023429037E1,1.147529602E1,2.918027496E1,-2.606392670E1,4.077375554E1
1.024422037E1,1.129972076E1,2.918867874E1,-2.581534576E1,4.057209303E1
1.025415138E1,1.093463135E1,2.932297134E1,-2.587221527E1,4.060510232E1
1.026408138E1,1.108813477E1,2.924187851E1,-2.576190186E1,4.051801795E1
1.027401138E1,1.118464661E1,2.933782578E1,-2.592858124E1,4.071972085E1
1.028394138E1,1.121811676E1,2.909003067E1,-2.610109711E1,4.066132435E1
1.029387138E1,1.122913361E1,2.896632385E1,-2.622219849E1,4.065396724E1
1.030380237E1,1.101242065E1,2.900709152E1,-2.632180023E1,4.068810557E1
1.031373237E1,1.101107025E1,2.922582245E1,-2.609699249E1,4.069945188E1
1.032366237E1,1.094483948E1,2.927466202E1,-2.630018616E1,4.084721703E1
1.033359237E1,1.111444092E1,2.933636093E1,-2.633811188E1,4.096155523E1
1.034352325E1,1.084340668E1,2.934717560E1,-2.674050903E1,4.115690716E1
1.035345325E1,1.075457764E1,2.921195984E1,-2.664798737E1,4.097700292E1
1.036338325E1,1.052573395E1,2.914120865E1,-2.684373474E1,4.099496568E1
1.037331325E1,1.090422821E1,2.913597107E1,-2.664736938E1,4.096204705E1
1.038324325E1,1.081048584E1,2.896064377E1,-2.675714874E1,4.088435520E1
1.039317425E1,1.083252716E1,2.900580215E1,-2.663469696E1,4.084222430E1
1.040310425E1,1.082183838E1,2.913760376E1,-2.676062012E1,4.101515486E1
1.041303425E1,1.062588501E1,2.920018005E1,-2.655918121E1,4.087725595E1
1.042296425E1,1.050778198E1,2.910546875E1,-2.651078033E1,4.074755535E1
1.043289525E1,1.077423096E1,2.902061462E1,-2.708134460E1,4.113002980E1
1.044282525E1,1.088455963E1,2.927738571E1,-2.679460144E1,4.115324554E1
1.045275525E1,1.088358307E1,2.943959427E1,-2.674501801E1,4.123636841E1
1.046268525E1,1.106391144E1,2.931382370E1,-2.670300293E1,4.116747213E1
1.047261525E1,1.110089874E1,2.927478409E1,-2.702283478E1,4.135790778E1
1.048254625E1,1.089344788E1,2.940853882E1,-2.683106995E1,4.127269892E1
1.049247625E1,1.113797760E1,2.942366409E1,-2.698190308E1,4.144670852E1
1.050240625E1,1.109197235E1,2.934686279E1,-2.694752502E1,4.135745775E1
1.051233625E1,1.112819672E1,2.938078308E1,-2.720072937E1,4.155655008E1
1.052226725E1,1.116991425E1,2.931780243E1,-2.717724609E1,4.150786948E1
1.053219725E1,1.132427216E1,2.930041504E1,-2.761120605E1,4.182262738E1
1.054212725E1,1.121017456E1,2.930154419E1,-2.772406006E1,4.186731436E1
1.055205725E1,1.153079987E1,2.956059647E1,-2.784963226E1,4.221836361E1
1.056198725E1,1.143470001E1,2.965761948E1,-2.769046783E1,4.215553067E1
1.057191825E1,1.203520203E1,2.960696793E1,-2.773462677E1,4.231581453E1
1.058184825E1,1.204412079E1,2.957202911E1,-2.780442047E1,4.233971598E1
1.059177825E1,1.226888275E1,2.942145538E1,-2.798570251E1,4.241871127E1
1.060170825E1,1.224008942E1,2.958012009E1,-2.791299438E1,4.247279775E1
1.061163925E1,1.276165771E1,2.946840286E1,-2.834253693E1,4.283160135E1
1.062156925E1,1.278118896E1,2.952529907E1,-2.821234131E1,4.279063307E1
1.063149925E1,1.298610687E1,2.940224838E1,-2.824742126E1,4.279074654E1
1.064142925E1,1.286316681E1,2.962823868E1,-2.806377411E1,4.278865509E1
1.065135925E1,1.327462769E1,2.944737244E1,-2.851713562E1,4.308817132E1
1.066129025E1,1.328417206E1,2.922930908E1,-2.838105011E1,4.285213813E1
1.067122025E1,1.348766327E1,2.920831299E1,-2.873980713E1,4.313953085E1
1.068115025E1,1.334075165E1,2.938617325E1,-2.851023865E1,4.306224031E1
1.069108025E1,1.365028381E1,2.948184204E1,-2.878365326E1,4.340516045E1
1.070101125E1,1.339391327E1,2.946024323E1,-2.850785828E1,4.312772689E1
1.071094125E1,1.377512360E1,2.965111923E1,-2.841841888E1,4.331915781E1
1.072087125E1,1.332372284E1,2.970584869E1,-2.858242035E1,4.332336310E1
1.073080125E1,1.373036957E1,2.991313171E1,-2.877773285E1,4.372043464E1
1.074073125E1,1.369563293E1,2.995019531E1,-2.887002563E1,4.379569546E1
1.075066225E1,1.387550354E1,3.014632797E1,-2.862277222E1,4.382457961E1
1.076059225E1,1.379920959E1,3.007700729E1,-2.817720795E1,4.346262303E1
1.077052225E1,1.383476257E1,3.034672928E1,-2.871918488E1,4.401268241E1
1.078045225E1,1.345769501E1,3.038623810E1,-2.838320923E1,4.370399967E1
1.079038225E1,1.357417297E1,3.017182541E1,-2.857829285E1,4.371860065E1
1.080031325E1,1.360163879E1,3.008821869E1,-2.875118256E1,4.378282746E1
1.081024325E1,1.384619141E1,3.020687485E1,-2.857709503E1,4.382719093E1
1.082017325E1,1.350091553E1,3.018215942E1,-2.856538391E1,4.369460637E1
1.083010325E1,1.375408936E1,2.997771835E1,-2.884700012E1,4.381766753E1
1.084003425E1,1.343752289E1,3.013296127E1,-2.865879059E1,4.370227288E1
1.084996425E1,1.356950378E1,3.017953873E1,-2.887329865E1,4.391586690E1
1.085989425E1,1.339073181E1,3.009246445E1,-2.874214172E1,4.371474380E1
1.086982425E1,1.367956543E1,3.045680618E1,-2.881386566E1,4.410200004E1
1.087975425E1,1.320419312E1,3.051546097E1,-2.838590240E1,4.371845754E1
1.088968525E1,1.303761292E1,3.052206802E1,-2.870037079E1,4.387809556E1
1.089961525E1,1.281130981E1,3.047101593E1,-2.850759125E1,4.364968762E1
1.090954525E1,1.279598236E1,3.083074188E1,-2.848600006E1,4.388307201E1
1.091947525E1,1.255220032E1,3.079696655E1,-2.816719055E1,4.358212369E1
1.092940625E1,1.288372040E1,3.084987259E1,-2.844272614E1,4.389411760E1
1.093933625E1,1.273497009E1,3.125374603E1,-2.807386017E1,4.389894907E1
1.094926625E1,1.275959778E1,3.130651474E1,-2.823461151E1,4.404654910E1
1.095919625E1,1.272955322E1,3.156955338E1,-2.789925385E1,4.401189147E1
1.096912625E1,1.285655212E1,3.146860504E1,-2.830226898E1,4.423327328E1
1.097905725E1,1.269713593E1,3.131355286E1,-2.828043365E1,4.406289574E1
1.098898725E1,1.287188721E1,3.107565689E1,-2.862799835E1,4.416949424E1
1.099891725E1,1.237355804E1,3.089338303E1,-2.864109802E1,4.390693054E1
1.100884725E1,1.252758789E1,3.081140137E1,-2.865568542E1,4.390251951E1
1.101877825E1,1.250359344E1,3.084459305E1,-2.837036896E1,4.373335802E1
1.102870825E1,1.248139954E1,3.084911346E1,-2.857468414E1,4.386303352E1
1.103863825E1,1.252782440E1,3.080118179E1,-2.844952393E1,4.376110826E1
1.104856825E1,1.265727234E1,3.069059372E1,-2.878791046E1,4.394158480E1
1.105849825E1,1.258432007E1,3.063801956E1,-2.877011871E1,4.387223592E1
1.106842925E1,1.246704102E1,3.049829865E1,-2.895286560E1,4.386162056E1
1.107835925E1,1.238590240E1,3.043386078E1,-2.896636200E1,4.380274635E1
1.108828925E1,1.220138550E1,3.067567062E1,-2.949349213E1,4.426891295E1
1.109821925E1,1.209178925E1,3.048774719E1,-2.905064392E1,4.381385635E1
1.110815025E1,1.205310059E1,3.040547943E1,-2.914932251E1,4.381156715E1
1.111808025E1,1.173325348E1,3.011349869E1,-2.921389771E1,4.356539750E1
1.112801025E1,1.179889679E1,3.029703140E1,-2.931782532E1,4.377966376E1
1.113794025E1,1.174987030E1,3.028549576E1,-2.934029388E1,4.377354853E1
1.114787025E1,1.181475067E1,3.026309967E1,-2.914878082E1,4.364739349E1
1.115780125E1,1.199875641E1,3.008555222E1,-2.873011017E1,4.329584088E1
1.116773125E1,1.216988373E1,3.010315704E1,-2.944211578E1,4.383086031E1
1.117766125E1,1.195432281E1,3.035173416E1,-2.905001068E1,4.368107967E1
1.118759125E1,1.206294250E1,3.055459976E1,-2.886277771E1,4.372822985E1
1.119752225E1,1.215079498E1,3.049205399E1,-2.903256989E1,4.382119680E1
1.120745225E1,1.205537415E1,3.053960800E1,-2.869747925E1,4.360670840E1
1.121738225E1,1.217625427E1,3.060479736E1,-2.879327393E1,4.374891328E1
1.122731225E1,1.208615112E1,3.059177017E1,-2.903160858E1,4.387215231E1
1.123724225E1,1.209321594E1,3.076892853E1,-2.911518860E1,4.405300264E1
1.124717325E1,1.204137421E1,3.032033539E1,-2.931753540E1,4.386154709E1
1.125710325E1,1.202147675E1,3.038119125E1,-2.928009796E1,4.387319024E1
1.126703325E1,1.207070160E1,3.015508652E1,-2.921119690E1,4.368438055E1
1.127696325E1,1.212732697E1,3.023425674E1,-2.905014038E1,4.364737101E1
1.128689325E1,1.214771271E1,3.033599472E1,-2.926410675E1,4.386601696E1
1.129682425E1,1.223130035E1,3.034973526E1,-2.909767151E1,4.378796211E1
1.130675425E1,1.215773010E1,3.042212296E1,-2.868421936E1,4.354423506E1
1.131668425E1,1.224157715E1,3.064936447E1,-2.924266815E1,4.409504954E1
1.132661425E1,1.193346405E1,3.063680649E1,-2.929051208E1,4.403357326E1
1.133654525E1,1.207730103E1,3.019327545E1,-2.922666931E1,4.372291483E1
1.134647542E1,1.221378326E1,3.034387207E1,-2.967061615E1,4.416189009E1
1.135640542E1,1.229013824E1,3.061038971E1,-2.922001648E1,4.406645912E1
1.136633542E1,1.218635559E1,3.044298172E1,-2.925247192E1,4.394302575E1
1.137626542E1,1.216696930E1,3.044855118E1,-2.908456421E1,4.382991314E1
1.138619642E1,1.209761810E1,3.037776184E1,-2.908712769E1,4.376324685E1
1.139612642E1,1.251692963E1,3.042475128E1,-2.916817474E1,4.396727687E1
1.140605642E1,1.218572998E1,3.052383423E1,-2.904317474E1,4.386003272E1
1.141598642E1,1.242481995E1,3.039764023E1,-2.938364410E1,4.406576021E1
1.142591742E1,1.217083740E1,3.036395264E1,-2.916658020E1,4.382679892E1
1.143584742E1,1.213368225E1,3.010908127E1,-2.915240479E1,4.363078872E1
1.144577742E1,1.212864685E1,3.036548615E1,-2.904988861E1,4.373857395E1
1.145570742E1,1.250629425E1,3.044520569E1,-2.946782684E1,4.417771796E1
1.146563742E1,1.219216156E1,3.034836578E1,-2.923489380E1,4.386742669E1
1.147556842E1,1.234029388E1,3.026387787E1,-2.918615723E1,4.381799779E1
1.148549842E1,1.219964600E1,3.027997971E1,-2.934310150E1,4.389448871E1
1.149542842E1,1.241357422E1,3.042984390E1,-2.968706512E1,4.428762875E1
1.150535842E1,1.218371582E1,3.033724594E1,-2.930303192E1,4.390283706E1
1.151528842E1,1.227433777E1,3.016323090E1,-2.932943726E1,4.382574307E1
1.152521942E1,1.221566772E1,3.005234528E1,-2.931858063E1,4.372579518E1
1.153514942E1,1.242143250E1,3.016551208E1,-2.935831451E1,4.388804775E1
1.154507942E1,1.199820709E1,3.020672607E1,-2.904788208E1,4.359108541E1
1.155500942E1,1.239301300E1,3.019612122E1,-2.940141296E1,4.392989406E1
1.156494042E1,1.207546997E1,3.016444778E1,-2.935997772E1,4.379177065E1
1.157487042E1,1.234577179E1,3.031081390E1,-2.964399719E1,4.415801275E1
1.158480042E1,1.199990082E1,3.012221909E1,-2.951558685E1,4.384650008E1
1.159473042E1,1.220838165E1,3.007586670E1,-2.977996063E1,4.405052095E1
1.160466042E1,1.201679993E1,2.994886398E1,-2.936476135E1,4.363057579E1
1.161459142E1,1.234046936E1,3.004573059E1,-2.945438385E1,4.384739261E1
1.162452142E1,1.196809387E1,3.010113525E1,-2.931840515E1,4.369075984E1
1.163445142E1,1.235709381E1,3.009956741E1,-2.970525360E1,4.405773278E1
1.164438142E1,1.209605408E1,3.023340988E1,-2.967634583E1,4.405745225E1
1.165431242E1,1.222225189E1,3.000983810E1,-2.956224823E1,4.386228841E1
1.166424242E1,1.178269958E1,3.001226044E1,-2.926480865E1,4.354304550E1
1.167417242E1,1.234981537E1,3.015015030E1,-2.966448975E1,4.406281260E1
1.168410242E1,1.211399078E1,3.042307281E1,-2.949252319E1,4.406950257E1
1.169403242E1,1.219535065E1,3.014347076E1,-2.938269043E1,4.382576758E1
1.170396342E1,1.180708313E1,3.008459091E1,-2.902338409E1,4.343784809E1
1.171389342E1,1.200244904E1,3.033319855E1,-2.944404602E1,4.394443723E1
1.172382342E1,1.241284180E1,3.020562363E1,-2.936048126E1,4.391464676E1
1.173375342E1,1.233066559E1,3.016436768E1,-2.935391998E1,4.385871646E1
1.174368442E1,1.233789825E1,3.010317993E1,-2.911103821E1,4.365635946E1
1.175361442E1,1.249630737E1,3.025748444E1,-2.914710999E1,4.383180447E1
1.176354442E1,1.208473206E1,3.013151550E1,-2.919479370E1,4.366102329E1
1.177347442E1,1.252997589E1,3.030973434E1,-2.940001678E1,4.404589968E1
1.178340442E1,1.208609009E1,3.030295181E1,-2.944291687E1,4.394573718E1
1.179333542E1,1.216996002E1,3.038308716E1,-2.933852386E1,4.395439563E1
1.180326542E1,1.212468719E1,3.025596619E1,-2.922469330E1,4.377801078E1
1.181319542E1,1.216345215E1,3.038094711E1,-2.942903137E1,4.401158260E1
1.182312542E1,1.210399628E1,3.015551758E1,-2.943699646E1,4.384516766E1
1.183305542E1,1.220029449E1,3.053881454E1,-2.976374817E1,4.435478649E1
1.184298642E1,1.208782196E1,3.022549057E1,-2.930214691E1,4.379853346E1
1.185291642E1,1.219609070E1,3.014835358E1,-2.911906433E1,4.365303837E1
1.186284642E1,1.206513977E1,3.008206177E1,-2.934680176E1,4.372336688E1
1.187277642E1,1.216745758E1,3.032836533E1,-2.949363708E1,4.401967056E1
1.188270742E1,1.240217590E1,2.998807907E1,-2.915956116E1,4.362773041E1
1.189263742E1,1.221932983E1,3.007537079E1,-2.910565186E1,4.360021697E1
1.190256742E1,1.207202911E1,3.031256485E1,-2.892888641E1,4.360580172E1
1.191249742E1,1.217674255E1,3.028377151E1,-2.922643280E1,4.381283203E1
1.192242742E1,1.186199188E1,3.009757996E1,-2.912819672E1,4.353186206E1
1.193235842E1,1.190000916E1,2.992757034E1,-2.933476257E1,4.356372321E1
1.194228842E1,1.206282043E1,2.997024536E1,-2.901085663E1,4.342069836E1
1.195221842E1,1.192879486E1,2.989146042E1,-2.934527588E1,4.355388351E1
1.196214842E1,1.217361450E1,2.981927109E1,-2.909178162E1,4.340181535E1
1.197207942E1,1.225546265E1,3.015653992E1,-2.907907104E1,4.364866135E1
1.198200942E1,1.211455536E1,3.022320938E1,-2.876061249E1,4.344396008E1
1.199193942E1,1.221970367E1,3.013095093E1,-2.900375366E1,4.357078251E1
1.200186942E1,1.224786377E1,3.010293579E1,-2.918817139E1,4.368233349E1
1.201179942E1,1.227136230E1,3.017972565E1,-2.895223999E1,4.358479521E1
1.202173042E1,1.220522308E1,3.015289307E1,-2.871030426E1,4.338716402E1
1.203166042E1,1.242594147E1,3.024249649E1,-2.870638275E1,4.350941307E1
1.204159042E1,1.233409882E1,3.041353226E1,-2.875527191E1,4.363460325E1
1.205152042E1,1.246114349E1,3.044084549E1,-2.861484528E1,4.359741439E1
1.206145042E1,1.236285400E1,3.029390717E1,-2.862136078E1,4.347117739E1
1.207138142E1,1.238038635E1,3.048880005E1,-2.868993378E1,4.365722386E1
1.208131142E1,1.260208130E1,3.043785095E1,-2.905710602E1,4.392710591E1
1.209124142E1,1.240253448E1,3.049941254E1,-2.880715942E1,4.374802236E1
1.210117142E1,1.234988403E1,3.042406082E1,-2.908588409E1,4.386492638E1
1.211110242E1,1.227300262E1,3.055284119E1,-2.902335358E1,4.389143141E1
1.212103242E1,1.241927338E1,3.014974213E1,-2.894989777E1,4.360437916E1
1.213096242E1,1.235545349E1,3.048537445E1,-2.876889038E1,4.369970641E1
1.214089242E1,1.229694366E1,3.054469299E1,-2.858767700E1,4.360560021E1
1.215082242E1,1.238211823E1,3.063923264E1,-2.885223389E1,4.386947491E1
1.216075342E1,1.241278839E1,3.051785660E1,-2.876747894E1,4.373768091E1
1.217068342E1,1.227986145E1,3.042131805E1,-2.889739990E1,4.371854653E1
1.218061342E1,1.247199249E1,3.065242004E1,-2.886981201E1,4.391568623E1
1.219054342E1,1.233464050E1,3.020680237E1,-2.902179718E1,4.366759642E1
1.220047342E1,1.251025391E1,3.027259827E1,-2.894797516E1,4.371409297E1
1.221040442E1,1.273233795E1,3.018116760E1,-2.889600372E1,4.368059453E1
1.222033442E1,1.244879150E1,3.026260757E1,-2.865524292E1,4.349621563E1
1.223026442E1,1.250590515E1,3.034619522E1,-2.889151764E1,4.372652535E1
1.224019442E1,1.245550537E1,3.035943985E1,-2.890207672E1,4.372831166E1
1.225012542E1,1.244204712E1,3.031327820E1,-2.916410065E1,4.386620725E1
1.226005542E1,1.236714172E1,3.026541519E1,-2.897020721E1,4.368311410E1
1.226998542E1,1.263807678E1,3.030474854E1,-2.848101807E1,4.346570094E1
1.227991542E1,1.240124512E1,3.034436798E1,-2.843183899E1,4.339286827E1
1.228984542E1,1.255644989E1,3.032942581E1,-2.873151398E1,4.362382834E1
1.229977642E1,1.225572205E1,3.035042953E1,-2.847712708E1,4.338545911E1
1.230970642E1,1.247514343E1,3.048126602E1,-2.857680511E1,4.360470815E1
1.231963642E1,1.226249695E1,3.046600723E1,-2.870301819E1,4.361662162E1
1.232956642E1,1.221432495E1,3.062081146E1,-2.905471802E1,4.394315041E1
1.233949937E1,1.215356445E1,3.038961029E1,-2.889945221E1,4.366252261E1
1.234942937E1,1.226351929E1,3.039323425E1,-2.926515198E1,4.393849922E1
1.235935937E1,1.236905670E1,3.050288010E1,-2.903720093E1,4.389280460E1
1.236928937E1,1.257839966E1,3.039422989E1,-2.913550568E1,4.394204182E1
1.237921937E1,1.230958557E1,3.037063217E1,-2.872735596E1,4.357937787E1
1.238915038E1,1.256663513E1,3.034833908E1,-2.886666870E1,4.372901286E1
1.239908038E1,1.242538452E1,3.034643555E1,-2.863920593E1,4.353734543E1
1.240901038E1,1.239321136E1,3.034249115E1,-2.886174774E1,4.367217581E1
1.241894038E1,1.211611176E1,3.017413330E1,-2.853610229E1,4.326184946E1
1.242887038E1,1.245929718E1,3.017684555E1,-2.882991028E1,4.355502061E1
1.243880137E1,1.225514984E1,3.043017960E1,-2.872910309E1,4.360671843E1
1.244873137E1,1.241881561E1,3.007942963E1,-2.902338409E1,4.360453981E1
1.245866137E1,1.212861633E1,3.008401489E1,-2.850294495E1,4.318065721E1
1.246859137E1,1.257974243E1,3.013392639E1,-2.865547180E1,4.344467175E1
1.247852238E1,1.240956116E1,3.038602448E1,-2.859403229E1,4.353075205E1
1.248845238E1,1.247227478E1,3.026152802E1,-2.882592010E1,4.361480696E1
1.249838238E1,1.226568604E1,3.041867447E1,-2.887043762E1,4.369490793E1
1.250831237E1,1.256171417E1,3.061903000E1,-2.910933685E1,4.407578874E1
1.251824237E1,1.220567322E1,3.053779221E1,-2.878713989E1,4.370623107E1
1.252817338E1,1.246880341E1,3.040674210E1,-2.884423828E1,4.372677790E1
1.253810338E1,1.208889771E1,3.047765350E1,-2.853929138E1,4.346860894E1
1.254803338E1,1.225565338E1,3.026712799E1,-2.922496033E1,4.382235026E1
1.255796338E1,1.217439270E1,3.049959564E1,-2.896249390E1,4.378661011E1
1.256789338E1,1.239069366E1,3.050229263E1,-2.919132996E1,4.400060102E1
1.257782437E1,1.224816895E1,3.054337311E1,-2.913914490E1,4.395457938E1
1.258775437E1,1.254865265E1,3.030568695E1,-2.934291077E1,4.401033693E1
1.259768437E1,1.242272186E1,3.038983917E1,-2.924153900E1,4.396514468E1
1.260761437E1,1.276421356E1,3.013613129E1,-2.902482605E1,4.374416629E1
1.261754538E1,1.243034363E1,3.062247086E1,-2.894735718E1,4.393402613E1
1.262747538E1,1.271946716E1,3.045015335E1,-2.891781616E1,4.387752016E1
1.263740538E1,1.253884125E1,3.046736145E1,-2.904640961E1,4.392239252E1
1.264733538E1,1.276519775E1,3.036758423E1,-2.919995117E1,4.402019530E1
1.265726538E1,1.257335663E1,3.035054016E1,-2.892463684E1,4.377075738E1
1.266719637E1,1.247978210E1,3.014397049E1,-2.889333344E1,4.358014038E1
1.267712637E1,1.238148499E1,3.035086441E1,-2.893138885E1,4.372072051E1
1.268705637E1,1.253824615E1,3.068559647E1,-2.880711365E1,4.391654863E1
1.269698637E1,1.268107605E1,3.045305634E1,-2.893360138E1,4.387882882E1
1.270691738E1,1.257180786E1,3.044788361E1,-2.902003479E1,4.390087002E1
1.271684738E1,1.239406586E1,3.047290421E1,-2.907036591E1,4.390099011E1
1.272677738E1,1.242243195E1,3.054909134E1,-2.902719116E1,4.393337711E1
1.273670738E1,1.222901917E1,3.086541748E1,-2.890194702E1,4.401755840E1
1.274663738E1,1.249890900E1,3.072889709E1,-2.894795990E1,4.402808450E1
1.275656837E1,1.225650024E1,3.066250229E1,-2.866886139E1,4.373001782E1
1.276649838E1,1.247106171E1,3.061765671E1,-2.915962219E1,4.408233035E1
1.277642838E1,1.226710510E1,3.055870819E1,-2.893487549E1,4.383541415E1
1.278635838E1,1.231604004E1,3.083274460E1,-2.885220337E1,4.398627764E1
1.279628838E1,1.218059540E1,3.068463516E1,-2.863723755E1,4.370360527E1
1.280621937E1,1.255430603E1,3.053427124E1,-2.889300537E1,4.387206491E1
1.281614937E1,1.229449463E1,3.052234650E1,-2.884648895E1,4.375943508E1
1.282607937E1,1.229199219E1,3.041735458E1,-2.932391357E1,4.400227766E1
1.283600937E1,1.215695190E1,3.044380188E1,-2.919297028E1,4.389585477E1
1.284594038E1,1.237505341E1,3.042201996E1,-2.928744507E1,4.400449618E1
1.285587038E1,1.224919891E1,3.058386993E1,-2.908212280E1,4.394525960E1
1.286580038E1,1.265820312E1,3.048179626E1,-2.941920471E1,4.421379441E1
1.287573038E1,1.252247620E1,3.052820587E1,-2.899552917E1,4.392635286E1
1.288566038E1,1.237819672E1,3.040933228E1,-2.917917633E1,4.392461240E1
1.289559137E1,1.250247192E1,3.044336319E1,-2.884421539E1,4.376184329E1
1.290552137E1,1.226166534E1,3.069945526E1,-2.889332581E1,4.390477498E1
1.291545137E1,1.239000702E1,3.068643188E1,-2.922847748E1,4.415283990E1
1.292538137E1,1.247535706E1,3.050980377E1,-2.946076202E1,4.420881314E1
1.293531137E1,1.229354095E1,3.053068542E1,-2.916670990E1,4.397670825E1
1.294524238E1,1.224923706E1,3.054265594E1,-2.884185791E1,4.375786110E1
1.295517238E1,1.225936890E1,3.048280334E1,-2.870098877E1,4.362614104E1
1.296510238E1,1.217536163E1,3.036014557E1,-2.866905212E1,4.349588969E1
1.297503238E1,1.210797119E1,3.036052704E1,-2.853775787E1,4.339087684E1
1.298496337E1,1.253144836E1,3.034889221E1,-2.842887878E1,4.343148173E1
1.299489337E1,1.237880707E1,3.050792313E1,-2.854107666E1,4.357248323E1
1.300482337E1,1.222044373E1,3.070578766E1,-2.879471588E1,4.383286784E1
1.301475337E1,1.241226959E1,3.057642365E1,-2.864625549E1,4.369885666E1
1.302468337E1,1.231352997E1,3.059674835E1,-2.885963440E1,4.382536398E1
1.303461438E1,1.235549927E1,3.087852097E1,-2.854673004E1,4.382986670E1
1.304454438E1,1.240914154E1,3.048181915E1,-2.883103943E1,4.375336475E1
1.305447438E1,1.223089600E1,3.052404404E1,-2.893431854E1,4.380076336E1
1.306440438E1,1.198410797E1,3.047882843E1,-2.905965424E1,4.378403054E1
1.307433438E1,1.237255096E1,3.052046204E1,-2.929751587E1,4.407860089E1
1.308426538E1,1.210456085E1,3.032426453E1,-2.880712891E1,4.354230229E1
1.309419538E1,1.251422882E1,3.046045685E1,-2.873391724E1,4.370450039E1
1.310412538E1,1.225038147E1,3.040561676E1,-2.863839722E1,4.352850987E1
1.311405538E1,1.214192963E1,3.049019241E1,-2.896917725E1,4.377546709E1
1.312398637E1,1.210464478E1,3.046298218E1,-2.890743256E1,4.370532422E1
1.313391637E1,1.251908112E1,3.046835709E1,-2.925144958E1,4.405332539E1
1.314384637E1,1.231863403E1,3.058826065E1,-2.876681519E1,4.375979993E1
1.315377637E1,1.245331573E1,3.050543213E1,-2.914842224E1,4.399201043E1
1.316370637E1,1.232209778E1,3.046244049E1,-2.919574738E1,4.395663817E1
1.317363738E1,1.255598450E1,3.055867767E1,-2.914906311E1,4.405852254E1
1.318356738E1,1.227138519E1,3.057061005E1,-2.930519104E1,4.409017255E1
1.319349738E1,1.223526764E1,3.067383194E1,-2.923942566E1,4.410815971E1
1.320342738E1,1.242407990E1,3.065569305E1,-2.889136505E1,4.391856387E1
1.321335738E1,1.249895477E1,3.069079971E1,-2.876268768E1,4.387985028E1
1.322328837E1,1.228461456E1,3.101361084E1,-2.840050507E1,4.381032413E1
1.323321837E1,1.250602722E1,3.073091507E1,-2.876933289E1,4.391428438E1
1.324314837E1,1.218785858E1,3.052160263E1,-2.848416138E1,4.349091369E1
1.325307837E1,1.236138153E1,3.036223602E1,-2.919490814E1,4.389774244E1
1.326300938E1,1.239004517E1,3.053770065E1,-2.912383270E1,4.398024570E1
1.327293938E1,1.262416077E1,3.060829163E1,-2.935956573E1,4.425179151E1
1.328286938E1,1.251443481E1,3.041888428E1,-2.937264252E1,4.409843226E1
1.329279938E1,1.252725220E1,3.050175476E1,-2.938796997E1,4.416946762E1
1.330272938E1,1.226060486E1,3.051518631E1,-2.898064423E1,4.383351191E1
1.331266037E1,1.275009918E1,3.038240814E1,-2.900615692E1,4.389775499E1
1.332259037E1,1.231951141E1,3.042213058E1,-2.907949829E1,4.385081084E1
1.333252037E1,1.230158997E1,3.039053726E1,-2.909466553E1,4.383393016E1
1.334244867E1,1.214855957E1,3.059553146E1,-2.868218994E1,4.366167730E1
1.335237867E1,1.248856354E1,3.048744965E1,-2.911764526E1,4.396914908E1
1.336230967E1,1.216995239E1,3.058660889E1,-2.941494751E1,4.414620620E1
1.337223967E1,1.253928375E1,3.051733017E1,-2.939894867E1,4.419094093E1
1.338216967E1,1.228546143E1,3.028596115E1,-2.919318390E1,4.382252836E1
1.339209967E1,1.229993439E1,3.035485840E1,-2.942859650E1,4.403121740E1
1.340203067E1,1.228391266E1,3.071445847E1,-2.917253876E1,4.410566275E1
1.341196067E1,1.268121338E1,3.053319550E1,-2.922417450E1,4.412642717E1
1.342189067E1,1.248174286E1,3.062651443E1,-2.910504913E1,4.405543299E1
1.343182067E1,1.247861481E1,3.040875244E1,-2.925975037E1,4.400614780E1
1.344175067E1,1.236335754E1,3.041263199E1,-2.911456299E1,4.387981965E1
1.345168167E1,1.244924164E1,3.041753769E1,-2.926742554E1,4.400900378E1
1.346161167E1,1.242641449E1,3.033455276E1,-2.928461456E1,4.395667775E1
1.347154167E1,1.271490479E1,3.007933807E1,-2.909877777E1,4.373984740E1
1.348147167E1,1.262249756E1,3.012518692E1,-2.908022308E1,4.373229592E1
1.349140167E1,1.261357880E1,3.028884125E1,-2.927384949E1,4.397129220E1
1.350133267E1,1.248479462E1,3.037633133E1,-2.911986542E1,4.389257527E1
1.351126267E1,1.249406433E1,3.013079071E1,-2.914434052E1,4.374195671E1
1.352119267E1,1.231262970E1,3.032142639E1,-2.892747498E1,4.367823894E1
1.353112267E1,1.246290588E1,3.020995712E1,-2.923052216E1,4.384505625E1
1.354105367E1,1.215292358E1,3.010983276E1,-2.929620361E1,4.373286095E1
1.355098367E1,1.249265289E1,3.024731445E1,-2.947632599E1,4.404338999E1
1.356091367E1,1.232649231E1,3.033150482E1,-2.923146057E1,4.389101143E1
1.357084367E1,1.215338898E1,3.041252518E1,-2.957541656E1,4.412858276E1
1.358077367E1,1.216313171E1,3.035787201E1,-2.926020813E1,4.388282062E1
1.359070467E1,1.248684692E1,3.038101578E1,-2.918491364E1,4.393957953E1
1.360063467E1,1.251834869E1,3.043628693E1,-2.903432465E1,4.388699834E1
1.361056467E1,1.258966827E1,3.043619919E1,-2.888074493E1,4.380592878E1
1.362049467E1,1.265070343E1,3.020149231E1,-2.881419373E1,4.361683385E1
1.363042467E1,1.280992889E1,3.018704605E1,-2.897017670E1,4.375640714E1
1.364035567E1,1.257400513E1,3.036467361E1,-2.884030151E1,4.372507290E1
1.365028567E1,1.254248047E1,3.031241989E1,-2.901325989E1,4.379413049E1
1.366021567E1,1.233636475E1,3.041625977E1,-2.905118561E1,4.383270626E1
1.367014567E1,1.260649109E1,3.007017517E1,-2.900035858E1,4.363668010E1
1.368007567E1,1.219906616E1,3.036523819E1,-2.886270905E1,4.363394182E1
1.369000667E1,1.225048828E1,3.037628937E1,-2.922386169E1,4.389564342E1
1.369993667E1,1.236337280E1,3.047879028E1,-2.922306824E1,4.399769723E1
1.370986667E1,1.243881226E1,3.047753906E1,-2.966230011E1,4.431090707E1
1.371979667E1,1.219402313E1,3.024054718E1,-2.927198792E1,4.381819451E1
1.372972767E1,1.254504395E1,3.020086670E1,-2.916423798E1,4.381806994E1
1.373965767E1,1.234653473E1,3.016368103E1,-2.929042816E1,4.382024367E1
1.374958767E1,1.241010284E1,3.021898651E1,-2.894731903E1,4.364796762E1
1.375951767E1,1.217519379E1,3.026725769E1,-2.930690002E1,4.385472176E1
1.376944767E1,1.217107391E1,3.035581207E1,-2.949612427E1,4.404125014E1
1.377937867E1,1.219003296E1,3.039977264E1,-2.931549072E1,4.395612672E1
1.378930867E1,1.241867065E1,3.014500427E1,-2.946527100E1,4.394481606E1
1.379923867E1,1.227030945E1,3.031550598E1,-2.943952942E1,4.400313954E1
1.380916867E1,1.224275970E1,3.030434418E1,-2.924008942E1,4.385454675E1
1.381909867E1,1.240245819E1,2.994431305E1,-2.885237885E1,4.339288672E1
1.382902967E1,1.254656219E1,3.013728714E1,-2.913565063E1,4.375566748E1
1.383895967E1,1.241847229E1,3.029804993E1,-2.927779388E1,4.392470260E1
1.384888967E1,1.234242249E1,3.034115219E1,-2.914603424E1,4.384532154E1
1.385881967E1,1.238256073E1,3.053617477E1,-2.923506165E1,4.405081849E1
1.386875067E1,1.241647339E1,3.022886658E1,-2.907588959E1,4.374197688E1
1.387868067E1,1.239483643E1,3.007155991E1,-2.901722717E1,4.358818829E1
1.388861067E1,1.259008789E1,3.004405975E1,-2.913172913E1,4.370141281E1
1.389854067E1,1.259085083E1,3.023976135E1,-2.930942535E1,4.395469379E1
1.390847067E1,1.248361969E1,3.009377670E1,-2.910766602E1,4.368904185E1
1.391840167E1,1.252821350E1,3.008971405E1,-2.936229706E1,4.386902681E1
1.392833167E1,1.235696411E1,3.032262802E1,-2.935092163E1,4.397309328E1
1.393826167E1,1.244907379E1,3.066053009E1,-2.939297485E1,4.426052998E1
1.394819167E1,1.240711975E1,3.055030060E1,-2.935908508E1,4.414989654E1
1.395812167E1,1.267951965E1,3.063264084E1,-2.907802582E1,4.409830483E1
1.396805267E1,1.240062714E1,3.040856552E1,-2.924134827E1,4.397172795E1
1.397798267E1,1.242532349E1,3.038794327E1,-2.968648529E1,4.426175741E1
1.398791267E1,1.236718750E1,3.036895370E1,-2.965305328E1,4.421000164E1
1.399784267E1,1.233974457E1,3.039616394E1,-2.930724335E1,4.398989192E1
1.400777267E1,1.222829437E1,3.050497055E1,-2.928978729E1,4.402244940E1
1.401770367E1,1.255812836E1,3.041831589E1,-2.953067017E1,4.421584569E1
1.402763367E1,1.231771851E1,3.025879669E1,-2.935451508E1,4.392047953E1
1.403756367E1,1.249066925E1,2.992319489E1,-2.945070648E1,4.380363595E1
1.404749367E1,1.220254517E1,3.003837967E1,-2.957474518E1,4.388475719E1
1.405742467E1,1.226039124E1,3.005674362E1,-2.951060486E1,4.387027273E1
1.406735467E1,1.183183289E1,3.030308151E1,-2.945388031E1,4.388393879E1
1.407728467E1,1.230641937E1,3.036027908E1,-2.946984863E1,4.406434480E1
1.408721467E1,1.226105499E1,3.018717575E1,-2.950202179E1,4.395416179E1
1.409714467E1,1.239058685E1,3.016274261E1,-2.963037109E1,4.405992029E1
1.410707567E1,1.225620270E1,3.027296066E1,-2.955013275E1,4.404403475E1
1.411700567E1,1.234749603E1,3.006255341E1,-2.954968262E1,4.392495325E1
1.412693567E1,1.223599243E1,3.007582855E1,-2.957166290E1,4.391762995E1
1.413686567E1,1.227825928E1,3.018531418E1,-2.946459961E1,4.393257872E1
1.414679567E1,1.218345642E1,3.017283630E1,-2.965446472E1,4.402526478E1
1.415672667E1,1.217401123E1,2.996435547E1,-2.992645264E1,4.406429071E1
1.416665667E1,1.201849365E1,3.004269409E1,-2.974713898E1,4.395338366E1
1.417658667E1,1.235437775E1,2.996105957E1,-2.974193573E1,4.398725362E1
1.418651667E1,1.212602997E1,3.011024475E1,-2.969315338E1,4.399262210E1
1.419644767E1,1.215004730E1,3.001210403E1,-2.983718109E1,4.402961973E1
1.420637767E1,1.218150330E1,3.027209473E1,-2.952446747E1,4.400548740E1
1.421630767E1,1.231428528E1,3.001261520E1,-2.927522278E1,4.369710931E1
1.422623767E1,1.208306122E1,2.989563751E1,-2.907500458E1,4.341780052E1
1.423616767E1,1.236967468E1,2.982265472E1,-2.903913116E1,4.342431030E1
1.424609867E1,1.222850800E1,2.995631027E1,-2.937204742E1,4.369936044E1
1.425602867E1,1.260822296E1,2.991344070E1,-2.957147217E1,4.391187980E1
1.426595867E1,1.235901642E1,2.982588577E1,-2.948563385E1,4.372335020E1
1.427588867E1,1.257498169E1,2.978950500E1,-2.949421692E1,4.376589545E1
1.428581867E1,1.238952637E1,2.985778046E1,-2.906586456E1,4.347196683E1
1.429574967E1,1.279181671E1,2.978193665E1,-2.931530762E1,4.370333609E1
1.430567967E1,1.258680725E1,3.008473969E1,-2.934975433E1,4.387399410E1
1.431560967E1,1.264887238E1,3.000722504E1,-2.967545319E1,4.405746303E1
1.432553967E1,1.220518494E1,3.002402496E1,-2.938475037E1,4.374782473E1
1.433546967E1,1.263327026E1,2.978642654E1,-2.949340057E1,4.378003428E1
1.434540042E1,1.223600769E1,3.000339508E1,-2.925168610E1,4.365300379E1
1.435533042E1,1.265171051E1,3.002137375E1,-2.969440460E1,4.408067973E1
1.436526042E1,1.246044922E1,3.001053238E1,-2.937735748E1,4.380552455E1
1.437519042E1,1.265435791E1,2.985412979E1,-2.989379120E1,4.410261434E1
1.438512142E1,1.252333069E1,2.986751556E1,-2.945111847E1,4.377522903E1
1.439505142E1,1.283544159E1,3.013824463E1,-2.945227814E1,4.405109576E1
1.440498142E1,1.271135712E1,3.018169403E1,-2.928088379E1,4.393043831E1
1.441491142E1,1.292945099E1,3.007143021E1,-2.946009827E1,4.403815400E1
1.442484142E1,1.269909668E1,3.020441055E1,-2.936531830E1,4.399881126E1
1.443477242E1,1.292472839E1,3.016400146E1,-2.953820801E1,4.415225159E1
1.444470242E1,1.267342377E1,3.023965454E1,-2.934964752E1,4.400516091E1
1.445463242E1,1.263935089E1,3.029761124E1,-2.940445709E1,4.407176573E1
1.446456242E1,1.252431488E1,3.021939087E1,-2.940628052E1,4.398635449E1
1.447449242E1,1.247521210E1,3.013655472E1,-2.950707245E1,4.398306687E1
1.448442342E1,1.226625061E1,3.020967102E1,-2.937535858E1,4.388618027E1
1.449435342E1,1.278839874E1,3.016662216E1,-2.946105194E1,4.406270324E1
1.450428342E1,1.262718964E1,3.027128220E1,-2.948291779E1,4.410259499E1
1.451421342E1,1.280832672E1,3.017108154E1,-2.916516113E1,4.387429793E1
1.452414342E1,1.267819977E1,3.024118042E1,-2.894213867E1,4.373686241E1
1.453407442E1,1.269007111E1,3.009891891E1,-2.919160461E1,4.380790573E1
1.454400442E1,1.272105408E1,3.013948059E1,-2.901866913E1,4.372981437E1
1.455393442E1,1.262519836E1,3.005162430E1,-2.959978485E1,4.403002407E1
1.456386442E1,1.250483704E1,2.993486023E1,-2.942471313E1,4.379817975E1
1.457379542E1,1.280084229E1,2.987978363E1,-2.967166138E1,4.401216334E1
1.458372542E1,1.244724274E1,2.997933578E1,-2.948885345E1,4.385529505E1
1.459365542E1,1.243816376E1,3.015640259E1,-2.946604156E1,4.395866399E1
1.460358542E1,1.236080933E1,3.024430466E1,-2.951586151E1,4.403059904E1
1.461351542E1,1.247573090E1,3.008367157E1,-2.955954742E1,4.398224642E1
1.462344642E1,1.231542206E1,3.024455261E1,-2.940375519E1,4.394295623E1
1.463337642E1,1.236182404E1,3.005138779E1,-2.928822327E1,4.374586407E1
1.464330642E1,1.248905182E1,2.996774673E1,-2.934857178E1,4.376506512E1
1.465323642E1,1.248894501E1,3.010271454E1,-2.946796417E1,4.393754752E1
1.466316642E1,1.225233459E1,2.993889999E1,-2.944496155E1,4.374315028E1
1.467309742E1,1.238782501E1,3.013445663E1,-2.978273773E1,4.414244162E1
1.468302742E1,1.231574249E1,3.005132675E1,-2.946348572E1,4.385039046E1
1.469295742E1,1.219049072E1,3.023849106E1,-2.950105286E1,4.396915425E1
1.470288742E1,1.241888428E1,3.035294342E1,-2.969294739E1,4.424026430E1
1.471281842E1,1.256752014E1,3.020423508E1,-2.952214813E1,4.406580998E1
1.472274842E1,1.259957886E1,3.009051132E1,-2.940338135E1,4.391750327E1
1.473267842E1,1.258131409E1,3.010428619E1,-2.921465302E1,4.379558725E1
1.474260842E1,1.238569641E1,3.005381012E1,-2.953476715E1,4.391969318E1
1.475253842E1,1.264246368E1,2.998352051E1,-2.968817139E1,4.404805229E1
1.476246942E1,1.267453766E1,2.997058868E1,-2.946562958E1,4.389878606E1
1.477239942E1,1.253954315E1,2.994719696E1,-2.963330841E1,4.395688473E1
1.478232942E1,1.254907990E1,2.976282120E1,-2.953057861E1,4.376482612E1
1.479225942E1,1.248480988E1,2.986125183E1,-2.952953339E1,4.381276276E1
1.480218942E1,1.224477386E1,2.988200760E1,-2.924856567E1,4.357002937E1
1.481212042E1,1.255956268E1,2.986787415E1,-2.928192139E1,4.367222734E1
1.482205042E1,1.240124512E1,2.997689819E1,-2.949124146E1,4.384220145E1
1.483198042E1,1.258544922E1,3.003746414E1,-2.951137543E1,4.394956272E1
1.484191042E1,1.269007874E1,2.987105179E1,-2.953266144E1,4.388047316E1
1.485184042E1,1.254548645E1,2.984888458E1,-2.978993988E1,4.399756424E1
1.486177142E1,1.255491638E1,3.003262329E1,-2.962474060E1,4.401374379E1
1.487170142E1,1.250610352E1,3.007464600E1,-2.951915741E1,4.395756603E1
1.488163142E1,1.253324127E1,3.015611649E1,-2.973145294E1,4.416370447E1
1.489156142E1,1.273660278E1,3.001064301E1,-2.975540161E1,4.413891332E1
1.490149142E1,1.247605896E1,2.992097855E1,-2.949760437E1,4.382950682E1
1.491142242E1,1.258432007E1,3.012678146E1,-2.938272858E1,4.392417115E1
1.492135242E1,1.249562836E1,2.979946136E1,-2.941610718E1,4.369732243E1
1.493128242E1,1.289041138E1,2.996627045E1,-2.974027252E1,4.414322009E1
1.494121242E1,1.246144867E1,3.005720139E1,-2.983538055E1,4.414604162E1
1.495114342E1,1.284318542E1,3.004284286E1,-2.947634125E1,4.400425562E1
1.496107342E1,1.257716370E1,3.003974152E1,-2.955585480E1,4.397862742E1
1.497100342E1,1.273627472E1,2.991065979E1,-2.976899719E1,4.408008004E1
1.498093342E1,1.237744904E1,2.970999527E1,-2.967095184E1,4.377499797E1
1.499086342E1,1.263311005E1,2.990219498E1,-2.980755615E1,4.407070612E1
1.500079442E1,1.238608551E1,2.998388290E1,-2.950708008E1,4.385334791E1
1.501072442E1,1.269429016E1,2.996332550E1,-2.947164917E1,4.390357597E1
1.502065442E1,1.232136536E1,2.999425125E1,-2.945338440E1,4.380608411E1
1.503058442E1,1.255464172E1,2.993128967E1,-2.947409821E1,4.384317045E1
1.504051442E1,1.234707642E1,3.004774857E1,-2.939371490E1,4.380990716E1
1.505044542E1,1.220772552E1,3.003125763E1,-2.944937897E1,4.379692819E1
1.506037542E1,1.235317230E1,3.015020752E1,-2.902812195E1,4.363791635E1
1.507030542E1,1.252101135E1,3.007376862E1,-2.930596924E1,4.381834224E1
1.508023542E1,1.234906006E1,3.008817673E1,-2.909862518E1,4.364089425E1
1.509016542E1,1.255581665E1,2.997343445E1,-2.913162231E1,4.364294586E1
1.510009642E1,1.248914337E1,2.984373474E1,-2.910072327E1,4.351412759E1
1.511002642E1,1.279756927E1,2.969478989E1,-2.934656525E1,4.366668315E1
1.511995642E1,1.240914917E1,2.971064758E1,-2.949610138E1,4.366611455E1
1.512988642E1,1.248992920E1,2.991315460E1,-2.976884460E1,4.401112653E1
1.513981742E1,1.225346375E1,2.998395538E1,-2.957225037E1,4.386003814E1
1.514974742E1,1.257153320E1,2.992918015E1,-2.960892487E1,4.393731561E1
1.515967742E1,1.237479401E1,2.983522415E1,-2.956024170E1,4.378451800E1
1.516960742E1,1.255058289E1,2.977117157E1,-2.939128876E1,4.367708372E1
1.517953742E1,1.219797516E1,2.971475601E1,-2.950420380E1,4.361485257E1
1.518946842E1,1.237861633E1,2.970187759E1,-2.943826294E1,4.361241795E1
1.519939842E1,1.215724945E1,2.970691299E1,-2.899573517E1,4.325565919E1
1.520932842E1,1.246733093E1,2.989046860E1,-2.922631073E1,4.362398070E1
1.521925842E1,1.219097137E1,2.989534378E1,-2.930071259E1,4.359911835E1
1.522918842E1,1.233512115E1,2.985501099E1,-2.946008301E1,4.371925646E1
1.523911942E1,1.216213226E1,2.997777939E1,-2.936652374E1,4.369184632E1
1.524904942E1,1.243598938E1,2.988558960E1,-2.943808746E1,4.375389458E1
1.525897942E1,1.191672516E1,2.995272827E1,-2.956088257E1,4.373808464E1
1.526890942E1,1.239868164E1,2.989011002E1,-2.992566681E1,4.407597438E1
1.527883942E1,1.221504211E1,2.981391907E1,-2.989244080E1,4.395037020E1
1.528877042E1,1.243037415E1,2.967624283E1,-2.982941437E1,4.387468007E1
1.529870042E1,1.242670441E1,2.941638947E1,-2.973324585E1,4.363270402E1
1.530863042E1,1.267639923E1,2.941860580E1,-3.008325195E1,4.394482351E1
1.531856042E1,1.232548523E1,2.942803574E1,-2.973697662E1,4.361438584E1
1.532849042E1,1.244713593E1,2.955857849E1,-3.001056671E1,4.392351158E1
1.533842142E1,1.215412140E1,2.949298859E1,-3.007383728E1,4.384056035E1
1.534835125E1,1.219264984E1,2.950155640E1,-2.984842682E1,4.370275876E1
1.535828125E1,1.216960144E1,2.951300049E1,-2.966043091E1,4.357588276E1
1.536821125E1,1.212366486E1,2.959179688E1,-3.020266724E1,4.398702991E1
1.537814225E1,1.185086823E1,2.991873550E1,-2.997769165E1,4.397994780E1
1.538807225E1,1.200766754E1,2.977919769E1,-3.007231903E1,4.399237510E1
1.539800225E1,1.213050842E1,2.976560593E1,-2.985137939E1,4.386622143E1
1.540793225E1,1.241680145E1,2.971219254E1,-3.026432800E1,4.419186456E1
1.541786225E1,1.218276978E1,2.958386612E1,-3.028874207E1,4.405715504E1
1.542779325E1,1.241670227E1,2.960541534E1,-2.998346710E1,4.392793431E1
1.543772325E1,1.208692169E1,2.968962097E1,-2.983792114E1,4.379347905E1
1.544765325E1,1.223593903E1,2.970737457E1,-3.019036865E1,4.408746610E1
1.545758325E1,1.207364655E1,2.945881653E1,-2.998358154E1,4.373339656E1
1.546751325E1,1.225204468E1,2.951980972E1,-2.967137146E1,4.361103128E1
1.547744425E1,1.218560028E1,2.986941910E1,-2.979198456E1,4.391165444E1
1.548737425E1,1.238577271E1,2.969131470E1,-2.982955933E1,4.387236196E1
1.549730425E1,1.219944000E1,2.940484238E1,-2.960539246E1,4.347355925E1
1.550723425E1,1.240466309E1,2.971643829E1,-3.031993866E1,4.422941387E1
1.551716425E1,1.229542542E1,2.945439911E1,-3.002001190E1,4.381712254E1
1.552709525E1,1.218701935E1,2.957840347E1,-2.992612457E1,4.380614483E1
1.553702525E1,1.221231842E1,2.963915253E1,-2.978890991E1,4.376070426E1
1.554695525E1,1.216304779E1,2.979313278E1,-2.965264130E1,4.375899483E1
1.555688525E1,1.222895050E1,3.003884888E1,-2.957101440E1,4.388991416E1
1.556681625E1,1.221718597E1,3.008134842E1,-2.947303772E1,4.384982450E1
1.557674625E1,1.198946381E1,3.012469864E1,-2.914927673E1,4.359959913E1
1.558667625E1,1.244761658E1,3.010671234E1,-2.965487671E1,4.405415984E1
1.559660625E1,1.232054138E1,2.997056961E1,-2.955745697E1,4.385970868E1
1.560653625E1,1.223480988E1,3.011643219E1,-2.929637909E1,4.376034607E1
1.561646725E1,1.220153046E1,3.039123154E1,-2.935652924E1,4.398079250E1
1.562639725E1,1.189548492E1,3.029368210E1,-2.947994232E1,4.391214793E1
1.563632725E1,1.205779266E1,3.026016617E1,-2.918470764E1,4.373574260E1
1.564625725E1,1.191476440E1,3.032217026E1,-2.939865875E1,4.388253361E1
1.565618725E1,1.215049744E1,3.054967880E1,-2.960581970E1,4.424276238E1
1.566611825E1,1.207109070E1,3.037393951E1,-2.907039642E1,4.374214650E1
1.567604825E1,1.192931366E1,3.056909561E1,-2.926064301E1,4.396547919E1
1.568597825E1,1.187986755E1,3.070458603E1,-2.933193207E1,4.409382151E1
1.569590825E1,1.181130219E1,3.036746597E1,-2.944469452E1,4.391673809E1
1.570583825E1,1.175513458E1,3.047754669E1,-2.895925903E1,4.365435517E1
1.571576925E1,1.179781342E1,3.047086716E1,-2.900349426E1,4.369055763E1
1.572569925E1,1.158924866E1,3.073559952E1,-2.904222870E1,4.384562475E1
1.573562925E1,1.181733704E1,3.054632950E1,-2.905775452E1,4.378448125E1
1.574555925E1,1.167613983E1,3.083447266E1,-2.875242615E1,4.374698795E1
1.575548925E1,1.182923126E1,3.084802628E1,-2.895394135E1,4.393019641E1
1.576542025E1,1.183702087E1,3.091731262E1,-2.892751312E1,4.396357923E1
1.577535025E1,1.203728485E1,3.088492966E1,-2.894474030E1,4.400651199E1
1.578528025E1,1.206542206E1,3.122027588E1,-2.859535217E1,4.402242839E1
1.579521025E1,1.220310211E1,3.104990387E1,-2.844139099E1,4.383976452E1
1.580514025E1,1.208841705E1,3.090335846E1,-2.812358856E1,4.349808760E1
1.581507125E1,1.231977844E1,3.062968445E1,-2.825080109E1,4.345183854E1
1.582500125E1,1.228491211E1,3.062124252E1,-2.814731598E1,4.336877859E1
1.583493125E1,1.230902863E1,3.065371323E1,-2.829530334E1,4.349467222E1
1.584486125E1,1.205469513E1,3.083689117E1,-2.826513672E1,4.353329169E1
1.585479225E1,1.203871155E1,3.046526718E1,-2.843381500E1,4.337677853E1
1.586472225E1,1.170120239E1,3.039781570E1,-2.843064880E1,4.323479072E1
1.587465225E1,1.129991150E1,3.043881989E1,-2.847152710E1,4.318376560E1
1.588458225E1,1.119883728E1,3.076800156E1,-2.787599945E1,4.300180486E1
1.589451225E1,1.135234833E1,3.079526520E1,-2.791492462E1,4.308674028E1
1.590444325E1,1.132064056E1,3.078123856E1,-2.787349701E1,4.304153094E1
1.591437325E1,1.134318542E1,3.076025009E1,-2.781504059E1,4.299461971E1
1.592430325E1,1.125469208E1,3.085673523E1,-2.767473602E1,4.294993850E1
1.593423325E1,1.147521210E1,3.110005951E1,-2.777802277E1,4.324942477E1
1.594416325E1,1.104586792E1,3.093003082E1,-2.767755127E1,4.295026017E1
1.595409425E1,1.146379852E1,3.105921173E1,-2.767332458E1,4.314981116E1
1.596402425E1,1.127056885E1,3.118881607E1,-2.745217133E1,4.305101254E1
1.597395425E1,1.155166626E1,3.109518051E1,-2.764907074E1,4.318358898E1
1.598388425E1,1.135148621E1,3.101657104E1,-2.754654694E1,4.300809420E1
1.599381425E1,1.184164429E1,3.082385635E1,-2.749514008E1,4.296879551E1
1.600374525E1,1.163768768E1,3.088434601E1,-2.736585236E1,4.287386708E1
1.601367525E1,1.205533600E1,3.084584427E1,-2.754812622E1,4.307779582E1
1.602360525E1,1.216868591E1,3.093613434E1,-2.741719055E1,4.309087679E1
1.603353525E1,1.225420380E1,3.089526367E1,-2.815657043E1,4.356001936E1
1.604346525E1,1.198828125E1,3.095067978E1,-2.816773987E1,4.353257442E1
1.605339625E1,1.216788483E1,3.100866318E1,-2.799830627E1,4.351436277E1
1.606332625E1,1.178490448E1,3.098638153E1,-2.776261139E1,4.324121188E1
1.607325625E1,1.163662720E1,3.104681396E1,-2.785736084E1,4.330529186E1
1.608318625E1,1.142207336E1,3.112005615E1,-2.755945587E1,4.310968873E1
1.609311625E1,1.157454681E1,3.135799789E1,-2.765290833E1,4.338176466E1
1.610304725E1,1.118695068E1,3.133808517E1,-2.729405975E1,4.303706711E1
1.611297725E1,1.128935242E1,3.164381790E1,-2.726085663E1,4.326586407E1
1.612290725E1,1.135269928E1,3.147073746E1,-2.653942871E1,4.270400887E1
1.613283725E1,1.148625183E1,3.152684784E1,-2.683094788E1,4.296249387E1
1.614276825E1,1.112118530E1,3.158705139E1,-2.615889740E1,4.249365237E1
1.615269825E1,1.106041718E1,3.173112488E1,-2.634780884E1,4.270133657E1
1.616262825E1,1.085337067E1,3.195732117E1,-2.587808990E1,4.252930246E1
1.617255825E1,1.109122467E1,3.229937744E1,-2.556771851E1,4.266114482E1
1.618248825E1,1.098567963E1,3.262931824E1,-2.499403381E1,4.254479159E1
1.619241925E1,1.135373688E1,3.258379364E1,-2.493441772E1,4.257154139E1
1.620234925E1,1.141844177E1,3.243987656E1,-2.475388336E1,4.237311819E1
1.621227925E1,1.165577698E1,3.250272751E1,-2.414670563E1,4.213487659E1
1.622220925E1,1.173058319E1,3.268457413E1,-2.424172211E1,4.235031356E1
1.623213925E1,1.225873566E1,3.264326096E1,-2.423445129E1,4.246372234E1
1.624207025E1,1.206990814E1,3.247459412E1,-2.405730438E1,4.217861828E1
1.625200025E1,1.250300598E1,3.244043350E1,-2.386520386E1,4.216935901E1
1.626193025E1,1.219152832E1,3.225473404E1,-2.358480835E1,4.177612255E1
1.627186025E1,1.235222626E1,3.236766434E1,-2.383006287E1,4.204896056E1
1.628179025E1,1.240391541E1,3.228487015E1,-2.405530548E1,4.212870375E1
1.629172125E1,1.218700409E1,3.210905075E1,-2.405873108E1,4.193252616E1
1.630165125E1,1.212432098E1,3.213830185E1,-2.413632965E1,4.198132935E1
1.631158125E1,1.221497345E1,3.238601685E1,-2.435912323E1,4.232524717E1
1.632151125E1,1.203121948E1,3.219984055E1,-2.402858734E1,4.193987343E1
1.633144125E1,1.225200653E1,3.207081223E1,-2.419342804E1,4.199965025E1
1.634137225E1,1.223229980E1,3.208679199E1,-2.427661133E1,4.205407515E1
1.635130217E1,1.232167816E1,3.203970718E1,-2.454099274E1,4.219747520E1
1.636123217E1,1.204675293E1,3.192730713E1,-2.478811646E1,4.217733887E1
1.637116217E1,1.239585876E1,3.172259521E1,-2.496021271E1,4.222549680E1
1.638109217E1,1.223065948E1,3.169137955E1,-2.472708893E1,4.201620516E1
1.639102317E1,1.205157471E1,3.176665878E1,-2.455764008E1,4.192181710E1
1.640095317E1,1.229817963E1,3.178466797E1,-2.444697571E1,4.194240052E1
1.641088317E1,1.252503967E1,3.175331116E1,-2.448983765E1,4.201073120E1
1.642081317E1,1.247028351E1,3.194118118E1,-2.436261749E1,4.206285959E1
1.643074417E1,1.257340240E1,3.187417984E1,-2.435948181E1,4.204091035E1
1.644067417E1,1.305966949E1,3.167967987E1,-2.422908783E1,4.196672231E1
1.645060417E1,1.323210144E1,3.169160080E1,-2.393141937E1,4.185879720E1
1.646053417E1,1.320199585E1,3.183153152E1,-2.402525330E1,4.200895011E1
1.647046417E1,1.316966248E1,3.174747086E1,-2.419390106E1,4.203197312E1
1.648039517E1,1.303332520E1,3.182770538E1,-2.402653503E1,4.195407944E1
1.649032517E1,1.320708466E1,3.176078033E1,-2.411108398E1,4.200617364E1
1.650025517E1,1.316352081E1,3.203115845E1,-2.435271454E1,4.233589608E1
1.651018517E1,1.339179230E1,3.190652466E1,-2.417862701E1,4.221341518E1
1.652011517E1,1.313273621E1,3.184553146E1,-2.431354523E1,4.216343340E1
1.653004617E1,1.331951904E1,3.182241821E1,-2.435131836E1,4.222632584E1
1.653997617E1,1.339594269E1,3.174935150E1,-2.439382935E1,4.222003685E1
1.654990617E1,1.344433594E1,3.171753311E1,-2.407901001E1,4.203035568E1
1.655983617E1,1.349663544E1,3.171572495E1,-2.436417389E1,4.220970678E1
1.656976617E1,1.344107056E1,3.163396072E1,-2.431496429E1,4.210210609E1
1.657969717E1,1.346060181E1,3.165990067E1,-2.461396790E1,4.230111732E1
1.658962717E1,1.342667389E1,3.194722366E1,-2.459786987E1,4.249653955E1
1.659955717E1,1.373206329E1,3.217238998E1,-2.458541870E1,4.275599434E1
1.660948717E1,1.348493195E1,3.197074890E1,-2.432016754E1,4.237266482E1
1.661941717E1,1.370989227E1,3.176306534E1,-2.397305298E1,4.208991251E1
1.662934817E1,1.377090454E1,3.173399734E1,-2.391913605E1,4.205721661E1
1.663927817E1,1.375234985E1,3.181523514E1,-2.431320190E1,4.233754953E1
1.664920817E1,1.339882660E1,3.191021729E1,-2.400130463E1,4.211713600E1
1.665913817E1,1.351756287E1,3.196985626E1,-2.370742798E1,4.203377638E1
1.666906817E1,1.350004578E1,3.194062424E1,-2.378531647E1,4.204992262E1
1.667899917E1,1.365519714E1,3.182682419E1,-2.387007904E1,4.206176197E1
1.668892917E1,1.366764069E1,3.215162659E1,-2.386146545E1,4.230722193E1
1.669885917E1,1.370560455E1,3.206322479E1,-2.422249603E1,4.245731144E1
1.670878917E1,1.340592957E1,3.212865448E1,-2.371972656E1,4.212593992E1
1.671871917E1,1.372573853E1,3.203782272E1,-2.395141602E1,4.229052272E1
1.672865017E1,1.377933502E1,3.204049301E1,-2.349132538E1,4.205122631E1
1.673858017E1,1.359365845E1,3.191362381E1,-2.385715485E1,4.210024670E1
1.674851017E1,1.340391541E1,3.202335358E1,-2.367539215E1,4.202004660E1
1.675844017E1,1.382050323E1,3.218793488E1,-2.379912567E1,4.234935471E1
1.676837017E1,1.352500916E1,3.209274673E1,-2.370128632E1,4.212625356E1
1.677830117E1,1.357716370E1,3.207693100E1,-2.385367584E1,4.221690097E1
1.678823117E1,1.331629181E1,3.207721329E1,-2.417591858E1,4.231721020E1
1.679816117E1,1.348760986E1,3.210646057E1,-2.416615295E1,4.238800985E1
1.680809117E1,1.336306000E1,3.196411133E1,-2.387422943E1,4.207439383E1
1.681802117E1,1.349797821E1,3.205278778E1,-2.403531647E1,4.227615236E1
1.682795217E1,1.322031403E1,3.208850479E1,-2.399218750E1,4.219092205E1
1.683788217E1,1.356793213E1,3.230441666E1,-2.420016479E1,4.258300241E1
1.684781217E1,1.319330597E1,3.213668442E1,-2.404953766E1,4.225174635E1
1.685774217E1,1.342290497E1,3.198358536E1,-2.434622192E1,4.237761947E1
1.686767317E1,1.326412964E1,3.235704422E1,-2.398771667E1,4.240667397E1
1.687760317E1,1.363629150E1,3.226976395E1,-2.385358429E1,4.238253879E1
1.688753317E1,1.347206116E1,3.226678848E1,-2.373358154E1,4.226020544E1
1.689746317E1,1.385994720E1,3.209686279E1,-2.381884003E1,4.230418275E1
1.690739317E1,1.351971436E1,3.220021057E1,-2.383536530E1,4.228192138E1
1.691732417E1,1.346905518E1,3.211426163E1,-2.399044800E1,4.228809339E1
1.692725417E1,1.332667542E1,3.214003754E1,-2.425939178E1,4.241580343E1
1.693718417E1,1.357987213E1,3.187661362E1,-2.418635559E1,4.225530996E1
1.694711417E1,1.327998352E1,3.197649384E1,-2.382592773E1,4.203009580E1
1.695704417E1,1.354547119E1,3.201260376E1,-2.400405121E1,4.224311854E1
1.696697517E1,1.322065735E1,3.198433685E1,-2.382740021E1,4.201819350E1
1.697690517E1,1.335718536E1,3.183370590E1,-2.386990356E1,4.197107967E1
1.698683517E1,1.308606720E1,3.174030685E1,-2.387306213E1,4.181644807E1
1.699676517E1,1.334080505E1,3.207596970E1,-2.396662140E1,4.220478471E1
1.700669517E1,1.307103729E1,3.202481461E1,-2.383779907E1,4.200811149E1
1.701662617E1,1.328377533E1,3.179112625E1,-2.393647766E1,4.195341891E1
1.702655617E1,1.330842590E1,3.191409683E1,-2.420699310E1,4.220903093E1
1.703648617E1,1.338551331E1,3.188050079E1,-2.378215027E1,4.196580714E1
1.704641617E1,1.322399902E1,3.197266388E1,-2.373004150E1,4.195521726E1
1.705634617E1,1.336858368E1,3.202607727E1,-2.384560394E1,4.210702414E1
1.706627717E1,1.343027496E1,3.180293655E1,-2.392984009E1,4.200519379E1
1.707620717E1,1.369184113E1,3.186592484E1,-2.390959930E1,4.212567647E1
1.708613717E1,1.319532013E1,3.201376343E1,-2.409931183E1,4.218737196E1
1.709606717E1,1.358181000E1,3.196881866E1,-2.401066589E1,4.222538344E1
1.710599717E1,1.339662933E1,3.195978928E1,-2.386051941E1,4.207400854E1
1.711592817E1,1.360024261E1,3.227516174E1,-2.384135437E1,4.236818196E1
1.712585817E1,1.331545258E1,3.213096619E1,-2.386739349E1,4.218237473E1
1.713578817E1,1.345500946E1,3.218453598E1,-2.405281067E1,4.237238885E1
1.714571817E1,1.343560791E1,3.226025772E1,-2.385132599E1,4.230987520E1
1.715564817E1,1.342732239E1,3.205551910E1,-2.392016602E1,4.219032631E1
1.716557917E1,1.303456879E1,3.195777893E1,-2.389830780E1,4.198009925E1
1.717550917E1,1.308941650E1,3.195621109E1,-2.385968781E1,4.197400331E1
1.718543917E1,1.321395874E1,3.187248993E1,-2.383470917E1,4.193516044E1
1.719536917E1,1.333244324E1,3.171262360E1,-2.409351349E1,4.199930869E1
1.720529917E1,1.334306335E1,3.172894287E1,-2.407820129E1,4.200622493E1
1.721523017E1,1.333850098E1,3.177849579E1,-2.413155365E1,4.207279744E1
1.722516017E1,1.332177734E1,3.168887711E1,-2.399230194E1,4.191998612E1
1.723509017E1,1.333413696E1,3.178197098E1,-2.383932495E1,4.190711517E1
1.724502017E1,1.311821747E1,3.162162781E1,-2.405202484E1,4.183915479E1
1.725495117E1,1.341693878E1,3.164017868E1,-2.376827240E1,4.178571438E1
1.726488117E1,1.330487061E1,3.158762741E1,-2.390217590E1,4.178650261E1
1.727481117E1,1.326321411E1,3.194679260E1,-2.375235748E1,4.196051587E1
1.728474117E1,1.319120026E1,3.186556244E1,-2.397770691E1,4.200419339E1
1.729467117E1,1.331789398E1,3.168946457E1,-2.375725555E1,4.178511285E1
1.730460217E1,1.336969757E1,3.178302383E1,-2.382729340E1,4.191240064E1
1.731453217E1,1.345801544E1,3.165964127E1,-2.400104523E1,4.194640910E1
1.732446217E1,1.326451111E1,3.195849991E1,-2.360498810E1,4.188661402E1
1.733439217E1,1.326451111E1,3.195849991E1,-2.360498810E1,4.188661402E1
1.734432217E1,1.342517090E1,3.175400162E1,-2.392364502E1,4.196299112E1
1.735425317E1,1.343845367E1,3.178014755E1,-2.383956146E1,4.193917627E1
1.736418317E1,1.346595001E1,3.184923172E1,-2.374873352E1,4.194887024E1
1.737411317E1,1.328581238E1,3.198048782E1,-2.399342346E1,4.213014101E1
1.738404317E1,1.309137726E1,3.177160263E1,-2.417192841E1,4.201310528E1
1.739397317E1,1.312382507E1,3.179322433E1,-2.424549866E1,4.208192134E1
1.740390417E1,1.327288055E1,3.179272079E1,-2.408009338E1,4.203328861E1
1.741383417E1,1.316586304E1,3.166339493E1,-2.408813477E1,4.190642868E1
1.742376417E1,1.330473328E1,3.159911346E1,-2.404757690E1,4.187846528E1
1.743369417E1,1.347739410E1,3.148726654E1,-2.422407532E1,4.195108975E1
1.744362417E1,1.336502075E1,3.133021927E1,-2.404520416E1,4.169386361E1
1.745355517E1,1.336990356E1,3.163386154E1,-2.416645050E1,4.199372390E1
1.746348517E1,1.315231323E1,3.166931534E1,-2.429086304E1,4.202350419E1
1.747341517E1,1.335691071E1,3.167438126E1,-2.445385742E1,4.218607157E1
1.748334517E1,1.333011627E1,3.169909668E1,-2.451427460E1,4.223120161E1
1.749327517E1,1.338648224E1,3.168093872E1,-2.395213318E1,4.191162689E1
1.750320617E1,1.332857513E1,3.155689621E1,-2.413185120E1,4.190268316E1
1.751313617E1,1.330944824E1,3.147371292E1,-2.403338623E1,4.177726261E1
1.752306617E1,1.312593079E1,3.158289719E1,-2.423020935E1,4.191506291E1
1.753299617E1,1.338307953E1,3.181296158E1,-2.431172180E1,4.221647971E1
1.754292617E1,1.316297150E1,3.174034119E1,-2.466502380E1,4.229747601E1
1.755285717E1,1.330091095E1,3.173913574E1,-2.474700928E1,4.238751512E1
1.756278717E1,1.307917023E1,3.169509506E1,-2.477336884E1,4.230086936E1
1.757271717E1,1.361145782E1,3.189137268E1,-2.475218964E1,4.260284412E1
1.758264717E1,1.330535889E1,3.178756714E1,-2.478242493E1,4.244585474E1
1.759257717E1,1.337993622E1,3.175416946E1,-2.453314972E1,4.229923648E1
1.760250817E1,1.316832733E1,3.152765274E1,-2.461842346E1,4.211252196E1
1.761243817E1,1.355924225E1,3.167192078E1,-2.474458313E1,4.241766154E1
1.762236817E1,1.337673950E1,3.167822647E1,-2.455757904E1,4.225543610E1
1.763229817E1,1.339769745E1,3.174671555E1,-2.469033051E1,4.239062002E1
1.764222817E1,1.303043365E1,3.165220261E1,-2.472484589E1,4.222525471E1
1.765215917E1,1.336644745E1,3.160546875E1,-2.486840057E1,4.237929824E1
1.766208917E1,1.318711090E1,3.161882401E1,-2.462128448E1,4.218835829E1
1.767201917E1,1.328919220E1,3.146785736E1,-2.466448975E1,4.213271568E1
1.768194917E1,1.314493561E1,3.115252686E1,-2.452442169E1,4.176980394E1
1.769187917E1,1.327036285E1,3.121927261E1,-2.477731323E1,4.200786550E1
1.770181017E1,1.300431061E1,3.129554367E1,-2.492041779E1,4.206602395E1
1.771174017E1,1.331988525E1,3.125670242E1,-2.493288422E1,4.214320236E1
1.772167017E1,1.297338104E1,3.161343002E1,-2.477098083E1,4.220567574E1
1.773160017E1,1.328520966E1,3.160835266E1,-2.475469971E1,4.228924108E1
1.774153017E1,1.326674652E1,3.153144455E1,-2.472310638E1,4.220747029E1
1.775146117E1,1.348880768E1,3.163629913E1,-2.482496643E1,4.241559046E1
1.776139117E1,1.304208374E1,3.185887527E1,-2.460713196E1,4.231542066E1
1.777132117E1,1.358644104E1,3.178707123E1,-2.447351837E1,4.235519306E1
1.778125117E1,1.345347595E1,3.158313751E1,-2.433441925E1,4.207914627E1
1.779118117E1,1.370409393E1,3.196895218E1,-2.449369812E1,4.254124283E1
1.780111217E1,1.329374695E1,3.182356644E1,-2.447495270E1,4.229050009E1
1.781104217E1,1.362805939E1,3.173302078E1,-2.451126099E1,4.234985863E1
1.782097217E1,1.331068420E1,3.171260071E1,-2.432758331E1,4.212712508E1
1.783090217E1,1.349913025E1,3.161691666E1,-2.467340088E1,4.231586756E1
1.784083317E1,1.332043457E1,3.166884613E1,-2.467670441E1,4.229999448E1
1.785076317E1,1.368032074E1,3.162510681E1,-2.503239441E1,4.259013179E1
1.786069317E1,1.330654907E1,3.138885880E1,-2.479689026E1,4.215697417E1
1.787062317E1,1.362495422E1,3.146206284E1,-2.466658783E1,4.223672964E1
1.788055317E1,1.332313538E1,3.147137070E1,-2.440013123E1,4.199189819E1
1.789048417E1,1.345124817E1,3.159986115E1,-2.464282227E1,4.227003656E1
1.790041417E1,1.320410919E1,3.174387741E1,-2.432854462E1,4.211769623E1
1.791034417E1,1.329797363E1,3.149465179E1,-2.456903839E1,4.209972496E1
1.792027417E1,1.310018921E1,3.136284256E1,-2.476743317E1,4.205554180E1
1.793020417E1,1.340463257E1,3.143097305E1,-2.487287140E1,4.226405060E1
1.794013517E1,1.338013458E1,3.158196640E1,-2.457074738E1,4.219206359E1
1.795006517E1,1.341240692E1,3.134662628E1,-2.511724854E1,4.234831535E1
1.795999517E1,1.335900116E1,3.153232956E1,-2.494898224E1,4.236982929E1
1.796992517E1,1.366373444E1,3.128482819E1,-2.514054871E1,4.239676052E1
1.797985517E1,1.335650635E1,3.141819000E1,-2.521080017E1,4.243917259E1
1.798978617E1,1.370097351E1,3.147844696E1,-2.498412323E1,4.245957739E1
1.799971617E1,1.328046417E1,3.139646912E1,-2.480609131E1,4.215982884E1
1.800964617E1,1.347052002E1,3.127202225E1,-2.506842041E1,4.228262039E1
1.801957617E1,1.336727905E1,3.117716599E1,-2.484601593E1,4.204788147E1
1.802950617E1,1.339186096E1,3.116939163E1,-2.477175140E1,4.200610173E1
1.803943717E1,1.337429810E1,3.107080078E1,-2.442642212E1,4.172429278E1
1.804936717E1,1.327702332E1,3.130215836E1,-2.465941620E1,4.200227700E1
1.805929717E1,1.312272644E1,3.114213181E1,-2.481376648E1,4.192566433E1
1.806922717E1,1.337311554E1,3.106227875E1,-2.470645905E1,4.188215012E1
1.807915717E1,1.301596069E1,3.119769287E1,-2.464252472E1,4.183258655E1
1.808908817E1,1.329576874E1,3.131707382E1,-2.467276001E1,4.202715391E1
1.809901817E1,1.316284180E1,3.158018875E1,-2.488768768E1,4.230798653E1
1.810894817E1,1.315570068E1,3.144200516E1,-2.463074493E1,4.205170323E1
1.811887817E1,1.308769226E1,3.128243637E1,-2.450678253E1,4.183850982E1
1.812880817E1,1.338398743E1,3.132791901E1,-2.443125153E1,4.192201903E1
1.813873917E1,1.320984650E1,3.123059082E1,-2.448725891E1,4.182673423E1
1.814866917E1,1.337345886E1,3.138203430E1,-2.460660553E1,4.206146116E1
1.815859917E1,1.351338959E1,3.123322296E1,-2.451107788E1,4.193946654E1
1.816852917E1,1.349112701E1,3.156089020E1,-2.456455994E1,4.220803126E1
1.817845917E1,1.360658264E1,3.135874939E1,-2.470088196E1,4.217397093E1
1.818839017E1,1.337064362E1,3.138104630E1,-2.458392334E1,4.204656305E1
1.819832017E1,1.320381927E1,3.124320221E1,-2.455134583E1,4.187179372E1
1.820825017E1,1.343207550E1,3.107347870E1,-2.436932373E1,4.171145730E1
1.821818017E1,1.364496613E1,3.112186813E1,-2.476014709E1,4.204545946E1
1.822811017E1,1.347661591E1,3.133529663E1,-2.491184235E1,4.223884326E1
1.823804117E1,1.365673828E1,3.120221329E1,-2.474678040E1,4.210092344E1
1.824797117E1,1.369710541E1,3.116341019E1,-2.487356567E1,4.215997036E1
1.825790117E1,1.377572632E1,3.127069473E1,-2.497367859E1,4.232388932E1
1.826783117E1,1.380005646E1,3.139801025E1,-2.487967682E1,4.237068473E1
1.827776117E1,1.369843292E1,3.143180084E1,-2.491932678E1,4.238605922E1
1.828769217E1,1.361771393E1,3.133047867E1,-2.487751007E1,4.226028317E1
1.829762217E1,1.384815979E1,3.111526108E1,-2.548589325E1,4.253776859E1
1.830755217E1,1.386682892E1,3.115682602E1,-2.515492249E1,4.237696163E1
1.831748217E1,1.400322723E1,3.125455475E1,-2.498038483E1,4.239053186E1
1.832741217E1,1.350196075E1,3.137429047E1,-2.481637573E1,4.221968203E1
1.833734317E1,1.372483826E1,3.121441650E1,-2.491561127E1,4.223148905E1
1.834727313E1,1.321107483E1,3.135411453E1,-2.466269684E1,4.202215620E1
1.835720313E1,1.303620148E1,3.113368988E1,-2.472077942E1,4.183737718E1
1.836713313E1,1.332655334E1,3.084360886E1,-2.443629456E1,4.154585085E1
1.837706312E1,1.363336945E1,3.110848236E1,-2.482207489E1,4.206829969E1
1.838699413E1,1.347482300E1,3.125502014E1,-2.512617493E1,4.230569472E1
1.839692413E1,1.353315735E1,3.097750854E1,-2.534693146E1,4.225185579E1
1.840685413E1,1.337536621E1,3.102416992E1,-2.493604279E1,4.199054382E1
1.841678413E1,1.358687592E1,3.110554504E1,-2.489430237E1,4.209375749E1
1.842671413E1,1.329940796E1,3.093336105E1,-2.457444000E1,4.168513140E1
1.843664512E1,1.351651764E1,3.096326828E1,-2.452954102E1,4.175067202E1
1.844657512E1,1.337872314E1,3.091204834E1,-2.466491699E1,4.174809092E1
1.845650512E1,1.343785858E1,3.084846878E1,-2.505178833E1,4.194992453E1
1.846643512E1,1.319896698E1,3.083195496E1,-2.456473541E1,4.157220708E1
1.847636512E1,1.340116119E1,3.099137878E1,-2.481208038E1,4.190102640E1
1.848629613E1,1.319419861E1,3.091003799E1,-2.470720673E1,4.171286840E1
1.849622613E1,1.342441559E1,3.096363831E1,-2.495682526E1,4.197386041E1
1.850615613E1,1.323481750E1,3.115151978E1,-2.495894623E1,4.205385328E1
1.851608613E1,1.347216034E1,3.115919876E1,-2.506634521E1,4.219853592E1
1.852601712E1,1.316042328E1,3.127463913E1,-2.490780640E1,4.209155038E1
1.853594712E1,1.340103149E1,3.107851791E1,-2.534901428E1,4.228515633E1
1.854587712E1,1.314571381E1,3.145604324E1,-2.502450562E1,4.229087761E1
1.855580712E1,1.356006622E1,3.135735321E1,-2.539727020E1,4.256971142E1
1.856573712E1,1.326765442E1,3.125672913E1,-2.499243164E1,4.216201381E1
1.857566712E1,1.346636963E1,3.127380753E1,-2.520144653E1,4.236162244E1
1.858559813E1,1.309058380E1,3.140267181E1,-2.476486969E1,4.208075513E1
1.859552813E1,1.329371643E1,3.151836014E1,-2.505306244E1,4.240030495E1
1.860545813E1,1.328182983E1,3.145475388E1,-2.506552124E1,4.235668661E1
1.861538813E1,1.360697174E1,3.136233521E1,-2.518992615E1,4.246502242E1
1.862531813E1,1.347688293E1,3.148630142E1,-2.511050415E1,4.246823483E1
1.863524912E1,1.371596527E1,3.131256485E1,-2.527809906E1,4.251572313E1
1.864517913E1,1.366144562E1,3.132752228E1,-2.520486450E1,4.246567959E1
1.865510913E1,1.349525452E1,3.131040573E1,-2.530580902E1,4.245995021E1
1.866503913E1,1.341636658E1,3.129925919E1,-2.514594269E1,4.233155976E1
1.867497012E1,1.347203064E1,3.125654602E1,-2.524036407E1,4.237385110E1
1.868490012E1,1.324975586E1,3.153372955E1,-2.481117249E1,4.225548970E1
1.869483012E1,1.346620178E1,3.144007111E1,-2.535599518E1,4.257632151E1
1.870476012E1,1.332949066E1,3.142602158E1,-2.470594788E1,4.213850987E1
1.871469012E1,1.347135162E1,3.123009872E1,-2.506221008E1,4.224820416E1
1.872462113E1,1.327069092E1,3.139849854E1,-2.496337128E1,4.225099825E1
1.873455113E1,1.356031036E1,3.114811325E1,-2.560812378E1,4.254248441E1
1.874448113E1,1.322172546E1,3.113716125E1,-2.515629578E1,4.215656595E1
1.875441113E1,1.347023010E1,3.111839294E1,-2.486172485E1,4.204648429E1
1.876434113E1,1.327329254E1,3.144727707E1,-2.479387665E1,4.218824302E1
1.877427212E1,1.354180145E1,3.125592804E1,-2.499472046E1,4.224984586E1
1.878420212E1,1.354029083E1,3.121503830E1,-2.484406281E1,4.213010264E1
1.879413212E1,1.364179230E1,3.131857300E1,-2.518214417E1,4.243927304E1
1.880406212E1,1.339922333E1,3.129299164E1,-2.536316681E1,4.245092157E1
1.881399212E1,1.349388123E1,3.130919266E1,-2.532675171E1,4.247110462E1
1.882392313E1,1.331480408E1,3.128913116E1,-2.469402313E1,4.202485592E1
1.883385313E1,1.334392548E1,3.101571655E1,-2.475440216E1,4.186663883E1
1.884378313E1,1.318184662E1,3.144926071E1,-2.486663818E1,4.220387155E1
1.885371313E1,1.342064667E1,3.124922180E1,-2.522447205E1,4.234266891E1
1.886364313E1,1.336914062E1,3.151164627E1,-2.492156219E1,4.234149305E1
1.887357412E1,1.334331512E1,3.142049026E1,-2.511870575E1,4.238207930E1
1.888350412E1,1.325175476E1,3.132920074E1,-2.498369598E1,4.220560257E1
1.889343412E1,1.344065857E1,3.137944794E1,-2.501147461E1,4.231896641E1
1.890336412E1,1.301061249E1,3.124369812E1,-2.469905090E1,4.189854204E1
1.891329412E1,1.310485840E1,3.111816025E1,-2.485485077E1,4.192661228E1
1.892322513E1,1.306983185E1,3.103147507E1,-2.492070770E1,4.189050754E1
1.893315513E1,1.334130859E1,3.111331940E1,-2.527056885E1,4.224489092E1
1.894308513E1,1.326113892E1,3.133330917E1,-2.498229218E1,4.221076867E1
1.895301513E1,1.352895355E1,3.122864532E1,-2.494648743E1,4.219701539E1
1.896294513E1,1.351298523E1,3.128037643E1,-2.507717133E1,4.230753173E1
1.897287613E1,1.351311493E1,3.131917953E1,-2.530241394E1,4.247007691E1
1.898280613E1,1.318843842E1,3.139471436E1,-2.507228088E1,4.228690419E1
1.899273613E1,1.316516113E1,3.134764862E1,-2.513439941E1,4.228161037E1
1.900266613E1,1.304876709E1,3.150460815E1,-2.510813904E1,4.234653827E1
1.901259613E1,1.331930542E1,3.131077957E1,-2.531357574E1,4.240926704E1
1.902252712E1,1.306928253E1,3.152957153E1,-2.498397827E1,4.229798101E1
1.903245712E1,1.301100922E1,3.159925461E1,-2.517832947E1,4.244699668E1
1.904238712E1,1.320461273E1,3.164645386E1,-2.499553680E1,4.243390978E1
1.905231712E1,1.319474030E1,3.168759155E1,-2.507285309E1,4.250708872E1
1.906224712E1,1.336047363E1,3.149671936E1,-2.489392090E1,4.231138008E1
1.907217813E1,1.326615906E1,3.146031952E1,-2.478043365E1,4.218782493E1
1.908210813E1,1.316683197E1,3.141033554E1,-2.489234161E1,4.218534478E1
1.909203813E1,1.326069641E1,3.136568451E1,-2.522647858E1,4.237956412E1
1.910196813E1,1.364122009E1,3.139358521E1,-2.500275421E1,4.238841582E1
1.911189813E1,1.378320312E1,3.121601105E1,-2.505929565E1,4.233656024E1
1.912182912E1,1.381252289E1,3.106312180E1,-2.525701904E1,4.235115506E1
1.913175912E1,1.349806213E1,3.115257645E1,-2.472455597E1,4.199981391E1
1.914168912E1,1.348673248E1,3.108906937E1,-2.490459442E1,4.205545161E1
1.915161912E1,1.314105225E1,3.117403030E1,-2.468028259E1,4.187629124E1
1.916154912E1,1.343453979E1,3.109100723E1,-2.485700989E1,4.201200460E1
1.917148013E1,1.331175995E1,3.128297806E1,-2.455345154E1,4.193685314E1
1.918141013E1,1.330108643E1,3.135791779E1,-2.500608063E1,4.225567389E1
1.919134013E1,1.317173004E1,3.121208954E1,-2.514253235E1,4.218810186E1
1.920127013E1,1.338130188E1,3.116703796E1,-2.518395233E1,4.224541337E1
1.921120013E1,1.343733215E1,3.095053482E1,-2.546697235E1,4.227368191E1
1.922113112E1,1.356302643E1,3.101620865E1,-2.512049103E1,4.215447727E1
1.923106112E1,1.352005768E1,3.097808075E1,-2.465902710E1,4.183898976E1
1.924099112E1,1.362705994E1,3.081258392E1,-2.488515472E1,4.188535563E1
1.925092112E1,1.346260834E1,3.085037613E1,-2.470200348E1,4.175136532E1
1.926085113E1,1.348283386E1,3.095792389E1,-2.505176544E1,4.204486666E1
1.927078213E1,1.377961731E1,3.116020966E1,-2.499938965E1,4.225879792E1
1.928071213E1,1.363974762E1,3.124880219E1,-2.496549225E1,4.225879975E1
1.929064212E1,1.322161865E1,3.124488449E1,-2.517382050E1,4.224660040E1
1.930057212E1,1.342205048E1,3.122257996E1,-2.524628448E1,4.233645968E1
1.931050212E1,1.336560059E1,3.115725327E1,-2.440217590E1,4.177175959E1
1.932043313E1,1.351219177E1,3.135668564E1,-2.485851288E1,4.223466258E1
1.933036313E1,1.336777496E1,3.123454285E1,-2.458788300E1,4.193874181E1
1.934029313E1,1.362987518E1,3.109806442E1,-2.463937378E1,4.195189922E1
1.935022275E1,1.326423645E1,3.137026215E1,-2.483406830E1,4.215168163E1
1.936015275E1,1.359102631E1,3.139333725E1,-2.498033905E1,4.235888288E1
1.937008375E1,1.323748779E1,3.125185394E1,-2.465144348E1,4.194762358E1
1.938001375E1,1.333045959E1,3.132039642E1,-2.460359192E1,4.200006096E1
1.938994375E1,1.331239319E1,3.130089951E1,-2.475473022E1,4.206854871E1
1.939987375E1,1.359848022E1,3.132141876E1,-2.493470764E1,4.228107831E1
1.940980375E1,1.332272339E1,3.151739502E1,-2.456434631E1,4.212182637E1
1.941973475E1,1.334527588E1,3.137628937E1,-2.486669922E1,4.220095559E1
1.942966475E1,1.328192139E1,3.113877869E1,-2.464095306E1,4.187134511E1
1.943959475E1,1.330939484E1,3.113486481E1,-2.486288452E1,4.200812807E1
1.944952475E1,1.317787170E1,3.146035767E1,-2.452998352E1,4.201345616E1
1.945945475E1,1.350847626E1,3.128443146E1,-2.465293884E1,4.205902966E1
1.946938575E1,1.329898071E1,3.129785919E1,-2.475833893E1,4.206416794E1
1.947931575E1,1.339128876E1,3.134160995E1,-2.509399414E1,4.232412635E1
1.948924575E1,1.334018707E1,3.158036041E1,-2.461484528E1,4.220391407E1
1.949917575E1,1.367330170E1,3.137846756E1,-2.504324341E1,4.241145419E1
1.950910575E1,1.322395325E1,3.131611633E1,-2.475958252E1,4.205483335E1
1.951903675E1,1.346321869E1,3.131260681E1,-2.533807373E1,4.247064378E1
1.952896675E1,1.331349182E1,3.151087952E1,-2.501801300E1,4.238024973E1
1.953889675E1,1.346452332E1,3.148368073E1,-2.515045929E1,4.248601114E1
1.954882675E1,1.331138611E1,3.128210449E1,-2.523387909E1,4.233806462E1
1.955875675E1,1.318898773E1,3.129618073E1,-2.524063873E1,4.231418402E1
1.956868775E1,1.310380554E1,3.145037842E1,-2.494411469E1,4.222611609E1
1.957861775E1,1.333282471E1,3.134803391E1,-2.510461426E1,4.231672366E1
1.958854775E1,1.313069153E1,3.132280350E1,-2.469574738E1,4.199301153E1
1.959847775E1,1.354421234E1,3.121801376E1,-2.510422516E1,4.228749451E1
1.960840775E1,1.340941620E1,3.134423447E1,-2.496797180E1,4.225722533E1
1.961833875E1,1.341254425E1,3.113174057E1,-2.503779602E1,4.214229282E1
1.962826875E1,1.333872223E1,3.122006989E1,-2.495463562E1,4.213488001E1
1.963819875E1,1.362437439E1,3.142527771E1,-2.454403687E1,4.213764828E1
1.964812875E1,1.358215332E1,3.141565704E1,-2.458395386E1,4.214011371E1
1.965805875E1,1.346604919E1,3.129090881E1,-2.479610443E1,4.213433576E1
1.966798975E1,1.340919495E1,3.126622391E1,-2.475926208E1,4.207617290E1
1.967791975E1,1.321334839E1,3.106812286E1,-2.490493774E1,4.195326874E1
1.968784975E1,1.333211517E1,3.125894547E1,-2.477609253E1,4.205617348E1
1.969777975E1,1.340043640E1,3.113455963E1,-2.519575500E1,4.223456605E1
1.970770975E1,1.337844086E1,3.116060638E1,-2.500929260E1,4.213586105E1
1.971764075E1,1.363076782E1,3.113360977E1,-2.470709229E1,4.201832812E1
1.972757075E1,1.352936554E1,3.122494507E1,-2.451802063E1,4.194251139E1
1.973750075E1,1.360000610E1,3.137337494E1,-2.529440308E1,4.253299482E1
1.974743075E1,1.341996002E1,3.124346542E1,-2.522339630E1,4.233756228E1
1.975736075E1,1.341120148E1,3.124736023E1,-2.534048462E1,4.240752300E1
1.976729175E1,1.336067963E1,3.120991135E1,-2.507981873E1,4.220857299E1
1.977722175E1,1.342456818E1,3.096253204E1,-2.494936371E1,4.196865700E1
1.978715175E1,1.321879578E1,3.093253326E1,-2.487966156E1,4.183964311E1
1.979708175E1,1.328437042E1,3.123739624E1,-2.530214691E1,4.233731285E1
1.980701175E1,1.331498718E1,3.141752625E1,-2.517782593E1,4.240604624E1
1.981694275E1,1.335591125E1,3.143365479E1,-2.510556793E1,4.238802378E1
1.982687275E1,1.323539734E1,3.141277695E1,-2.507792664E1,4.231832585E1
1.983680275E1,1.339470673E1,3.157529068E1,-2.531352997E1,4.262853445E1
1.984673275E1,1.318495941E1,3.131291580E1,-2.514803314E1,4.227014811E1
1.985666275E1,1.331349945E1,3.131810379E1,-2.559313202E1,4.258029238E1
1.986659375E1,1.328554535E1,3.112358475E1,-2.534925842E1,4.228200735E1
1.987652375E1,1.331540680E1,3.114920807E1,-2.528515625E1,4.227188603E1
1.988645375E1,1.334938049E1,3.125235367E1,-2.540252686E1,4.242881026E1
1.989638375E1,1.329187775E1,3.118752670E1,-2.530579376E1,4.230507102E1
1.990631375E1,1.337690735E1,3.122781372E1,-2.521308136E1,4.230623443E1
1.991624475E1,1.319607544E1,3.126653671E1,-2.526713562E1,4.231029269E1
1.992617475E1,1.353861237E1,3.133541489E1,-2.533946991E1,4.251224513E1
1.993610475E1,1.342226410E1,3.111071777E1,-2.538182068E1,4.233521885E1
1.994603475E1,1.340685272E1,3.123802567E1,-2.535942841E1,4.241059486E1
1.995596475E1,1.329450226E1,3.144472122E1,-2.541857147E1,4.256310678E1
1.996589575E1,1.310517883E1,3.144267273E1,-2.527532196E1,4.241732289E1
1.997582575E1,1.312192535E1,3.139130783E1,-2.564379883E1,4.260520568E1
1.998575575E1,1.311962891E1,3.120076752E1,-2.549800873E1,4.237642039E1
1.999568575E1,1.345733643E1,3.113729095E1,-2.539952087E1,4.237648466E1
2.000561575E1,1.313830566E1,3.121860504E1,-2.540705872E1,4.234070157E1
2.001554675E1,1.330128479E1,3.106581497E1,-2.536452484E1,4.225361709E1
2.002547675E1,1.320776367E1,3.135886765E1,-2.524628448E1,4.236978265E1
2.003540675E1,1.326718903E1,3.141920853E1,-2.555677032E1,4.261846406E1
2.004533675E1,1.337487793E1,3.144524765E1,-2.555661011E1,4.267119965E1
2.005526675E1,1.341858673E1,3.135907364E1,-2.537058258E1,4.251019207E1
2.006519775E1,1.314308167E1,3.147114944E1,-2.533908844E1,4.248815418E1
2.007512775E1,1.334052277E1,3.127529907E1,-2.559334564E1,4.255741088E1
2.008505775E1,1.305008698E1,3.133856201E1,-2.526983643E1,4.231991106E1
2.009498775E1,1.313950348E1,3.128005600E1,-2.522935486E1,4.228012301E1
2.010491775E1,1.308639526E1,3.122611618E1,-2.528225708E1,4.225537357E1
2.011484875E1,1.313014984E1,3.121387482E1,-2.558033752E1,4.243890295E1
2.012477875E1,1.296836853E1,3.120492554E1,-2.519535065E1,4.215129481E1
2.013470875E1,1.301248169E1,3.116530609E1,-2.529550171E1,4.219553756E1
2.014463875E1,1.305072021E1,3.126074600E1,-2.519857025E1,4.221994175E1
2.015456875E1,1.328065491E1,3.143829727E1,-2.524844360E1,4.245263519E1
2.016449975E1,1.308761597E1,3.131861877E1,-2.531594086E1,4.234428456E1
2.017442975E1,1.344168854E1,3.110065460E1,-2.528948975E1,4.227869439E1
2.018435975E1,1.315394592E1,3.111188889E1,-2.513935852E1,4.210657039E1
2.019428975E1,1.315376282E1,3.115338898E1,-2.507930756E1,4.210138701E1
2.020421975E1,1.313004303E1,3.122396088E1,-2.502710724E1,4.211519749E1
2.021415075E1,1.340664673E1,3.096562195E1,-2.539942169E1,4.223432894E1
2.022408075E1,1.310623932E1,3.093304443E1,-2.534114075E1,4.208087643E1
2.023401075E1,1.350148773E1,3.118480682E1,-2.558385468E1,4.253605491E1
2.024394075E1,1.308924103E1,3.143177032E1,-2.554965210E1,4.256840541E1
2.025387075E1,1.339523315E1,3.134091568E1,-2.575253296E1,4.271859338E1
2.026380075E1,1.336376190E1,3.133011246E1,-2.559782410E1,4.260768331E1
2.027373175E1,1.367171478E1,3.142151642E1,-2.553382111E1,4.273410230E1
2.028366175E1,1.351015472E1,3.135736465E1,-2.514492035E1,4.240372175E1
2.029359175E1,1.378275299E1,3.146237946E1,-2.520401764E1,4.260385084E1
2.030352175E1,1.347821045E1,3.127450562E1,-2.503500366E1,4.226710620E1
2.031345175E1,1.350556946E1,3.120160294E1,-2.543506622E1,4.246037006E1
2.032338275E1,1.316215515E1,3.120871353E1,-2.544667816E1,4.236460265E1
2.033331275E1,1.321388245E1,3.115630722E1,-2.574490356E1,4.252202051E1
2.034324275E1,1.303569031E1,3.120187759E1,-2.550286865E1,4.235425240E1
2.035317275E1,1.314667511E1,3.115558624E1,-2.567292023E1,4.245708956E1
2.036310275E1,1.310437012E1,3.126390457E1,-2.542872620E1,4.237660158E1
2.037303375E1,1.349708557E1,3.125083923E1,-2.570948792E1,4.265869244E1
2.038296375E1,1.316391754E1,3.113463211E1,-2.520356750E1,4.216484148E1
2.039289375E1,1.335562897E1,3.102166367E1,-2.564154816E1,4.240525243E1
2.040282375E1,1.306591034E1,3.082136154E1,-2.544761658E1,4.205063055E1
2.041275375E1,1.326359558E1,3.093903351E1,-2.538794708E1,4.216271598E1
2.042268475E1,1.306227112E1,3.083249283E1,-2.556644440E1,4.212966437E1
2.043261475E1,1.332476807E1,3.091245651E1,-2.539497375E1,4.216674168E1
2.044254475E1,1.306520844E1,3.107723999E1,-2.504599762E1,4.199757747E1
2.045247475E1,1.330603027E1,3.082020569E1,-2.550913239E1,4.216220292E1
2.046240475E1,1.314704132E1,3.110478973E1,-2.556782532E1,4.235642019E1
2.047233575E1,1.334800720E1,3.110438538E1,-2.579021454E1,4.255334595E1
2.048226575E1,1.319718170E1,3.100183487E1,-2.586936951E1,4.247944972E1
2.049219575E1,1.343521118E1,3.090547180E1,-2.578988647E1,4.243549612E1
2.050212575E1,1.301801300E1,3.077279282E1,-2.550712585E1,4.203625708E1
2.051205575E1,1.289852905E1,3.082269669E1,-2.584881592E1,4.224419448E1
2.052198675E1,1.266076660E1,3.106120300E1,-2.583915710E1,4.234094216E1
2.053191675E1,1.312552643E1,3.098857498E1,-2.618141937E1,4.263845616E1
2.054184675E1,1.311743164E1,3.096390915E1,-2.597497559E1,4.249152903E1
2.055177675E1,1.323108673E1,3.098960114E1,-2.610823059E1,4.262694851E1
2.056170675E1,1.306900787E1,3.083047867E1,-2.592891693E1,4.235122330E1
2.057163775E1,1.314537048E1,3.077950287E1,-2.590666199E1,4.232415028E1
2.058156775E1,1.286409760E1,3.074367523E1,-2.565783691E1,4.205928160E1
2.059149775E1,1.298429871E1,3.080738068E1,-2.582646942E1,4.224562983E1
2.060142775E1,1.300064850E1,3.080037308E1,-2.584702301E1,4.225811687E1
2.061135775E1,1.301461792E1,3.065918732E1,-2.585444641E1,4.216418440E1
2.062128875E1,1.289523315E1,3.065732193E1,-2.610549927E1,4.228067547E1
2.063121875E1,1.324182892E1,3.083370590E1,-2.633602142E1,4.265734963E1
2.064114875E1,1.297270966E1,3.078342438E1,-2.627700043E1,4.250166072E1
2.065107875E1,1.333123016E1,3.095093155E1,-2.625566864E1,4.272051026E1
2.066100875E1,1.310247040E1,3.083381653E1,-2.579377747E1,4.228141351E1
2.067093975E1,1.325270081E1,3.076673126E1,-2.586505127E1,4.232288634E1
2.068086975E1,1.306029510E1,3.090679550E1,-2.572364807E1,4.227892367E1
2.069079975E1,1.309526825E1,3.059934235E1,-2.578230286E1,4.210146011E1
2.070072975E1,1.301038361E1,3.072007370E1,-2.585441589E1,4.220715379E1
2.071065975E1,1.296024323E1,3.080945206E1,-2.597324371E1,4.232965426E1
2.072059075E1,1.307385254E1,3.096006393E1,-2.623436737E1,4.263441345E1
2.073052075E1,1.294907379E1,3.083382797E1,-2.611288452E1,4.242977961E1
2.074045075E1,1.307917786E1,3.083538437E1,-2.640582275E1,4.265153336E1
2.075038075E1,1.324508667E1,3.089955521E1,-2.657572174E1,4.285421588E1
2.076031075E1,1.300954437E1,3.072176743E1,-2.647704315E1,4.259235909E1
2.077024175E1,1.297171783E1,3.047392654E1,-2.646526337E1,4.239499767E1
2.078017175E1,1.290798187E1,3.041451263E1,-2.649341583E1,4.235043869E1
2.079010175E1,1.305455780E1,3.047365570E1,-2.664897156E1,4.253507795E1
2.080003175E1,1.306024933E1,3.039540863E1,-2.663904572E1,4.247457751E1
2.080996175E1,1.323413849E1,3.050148010E1,-2.664241028E1,4.260634619E1
2.081989275E1,1.322692108E1,3.023271179E1,-2.672122955E1,4.246165815E1
2.082982275E1,1.276795197E1,3.046382141E1,-2.643706512E1,4.230819572E1
2.083975275E1,1.317646790E1,3.053097153E1,-2.651072693E1,4.252738143E1
2.084968275E1,1.292045593E1,3.053773499E1,-2.633012390E1,4.234107774E1
2.085961275E1,1.288061523E1,3.028051758E1,-2.647915649E1,4.223701839E1
2.086954375E1,1.286724091E1,3.019271469E1,-2.646286774E1,4.215980643E1
2.087947375E1,1.324935913E1,3.029533386E1,-2.670761871E1,4.250470172E1
2.088940375E1,1.297612000E1,3.038813782E1,-2.661203766E1,4.242663266E1
2.089933375E1,1.295336151E1,3.031958008E1,-2.663619232E1,4.238576709E1
2.090926375E1,1.299333954E1,3.050822449E1,-2.628143311E1,4.231184657E1
2.091919475E1,1.311523438E1,3.060529327E1,-2.646761322E1,4.253501967E1
2.092912475E1,1.321578217E1,3.081956482E1,-2.633049011E1,4.263563279E1
2.093905475E1,1.341524506E1,3.081249619E1,-2.629322815E1,4.266980862E1
2.094898475E1,1.346854401E1,3.052184296E1,-2.623258209E1,4.243975658E1
2.095891475E1,1.344422913E1,3.045915222E1,-2.593637848E1,4.220430049E1
2.096884475E1,1.332741547E1,3.068808746E1,-2.563720703E1,4.215026808E1
2.097877575E1,1.357892609E1,3.067591476E1,-2.542723083E1,4.209445389E1
2.098870575E1,1.372628784E1,3.075696182E1,-2.543540955E1,4.220618127E1
2.099863575E1,1.380760193E1,3.056467819E1,-2.545303345E1,4.210351928E1
2.100856575E1,1.363587189E1,3.049573135E1,-2.526512146E1,4.188380350E1
2.101849575E1,1.393913269E1,3.084501266E1,-2.523744202E1,4.222135367E1
2.102842675E1,1.411457825E1,3.052166748E1,-2.512008667E1,4.197394739E1
2.103835675E1,1.428404999E1,3.069827271E1,-2.515039825E1,4.217772592E1
2.104828675E1,1.425321960E1,3.055762482E1,-2.465489197E1,4.177064042E1
2.105821675E1,1.468920135E1,3.022885513E1,-2.476399994E1,4.174700004E1
2.106814675E1,1.469631195E1,3.035250473E1,-2.450268555E1,4.168498204E1
2.107807775E1,1.501485443E1,3.033852005E1,-2.450151062E1,4.178750621E1
2.108800775E1,1.500573730E1,3.054201889E1,-2.377510834E1,4.151196028E1
2.109793775E1,1.524636841E1,3.040409088E1,-2.380526733E1,4.151567469E1
2.110786775E1,1.521912384E1,3.059790421E1,-2.304950714E1,4.122054405E1
2.111779775E1,1.544287109E1,3.049890900E1,-2.316401672E1,4.129452008E1
2.112772875E1,1.529985809E1,3.052401733E1,-2.267321777E1,4.098629156E1
2.113765875E1,1.563755798E1,3.069948578E1,-2.248612213E1,4.114143089E1
2.114758875E1,1.554208374E1,3.083722305E1,-2.241802979E1,4.117109122E1
2.115751875E1,1.558911896E1,3.085107803E1,-2.246103668E1,4.122266142E1
2.116744875E1,1.530451965E1,3.065283585E1,-2.208446503E1,4.076209345E1
2.117737975E1,1.526605988E1,3.042771912E1,-2.210330963E1,4.058885280E1
2.118730975E1,1.510298920E1,3.070685577E1,-2.175851440E1,4.055174748E1
2.119723975E1,1.510130310E1,3.054396820E1,-2.145429230E1,4.026499729E1
2.120716975E1,1.450109863E1,3.058800507E1,-2.100691986E1,3.983966111E1
2.121709975E1,1.453062439E1,3.049627686E1,-2.112854767E1,3.984441584E1
2.122703075E1,1.432555389E1,3.064823151E1,-2.056589508E1,3.959156008E1
2.123696075E1,1.426849365E1,3.051736069E1,-2.060813904E1,3.949170304E1
2.124689075E1,1.384871674E1,3.034148026E1,-2.048503113E1,3.914114050E1
2.125682075E1,1.378590393E1,3.051393509E1,-1.975615692E1,3.887746286E1
2.126675075E1,1.289649963E1,3.044428253E1,-1.908818817E1,3.817765013E1
2.127668175E1,1.301490784E1,3.059988022E1,-1.818825531E1,3.790188817E1
2.128661175E1,1.262750244E1,3.042909622E1,-1.736972809E1,3.724367287E1
2.129654175E1,1.258630371E1,3.032872772E1,-1.695557404E1,3.695589611E1
2.130647175E1,1.216738892E1,3.023786163E1,-1.587405396E1,3.625409243E1
2.131640175E1,1.223744965E1,3.009784317E1,-1.549672699E1,3.599699827E1
2.132633275E1,1.180261993E1,3.008940887E1,-1.446836090E1,3.541197299E1
2.133626275E1,1.199253082E1,2.979866028E1,-1.389727783E1,3.499878971E1
2.134619275E1,1.170455933E1,2.981284714E1,-1.326414490E1,3.466612328E1
2.135612300E1,1.213686371E1,2.962970734E1,-1.313726044E1,3.460940088E1
2.136605300E1,1.188755035E1,2.943056870E1,-1.270513153E1,3.418907127E1
2.137598400E1,1.221657562E1,2.899456024E1,-1.233274078E1,3.379387132E1
2.138591400E1,1.201390076E1,2.921936417E1,-1.187689972E1,3.375153034E1
2.139584400E1,1.222418976E1,2.923854446E1,-1.150511169E1,3.371484677E1
2.140577400E1,1.191110229E1,2.917557144E1,-1.100714874E1,3.338031831E1
2.141570400E1,1.210730743E1,2.907851028E1,-1.038842773E1,3.316724415E1
2.142563500E1,1.192575073E1,2.908711624E1,-1.007932281E1,3.301327930E1
2.143556500E1,1.230833435E1,2.890092468E1,-9.794128418E0,3.290415617E1
2.144549500E1,1.221723938E1,2.871712494E1,-9.525909424E0,3.262939094E1
2.145542500E1,1.222537994E1,2.897759247E1,-9.622947693E0,3.289014902E1
2.146535500E1,1.209042358E1,2.887823486E1,-9.133476257E0,3.261213240E1
2.147528600E1,1.236708832E1,2.878182983E1,-9.358047485E0,3.269421439E1
2.148521600E1,1.208468628E1,2.887216568E1,-8.353271484E0,3.239473318E1
2.149514600E1,1.221792603E1,2.886103439E1,-8.513664246E0,3.247644533E1
2.150507600E1,1.202246094E1,2.873923111E1,-8.174758911E0,3.220729195E1
2.151500600E1,1.228275299E1,2.858566666E1,-8.107589722E0,3.215181753E1
2.152493600E1,1.215816498E1,2.851379776E1,-7.837577820E0,3.197319603E1
2.153486700E1,1.226288605E1,2.850752258E1,-7.663520813E0,3.196539956E1
2.154479700E1,1.222501373E1,2.855096436E1,-7.090980530E0,3.185734658E1
2.155472700E1,1.255834961E1,2.849863815E1,-6.640129089E0,3.184298723E1
2.156465700E1,1.235263824E1,2.856514740E1,-6.017051697E0,3.169795307E1
2.157458700E1,1.252732086E1,2.858755875E1,-5.662055969E0,3.172130453E1
2.158451800E1,1.219316864E1,2.837821579E1,-5.460777283E0,3.136585056E1
2.159444800E1,1.236050415E1,2.842024994E1,-5.212982178E0,3.142718334E1
2.160437800E1,1.264423370E1,2.863299179E1,-4.801933289E0,3.166675588E1
2.161430800E1,1.246306610E1,2.852292252E1,-4.525703430E0,3.145420667E1
2.162423800E1,1.266616058E1,2.860910797E1,-4.472999573E0,3.160570214E1
2.163416900E1,1.269533539E1,2.865027237E1,-4.279647827E0,3.162791541E1
2.164409900E1,1.273411560E1,2.856829453E1,-4.307128906E0,3.157303456E1
2.165402900E1,1.308365631E1,2.857652283E1,-4.159591675E0,3.170334245E1
2.166395900E1,1.310046387E1,2.864754868E1,-4.178710938E0,3.177681267E1
2.167388900E1,1.287454987E1,2.837604523E1,-4.368423462E0,3.146485501E1
2.168382000E1,1.306737518E1,2.823189926E1,-4.203201294E0,3.139209026E1
2.169375000E1,1.320245361E1,2.832561111E1,-4.285240173E0,3.154375231E1
2.170368000E1,1.309282684E1,2.873532486E1,-4.525032043E0,3.190010853E1
2.171361000E1,1.304722595E1,2.862644196E1,-4.536872864E0,3.178500432E1
2.172354000E1,1.311566925E1,2.855735397E1,-4.774177551E0,3.178578326E1
2.173347100E1,1.320018768E1,2.862931061E1,-4.492630005E0,3.184440461E1
2.174340100E1,1.309675598E1,2.851549911E1,-4.259429932E0,3.166704044E1
2.175333100E1,1.304496765E1,2.860761642E1,-3.938049316E0,3.168714457E1
2.176326100E1,1.329631042E1,2.860822678E1,-4.066856384E0,3.180820383E1
2.177319100E1,1.305534363E1,2.855661392E1,-3.740631104E0,3.162142497E1
2.178312200E1,1.322691345E1,2.852332306E1,-4.164787292E0,3.171555850E1
2.179305200E1,1.316819763E1,2.862577057E1,-4.192810059E0,3.178703864E1
2.180298200E1,1.324987030E1,2.859518433E1,-4.228874207E0,3.179822333E1
2.181291200E1,1.313996124E1,2.851234818E1,-4.265243530E0,3.168287996E1
2.182284200E1,1.320413208E1,2.838247299E1,-4.306632996E0,3.159843295E1
2.183277300E1,1.305603790E1,2.827499008E1,-4.318008423E0,3.144169821E1
2.184270300E1,1.326028442E1,2.824605942E1,-4.590301514E0,3.153959232E1
2.185263300E1,1.303958130E1,2.822919083E1,-4.907196045E0,3.148012815E1
2.186256300E1,1.323849487E1,2.808255768E1,-4.847938538E0,3.142276723E1
2.187249300E1,1.293553162E1,2.832088470E1,-4.753189087E0,3.149592506E1
2.188242400E1,1.316714478E1,2.836222458E1,-5.113265991E0,3.168493291E1
2.189235400E1,1.306198120E1,2.821761703E1,-4.573432922E0,3.142873769E1
2.190228400E1,1.339295197E1,2.821545410E1,-4.704055786E0,3.158498304E1
2.191221400E1,1.312489319E1,2.824446487E1,-4.669654846E0,3.149314677E1
2.192214400E1,1.321340942E1,2.835377121E1,-4.672767639E0,3.162855178E1
2.193207500E1,1.292440796E1,2.838917923E1,-4.740776062E0,3.155092354E1
2.194200500E1,1.293284607E1,2.847338867E1,-5.133369446E0,3.169138450E1
2.195193500E1,1.290067291E1,2.827853394E1,-4.873199463E0,3.146189626E1
2.196186500E1,1.289945221E1,2.815203476E1,-5.107994080E0,3.138510048E1
2.197179500E1,1.267266846E1,2.808040237E1,-5.273597717E0,3.125566119E1
2.198172600E1,1.316101837E1,2.820248795E1,-5.042266846E0,3.152803809E1
2.199165600E1,1.277721405E1,2.778125381E1,-4.713867188E0,3.093987405E1
2.200158600E1,1.294472504E1,2.796804047E1,-5.149932861E0,3.124578375E1
2.201151600E1,1.244824219E1,2.807003021E1,-5.417175293E0,3.118062087E1
2.202144600E1,1.273313904E1,2.813632202E1,-5.299110413E0,3.133474139E1
2.203137600E1,1.262957764E1,2.822506332E1,-4.859809875E0,3.130140864E1
2.204130700E1,1.298554993E1,2.828831863E1,-5.117767334E0,3.154433421E1
2.205123700E1,1.280592346E1,2.802273560E1,-4.993164062E0,3.121213023E1
2.206116700E1,1.279109192E1,2.808921814E1,-5.561195374E0,3.136149075E1
2.207109700E1,1.265995789E1,2.804804993E1,-5.255653381E0,3.121841653E1
2.208102700E1,1.281294250E1,2.796782303E1,-5.364952087E0,3.122744516E1
2.209095800E1,1.255738068E1,2.816046143E1,-5.028770447E0,3.124080552E1
2.210088800E1,1.295845795E1,2.815592575E1,-5.294532776E0,3.144375716E1
2.211081800E1,1.275466156E1,2.805882645E1,-4.755142212E0,3.118638342E1
2.212074800E1,1.277132416E1,2.815914536E1,-5.138648987E0,3.134405687E1
2.213067800E1,1.259147644E1,2.827322388E1,-4.846023560E0,3.132737480E1
2.214060900E1,1.283280945E1,2.844203568E1,-5.026229858E0,3.160527453E1
2.215053900E1,1.261974335E1,2.826369476E1,-5.078010559E0,3.136687034E1
2.216046900E1,1.281271362E1,2.829564667E1,-5.264862061E0,3.150441276E1
2.217039900E1,1.265200806E1,2.816542053E1,-4.975364685E0,3.127488570E1
2.218032900E1,1.282545471E1,2.823122787E1,-4.984001160E0,3.140596732E1
2.219026000E1,1.260053253E1,2.844084549E1,-4.877929688E0,3.148728807E1
2.220019000E1,1.296841431E1,2.825677109E1,-4.919708252E0,3.147742701E1
2.221012000E1,1.266165161E1,2.831805038E1,-5.057502747E0,3.142940873E1
2.222005000E1,1.276820374E1,2.836028290E1,-5.252372742E0,3.154235394E1
2.222998000E1,1.279761505E1,2.819497299E1,-5.097274780E0,3.138021133E1
2.223991100E1,1.294365692E1,2.840721893E1,-4.818420410E0,3.158679340E1
2.224984100E1,1.291009521E1,2.826889038E1,-4.623970032E0,3.141944972E1
2.225977100E1,1.284555054E1,2.815570831E1,-4.579170227E0,3.128451501E1
2.226970100E1,1.293274689E1,2.824944305E1,-4.840950012E0,3.144394651E1
2.227963100E1,1.285687256E1,2.820161057E1,-4.853347778E0,3.137172286E1
2.228956200E1,1.263243866E1,2.807644653E1,-4.894485474E0,3.117404922E1
2.229949200E1,1.291929626E1,2.834518051E1,-5.377014160E0,3.161122831E1
2.230942200E1,1.296865845E1,2.839859009E1,-5.049194336E0,3.162531240E1
2.231935200E1,1.319025421E1,2.833158112E1,-4.746147156E0,3.160992261E1
2.232928200E1,1.297784424E1,2.845952606E1,-4.630996704E0,3.161985445E1
2.233921200E1,1.306162262E1,2.833495331E1,-4.812011719E0,3.156946343E1
2.234914317E1,1.298143768E1,2.819076538E1,-4.723709106E0,3.139347711E1
2.235907317E1,1.301040649E1,2.808588028E1,-5.081947327E0,3.136739608E1
2.236900317E1,1.257217407E1,2.824873734E1,-4.928581238E0,3.131040777E1
2.237893317E1,1.312587738E1,2.826154327E1,-5.035919189E0,3.156523352E1
2.238886317E1,1.276362610E1,2.810124588E1,-4.874275208E0,3.124657949E1
2.239879417E1,1.291170502E1,2.820183945E1,-4.974891663E0,3.141345924E1
2.240872417E1,1.302714539E1,2.828401184E1,-4.794906616E0,3.150687182E1
2.241865417E1,1.297314453E1,2.841056824E1,-4.664031982E0,3.157872798E1
2.242858417E1,1.297254181E1,2.835927963E1,-4.778030396E0,3.154940818E1
2.243851417E1,1.298354340E1,2.829613876E1,-4.357902527E0,3.143620814E1
2.244844517E1,1.314433289E1,2.832733536E1,-4.557075500E0,3.155912471E1
2.245837517E1,1.303185272E1,2.830320358E1,-4.809257507E0,3.152823300E1
2.246830517E1,1.300173187E1,2.824739838E1,-4.784172058E0,3.146186341E1
2.247823517E1,1.283232880E1,2.853926086E1,-4.915145874E0,3.167517533E1
2.248816517E1,1.297679901E1,2.826872253E1,-4.777534485E0,3.146971277E1
2.249809617E1,1.312269592E1,2.850265884E1,-4.785560608E0,3.174127124E1
2.250802617E1,1.311127472E1,2.838674545E1,-4.905700684E0,3.165088848E1
2.251795617E1,1.309349060E1,2.837069702E1,-4.881362915E0,3.162536402E1
2.252788617E1,1.282473755E1,2.824665451E1,-5.003738403E0,3.142267942E1
2.253781617E1,1.284004211E1,2.833790970E1,-4.727401733E0,3.146827187E1
2.254774717E1,1.299415588E1,2.848538589E1,-4.951164246E0,3.169825428E1
2.255767717E1,1.312630463E1,2.839325714E1,-4.757415771E0,3.164032125E1
2.256760717E1,1.289595032E1,2.847213745E1,-4.829063416E0,3.162732994E1
2.257753717E1,1.295555115E1,2.859749222E1,-5.055450439E0,3.179969254E1
2.258746717E1,1.290509796E1,2.847010422E1,-5.051933289E0,3.166402403E1
2.259739817E1,1.308591461E1,2.827765274E1,-5.158950806E0,3.158293177E1
2.260732817E1,1.283156586E1,2.825107574E1,-5.251579285E0,3.146984983E1
2.261725817E1,1.308498383E1,2.829711914E1,-5.250747681E0,3.161509299E1
2.262718817E1,1.290158844E1,2.839341354E1,-5.094581604E0,3.160050124E1
2.263711817E1,1.309455872E1,2.813061905E1,-5.153923035E0,3.145412721E1
2.264704917E1,1.280265045E1,2.792100143E1,-4.916290283E0,3.110723533E1
2.265697917E1,1.317131042E1,2.801585770E1,-5.380676270E0,3.142170234E1
2.266690917E1,1.287232208E1,2.821932220E1,-5.295341492E0,3.146533748E1
2.267683917E1,1.315107727E1,2.848949432E1,-4.932136536E0,3.176362843E1
2.268676917E1,1.311668396E1,2.825665665E1,-4.541366577E0,3.148190041E1
2.269670017E1,1.340223694E1,2.844384766E1,-4.595634460E0,3.177722896E1
2.270663017E1,1.297833252E1,2.823855591E1,-4.650619507E0,3.142421704E1
2.271656017E1,1.288954926E1,2.817222595E1,-4.529487610E0,3.131023879E1
2.272649017E1,1.247497559E1,2.822241211E1,-4.646308899E0,3.120445076E1
2.273642017E1,1.274377441E1,2.846171951E1,-4.784835815E0,3.154945194E1
2.274635117E1,1.236073303E1,2.861384583E1,-4.577972412E0,3.150393190E1
2.275628117E1,1.242705536E1,2.847562027E1,-5.133674622E0,3.149043140E1
2.276621117E1,1.237770081E1,2.839239883E1,-4.653663635E0,3.132079779E1
2.277614117E1,1.251628113E1,2.849240112E1,-4.788932800E0,3.148663355E1
2.278607117E1,1.225700378E1,2.835538864E1,-4.529708862E0,3.122147449E1
2.279600117E1,1.265645599E1,2.861177063E1,-4.750000000E0,3.164461719E1
2.280593217E1,1.254631042E1,2.836841583E1,-4.739044189E0,3.137890154E1
2.281586217E1,1.266967010E1,2.827900314E1,-4.987037659E0,3.138619289E1
2.282579217E1,1.259991455E1,2.813178635E1,-4.413955688E0,3.113901499E1
2.283572217E1,1.287916565E1,2.817223740E1,-4.500480652E0,3.130179218E1
2.284565217E1,1.262771606E1,2.816699600E1,-4.554473877E0,3.120227731E1
2.285558317E1,1.292130280E1,2.810626221E1,-4.894187927E0,3.131892585E1
2.286551317E1,1.255998993E1,2.830651093E1,-4.462882996E0,3.128784480E1
2.287544317E1,1.286892700E1,2.824314499E1,-4.768882751E0,3.140106310E1
2.288537317E1,1.247035980E1,2.838652420E1,-4.470329285E0,3.132552432E1
2.289530317E1,1.290161133E1,2.824850464E1,-4.502738953E0,3.137999757E1
2.290523417E1,1.250643158E1,2.810017395E1,-4.550704956E0,3.109243513E1
2.291516417E1,1.304192352E1,2.816838074E1,-4.803024292E0,3.141048368E1
2.292509417E1,1.278531647E1,2.827391052E1,-4.749008179E0,3.139158187E1
2.293502417E1,1.299372864E1,2.831221008E1,-4.852561951E0,3.152721969E1
2.294495417E1,1.249503326E1,2.845627213E1,-4.446647644E0,3.139518999E1
2.295488517E1,1.272019196E1,2.829359436E1,-4.712181091E0,3.137730734E1
2.296481517E1,1.280235291E1,2.838211823E1,-4.749351501E0,3.149605078E1
2.297474517E1,1.293065643E1,2.844292068E1,-5.053565979E0,3.165027870E1
2.298467517E1,1.281263733E1,2.859872818E1,-5.011459351E0,3.173587329E1
2.299460517E1,1.294739532E1,2.848886108E1,-4.639488220E0,3.163502967E1
2.300453617E1,1.258821106E1,2.864671326E1,-4.823478699E0,3.166011979E1
2.301446617E1,1.290610504E1,2.841561508E1,-4.801086426E0,3.157633859E1
2.302439617E1,1.282019806E1,2.830125809E1,-4.510726929E0,3.139530769E1
2.303432617E1,1.272903442E1,2.820925140E1,-4.590225220E0,3.128674399E1
2.304425617E1,1.279473877E1,2.843060684E1,-4.749023438E0,3.153661315E1
2.305418617E1,1.279374695E1,2.825864029E1,-4.667091370E0,3.136897279E1
2.306411717E1,1.267201996E1,2.835283661E1,-4.593727112E0,3.139372170E1
2.307404717E1,1.281419373E1,2.792843246E1,-4.620002747E0,3.107322523E1
2.308397717E1,1.268660736E1,2.831008530E1,-4.429718018E0,3.133741115E1
2.309390717E1,1.278156281E1,2.821917343E1,-4.552017212E0,3.131151478E1
2.310383717E1,1.279847717E1,2.823244476E1,-4.734191895E0,3.135736800E1
2.311376817E1,1.259946442E1,2.789219284E1,-4.852928162E0,3.098825321E1
2.312369817E1,1.214840698E1,2.810951614E1,-4.748329163E0,3.098830941E1
2.313362817E1,1.262147522E1,2.791293335E1,-4.738296509E0,3.099814412E1
2.314355817E1,1.235089874E1,2.811278915E1,-4.560676575E0,3.104308916E1
2.315348817E1,1.285524750E1,2.820458984E1,-4.849067688E0,3.137307339E1
2.316341917E1,1.253924561E1,2.824676514E1,-4.821327209E0,3.127870869E1
2.317334917E1,1.264334106E1,2.824599457E1,-4.954895020E0,3.134072857E1
2.318327917E1,1.267282867E1,2.810673904E1,-4.571060181E0,3.116863740E1
2.319320917E1,1.272537994E1,2.823605347E1,-4.503974915E0,3.129689761E1
2.320313917E1,1.263196564E1,2.834699631E1,-4.725250244E0,3.139182609E1
2.321307017E1,1.296474457E1,2.807934570E1,-4.954765320E0,3.132225976E1
2.322300017E1,1.297276306E1,2.816797638E1,-4.739089966E0,3.137174602E1
2.323293017E1,1.311962891E1,2.814576340E1,-4.758178711E0,3.141574326E1
2.324286017E1,1.291369629E1,2.832246780E1,-4.776718140E0,3.149194771E1
2.325279017E1,1.302764893E1,2.803270721E1,-4.560081482E0,3.124654626E1
2.326272117E1,1.278372192E1,2.811260223E1,-4.658248901E0,3.123205458E1
2.327265117E1,1.281484222E1,2.823117065E1,-4.832122803E0,3.137783594E1
2.328258117E1,1.275254059E1,2.855558777E1,-4.974174500E0,3.166688011E1
2.329251117E1,1.291371918E1,2.819706726E1,-4.647514343E0,3.135981720E1
2.330244117E1,1.276876068E1,2.848173904E1,-4.713264465E0,3.156684289E1
2.331237217E1,1.294944000E1,2.831287003E1,-4.988479614E0,3.153080294E1
2.332230217E1,1.264537811E1,2.835582733E1,-4.770729065E0,3.141207391E1
2.333223217E1,1.268851471E1,2.846555328E1,-4.892738342E0,3.154718716E1
2.334216217E1,1.273079681E1,2.846704865E1,-4.866027832E0,3.156143648E1
2.335209263E1,1.280158997E1,2.842398453E1,-4.880104065E0,3.155343116E1
2.336202263E1,1.275405884E1,2.852167511E1,-4.749473572E0,3.160236490E1
2.337195362E1,1.272377777E1,2.846340561E1,-4.674728394E0,3.152638681E1
2.338188362E1,1.291113281E1,2.827166367E1,-4.782539368E0,3.144609673E1
2.339181362E1,1.295636749E1,2.851874542E1,-4.907081604E0,3.170592609E1
2.340174362E1,1.278842163E1,2.840984726E1,-4.883621216E0,3.153589868E1
2.341167362E1,1.260668182E1,2.849673462E1,-4.810890198E0,3.152993776E1
2.342160463E1,1.258989716E1,2.861406326E1,-4.452156067E0,3.157676077E1
2.343153463E1,1.265940094E1,2.858820724E1,-4.466545105E0,3.158316087E1
2.344146463E1,1.283200836E1,2.854977036E1,-4.882072449E0,3.167940115E1
2.345139462E1,1.301441193E1,2.847632599E1,-4.930625916E0,3.169522253E1
2.346132462E1,1.303842926E1,2.845231247E1,-5.085571289E0,3.170800779E1
2.347125563E1,1.285443115E1,2.831893921E1,-4.799858093E0,3.146803705E1
2.348118563E1,1.320267487E1,2.812931061E1,-4.826660156E0,3.144623009E1
2.349111563E1,1.276828766E1,2.822410583E1,-4.719993591E0,3.133540584E1
2.350104563E1,1.301280212E1,2.826870346E1,-4.627685547E0,3.146216916E1
2.351097563E1,1.302166748E1,2.827727127E1,-4.883079529E0,3.151209863E1
2.352090662E1,1.298423767E1,2.823654556E1,-4.995513916E0,3.147773963E1
2.353083662E1,1.297918701E1,2.840574646E1,-4.981758118E0,3.162536389E1
2.354076662E1,1.301068878E1,2.842559814E1,-4.880165100E0,3.164030126E1
2.355069662E1,1.284461975E1,2.848884964E1,-5.101150513E0,3.166418398E1
2.356062662E1,1.300700378E1,2.857027435E1,-5.043365479E0,3.179431175E1
2.357055763E1,1.269407654E1,2.838718033E1,-4.727615356E0,3.145348841E1
2.358048763E1,1.290264893E1,2.835214233E1,-5.217758179E0,3.158397259E1
2.359041763E1,1.289147949E1,2.842633438E1,-5.077133179E0,3.162315625E1
2.360034763E1,1.302880096E1,2.836893082E1,-4.956977844E0,3.160882028E1
2.361027763E1,1.279513550E1,2.848973083E1,-5.157905579E0,3.165413473E1
2.362020862E1,1.302975464E1,2.850128555E1,-5.216773987E0,3.176967918E1
2.363013862E1,1.288632965E1,2.886699677E1,-5.002502441E0,3.200603107E1
2.364006862E1,1.299147797E1,2.855101013E1,-4.991294861E0,3.176242597E1
2.364999862E1,1.268505859E1,2.877361298E1,-4.490242004E0,3.176466257E1
2.365992862E1,1.284162903E1,2.856074142E1,-4.739692688E0,3.167156570E1
2.366985862E1,1.262593842E1,2.821952820E1,-4.269035339E0,3.120866475E1
2.367978963E1,1.270233154E1,2.837939835E1,-4.699867249E0,3.144563927E1
2.368971963E1,1.266991425E1,2.860094070E1,-5.000762939E0,3.167882836E1
2.369964963E1,1.271566010E1,2.857329178E1,-5.167488098E0,3.169895815E1
2.370957963E1,1.263389587E1,2.829153061E1,-5.037979126E0,3.139119722E1
2.371950963E1,1.271804810E1,2.854082870E1,-5.299873352E0,3.169252764E1
2.372944063E1,1.237900543E1,2.858034134E1,-5.225296021E0,3.158131418E1
2.373937063E1,1.252156067E1,2.854461670E1,-5.053527832E0,3.157725079E1
2.374930063E1,1.258929443E1,2.852996063E1,-4.915962219E0,3.156922033E1
2.375923063E1,1.271957397E1,2.827089310E1,-4.822807312E0,3.137340321E1
2.376916063E1,1.257472992E1,2.838504410E1,-4.657928467E0,3.139316579E1
2.377909162E1,1.258084106E1,2.852944183E1,-5.372428894E0,3.163968403E1
2.378902162E1,1.240713501E1,2.856027985E1,-5.039100647E0,3.154392365E1
2.379895162E1,1.273296356E1,2.845644760E1,-4.975624084E0,3.156983697E1
2.380888162E1,1.245542145E1,2.856833267E1,-5.056655884E0,3.157304109E1
2.381881162E1,1.264845276E1,2.857131577E1,-5.022865295E0,3.164700013E1
2.382874263E1,1.262969971E1,2.867930603E1,-4.873405457E0,3.171375080E1
2.383867263E1,1.294450378E1,2.857128525E1,-5.605484009E0,3.186377206E1
2.384860263E1,1.273538971E1,2.843890381E1,-5.182266235E0,3.158824598E1
2.385853263E1,1.280633545E1,2.835536957E1,-4.945938110E0,3.150383333E1
2.386846263E1,1.268090057E1,2.843479538E1,-5.008239746E0,3.153450956E1
2.387839362E1,1.281175232E1,2.826550674E1,-4.962539673E0,3.142780089E1
2.388832362E1,1.251213837E1,2.828506088E1,-4.927169800E0,3.131892843E1
2.389825362E1,1.281243134E1,2.826690674E1,-5.044448853E0,3.144237392E1
2.390818362E1,1.271494293E1,2.819081497E1,-5.067832947E0,3.133807195E1
2.391811362E1,1.290990448E1,2.823921967E1,-5.209281921E0,3.148421476E1
2.392804362E1,1.272374725E1,2.848595428E1,-5.155616760E0,3.162157048E1
2.393797463E1,1.293792725E1,2.836293030E1,-5.311561584E0,3.162370097E1
2.394790463E1,1.270158386E1,2.825780487E1,-5.046005249E0,3.138942398E1
2.395783463E1,1.309413147E1,2.843180466E1,-5.170257568E0,3.172625661E1
2.396776463E1,1.269618988E1,2.841503525E1,-4.918144226E0,3.150865926E1
2.397769463E1,1.291582489E1,2.847990799E1,-5.193458557E0,3.170008996E1
2.398762562E1,1.283435059E1,2.852970886E1,-5.074592590E0,3.169252803E1
2.399755562E1,1.304703522E1,2.854272461E1,-4.820503235E0,3.175137017E1
2.400748562E1,1.266415405E1,2.833467102E1,-4.839912415E0,3.141113070E1
2.401741562E1,1.287333679E1,2.856537628E1,-4.925178528E0,3.171688676E1
2.402734562E1,1.281269836E1,2.867788696E1,-4.920669556E0,3.179307203E1
2.403727663E1,1.306710815E1,2.856376648E1,-4.805686951E0,3.177629145E1
2.404720663E1,1.272658539E1,2.865448380E1,-4.881301880E0,3.173125471E1
2.405713663E1,1.297203827E1,2.837562561E1,-4.958427429E0,3.159170632E1
2.406706663E1,1.250257111E1,2.835328674E1,-4.671333313E0,3.133758938E1
2.407699662E1,1.267367554E1,2.858189392E1,-4.900299072E0,3.164742711E1
2.408692763E1,1.272128296E1,2.854438019E1,-4.810127258E0,3.161882358E1
2.409685763E1,1.305919647E1,2.861342239E1,-5.089042664E0,3.186171541E1
2.410678763E1,1.288013458E1,2.872747421E1,-4.994628906E0,3.187651109E1
2.411671763E1,1.297265625E1,2.872968674E1,-4.970520020E0,3.191223558E1
2.412664763E1,1.318464661E1,2.869845200E1,-5.058914185E0,3.198481930E1
2.413657862E1,1.324543762E1,2.868769836E1,-5.114448547E0,3.200911181E1
2.414650862E1,1.288059235E1,2.865050125E1,-5.271209717E0,3.185194708E1
2.415643862E1,1.306682587E1,2.887049484E1,-5.184051514E0,3.211108533E1
2.416636862E1,1.301567078E1,2.869452667E1,-5.071243286E0,3.191396333E1
2.417629862E1,1.292327881E1,2.867851257E1,-4.881126404E0,3.183227314E1
2.418622963E1,1.316590881E1,2.861057663E1,-4.796951294E0,3.185776187E1
2.419615963E1,1.308198547E1,2.849637222E1,-4.692962646E0,3.170497551E1
2.420608963E1,1.311983490E1,2.864100266E1,-5.147987366E0,3.192082196E1
2.421601963E1,1.276721954E1,2.860292435E1,-5.277122498E0,3.176440143E1
2.422594963E1,1.285931396E1,2.869239426E1,-5.044906616E0,3.184441123E1
2.423587963E1,1.295226288E1,2.869752121E1,-5.154586792E0,3.190420979E1
2.424581062E1,1.300164032E1,2.862872696E1,-4.927322388E0,3.182648526E1
2.425574062E1,1.301911926E1,2.824543762E1,-5.305236816E0,3.155071712E1
2.426567062E1,1.293988800E1,2.851280975E1,-5.165077209E0,3.173482384E1
2.427560062E1,1.276226044E1,2.832303619E1,-5.623153687E0,3.157039005E1
2.428553062E1,1.283486938E1,2.859829330E1,-5.411605835E0,3.181008849E1
2.429546163E1,1.312947083E1,2.854968262E1,-5.679870605E0,3.193318512E1
2.430539163E1,1.322895050E1,2.833639145E1,-5.873550415E0,3.181909499E1
2.431532163E1,1.320679474E1,2.824974823E1,-5.769775391E0,3.171368806E1
2.432525163E1,1.303022003E1,2.820347595E1,-5.227027893E0,3.150467442E1
2.433518163E1,1.300675964E1,2.827728271E1,-5.269241333E0,3.156810761E1
2.434511263E1,1.309759521E1,2.825200653E1,-5.316490173E0,3.159094714E1
2.435504175E1,1.311229706E1,2.852845383E1,-5.304550171E0,3.184247579E1
2.436497175E1,1.294493103E1,2.852259064E1,-5.278228760E0,3.176427419E1
2.437490175E1,1.270883942E1,2.858182144E1,-5.237007141E0,3.171531744E1
2.438483175E1,1.276541138E1,2.853825760E1,-5.367095947E0,3.172055474E1
2.439476275E1,1.262715149E1,2.865544510E1,-5.346145630E0,3.176729075E1
2.440469275E1,1.301820374E1,2.836827087E1,-5.327613831E0,3.166411044E1
2.441462275E1,1.279219055E1,2.831713486E1,-5.262771606E0,3.151502865E1
2.442455275E1,1.313481903E1,2.819290924E1,-5.562477112E0,3.159596104E1
2.443448275E1,1.292988586E1,2.824433517E1,-5.585990906E0,3.156149097E1
2.444441275E1,1.302227783E1,2.830944824E1,-5.453521729E0,3.163456146E1
2.445434375E1,1.284716034E1,2.834834671E1,-5.349494934E0,3.157998395E1
2.446427375E1,1.300373077E1,2.831626892E1,-5.255760193E0,3.159954295E1
2.447420375E1,1.282218933E1,2.843591309E1,-5.361122131E0,3.165045533E1
2.448413375E1,1.311695099E1,2.844703293E1,-5.584312439E0,3.181937509E1
2.449406375E1,1.282533264E1,2.842587662E1,-5.502059937E0,3.166689569E1
2.450399475E1,1.334109497E1,2.849084091E1,-5.420532227E0,3.192326738E1
2.451392475E1,1.311203003E1,2.853849792E1,-5.477302551E0,3.188059031E1
2.452385475E1,1.322575378E1,2.821588135E1,-5.785263062E0,3.169425487E1
2.453378475E1,1.301531219E1,2.834307861E1,-5.540290833E0,3.167685716E1
2.454371475E1,1.301520538E1,2.811630249E1,-5.453392029E0,3.145888621E1
2.455364575E1,1.272568512E1,2.821157074E1,-5.735420227E0,3.147587696E1
2.456357575E1,1.280972290E1,2.830313492E1,-5.428756714E0,3.153772101E1
2.457350575E1,1.266554260E1,2.828087997E1,-5.338920593E0,3.144404895E1
2.458343575E1,1.291478729E1,2.833321762E1,-5.730735779E0,3.166076885E1
2.459336575E1,1.278315735E1,2.841704941E1,-5.978538513E0,3.172823241E1
2.460329675E1,1.320098114E1,2.824510956E1,-6.046226501E0,3.175860469E1
2.461322675E1,1.285455322E1,2.821273422E1,-5.389587402E0,3.146816746E1
2.462315675E1,1.277724457E1,2.797954559E1,-5.970474243E0,3.133304187E1
2.463308675E1,1.262688446E1,2.837602615E1,-5.575645447E0,3.155510884E1
2.464301675E1,1.279016113E1,2.823450470E1,-5.723892212E0,3.152044447E1
2.465294675E1,1.285275269E1,2.830529404E1,-5.852500916E0,3.163281033E1
2.466287775E1,1.285027313E1,2.816694260E1,-6.050354004E0,3.154541105E1
2.467280775E1,1.287496948E1,2.818861771E1,-5.706756592E0,3.151079304E1
2.468273775E1,1.313861084E1,2.821949005E1,-5.524467468E0,3.161459243E1
2.469266775E1,1.290386200E1,2.844612885E1,-5.441673279E0,3.170652470E1
2.470259775E1,1.337819672E1,2.850281525E1,-5.597610474E0,3.197999167E1
2.471252875E1,1.279328156E1,2.861689758E1,-5.467582703E0,3.181963766E1
2.472245875E1,1.323023987E1,2.872184753E1,-5.942222595E0,3.217598145E1
2.473238875E1,1.313803101E1,2.858189774E1,-5.647186279E0,3.195971605E1
2.474231875E1,1.331233978E1,2.857389832E1,-5.748580933E0,3.204266278E1
2.475224875E1,1.303008270E1,2.887506485E1,-5.672325134E0,3.218272359E1
2.476217975E1,1.332865906E1,2.860178757E1,-5.865119934E0,3.209540522E1
2.477210975E1,1.306783295E1,2.858800888E1,-6.197044373E0,3.203819390E1
2.478203975E1,1.311447144E1,2.869404221E1,-5.798324585E0,3.207737500E1
2.479196975E1,1.288836670E1,2.848744202E1,-5.790992737E0,3.179905574E1
2.480189975E1,1.309194183E1,2.848371506E1,-5.693771362E0,3.186126169E1
2.481183075E1,1.297976685E1,2.880509949E1,-5.259513855E0,3.202921463E1
2.482176075E1,1.289422607E1,2.876390839E1,-5.242027283E0,3.195469201E1
2.483169075E1,1.276319885E1,2.859739685E1,-5.585098267E0,3.181043342E1
2.484162075E1,1.299346161E1,2.829753876E1,-5.362823486E0,3.159652861E1
2.485155075E1,1.273943329E1,2.831288528E1,-5.170936584E0,3.147461229E1
2.486148175E1,1.319059753E1,2.851541138E1,-5.352691650E0,3.187117596E1
2.487141175E1,1.283931732E1,2.858580399E1,-5.404922485E0,3.179951959E1
2.488134175E1,1.300973511E1,2.862009430E1,-5.392745972E0,3.189740921E1
2.489127175E1,1.284338379E1,2.851117325E1,-5.364051819E0,3.172715807E1
2.490120175E1,1.306519318E1,2.852968979E1,-5.406776428E0,3.184141491E1
2.491113175E1,1.304571533E1,2.848292160E1,-5.018646240E0,3.172781621E1
2.492106275E1,1.301942444E1,2.859936905E1,-4.926979065E0,3.180730176E1
2.493099275E1,1.303189087E1,2.859054184E1,-5.165321350E0,3.184226448E1
2.494092275E1,1.304393005E1,2.852698517E1,-5.242279053E0,3.180274334E1
2.495085275E1,1.293530273E1,2.857196808E1,-4.942466736E0,3.175070699E1
2.496078275E1,1.282401276E1,2.854180908E1,-5.236389160E0,3.172554082E1
2.497071375E1,1.311581421E1,2.866458511E1,-5.502647400E0,3.199940860E1
2.498064375E1,1.323080444E1,2.868679047E1,-5.677696228E0,3.209707725E1
2.499057375E1,1.323503113E1,2.857712936E1,-5.328910828E0,3.194081499E1
2.500050375E1,1.317570496E1,2.854937744E1,-5.442489624E0,3.191060712E1
2.501043375E1,1.334182739E1,2.845416260E1,-5.681556702E0,3.193624608E1
2.502036475E1,1.297949219E1,2.857553101E1,-5.424552917E0,3.185049394E1
2.503029475E1,1.269938660E1,2.874708176E1,-5.415802002E0,3.189043808E1
2.504022475E1,1.294724274E1,2.846753311E1,-5.464363098E0,3.174729595E1
2.505015475E1,1.272484589E1,2.854675293E1,-5.339820862E0,3.170729400E1
2.506008475E1,1.273876190E1,2.853504562E1,-5.412834167E0,3.171472304E1
2.507001575E1,1.276779175E1,2.838867188E1,-5.245918274E0,3.156664150E1
2.507994575E1,1.293724823E1,2.831679535E1,-5.231353760E0,3.156866093E1
2.508987575E1,1.286876678E1,2.840980148E1,-5.261436462E0,3.162917470E1
2.509980575E1,1.298782349E1,2.856565857E1,-5.191528320E0,3.180616882E1
2.510973575E1,1.304869843E1,2.847740936E1,-5.202239990E0,3.175365610E1
2.511966675E1,1.316094971E1,2.839786530E1,-5.053833008E0,3.170474063E1
2.512959675E1,1.307901764E1,2.859897232E1,-5.281280518E0,3.188814582E1
2.513952675E1,1.323921204E1,2.846221924E1,-5.247077942E0,3.182619183E1
2.514945675E1,1.332252502E1,2.848223495E1,-5.195785522E0,3.187041839E1
2.515938675E1,1.315306854E1,2.876607132E1,-5.259353638E0,3.206479178E1
2.516931675E1,1.309064484E1,2.857558060E1,-5.515914917E0,3.191166097E1
2.517924775E1,1.302799225E1,2.862075424E1,-5.457336426E0,3.191643270E1
2.518917775E1,1.315533447E1,2.853811646E1,-5.482315063E0,3.189894504E1
2.519910775E1,1.329042053E1,2.850493622E1,-5.268791199E0,3.188929017E1
2.520903775E1,1.326095581E1,2.849089813E1,-5.297729492E0,3.186926675E1
2.521896775E1,1.324134064E1,2.849596405E1,-5.256027222E0,3.185873336E1
2.522889875E1,1.285393524E1,2.852871323E1,-4.945365906E0,3.167913783E1
2.523882875E1,1.294026184E1,2.835666275E1,-5.179702759E0,3.159715208E1
2.524875875E1,1.295323181E1,2.861012268E1,-4.927932739E0,3.179009052E1
2.525868875E1,1.297628784E1,2.852099991E1,-5.283714294E0,3.177654982E1
2.526861875E1,1.288795471E1,2.838627625E1,-5.296112061E0,3.162165174E1
2.527854975E1,1.298554230E1,2.845053482E1,-5.147384644E0,3.169468108E1
2.528847975E1,1.299402618E1,2.850703812E1,-5.157432556E0,3.175051258E1
2.529840975E1,1.301441193E1,2.847138977E1,-5.032272339E0,3.170676139E1
2.530833975E1,1.279763794E1,2.837879562E1,-4.831237793E0,3.150359403E1
2.531826975E1,1.302909851E1,2.825156784E1,-4.883316040E0,3.149214615E1
2.532820075E1,1.319081116E1,2.858453369E1,-4.806945801E0,3.184618962E1
2.533813075E1,1.322040558E1,2.853382492E1,-5.113044739E0,3.186065779E1
2.534806075E1,1.306541443E1,2.862988281E1,-4.665687561E0,3.181420885E1
2.535799167E1,1.303838348E1,2.859053802E1,-5.219566345E0,3.185376243E1
2.536792167E1,1.307601929E1,2.848420715E1,-5.040519714E0,3.174490788E1
2.537785167E1,1.322476959E1,2.851569366E1,-5.339523315E0,3.188337851E1
2.538778267E1,1.299185944E1,2.866178131E1,-5.278312683E0,3.190841118E1
2.539771267E1,1.305152893E1,2.842756653E1,-5.398780823E0,3.174296427E1
2.540764267E1,1.291938019E1,2.838645172E1,-5.101470947E0,3.160262697E1
2.541757267E1,1.308831024E1,2.852775955E1,-5.106552124E0,3.179958812E1
2.542750267E1,1.306179047E1,2.861840820E1,-5.456634521E0,3.192802090E1
2.543743367E1,1.338382721E1,2.886542130E1,-5.713592529E0,3.232622027E1
2.544736367E1,1.315004730E1,2.862038040E1,-5.431526184E0,3.196171765E1
2.545729367E1,1.336859894E1,2.857055283E1,-5.655052185E0,3.204645911E1
2.546722367E1,1.297558594E1,2.857196808E1,-5.134750366E0,3.179762336E1
2.547715367E1,1.313571167E1,2.851276016E1,-5.121299744E0,3.180805125E1
2.548708467E1,1.290281677E1,2.864945221E1,-4.989707947E0,3.181463465E1
2.549701467E1,1.306619263E1,2.863751984E1,-5.449279785E0,3.194569740E1
2.550694467E1,1.290061951E1,2.862660217E1,-5.635078430E0,3.190082200E1
2.551687467E1,1.334161377E1,2.851381302E1,-5.167549133E0,3.190203371E1
2.552680467E1,1.300248718E1,2.871137238E1,-5.062080383E0,3.192228429E1
2.553673567E1,1.307421875E1,2.872130585E1,-5.417419434E0,3.201869827E1
2.554666567E1,1.284918213E1,2.861091232E1,-5.187896729E0,3.178993642E1
2.555659567E1,1.310932159E1,2.844727707E1,-5.222869873E0,3.175500362E1
2.556652567E1,1.281623077E1,2.829603195E1,-5.208641052E0,3.149684329E1
2.557645567E1,1.303751373E1,2.842006683E1,-5.153190613E0,3.168962506E1
2.558638567E1,1.296190643E1,2.853529739E1,-5.364265442E0,3.179700551E1
2.559631667E1,1.332275391E1,2.857918167E1,-5.703956604E0,3.204372821E1
2.560624667E1,1.299816895E1,2.868409729E1,-5.659049988E0,3.199616665E1
2.561617667E1,1.307963562E1,2.858517075E1,-5.623313904E0,3.193447219E1
2.562610667E1,1.276952362E1,2.848300552E1,-5.259513855E0,3.165445977E1
2.563603667E1,1.297955322E1,2.852634430E1,-5.416183472E0,3.180497075E1
2.564596767E1,1.266493988E1,2.872628021E1,-5.149765015E0,3.181383279E1
2.565589767E1,1.276945496E1,2.871794128E1,-5.658889771E0,3.193434147E1
2.566582767E1,1.257924652E1,2.832249451E1,-5.203697205E0,3.142418818E1
2.567575767E1,1.272559357E1,2.850575638E1,-5.460494995E0,3.169125879E1
2.568568767E1,1.239966583E1,2.878763199E1,-5.369590759E0,3.180113163E1
2.569561867E1,1.250595856E1,2.855081177E1,-5.679061890E0,3.168279653E1
2.570554867E1,1.218634033E1,2.862651825E1,-5.422676086E0,3.158147960E1
2.571547867E1,1.224391174E1,2.842782593E1,-5.458305359E0,3.143004548E1
2.572540867E1,1.216649628E1,2.862118530E1,-5.054260254E0,3.150779946E1
2.573533867E1,1.233860016E1,2.838667297E1,-5.458290100E0,3.142987730E1
2.574526967E1,1.206352234E1,2.842595291E1,-5.385177612E0,3.134586907E1
2.575519967E1,1.215357971E1,2.828493118E1,-5.293136597E0,3.123722342E1
2.576512967E1,1.183163452E1,2.821945953E1,-4.876678467E0,3.098560093E1
2.577505967E1,1.221092987E1,2.836909485E1,-4.587562561E0,3.122431874E1
2.578498967E1,1.183390045E1,2.831975937E1,-4.581489563E0,3.103288606E1
2.579491967E1,1.195283508E1,2.821212387E1,-4.587097168E0,3.098121463E1
2.580485067E1,1.169040680E1,2.803676605E1,-4.213317871E0,3.066721228E1
2.581478067E1,1.158199310E1,2.771564865E1,-4.166038513E0,3.032582433E1
2.582471067E1,1.139140320E1,2.773355865E1,-4.005264282E0,3.024824763E1
2.583464067E1,1.136537170E1,2.801044464E1,-3.740608215E0,3.045896966E1
2.584457067E1,1.129595947E1,2.764995575E1,-3.943679810E0,3.012758477E1
2.585450167E1,1.151664734E1,2.751807785E1,-3.430084229E0,3.002737505E1
2.586443167E1,1.131598663E1,2.745915985E1,-2.655380249E0,2.981791504E1
2.587436167E1,1.108702087E1,2.745349503E1,-2.513870239E0,2.971423841E1
2.588429167E1,1.096276093E1,2.742582703E1,-1.786499023E0,2.958968898E1
2.589422167E1,1.102682495E1,2.765624619E1,-1.497909546E0,2.981111461E1
2.590415267E1,1.096192932E1,2.751520920E1,-1.115776062E0,2.963942624E1
2.591408267E1,1.098857880E1,2.730474472E1,-8.572387695E-1,2.944542081E1
2.592401267E1,1.100690460E1,2.705095673E1,-1.297836304E-1,2.920484639E1
2.593394267E1,1.094044495E1,2.708626938E1,1.809692383E-2,2.921232021E1
2.594387267E1,1.087323761E1,2.694572449E1,3.829879761E-1,2.905935381E1
2.595380367E1,1.098261261E1,2.694753265E1,5.770111084E-1,2.910533006E1
2.596373367E1,1.075201416E1,2.694857025E1,9.347991943E-1,2.902938333E1
2.597366367E1,1.076859283E1,2.709458160E1,1.262329102E0,2.918342712E1
2.598359367E1,1.070318604E1,2.692174911E1,1.735946655E0,2.902330576E1
2.599352367E1,1.039419556E1,2.690011215E1,2.024169922E0,2.890938600E1
2.600345367E1,1.038189697E1,2.692600250E1,2.548316956E0,2.897045590E1
2.601338467E1,1.024400330E1,2.691353607E1,3.004112244E0,2.895345779E1
2.602331467E1,9.988304138E0,2.704282379E1,3.342834473E0,2.902163125E1
2.603324467E1,9.878677368E0,2.689469528E1,3.959655762E0,2.892389626E1
2.604317467E1,9.956047058E0,2.684268951E1,4.071090698E0,2.891758345E1
2.605310467E1,9.986999512E0,2.690950775E1,4.228561401E0,2.901279887E1
2.606303567E1,1.001744080E1,2.704141617E1,4.564224243E0,2.919622324E1
2.607296567E1,9.672126770E0,2.721940231E1,4.553642273E0,2.924348742E1
2.608289567E1,9.954399109E0,2.724268341E1,4.174522400E0,2.930325064E1
2.609282567E1,9.749511719E0,2.752729797E1,3.686950684E0,2.943465165E1
2.610275567E1,9.613159180E0,2.732119751E1,3.388381958E0,2.916062062E1
2.611268667E1,9.353324890E0,2.733425903E1,2.615493774E0,2.900839897E1
2.612261667E1,9.409568787E0,2.724475479E1,2.284294128E0,2.891426375E1
2.613254667E1,9.366325378E0,2.727950287E1,1.985160828E0,2.891090091E1
2.614247667E1,9.444465637E0,2.731515503E1,1.201667786E0,2.892679780E1
2.615240667E1,9.292991638E0,2.745589066E1,1.283798218E0,2.901437167E1
2.616233667E1,9.472785950E0,2.748944855E1,1.230270386E0,2.910183878E1
2.617226767E1,9.181510925E0,2.739823532E1,9.673538208E-1,2.891192168E1
2.618219767E1,9.324348450E0,2.752877808E1,4.919204712E-1,2.906921193E1
2.619212767E1,9.122756958E0,2.719765854E1,1.764068604E-1,2.868742658E1
2.620205767E1,9.033332825E0,2.713868713E1,-2.611999512E-1,2.860380511E1
2.621198767E1,9.045150757E0,2.714446640E1,-1.574630737E-1,2.861226316E1
2.622191867E1,9.124412537E0,2.696026611E1,-3.434524536E-1,2.846451849E1
2.623184867E1,8.968276978E0,2.711909866E1,-3.257980347E-1,2.856539250E1
2.624177867E1,9.303077698E0,2.692480850E1,-8.456726074E-1,2.849925841E1
2.625170867E1,9.144241333E0,2.694459152E1,-3.112106323E-1,2.845566752E1
2.626163867E1,9.412963867E0,2.679988480E1,-2.429199219E-1,2.840592762E1
2.627156967E1,9.107208252E0,2.682108688E1,2.025604248E-2,2.832511878E1
2.628149967E1,9.196083069E0,2.653506470E1,-2.853393555E-1,2.808485394E1
2.629142967E1,8.952705383E0,2.654655457E1,-2.420120239E-1,2.801658549E1
2.630135967E1,9.223426819E0,2.641965103E1,-1.426239014E-1,2.798374358E1
2.631128967E1,8.788726807E0,2.632136536E1,-1.559448242E-1,2.775032093E1
2.632121967E1,9.442878723E0,2.640305328E1,-2.863082886E-1,2.804231006E1
2.633115067E1,9.025131226E0,2.634018707E1,-2.426910400E-2,2.784347388E1
2.634108067E1,9.299209595E0,2.628614044E1,-2.238464355E-1,2.788344644E1
2.635101067E1,9.004783630E0,2.643418121E1,1.642150879E-1,2.792631432E1
2.636094042E1,9.091629028E0,2.628491592E1,4.180603027E-1,2.781598997E1
2.637087042E1,8.929855347E0,2.609946823E1,3.839569092E-1,2.758753308E1
2.638080142E1,9.329872131E0,2.620517731E1,1.658630371E-1,2.781699736E1
2.639073142E1,9.312965393E0,2.625363159E1,2.856292725E-1,2.785796260E1
2.640066142E1,9.532554626E0,2.640174484E1,3.697128296E-1,2.807237817E1
2.641059142E1,9.035980225E0,2.630305099E1,7.944412231E-1,2.782320196E1
2.642052142E1,9.335220337E0,2.649197006E1,6.530456543E-1,2.809621478E1
2.643045242E1,9.021202087E0,2.641765213E1,6.892776489E-1,2.792399568E1
2.644038242E1,9.246101379E0,2.649409866E1,5.248641968E-1,2.806604955E1
2.645031242E1,8.968978882E0,2.665618134E1,9.980850220E-1,2.814233038E1
2.646024242E1,9.348014832E0,2.666244888E1,1.130004883E0,2.827628817E1
2.647017242E1,8.817611694E0,2.697737885E1,1.243194580E0,2.840906155E1
2.648010342E1,9.214454651E0,2.697845840E1,1.028205872E0,2.852719053E1
2.649003342E1,9.203643799E0,2.683121490E1,1.263084412E0,2.839395243E1
2.649996342E1,9.363784790E0,2.672720718E1,1.318046570E0,2.835068458E1
2.650989342E1,9.310234070E0,2.686548233E1,1.276107788E0,2.846160660E1
2.651982342E1,9.566787720E0,2.661562729E1,1.159599304E0,2.830653129E1
2.652975442E1,9.468109131E0,2.663149643E1,1.598594666E0,2.830966615E1
2.653968442E1,9.583984375E0,2.682406235E1,1.106643677E0,2.850627541E1
2.654961442E1,9.260459900E0,2.678927994E1,1.354858398E0,2.837705549E1
2.655954442E1,9.533645630E0,2.698897934E1,1.107810974E0,2.864476654E1
2.656947442E1,9.033569336E0,2.676305771E1,1.199775696E0,2.827200196E1
2.657940442E1,9.263587952E0,2.670137024E1,1.303794861E0,2.829270428E1
2.658933542E1,8.872474670E0,2.704456329E1,1.104011536E0,2.848417196E1
2.659926542E1,9.147781372E0,2.712078857E1,9.756698608E-1,2.863862791E1
2.660919542E1,9.064025879E0,2.691689301E1,1.062301636E0,2.842189612E1
2.661912542E1,9.360252380E0,2.699889374E1,9.630813599E-1,2.859164412E1
2.662905542E1,9.178329468E0,2.691715622E1,1.341758728E0,2.847060497E1
2.663898642E1,9.154632568E0,2.682242584E1,1.149269104E0,2.836495452E1
2.664891642E1,8.985061646E0,2.674637604E1,1.474082947E0,2.825372337E1
2.665884642E1,9.112907410E0,2.694961929E1,1.161972046E0,2.847239436E1
2.666877642E1,9.165039062E0,2.710033798E1,1.439910889E0,2.864436425E1
2.667870642E1,9.328895569E0,2.734918594E1,1.229270935E0,2.892261004E1
2.668863742E1,9.201576233E0,2.718212128E1,1.381240845E0,2.873055079E1
2.669856742E1,9.287666321E0,2.714995193E1,1.321853638E0,2.872504017E1
2.670849742E1,9.089019775E0,2.699753571E1,1.313774109E0,2.851671820E1
2.671842742E1,9.147125244E0,2.715011978E1,1.126922607E0,2.867174321E1
2.672835742E1,9.042297363E0,2.700759125E1,1.196678162E0,2.850623029E1
2.673828742E1,9.296150208E0,2.714833069E1,1.625885010E0,2.874184702E1
2.674821842E1,9.124450684E0,2.716754913E1,1.383705139E0,2.869226317E1
2.675814842E1,9.354331970E0,2.714976883E1,1.179512024E0,2.874029789E1
2.676807842E1,9.114555359E0,2.724096298E1,1.577270508E0,2.876861077E1
2.677800842E1,9.319801331E0,2.726329422E1,1.261955261E0,2.883987586E1
2.678793842E1,9.205154419E0,2.714831924E1,1.271385193E0,2.869464281E1
2.679786942E1,9.053916931E0,2.725834274E1,1.243286133E0,2.874954645E1
2.680779942E1,9.187194824E0,2.701251221E1,1.612113953E0,2.857760095E1
2.681772942E1,9.139724731E0,2.697712708E1,1.665397644E0,2.853197334E1
2.682765942E1,9.422248840E0,2.703641891E1,1.571533203E0,2.867431669E1
2.683758942E1,9.480339050E0,2.685037613E1,1.502410889E0,2.851450096E1
2.684752042E1,9.006195068E0,2.689738464E1,1.491981506E0,2.840434578E1
2.685745042E1,8.900627136E0,2.710743713E1,1.619789124E0,2.857722919E1
2.686738042E1,9.190750122E0,2.699409103E1,1.482696533E0,2.855432065E1
2.687731042E1,8.977813721E0,2.686159134E1,1.919601440E0,2.838716432E1
2.688724042E1,9.065849304E0,2.683582306E1,1.735839844E0,2.837893872E1
2.689717142E1,9.135971069E0,2.691682053E1,1.727203369E0,2.847743714E1
2.690710142E1,9.143074036E0,2.681594467E1,1.535797119E0,2.837339184E1
2.691703142E1,9.253723145E0,2.716494751E1,1.812210083E0,2.875499732E1
2.692696142E1,9.377426147E0,2.712275314E1,1.773628235E0,2.875283667E1
2.693689142E1,9.279418945E0,2.697985840E1,1.412635803E0,2.856599228E1
2.694682142E1,9.365730286E0,2.687822342E1,1.446624756E0,2.849997406E1
2.695675242E1,9.075912476E0,2.672679901E1,1.301658630E0,2.825576557E1
2.696668242E1,9.363983154E0,2.677901077E1,1.368309021E0,2.840196944E1
2.697661242E1,9.210243225E0,2.670019913E1,1.865043640E0,2.830561078E1
2.698654242E1,9.430366516E0,2.705086899E1,1.677192688E0,2.869659041E1
2.699647242E1,9.355567932E0,2.686937714E1,1.880744934E0,2.851363324E1
2.700640342E1,9.177742004E0,2.663134384E1,1.785964966E0,2.822497288E1
2.701633342E1,9.088508606E0,2.681755829E1,2.096336365E0,2.839325708E1
2.702626342E1,9.405982971E0,2.675370026E1,2.216163635E0,2.844546316E1
2.703619342E1,9.087577820E0,2.678867340E1,1.959892273E0,2.835592127E1
2.704612342E1,9.424987793E0,2.682698822E1,2.277511597E0,2.852551053E1
2.705605442E1,9.161445618E0,2.670633316E1,1.705947876E0,2.828551882E1
2.706598442E1,9.214294434E0,2.671613693E1,1.796295166E0,2.831751880E1
2.707591442E1,8.933990479E0,2.685783386E1,1.934051514E0,2.837075926E1
2.708584442E1,9.033020020E0,2.638647461E1,2.058334351E0,2.796566168E1
2.709577442E1,8.920791626E0,2.677272034E1,2.158416748E0,2.830225857E1
2.710570442E1,8.956695557E0,2.681788635E1,1.756477356E0,2.832854808E1
2.711563542E1,8.663635254E0,2.679887772E1,1.854316711E0,2.822546568E1
2.712556542E1,9.146636963E0,2.690943909E1,1.854866028E0,2.848191369E1
2.713549542E1,8.818458557E0,2.691051483E1,2.177879333E0,2.840218615E1
2.714542542E1,8.932090759E0,2.686301804E1,1.975181580E0,2.837790206E1
2.715535542E1,8.431236267E0,2.718595505E1,2.201950073E0,2.854838841E1
2.716528642E1,9.071586609E0,2.700833893E1,1.991340637E0,2.856062837E1
2.717521642E1,8.761032104E0,2.707693481E1,2.355865479E0,2.855636855E1
2.718514642E1,9.063751221E0,2.675420761E1,1.875930786E0,2.831003934E1
2.719507642E1,8.694160461E0,2.656070709E1,2.397186279E0,2.805006398E1
2.720500642E1,8.887283325E0,2.673302841E1,1.968856812E0,2.824030825E1
2.721493742E1,8.819465637E0,2.666868591E1,2.107482910E0,2.816812501E1
2.722486742E1,9.125839233E0,2.675475311E1,1.860610962E0,2.832948339E1
2.723479742E1,8.694053650E0,2.666135406E1,2.191154480E0,2.812855360E1
2.724472742E1,9.077003479E0,2.670444870E1,1.907211304E0,2.826936553E1
2.725465742E1,8.691062927E0,2.669832230E1,2.158073425E0,2.816011841E1
2.726458742E1,9.006286621E0,2.658968735E1,2.068389893E0,2.814965202E1
2.727451842E1,8.804763794E0,2.678999329E1,1.778038025E0,2.825577861E1
2.728444842E1,8.912399292E0,2.688731384E1,1.890853882E0,2.838897383E1
2.729437842E1,8.995788574E0,2.659919357E1,2.185829163E0,2.816414671E1
2.730430842E1,9.260787964E0,2.644367218E1,2.043922424E0,2.809283914E1
2.731423842E1,8.895606995E0,2.669992447E1,1.943199158E0,2.820981768E1
2.732416942E1,9.168006897E0,2.668468857E1,1.726005554E0,2.826842850E1
2.733409942E1,8.992927551E0,2.666391373E1,1.872222900E0,2.820181306E1
2.734402942E1,9.263931274E0,2.667283630E1,1.515243530E0,2.827643157E1
2.735395963E1,8.851173401E0,2.666638947E1,1.630470276E0,2.814423620E1
2.736388963E1,9.242996216E0,2.681430054E1,1.678489685E0,2.841226883E1
2.737382062E1,9.091255188E0,2.679656601E1,1.465667725E0,2.833469698E1
2.738375062E1,9.217079163E0,2.682540512E1,1.482994080E0,2.840345366E1
2.739368062E1,9.096923828E0,2.688177109E1,1.812492371E0,2.843710197E1
2.740361062E1,9.395629883E0,2.690216064E1,1.554130554E0,2.853803480E1
2.741354062E1,9.260940552E0,2.678427505E1,1.640686035E0,2.838757229E1
2.742347062E1,9.465324402E0,2.679506302E1,1.808013916E0,2.847519416E1
2.743340163E1,9.177314758E0,2.668701935E1,1.908187866E0,2.828535467E1
2.744333163E1,9.372489929E0,2.683277893E1,1.434013367E0,2.845870670E1
2.745326163E1,9.155319214E0,2.680200195E1,2.142112732E0,2.840344742E1
2.746319163E1,9.271194458E0,2.682031250E1,1.620506287E0,2.842376206E1
2.747312163E1,9.209877014E0,2.672029495E1,1.801361084E0,2.832032660E1
2.748305263E1,9.358299255E0,2.687876511E1,1.487190247E0,2.850013181E1
2.749298263E1,8.904769897E0,2.689353180E1,1.619514465E0,2.837569042E1
2.750291263E1,9.154495239E0,2.698784637E1,1.499855042E0,2.853766284E1
2.751284263E1,8.926231384E0,2.685938644E1,1.461128235E0,2.834147390E1
2.752277263E1,8.808212280E0,2.685480881E1,1.483024597E0,2.830132014E1
2.753270362E1,8.958724976E0,2.663890839E1,1.684226990E0,2.815540470E1
2.754263362E1,9.338500977E0,2.667726898E1,1.372108459E0,2.829782611E1
2.755256362E1,9.141990662E0,2.695250320E1,1.731796265E0,2.851337477E1
2.756249362E1,8.921348572E0,2.691443253E1,1.749374390E0,2.840840455E1
2.757242362E1,9.296066284E0,2.681795883E1,1.741706848E0,2.843683012E1
2.758235362E1,9.168449402E0,2.687376785E1,1.482040405E0,2.843336608E1
2.759228463E1,9.526016235E0,2.682999802E1,1.396209717E0,2.850514305E1
2.760221463E1,9.482856750E0,2.671271515E1,1.708213806E0,2.839738927E1
2.761214463E1,9.680244446E0,2.681705093E1,1.575653076E0,2.855422974E1
2.762207463E1,9.381523132E0,2.688524628E1,1.342262268E0,2.850668539E1
2.763200463E1,9.297225952E0,2.691682434E1,1.151046753E0,2.850050441E1
2.764193562E1,9.142829895E0,2.697932434E1,1.194869995E0,2.851145375E1
2.765186562E1,9.286857605E0,2.673603439E1,9.938812256E-1,2.832047067E1
2.766179562E1,9.382003784E0,2.690798187E1,1.580947876E0,2.854051295E1
2.767172562E1,9.164154053E0,2.699306107E1,1.347373962E0,2.853808826E1
2.768165562E1,9.035331726E0,2.702537537E1,1.275817871E0,2.852430270E1
2.769158663E1,8.942344666E0,2.696595383E1,1.638755798E0,2.845722605E1
2.770151663E1,9.242340088E0,2.687844849E1,1.699600220E0,2.847385615E1
2.771144663E1,9.186813354E0,2.717948532E1,1.735015869E0,2.874251628E1
2.772137663E1,9.163619995E0,2.732592010E1,1.580123901E0,2.886476455E1
2.773130663E1,9.029243469E0,2.729438400E1,1.700660706E0,2.879935559E1
2.774123663E1,9.291786194E0,2.716500473E1,1.467994690E0,2.874769175E1
2.775116762E1,9.038551331E0,2.701240921E1,1.538108826E0,2.852597834E1
2.776109762E1,8.796310425E0,2.694526672E1,1.539070129E0,2.838646179E1
2.777102762E1,8.901191711E0,2.712860489E1,1.646156311E0,2.859899033E1
2.778095763E1,9.146980286E0,2.709103394E1,1.249183655E0,2.862082857E1
2.779088763E1,9.085792542E0,2.714072800E1,1.456848145E0,2.865821259E1
2.780081862E1,9.346450806E0,2.704035187E1,1.458915710E0,2.864725479E1
2.781074862E1,9.363662720E0,2.715367126E1,1.577407837E0,2.876609564E1
2.782067862E1,9.233917236E0,2.715654755E1,1.383865356E0,2.871686587E1
2.783060862E1,9.185676575E0,2.736993408E1,1.742668152E0,2.892277369E1
2.784053862E1,9.225479126E0,2.722953796E1,1.840408325E0,2.880875398E1
2.785046963E1,9.196266174E0,2.709668350E1,1.847877502E0,2.867431289E1
2.786039963E1,9.374336243E0,2.722121429E1,1.831512451E0,2.884834702E1
2.787032963E1,9.416229248E0,2.723602676E1,1.862976074E0,2.887797096E1
2.788025963E1,9.837127686E0,2.724429321E1,1.820968628E0,2.902303431E1
2.789018963E1,9.621406555E0,2.722988892E1,2.134391785E0,2.895848654E1
2.790011963E1,9.645523071E0,2.716182327E1,2.212318420E0,2.890839172E1
2.791005062E1,9.603477478E0,2.709210587E1,2.222229004E0,2.882962507E1
2.791998062E1,9.615051270E0,2.703850174E1,2.113609314E0,2.877493930E1
2.792991062E1,9.407234192E0,2.700144577E1,2.140495300E0,2.867326017E1
2.793984062E1,9.406105042E0,2.683975601E1,2.266029358E0,2.853037336E1
2.794977062E1,9.151039124E0,2.688035583E1,1.993881226E0,2.846525266E1
2.795970163E1,9.172409058E0,2.716007233E1,1.687736511E0,2.871673852E1
2.796963163E1,9.254341125E0,2.702483368E1,1.816665649E0,2.862315041E1
2.797956163E1,9.356796265E0,2.729594421E1,1.918067932E0,2.891880342E1
2.798949163E1,9.145858765E0,2.718771744E1,1.717315674E0,2.873617729E1
2.799942163E1,9.258110046E0,2.710497665E1,1.155540466E0,2.866579207E1
2.800935262E1,9.122596741E0,2.701480865E1,1.441047668E0,2.854992603E1
2.801928262E1,9.330955505E0,2.718537140E1,1.035614014E0,2.876080050E1
2.802921262E1,9.100402832E0,2.716175842E1,1.138351440E0,2.866835008E1
2.803914262E1,9.171310425E0,2.709947586E1,9.525451660E-1,2.862519640E1
2.804907262E1,8.970718384E0,2.719521332E1,1.031852722E0,2.865515897E1
2.805900262E1,9.400535583E0,2.690517426E1,8.908538818E-1,2.851406831E1
2.806893363E1,9.260902405E0,2.701180267E1,1.079185486E0,2.857562665E1
2.807886363E1,9.403305054E0,2.699440384E1,1.124855042E0,2.860743406E1
2.808879363E1,9.282783508E0,2.696092606E1,1.305015564E0,2.854408291E1
2.809872363E1,9.265083313E0,2.703226471E1,1.035987854E0,2.859472635E1
2.810865363E1,9.173538208E0,2.732839203E1,1.022399902E0,2.884510558E1
2.811858463E1,9.029739380E0,2.720914459E1,8.513488770E-1,2.868097867E1
2.812851463E1,8.792373657E0,2.709166718E1,1.285583496E0,2.851169917E1
2.813844463E1,9.036773682E0,2.709466934E1,8.742752075E-1,2.857531701E1
2.814837463E1,9.011734009E0,2.743074417E1,1.190643311E0,2.889765920E1
2.815830463E1,9.041412354E0,2.742956924E1,1.213317871E0,2.890675607E1
2.816823562E1,8.892890930E0,2.745247269E1,1.261924744E0,2.888449791E1
2.817816562E1,9.280487061E0,2.724018097E1,1.365661621E0,2.881006649E1
2.818809562E1,8.865341187E0,2.737130356E1,1.426513672E0,2.880655262E1
2.819802562E1,8.985832214E0,2.764703751E1,1.373916626E0,2.910311857E1
2.820795562E1,9.081809998E0,2.771255875E1,1.663925171E0,2.921016659E1
2.821788562E1,9.397781372E0,2.765610504E1,1.291976929E0,2.923777771E1
2.822781663E1,9.182853699E0,2.745705032E1,1.617408752E0,2.899707616E1
2.823774663E1,9.216850281E0,2.722645187E1,1.387123108E0,2.877766706E1
2.824767663E1,9.043823242E0,2.713027954E1,1.496887207E0,2.863709968E1
2.825760663E1,9.131599426E0,2.716437531E1,1.340393066E0,2.868947625E1
2.826753663E1,9.056777954E0,2.711910629E1,1.542037964E0,2.863300603E1
2.827746762E1,9.155090332E0,2.725052261E1,1.556571960E0,2.878940044E1
2.828739762E1,9.119941711E0,2.715217209E1,1.563537598E0,2.868550916E1
2.829732762E1,9.294425964E0,2.709277725E1,1.509796143E0,2.868247579E1
2.830725762E1,9.079994202E0,2.712440491E1,1.755691528E0,2.865767068E1
2.831718762E1,9.177810669E0,2.715024948E1,1.205566406E0,2.868486789E1
2.832711762E1,9.182098389E0,2.710576248E1,1.492485046E0,2.865764823E1
2.833704863E1,9.479965210E0,2.719155502E1,1.369552612E0,2.882925735E1
2.834697863E1,9.413597107E0,2.713122940E1,1.478881836E0,2.875598217E1
2.835690800E1,9.292488098E0,2.710727310E1,1.113212585E0,2.867740979E1
2.836683800E1,9.213973999E0,2.710760498E1,1.604766846E0,2.867568380E1
2.837676800E1,9.477172852E0,2.709475327E1,1.422966003E0,2.873964669E1
2.838669900E1,9.248962402E0,2.692330551E1,1.209480286E0,2.849334181E1
2.839662900E1,9.090209961E0,2.686197662E1,1.321350098E0,2.838914707E1
2.840655900E1,8.996864319E0,2.704858398E1,1.563537598E0,2.854845202E1
2.841648900E1,9.091033936E0,2.705073929E1,1.214843750E0,2.856335483E1
2.842641900E1,9.208030701E0,2.690775299E1,1.244659424E0,2.846689617E1
2.843635000E1,9.028656006E0,2.684462738E1,1.372062683E0,2.835547927E1
2.844628000E1,9.072822571E0,2.681129074E1,1.117767334E0,2.832685695E1
2.845621000E1,9.192283630E0,2.669348145E1,9.826126099E-1,2.824899215E1
2.846614000E1,9.075279236E0,2.703853989E1,1.258918762E0,2.854869890E1
2.847607000E1,9.155616760E0,2.686032104E1,1.223907471E0,2.840422705E1
2.848600000E1,9.095825195E0,2.699277115E1,1.061660767E0,2.850387437E1
2.849593100E1,9.188293457E0,2.712918091E1,9.869384766E-1,2.865992395E1
2.850586100E1,9.029785156E0,2.701526642E1,8.409652710E-1,2.849682197E1
2.851579100E1,9.101325989E0,2.697762680E1,8.354110718E-1,2.848375667E1
2.852572100E1,9.014289856E0,2.714210510E1,1.016876221E0,2.861791971E1
2.853565100E1,9.076606750E0,2.708074188E1,9.830780029E-1,2.857827520E1
2.854558200E1,9.103248596E0,2.676276016E1,9.623870850E-1,2.828498993E1
2.855551200E1,9.347717285E0,2.660303879E1,6.032791138E-1,2.820399682E1
2.856544200E1,9.496765137E0,2.681072235E1,8.182067871E-1,2.845475081E1
2.857537200E1,9.577819824E0,2.678037643E1,5.980453491E-1,2.844786201E1
2.858530200E1,9.584693909E0,2.683888245E1,8.260345459E-1,2.851095055E1
2.859523200E1,9.451644897E0,2.686774826E1,1.236648560E0,2.850857393E1
2.860516300E1,9.215095520E0,2.686545181E1,1.316299438E0,2.843243097E1
2.861509300E1,9.186676025E0,2.694019699E1,1.159103394E0,2.848706287E1
2.862502300E1,9.432746887E0,2.697091293E1,1.190917969E0,2.859764228E1
2.863495300E1,9.220489502E0,2.679690933E1,1.276420593E0,2.836760522E1
2.864488300E1,9.196899414E0,2.676578903E1,1.670883179E0,2.835105416E1
2.865481400E1,9.327217102E0,2.687101746E1,1.749450684E0,2.849752859E1
2.866474400E1,9.403373718E0,2.688704681E1,1.696166992E0,2.853443019E1
2.867467400E1,9.201316833E0,2.683861160E1,2.037628174E0,2.844516185E1
2.868460400E1,9.209304810E0,2.671022034E1,2.092704773E0,2.833066499E1
2.869453400E1,9.160194397E0,2.673144531E1,2.058387756E0,2.833224823E1
2.870446500E1,9.137985229E0,2.676874161E1,2.414321899E0,2.838832950E1
2.871439500E1,9.203620911E0,2.687231445E1,2.450851440E0,2.851025420E1
2.872432500E1,9.273216248E0,2.695583725E1,2.301605225E0,2.859907495E1
2.873425500E1,9.100959778E0,2.675717545E1,2.058654785E0,2.833746577E1
2.874418500E1,9.365653992E0,2.684356689E1,1.971023560E0,2.849872790E1
2.875411500E1,9.254325867E0,2.689327240E1,2.216018677E0,2.852720432E1
2.876404600E1,9.216705322E0,2.659868240E1,2.202239990E0,2.823627850E1
2.877397600E1,9.348770142E0,2.666893005E1,2.002525330E0,2.833092729E1
2.878390600E1,9.300514221E0,2.688137054E1,1.680938721E0,2.849444160E1
2.879383600E1,8.950904846E0,2.682575226E1,1.796577454E0,2.833667892E1
2.880376600E1,9.089630127E0,2.682636261E1,1.447792053E0,2.836143876E1
2.881369700E1,9.062583923E0,2.676368332E1,1.675857544E0,2.830607127E1
2.882362700E1,9.183494568E0,2.653148651E1,1.723564148E0,2.812875792E1
2.883355700E1,9.063575745E0,2.663037491E1,1.355400085E0,2.816313872E1
2.884348700E1,9.179206848E0,2.675071716E1,1.471946716E0,2.832005180E1
2.885341700E1,9.026924133E0,2.699973679E1,1.344741821E0,2.850051712E1
2.886334700E1,9.247970581E0,2.660295868E1,1.330085754E0,2.819594826E1
2.887327800E1,9.101333618E0,2.670005798E1,1.408531189E0,2.824378392E1
2.888320800E1,9.056777954E0,2.658786774E1,7.003021240E-1,2.809680339E1
2.889313800E1,8.816909790E0,2.676788330E1,8.395080566E-1,2.819507490E1
2.890306800E1,9.037261963E0,2.672699738E1,1.111679077E0,2.823544444E1
2.891299800E1,9.049346924E0,2.650915909E1,9.699096680E-1,2.802796675E1
2.892292900E1,9.156997681E0,2.674683380E1,1.011764526E0,2.828899773E1
2.893285900E1,9.189781189E0,2.686212921E1,1.152267456E0,2.841397164E1
2.894278900E1,9.028709412E0,2.666040039E1,9.472961426E-1,2.816366298E1
2.895271900E1,8.908409119E0,2.659550858E1,9.902420044E-1,2.806530614E1
2.896264900E1,9.272590637E0,2.669246674E1,1.149154663E0,2.828054586E1
2.897258000E1,9.218536377E0,2.657063293E1,1.173767090E0,2.814884858E1
2.898251000E1,9.468765259E0,2.660433578E1,7.774200439E-1,2.824982442E1
2.899244000E1,9.218986511E0,2.652608871E1,1.423957825E0,2.811851260E1
2.900237000E1,9.514762878E0,2.658098221E1,1.350059509E0,2.826485430E1
2.901230000E1,9.418792725E0,2.659210968E1,1.282371521E0,2.824001470E1
2.902223000E1,9.544395447E0,2.658069229E1,1.018585205E0,2.826068299E1
2.903216100E1,9.057266235E0,2.666306686E1,1.612846375E0,2.820557533E1
2.904209100E1,9.350273132E0,2.645730972E1,1.111572266E0,2.808295637E1
2.905202100E1,9.212554932E0,2.643009949E1,1.517707825E0,2.803078244E1
2.906195100E1,9.542549133E0,2.631235504E1,1.045425415E0,2.800880551E1
2.907188100E1,9.115272522E0,2.669483948E1,9.107742310E-1,2.822290130E1
2.908181200E1,9.408546448E0,2.685477448E1,8.587570190E-1,2.846817736E1
2.909174200E1,9.220787048E0,2.681868744E1,5.810775757E-1,2.836551711E1
2.910167200E1,9.451248169E0,2.688911819E1,7.569808960E-1,2.851181841E1
2.911160200E1,9.154777527E0,2.684202957E1,8.210906982E-1,2.837214643E1
2.912153200E1,9.338378906E0,2.688075256E1,5.849075317E-1,2.846264738E1
2.913146200E1,9.192649841E0,2.678718567E1,7.292480469E-1,2.833001818E1
2.914139300E1,9.444160461E0,2.708871078E1,5.183334351E-1,2.869249185E1
2.915132300E1,9.307456970E0,2.675434113E1,6.229858398E-1,2.833393082E1
2.916125300E1,9.477447510E0,2.671770859E1,5.099029541E-1,2.835344714E1
2.917118300E1,9.351539612E0,2.682241058E1,5.487060547E-1,2.841116120E1
2.918111300E1,9.209442139E0,2.684160995E1,4.579696655E-1,2.838125412E1
2.919104400E1,9.148605347E0,2.682954407E1,3.934097290E-1,2.834918316E1
2.920097400E1,9.405876160E0,2.664311600E1,5.534362793E-1,2.826008542E1
2.921090400E1,9.238853455E0,2.656340027E1,2.226104736E-1,2.812508138E1
2.922083400E1,9.421775818E0,2.649129486E1,4.341812134E-1,2.812022540E1
2.923076400E1,9.402885437E0,2.641981506E1,4.257125854E-1,2.804642782E1
2.924069400E1,9.416435242E0,2.651975632E1,2.066802979E-1,2.814266236E1
2.925062500E1,9.506530762E0,2.641458893E1,5.922164917E-1,2.807944721E1
2.926055500E1,9.496826172E0,2.646596909E1,5.600357056E-1,2.812384872E1
2.927048500E1,9.254119873E0,2.650948715E1,7.028579712E-1,2.808710831E1
2.928041500E1,9.328163147E0,2.629829407E1,1.909637451E-1,2.790432521E1
2.929034500E1,9.188980103E0,2.635649109E1,4.497451782E-1,2.791602136E1
2.930027600E1,9.419166565E0,2.642653275E1,4.206314087E-1,2.805814075E1
2.931020600E1,9.215797424E0,2.646690369E1,2.112197876E-1,2.802628278E1
2.932013600E1,9.384933472E0,2.640827942E1,2.029037476E-1,2.802704708E1
2.933006600E1,9.263511658E0,2.629926682E1,3.002548218E-1,2.788465951E1
2.933999600E1,9.292457581E0,2.638293457E1,3.601074219E-2,2.797159812E1
2.934992600E1,9.272201538E0,2.642186737E1,3.802947998E-1,2.800416792E1
2.935985750E1,9.469192505E0,2.657398224E1,4.235458374E-1,2.821385351E1
2.936978750E1,9.447555542E0,2.648815918E1,4.057235718E-1,2.812549545E1
2.937971750E1,9.495018005E0,2.649841309E1,4.026641846E-1,2.815108171E1
2.938964750E1,9.575004578E0,2.638438034E1,7.167892456E-1,2.807721541E1
2.939957750E1,9.580772400E0,2.639604568E1,4.850234985E-1,2.808518605E1
2.940950850E1,9.720207214E0,2.627450943E1,5.447463989E-1,2.802015387E1
2.941943850E1,9.917060852E0,2.618402863E1,2.003707886E-1,2.799984999E1
2.942936850E1,9.821563721E0,2.625013733E1,1.758193970E-1,2.802790995E1
2.943929850E1,9.749290466E0,2.615370178E1,3.530883789E-2,2.791175430E1
2.944922850E1,9.395195007E0,2.601259613E1,2.507934570E-1,2.765841181E1
2.945915850E1,9.608131409E0,2.636132812E1,2.222518921E-1,2.805860306E1
2.946908950E1,9.645645142E0,2.645540619E1,6.845626831E-1,2.816727912E1
2.947901950E1,9.475402832E0,2.644211960E1,5.351562500E-1,2.809368861E1
2.948894950E1,9.534698486E0,2.633594894E1,7.898406982E-1,2.801993095E1
2.949887950E1,9.782096863E0,2.618032837E1,5.921783447E-1,2.795442161E1
2.950880950E1,9.923912048E0,2.623878860E1,3.877487183E-1,2.805545236E1
2.951874050E1,9.793998718E0,2.633132553E1,2.732391357E-1,2.809512012E1
2.952867050E1,9.961906433E0,2.629014587E1,3.067474365E-1,2.811592865E1
2.953860050E1,9.571929932E0,2.653236771E1,4.473419189E-1,2.820972339E1
2.954853050E1,9.706680298E0,2.644440842E1,6.149368286E-1,2.817631144E1
2.955846050E1,9.639739990E0,2.630363464E1,7.904434204E-1,2.802553449E1
2.956839150E1,9.639335632E0,2.629109573E1,8.180160522E-1,2.801441873E1
2.957832150E1,9.360000610E0,2.635698700E1,5.336837769E-1,2.797472419E1
2.958825150E1,9.662307739E0,2.612747955E1,4.509735107E-1,2.786052325E1
2.959818150E1,9.405570984E0,2.639995193E1,7.123260498E-1,2.803443661E1
2.960811150E1,9.674285889E0,2.623229599E1,4.639739990E-1,2.796319782E1
2.961804150E1,9.359580994E0,2.636278152E1,6.927642822E-1,2.798352959E1
2.962797250E1,9.575851440E0,2.657175827E1,8.257064819E-1,2.825662860E1
2.963790250E1,9.511154175E0,2.664084244E1,1.154930115E0,2.831131228E1
2.964783250E1,9.787536621E0,2.662312698E1,8.097305298E-1,2.837679381E1
2.965776250E1,9.584922791E0,2.632775497E1,8.745498657E-1,2.803187943E1
2.966769250E1,9.621078491E0,2.652705765E1,6.462631226E-1,2.822530061E1
2.967762350E1,9.346992493E0,2.651321793E1,8.169326782E-1,2.812444439E1
2.968755350E1,9.434242249E0,2.654485703E1,7.157974243E-1,2.818060906E1
2.969748350E1,9.106506348E0,2.652818680E1,8.500823975E-1,2.806057364E1
2.970741350E1,9.114532471E0,2.673488235E1,1.243278503E0,2.827320955E1
2.971734350E1,9.103363037E0,2.656161499E1,8.826065063E-1,2.809216267E1
2.972727350E1,9.397872925E0,2.652082825E1,5.470352173E-1,2.814202541E1
2.973720450E1,9.455726624E0,2.678710938E1,8.885955811E-1,2.842093589E1
2.974713450E1,9.360519409E0,2.654571915E1,7.558975220E-1,2.815787474E1
2.975706450E1,9.277908325E0,2.660761642E1,1.122947693E0,2.820116746E1
2.976699450E1,9.464530945E0,2.672921753E1,8.779678345E-1,2.836898382E1
2.977692450E1,9.600967407E0,2.669287109E1,8.160095215E-1,2.837875638E1
2.978685550E1,9.469757080E0,2.663201904E1,5.844192505E-1,2.827158084E1
2.979678550E1,9.274185181E0,2.648387146E1,9.365158081E-1,2.807637833E1
2.980671550E1,9.426101685E0,2.668059540E1,1.014190674E0,2.831491032E1
2.981664550E1,9.482955933E0,2.644953537E1,8.511428833E-1,2.811100885E1
2.982657550E1,9.605926514E0,2.647852707E1,5.937652588E-1,2.817337000E1
2.983650550E1,9.551422119E0,2.665348434E1,4.534912109E-1,2.831684210E1
2.984643650E1,9.612998962E0,2.638144302E1,8.459396362E-1,2.809102880E1
2.985636650E1,9.265464783E0,2.657173157E1,7.212219238E-1,2.815006070E1
2.986629650E1,9.680923462E0,2.667168427E1,4.933013916E-1,2.837855470E1
2.987622650E1,9.327072144E0,2.681642914E1,1.095184326E0,2.841328167E1
2.988615650E1,9.553153992E0,2.680377579E1,7.356262207E-1,2.846482555E1
2.989608750E1,9.593032837E0,2.683724594E1,7.243957520E-1,2.850945103E1
2.990601750E1,9.818260193E0,2.680550003E1,5.616836548E-1,2.855255774E1
2.991594750E1,9.690399170E0,2.675753784E1,7.299880981E-1,2.846757015E1
2.992587750E1,9.851364136E0,2.668357468E1,7.495574951E-1,2.845389902E1
2.993580750E1,9.527008057E0,2.681534958E1,8.983688354E-1,2.847163364E1
2.994573750E1,9.781150818E0,2.678609085E1,6.643066406E-1,2.852379494E1
2.995566850E1,9.548812866E0,2.683449554E1,7.452774048E-1,2.849255020E1
2.996559850E1,9.709518433E0,2.671670151E1,5.927581787E-1,2.843252099E1
2.997552850E1,9.558029175E0,2.682616425E1,7.377243042E-1,2.848759813E1
2.998545850E1,9.769142151E0,2.706474304E1,4.141006470E-1,2.877686456E1
2.999538850E1,9.409217834E0,2.696861267E1,6.648330688E-1,2.857063970E1
3.000531950E1,9.487503052E0,2.723576355E1,5.964965820E-1,2.884710277E1
3.001524950E1,9.455123901E0,2.694773865E1,6.305465698E-1,2.856532120E1
3.002517950E1,9.589378357E0,2.684909439E1,4.400482178E-1,2.851357027E1
3.003510950E1,9.290733337E0,2.688130951E1,2.616882324E-1,2.844276723E1
3.004503950E1,9.609504700E0,2.693701553E1,3.370819092E-1,2.860173090E1
3.005496950E1,9.435119629E0,2.682366562E1,2.343368530E-1,2.843563668E1
3.006490050E1,9.756233215E0,2.695704651E1,-2.488708496E-2,2.866822391E1
3.007483050E1,9.643478394E0,2.681299210E1,-2.066040039E-2,2.849444942E1
3.008476050E1,9.804153442E0,2.708553314E1,-6.439208984E-2,2.880541054E1
3.009469050E1,9.588821411E0,2.701137161E1,2.612609863E-1,2.866405327E1
3.010462050E1,9.400421143E0,2.686861420E1,-1.803436279E-1,2.846617063E1
3.011455150E1,9.150596619E0,2.715358734E1,5.146713257E-1,2.865860448E1
3.012448150E1,9.573661804E0,2.727011490E1,5.426788330E-1,2.890689653E1
3.013441150E1,9.069435120E0,2.705034637E1,1.479164124E0,2.856858097E1
3.014434150E1,9.174072266E0,2.739174271E1,1.174377441E0,2.891107630E1
3.015427150E1,9.174552917E0,2.722156525E1,1.497856140E0,2.876507620E1
3.016420150E1,9.168968201E0,2.741298676E1,1.640953064E0,2.895228053E1
3.017413250E1,9.042938232E0,2.762382889E1,2.306327820E0,2.915767141E1
3.018406250E1,8.920639038E0,2.794991302E1,2.772682190E0,2.946969979E1
3.019399250E1,8.494285583E0,2.857748413E1,3.376968384E0,3.000382313E1
3.020392250E1,7.840614319E0,3.000370407E1,3.652709961E0,3.122562699E1
3.021385250E1,7.532669067E0,3.070510864E1,4.301254272E0,3.190682667E1
3.022378350E1,6.815933228E0,3.173628235E1,5.264659882E0,3.288411785E1
3.023371350E1,6.528038025E0,3.277473831E1,5.197185516E0,3.382025265E1
3.024364350E1,5.831954956E0,3.350382233E1,5.827735901E0,3.450333773E1
3.025357350E1,5.584289551E0,3.434881592E1,6.142467499E0,3.533773269E1
3.026350350E1,5.090026855E0,3.520991898E1,6.872669220E0,3.623369081E1
3.027343350E1,4.498687744E0,3.579256439E1,7.796188354E0,3.690699676E1
3.028336450E1,4.178565979E0,3.654570007E1,8.886211395E0,3.784195239E1
3.029329450E1,3.776763916E0,3.679202271E1,9.958290100E0,3.830253806E1
3.030322450E1,3.476509094E0,3.685853958E1,1.100551605E1,3.862330176E1
3.031315450E1,2.740745544E0,3.691372299E1,1.208955002E1,3.893959233E1
3.032308450E1,2.567657471E0,3.659405518E1,1.333938599E1,3.903404870E1
3.033301550E1,2.332824707E0,3.625666046E1,1.503558350E1,3.931992205E1
3.034294550E1,2.082336426E0,3.581204224E1,1.672022247E1,3.957782629E1
3.035287550E1,1.814010620E0,3.530657959E1,1.883350372E1,4.005678543E1
3.036280475E1,1.537178040E0,3.514376068E1,2.076204300E1,4.084738989E1
3.037273475E1,1.003700256E0,3.497463989E1,2.317057037E1,4.196555947E1
3.038266475E1,5.815734863E-1,3.492819977E1,2.557015610E1,4.329145700E1
3.039259575E1,1.631927490E-2,3.483451843E1,2.814020538E1,4.478074474E1
3.040252575E1,-5.498733521E-1,3.514945984E1,3.108443451E1,4.692578136E1
3.041245575E1,-1.432029724E0,3.568455505E1,3.390522385E1,4.924431320E1
3.042238575E1,-2.473487854E0,3.625768280E1,3.709515762E1,5.193061162E1
3.043231575E1,-4.079627991E0,3.710427094E1,4.047039795E1,5.505654726E1
3.044224675E1,-5.500164032E0,3.791962051E1,4.383548737E1,5.822112483E1
3.045217675E1,-7.117839813E0,3.842922592E1,4.771985626E1,6.168187522E1
3.046210675E1,-8.821063995E0,3.914757156E1,5.137264252E1,6.518812721E1
3.047203675E1,-1.037200546E1,3.946865845E1,5.571736908E1,6.906358457E1
3.048196675E1,-1.170806122E1,3.959296417E1,6.009490204E1,7.291144465E1
3.049189675E1,-1.353139877E1,3.957867432E1,6.482866669E1,7.715132039E1
3.050182775E1,-1.487421036E1,3.881129456E1,6.956226349E1,8.103374125E1
3.051175775E1,-1.639291763E1,3.811549377E1,7.416413116E1,8.498139188E1
3.052168775E1,-1.747585678E1,3.687696838E1,7.955810547E1,8.941369310E1
3.053161775E1,-1.905516434E1,3.589204407E1,8.447261047E1,9.373878619E1
3.054154775E1,-2.080275726E1,3.495004272E1,8.966276550E1,9.845644577E1
3.055147875E1,-2.348948288E1,3.428750229E1,9.542607880E1,1.040842213E2
3.056140875E1,-2.585108566E1,3.329643631E1,1.009320602E2,1.093810408E2
3.057133875E1,-2.936544800E1,3.311198044E1,1.060084839E2,1.148761570E2
3.058126875E1,-3.279685593E1,3.290888596E1,1.121141739E2,1.213598637E2
3.059119875E1,-3.684853745E1,3.247751617E1,1.182873993E2,1.280801023E2
3.060112875E1,-4.029339600E1,3.190093231E1,1.240206299E2,1.342473235E2
3.061105975E1,-4.354949570E1,3.078428268E1,1.304178009E2,1.409007929E2
3.062098975E1,-4.719978333E1,2.914744949E1,1.361360474E2,1.470048188E2
3.063091975E1,-5.090960693E1,2.745594406E1,1.419661865E2,1.532971463E2
3.064084975E1,-5.354658127E1,2.506037140E1,1.479764404E2,1.593495701E2
3.065077975E1,-5.757100677E1,2.320727158E1,1.540564575E2,1.660915121E2
3.066071075E1,-6.310808182E1,2.189651108E1,1.590009613E2,1.724627290E2
3.067064075E1,-6.911317444E1,2.151472092E1,1.643446503E2,1.795791696E2
3.068057075E1,-7.518578339E1,2.119977188E1,1.695069885E2,1.866412374E2
3.069050075E1,-8.125445557E1,1.977475739E1,1.752182922E2,1.941514293E2
3.070043075E1,-8.616436005E1,1.811209869E1,1.813171692E2,2.015645329E2
3.071036075E1,-9.201376343E1,1.649697876E1,1.873097382E2,2.093409205E2
3.072029175E1,-9.770368958E1,1.557796860E1,1.930462036E2,2.169228453E2
3.073022175E1,-1.040228043E2,1.403184509E1,1.993139648E2,2.252636079E2
3.074015175E1,-1.107474442E2,1.250698471E1,2.050267639E2,2.333610828E2
3.075008175E1,-1.176961136E2,1.157592392E1,2.115600891E2,2.423717155E2
3.076001175E1,-1.241499710E2,1.046888733E1,2.178786621E2,2.509859046E2
3.076994275E1,-1.311901398E2,9.213466644E0,2.238407898E2,2.596159470E2
3.077987275E1,-1.373624268E2,7.841629028E0,2.291400146E2,2.672734064E2
3.078980275E1,-1.436487427E2,6.528518677E0,2.348502808E2,2.753765371E2
3.079973275E1,-1.495776672E2,5.226432800E0,2.404825439E2,2.832536815E2
3.080966275E1,-1.559108582E2,3.833343506E0,2.464620056E2,2.916614654E2
3.081959275E1,-1.618729553E2,2.842384338E0,2.526062622E2,3.000347589E2
3.082952375E1,-1.677366638E2,1.598506927E0,2.587597351E2,3.083743571E2
3.083945375E1,-1.732283936E2,4.993972778E-1,2.638234863E2,3.156123535E2
3.084938375E1,-1.783018799E2,-9.378662109E-1,2.683339844E2,3.221731943E2
3.085931375E1,-1.820032349E2,-2.098426819E0,2.723424683E2,3.275667885E2
3.086924375E1,-1.856735382E2,-3.160301208E0,2.754318848E2,3.321857514E2
3.087917475E1,-1.875529175E2,-4.462974548E0,2.775516663E2,3.350088692E2
3.088910475E1,-1.890695801E2,-5.412361145E0,2.788181458E2,3.369215905E2
3.089903475E1,-1.890852051E2,-6.285858154E0,2.783783569E2,3.365816935E2
3.090896475E1,-1.887995605E2,-6.836814880E0,2.776258240E2,3.358096399E2
3.091889475E1,-1.876217041E2,-7.318962097E0,2.759570312E2,3.337780013E2
3.092882475E1,-1.864826965E2,-7.611694336E0,2.741886292E2,3.316822853E2
3.093875575E1,-1.841543884E2,-7.937171936E0,2.720644836E2,3.286258066E2
3.094868575E1,-1.818791504E2,-7.827293396E0,2.701712341E2,3.257818098E2
3.095861575E1,-1.787793884E2,-7.803352356E0,2.678775940E2,3.221511561E2
3.096854575E1,-1.761364746E2,-7.607604980E0,2.658354187E2,3.189833901E2
3.097847575E1,-1.729139557E2,-7.296951294E0,2.638869324E2,3.155769235E2
3.098840675E1,-1.702572021E2,-6.648056030E0,2.618035278E2,3.123664494E2
3.099833675E1,-1.677554016E2,-5.999588013E0,2.601695251E2,3.096224340E2
3.100826675E1,-1.658568420E2,-5.353942871E0,2.589812317E2,3.075848422E2
3.101819675E1,-1.637530212E2,-4.618515015E0,2.575410156E2,3.052273863E2
3.102812675E1,-1.618837433E2,-4.154602051E0,2.564980164E2,3.033394789E2
3.103805675E1,-1.600875244E2,-3.706024170E0,2.550082092E2,3.011161518E2
3.104798775E1,-1.585885620E2,-3.360847473E0,2.540219421E2,2.994808414E2
3.105791775E1,-1.573766937E2,-3.241569519E0,2.529825745E2,2.979565648E2
3.106784775E1,-1.566097412E2,-2.792434692E0,2.525313721E2,2.971641005E2
3.107777775E1,-1.560691681E2,-2.367416382E0,2.519334106E2,2.963673958E2
3.108770775E1,-1.559002380E2,-2.244300842E0,2.517752686E2,2.961430515E2
3.109763875E1,-1.553768311E2,-2.099990845E0,2.516888733E2,2.957932699E2
3.110756875E1,-1.554612122E2,-1.970710754E0,2.520533142E2,2.961468308E2
3.111749875E1,-1.557833252E2,-1.994606018E0,2.522388916E2,2.964740820E2
3.112742875E1,-1.563608704E2,-1.881790161E0,2.525049133E2,2.970033572E2
3.113735875E1,-1.565932617E2,-2.000038147E0,2.526661987E2,2.972636166E2
3.114728875E1,-1.569349060E2,-2.132492065E0,2.524175720E2,2.972334821E2
3.115721975E1,-1.574441833E2,-2.107948303E0,2.520661011E2,2.972043634E2
3.116714975E1,-1.575483398E2,-2.229324341E0,2.522734070E2,2.974362472E2
3.117707975E1,-1.576738281E2,-2.012733459E0,2.521406860E2,2.973886560E2
3.118700975E1,-1.579772339E2,-2.529167175E0,2.520983887E2,2.975177317E2
3.119693975E1,-1.582361450E2,-2.709358215E0,2.521734009E2,2.977204097E2
3.120687075E1,-1.581489716E2,-2.651405334E0,2.511490784E2,2.968063118E2
3.121680075E1,-1.583448486E2,-2.485244751E0,2.502677002E2,2.961641256E2
3.122673075E1,-1.579903259E2,-2.460479736E0,2.498044128E2,2.955828847E2
3.123666075E1,-1.577751160E2,-2.414749146E0,2.491685181E2,2.949301080E2
3.124659075E1,-1.569890747E2,-2.614410400E0,2.479552612E2,2.934863136E2
3.125652075E1,-1.561970520E2,-2.439331055E0,2.465689392E2,2.918898956E2
3.126645175E1,-1.550580902E2,-2.432128906E0,2.448883362E2,2.898606972E2
3.127638175E1,-1.536587372E2,-2.291908264E0,2.428704224E2,2.874061628E2
3.128631175E1,-1.523380127E2,-2.539955139E0,2.407315979E2,2.848947590E2
3.129624175E1,-1.507076263E2,-2.533721924E0,2.382746887E2,2.819468667E2
3.130617175E1,-1.488389282E2,-2.795318604E0,2.362964783E2,2.792791901E2
3.131610175E1,-1.469375153E2,-2.888084412E0,2.339219360E2,2.762579349E2
3.132603275E1,-1.445220947E2,-2.663398743E0,2.312098999E2,2.726751682E2
3.133596275E1,-1.425033264E2,-2.798858643E0,2.285908813E2,2.693860106E2
3.134589275E1,-1.398720398E2,-2.789543152E0,2.251657715E2,2.650878981E2
3.135582275E1,-1.376979370E2,-2.526794434E0,2.223989563E2,2.615882305E2
3.136575337E1,-1.350806732E2,-2.407958984E0,2.196575928E2,2.578799035E2
3.137568438E1,-1.326979523E2,-2.530586243E0,2.165373840E2,2.539755679E2
3.138561438E1,-1.304986572E2,-2.533264160E0,2.140581360E2,2.507133873E2
3.139554438E1,-1.286136475E2,-2.105972290E0,2.115939026E2,2.476244839E2
3.140547438E1,-1.262193909E2,-2.098884583E0,2.092252197E2,2.443582053E2
3.141540438E1,-1.244985199E2,-1.718269348E0,2.072216187E2,2.417511802E2
3.142533438E1,-1.221229401E2,-1.798629761E0,2.053527527E2,2.389288609E2
3.143526537E1,-1.205257339E2,-1.494277954E0,2.031580811E2,2.362242395E2
3.144519537E1,-1.183887634E2,-1.313415527E0,2.015940857E2,2.337900762E2
3.145512537E1,-1.167622375E2,-1.088081360E0,2.000089722E2,2.315992077E2
3.146505537E1,-1.152537994E2,-8.423843384E-1,1.984534912E2,2.294949587E2
3.147498537E1,-1.142524261E2,-5.449447632E-1,1.971614075E2,2.278739442E2
3.148491638E1,-1.126682892E2,-7.325897217E-1,1.958981628E2,2.259884295E2
3.149484638E1,-1.115755310E2,-3.462677002E-1,1.948649139E2,2.245474420E2
3.150477638E1,-1.103173752E2,-2.129364014E-1,1.933394165E2,2.225985143E2
3.151470638E1,-1.098465195E2,4.141235352E-2,1.925409851E2,2.216715825E2
3.152463638E1,-1.086621704E2,1.139678955E-1,1.914825439E2,2.201659486E2
3.153456638E1,-1.086163559E2,1.447219849E-1,1.909645386E2,2.196929419E2
3.154449737E1,-1.078228302E2,1.760253906E-1,1.907114258E2,2.190813585E2
3.155442737E1,-1.077223053E2,2.752609253E-1,1.908541260E2,2.191562644E2
3.156435737E1,-1.075285645E2,3.064041138E-1,1.901724091E2,2.184674603E2
3.157428737E1,-1.077616272E2,3.226547241E-1,1.906745148E2,2.190192754E2
3.158421737E1,-1.074336472E2,1.658248901E-1,1.904608765E2,2.186718123E2
3.159414838E1,-1.075748749E2,1.697311401E-1,1.904929810E2,2.187691896E2
3.160407838E1,-1.073941345E2,5.802917480E-2,1.900600891E2,2.183033233E2
3.161400838E1,-1.078942261E2,-9.683227539E-2,1.903141937E2,2.187708064E2
3.162393838E1,-1.079220123E2,-1.873016357E-2,1.901554260E2,2.186463975E2
3.163386838E1,-1.084002075E2,-1.080551147E-1,1.904433594E2,2.191330413E2
3.164379838E1,-1.083009796E2,-3.596038818E-1,1.901221008E2,2.188050382E2
3.165372938E1,-1.083725433E2,-1.495666504E-1,1.903069458E2,2.190008314E2
3.166365938E1,-1.084281769E2,-5.200271606E-1,1.904214172E2,2.191284010E2
3.167358938E1,-1.090120544E2,-5.404586792E-1,1.907120819E2,2.196702490E2
3.168351938E1,-1.089472198E2,-7.090377808E-1,1.907522125E2,2.196734077E2
3.169344938E1,-1.096332474E2,-6.702728271E-1,1.912916870E2,2.204822163E2
3.170338037E1,-1.096607513E2,-9.280776978E-1,1.917068481E2,2.208570971E2
3.171331037E1,-1.102745819E2,-7.064514160E-1,1.917407837E2,2.211911179E2
3.172324037E1,-1.103168945E2,-5.573043823E-1,1.920660400E2,2.214937731E2
3.173317037E1,-1.108529434E2,-7.299957275E-1,1.927295227E2,2.223366296E2
3.174310037E1,-1.109282455E2,-7.527465820E-1,1.930247040E2,2.226301386E2
3.175303037E1,-1.116649933E2,-6.565628052E-1,1.931849976E2,2.231366063E2
3.176296138E1,-1.116519623E2,-6.474685669E-1,1.930400696E2,2.230045927E2
3.177289138E1,-1.117876587E2,-8.173751831E-1,1.933713684E2,2.233598775E2
3.178282138E1,-1.118546066E2,-8.724212646E-1,1.936433716E2,2.236290891E2
3.179275138E1,-1.121296616E2,-6.062927246E-1,1.941084747E2,2.241685271E2
3.180268138E1,-1.118641663E2,-7.940292358E-1,1.941211853E2,2.240474431E2
3.181261138E1,-1.119993515E2,-1.047554016E0,1.947333374E2,2.246464440E2
3.182254237E1,-1.119180984E2,-8.740463257E-1,1.950244446E2,2.248576410E2
3.183247237E1,-1.123586731E2,-8.561325073E-1,1.950428467E2,2.250931283E2
3.184240237E1,-1.122925873E2,-8.093032837E-1,1.948438568E2,2.248875467E2
3.185233237E1,-1.125825806E2,-6.557006836E-1,1.952668152E2,2.253983063E2
3.186226237E1,-1.127277069E2,-4.198913574E-1,1.954718018E2,2.256478174E2
3.187219338E1,-1.131177673E2,-2.574691772E-1,1.964702301E2,2.267074037E2
3.188212338E1,-1.130700302E2,-3.568038940E-1,1.971556091E2,2.272780087E2
3.189205338E1,-1.135303726E2,-2.287521362E-1,1.980613708E2,2.282925852E2
3.190198338E1,-1.139927521E2,5.016326904E-2,1.986012573E2,2.289908502E2
3.191191338E1,-1.146169739E2,3.004913330E-1,1.997790222E2,2.303232483E2
3.192184338E1,-1.149889984E2,4.818344116E-1,2.001121216E2,2.307976671E2
3.193177437E1,-1.157259064E2,1.046028137E0,2.013525391E2,2.322421679E2
3.194170437E1,-1.161636810E2,1.286441803E0,2.022675781E2,2.332548582E2
3.195163438E1,-1.165906219E2,1.658321381E0,2.033101501E2,2.343739327E2
3.196156438E1,-1.171834717E2,2.095077515E0,2.044581909E2,2.356682143E2
3.197149438E1,-1.178933411E2,2.264934540E0,2.052844849E2,2.367397084E2
3.198142438E1,-1.185059204E2,2.698886871E0,2.063229675E2,2.379497932E2
3.199135537E1,-1.190444412E2,2.513645172E0,2.076508484E2,2.393674419E2
3.200128537E1,-1.196326981E2,2.865329742E0,2.085302429E2,2.404268179E2
3.201121537E1,-1.203895874E2,3.121456146E0,2.099855652E2,2.420688618E2
3.202114537E1,-1.209922714E2,3.560592651E0,2.115585022E2,2.437392201E2
3.203107537E1,-1.220267105E2,3.616127014E0,2.126287231E2,2.451827244E2
3.204100638E1,-1.227313538E2,3.916339874E0,2.138037415E2,2.465570173E2
3.205093638E1,-1.234405823E2,4.144062042E0,2.150088501E2,2.479587793E2
3.206086638E1,-1.240607758E2,4.291137695E0,2.166124878E2,2.496606894E2
3.207079638E1,-1.248996429E2,4.754100800E0,2.178268433E2,2.511395149E2
3.208072638E1,-1.253771439E2,4.995090485E0,2.186607056E2,2.521049053E2
3.209065638E1,-1.261584167E2,5.466217041E0,2.193243408E2,2.530790235E2
3.210058737E1,-1.270242462E2,5.904323578E0,2.202682495E2,2.543385970E2
3.211051737E1,-1.275127487E2,6.004486084E0,2.208084717E2,2.550528104E2
3.212044737E1,-1.281480713E2,6.004196167E0,2.212636108E2,2.557646653E2
3.213037737E1,-1.286274872E2,5.970569611E0,2.219415588E2,2.565905955E2
3.214030737E1,-1.291632080E2,6.067398071E0,2.225650330E2,2.574007411E2
3.215023838E1,-1.295961761E2,5.756080627E0,2.227406921E2,2.577629090E2
3.216016838E1,-1.299813385E2,5.860961914E0,2.229719543E2,2.581588497E2
3.217009838E1,-1.301611481E2,5.963687897E0,2.232011414E2,2.584496847E2
3.218002838E1,-1.306329651E2,6.012561798E0,2.236343994E2,2.590626702E2
3.218995838E1,-1.305873413E2,6.032978058E0,2.235135803E2,2.589358436E2
3.219988838E1,-1.310503540E2,6.041625977E0,2.238548584E2,2.594642445E2
3.220981937E1,-1.311383057E2,5.934589386E0,2.241265869E2,2.597406428E2
3.221974937E1,-1.314640503E2,5.610790253E0,2.241910400E2,2.599536496E2
3.222967937E1,-1.313180542E2,5.925735474E0,2.241031494E2,2.598110222E2
3.223960937E1,-1.314763336E2,6.186042786E0,2.246068420E2,2.603315711E2
3.224953937E1,-1.316978149E2,6.437187195E0,2.245187683E2,2.603736338E2
3.225947038E1,-1.319079590E2,6.625682831E0,2.250277405E2,2.609235392E2
3.226940038E1,-1.315042725E2,6.320568085E0,2.248479309E2,2.605569329E2
3.227933038E1,-1.316964417E2,6.501258850E0,2.250726624E2,2.608523001E2
3.228926038E1,-1.317580261E2,6.311210632E0,2.248025208E2,2.606457024E2
3.229919038E1,-1.319939575E2,6.436286926E0,2.247790833E2,2.607478991E2
3.230912037E1,-1.316838989E2,6.286911011E0,2.248807983E2,2.606751771E2
3.231905138E1,-1.320231628E2,6.342750549E0,2.248420105E2,2.608146386E2
3.232898138E1,-1.319929199E2,6.036697388E0,2.246061707E2,2.605887651E2
3.233891138E1,-1.320976257E2,6.174015045E0,2.249276428E2,2.609221066E2
3.234884138E1,-1.321998291E2,6.272392273E0,2.249270325E2,2.609756840E2
3.235877087E1,-1.322001801E2,6.092922211E0,2.250086670E2,2.610419727E2
3.236870087E1,-1.323318939E2,5.789180756E0,2.247929382E2,2.609159057E2
3.237863188E1,-1.327485657E2,5.672943115E0,2.250100708E2,2.613118748E2
3.238856188E1,-1.328232727E2,5.885658264E0,2.252028198E2,2.615205017E2
3.239849188E1,-1.334318237E2,5.539226532E0,2.256750793E2,2.622288620E2
3.240842188E1,-1.335879059E2,5.181823730E0,2.258197021E2,2.624254518E2
3.241835188E1,-1.339425812E2,5.168193817E0,2.259985352E2,2.627597061E2
3.242828288E1,-1.338660583E2,4.962055206E0,2.258520203E2,2.625907055E2
3.243821288E1,-1.341699066E2,5.021450043E0,2.262377625E2,2.630785129E2
3.244814288E1,-1.339387817E2,4.982139587E0,2.262621765E2,2.629809717E2
3.245807288E1,-1.342903442E2,4.984367371E0,2.262401733E2,2.631413242E2
3.246800288E1,-1.344244080E2,4.787715912E0,2.260563049E2,2.630480881E2
3.247793288E1,-1.345860901E2,4.641372681E0,2.266687012E2,2.636544293E2
3.248786387E1,-1.344426575E2,4.748649597E0,2.266055908E2,2.635288819E2
3.249779387E1,-1.347313995E2,4.665077209E0,2.264670105E2,2.635557243E2
3.250772387E1,-1.347660522E2,4.673973083E0,2.265563049E2,2.636503256E2
3.251765387E1,-1.349617767E2,4.757480621E0,2.264160767E2,2.636314749E2
3.252758387E1,-1.347050171E2,4.591255188E0,2.265007324E2,2.635699206E2
3.253751387E1,-1.348643036E2,4.859786987E0,2.262701416E2,2.634581084E2
3.254744488E1,-1.345434570E2,4.834827423E0,2.265165710E2,2.635053592E2
3.255737488E1,-1.347508545E2,4.572246552E0,2.267537537E2,2.638104680E2
3.256730488E1,-1.345542908E2,4.822502136E0,2.263391418E2,2.633581607E2
3.257723488E1,-1.347720032E2,4.761230469E0,2.267578430E2,2.638281288E2
3.258716488E1,-1.343409576E2,4.413463593E0,2.268560181E2,2.636866028E2
3.259709587E1,-1.344532776E2,4.690368652E0,2.270570679E2,2.639215707E2
3.260702587E1,-1.340344086E2,4.818035126E0,2.267179871E2,2.634188334E2
3.261695587E1,-1.343737488E2,4.927463531E0,2.271137390E2,2.639341484E2
3.262688587E1,-1.343393860E2,4.873081207E0,2.269891052E2,2.638083991E2
3.263681587E1,-1.344166260E2,5.022754669E0,2.267484131E2,2.636435098E2
3.264674587E1,-1.340313568E2,5.320339203E0,2.268393860E2,2.635314358E2
3.265667688E1,-1.340382690E2,5.427661896E0,2.270194397E2,2.636921369E2
3.266660688E1,-1.336121521E2,5.362888336E0,2.267339478E2,2.632285145E2
3.267653688E1,-1.337651978E2,5.426967621E0,2.267832947E2,2.633500386E2
3.268646688E1,-1.333668518E2,5.502731323E0,2.262752075E2,2.627117560E2
3.269639688E1,-1.335415955E2,5.706275940E0,2.264204712E2,2.629299319E2
3.270632688E1,-1.330264282E2,5.814136505E0,2.263630676E2,2.626215398E2
3.271625787E1,-1.328603058E2,6.094318390E0,2.264214172E2,2.625940970E2
3.272618787E1,-1.324871216E2,5.826278687E0,2.262814026E2,2.622785848E2
3.273611787E1,-1.326577606E2,6.137161255E0,2.264156189E2,2.624876734E2
3.274604787E1,-1.321215820E2,6.080402374E0,2.262435608E2,2.620672290E2
3.275597788E1,-1.321559906E2,6.127124786E0,2.261708679E2,2.620229169E2
3.276590888E1,-1.319923401E2,6.177165985E0,2.264983521E2,2.622244052E2
3.277583888E1,-1.320175476E2,6.238422394E0,2.268604736E2,2.625513765E2
3.278576887E1,-1.319729156E2,6.278095245E0,2.261683655E2,2.619320417E2
3.279569887E1,-1.321103821E2,6.298217773E0,2.268348083E2,2.625773236E2
3.280562887E1,-1.319223328E2,6.418941498E0,2.268143921E2,2.624680422E2
3.281555887E1,-1.319073792E2,6.470352173E0,2.268927917E2,2.625295432E2
3.282548988E1,-1.319075928E2,6.665851593E0,2.267109985E2,2.623774447E2
3.283541988E1,-1.319163513E2,6.502452850E0,2.268731384E2,2.625178595E2
3.284534988E1,-1.316654663E2,6.934406281E0,2.264487610E2,2.620361089E2
3.285527988E1,-1.314543610E2,7.043872833E0,2.267072449E2,2.621565182E2
3.286520988E1,-1.316183929E2,6.901466370E0,2.268982239E2,2.624001441E2
3.287514087E1,-1.315536499E2,7.088073730E0,2.266624146E2,2.621687505E2
3.288507087E1,-1.315054932E2,7.257919312E0,2.268703918E2,2.623290812E2
3.289500087E1,-1.314842529E2,6.953315735E0,2.271702576E2,2.625695780E2
3.290493087E1,-1.317052002E2,6.964351654E0,2.270390930E2,2.625671566E2
3.291486087E1,-1.316925659E2,7.264419556E0,2.274443054E2,2.629194093E2
3.292479087E1,-1.321584778E2,7.322662354E0,2.275339661E2,2.632321985E2
3.293472188E1,-1.322240601E2,7.210636139E0,2.276460876E2,2.633589500E2
3.294465188E1,-1.324600983E2,7.536460876E0,2.280469971E2,2.638331078E2
3.295458188E1,-1.327235413E2,7.377449036E0,2.282398987E2,2.641276519E2
3.296451188E1,-1.327328949E2,7.635284424E0,2.281138000E2,2.640307269E2
3.297444188E1,-1.328865967E2,7.699542999E0,2.281639099E2,2.641531759E2
3.298437188E1,-1.331111145E2,7.657913208E0,2.280428162E2,2.641604407E2
3.299430287E1,-1.331418762E2,7.621559143E0,2.278888855E2,2.640420260E2
3.300423287E1,-1.333012695E2,7.818561554E0,2.280862122E2,2.642984649E2
3.301416287E1,-1.330309143E2,8.034603119E0,2.284478455E2,2.644809957E2
3.302409287E1,-1.329360046E2,7.902297974E0,2.287233887E2,2.646673689E2
3.303402287E1,-1.331820068E2,8.125873566E0,2.286221313E2,2.647103241E2
3.304395388E1,-1.332787323E2,7.693481445E0,2.285121765E2,2.646511382E2
3.305388388E1,-1.332908936E2,7.936225891E0,2.286772766E2,2.648069916E2
3.306381388E1,-1.331286316E2,7.891613007E0,2.285857544E2,2.646449645E2
3.307374388E1,-1.334447021E2,7.622398376E0,2.283714600E2,2.646112492E2
3.308367388E1,-1.333326263E2,7.841491699E0,2.281719971E2,2.643889909E2
3.309360388E1,-1.335028076E2,7.932765961E0,2.283274231E2,2.646116788E2
3.310353488E1,-1.329735413E2,7.779972076E0,2.283500977E2,2.643600911E2
3.311346488E1,-1.333278503E2,8.027332306E0,2.286649475E2,2.648176957E2
3.312339488E1,-1.331665344E2,8.103244781E0,2.287480164E2,2.648105803E2
3.313332488E1,-1.334758606E2,8.151386261E0,2.286003723E2,2.648402928E2
3.314325488E1,-1.333323975E2,8.168331146E0,2.285991211E2,2.647674603E2
3.315318488E1,-1.334807434E2,8.058788300E0,2.292127380E2,2.653686722E2
3.316311587E1,-1.332205353E2,7.977451324E0,2.288302612E2,2.649049626E2
3.317304587E1,-1.335525513E2,8.115966797E0,2.290675354E2,2.652811502E2
3.318297587E1,-1.334225464E2,8.320068359E0,2.293480225E2,2.654643381E2
3.319290587E1,-1.334146423E2,8.348270416E0,2.298226318E2,2.658714022E2
3.320283587E1,-1.331939087E2,8.505245209E0,2.297504272E2,2.657032467E2
3.321276688E1,-1.331493530E2,8.501213074E0,2.300360718E2,2.659278382E2
3.322269688E1,-1.328020020E2,8.512718201E0,2.302230530E2,2.659163256E2
3.323262688E1,-1.327940979E2,8.857891083E0,2.303888550E2,2.660672080E2
3.324255688E1,-1.325967407E2,9.148952484E0,2.304134216E2,2.659998945E2
3.325248688E1,-1.325952759E2,9.325187683E0,2.310566711E2,2.665626598E2
3.326241688E1,-1.322268677E2,9.186958313E0,2.306480713E2,2.660204457E2
3.327234787E1,-1.320660400E2,9.347064972E0,2.311549683E2,2.663858591E2
3.328227787E1,-1.318672638E2,9.389823914E0,2.307013855E2,2.658952300E2
3.329220787E1,-1.318090210E2,9.328048706E0,2.311206360E2,2.662280580E2
3.330213787E1,-1.314040985E2,9.469154358E0,2.311643677E2,2.660707930E2
3.331206787E1,-1.314023438E2,9.804210663E0,2.315313110E2,2.664009131E2
3.332199787E1,-1.311823425E2,1.004911804E1,2.312755737E2,2.660792791E2
3.333192888E1,-1.310982666E2,9.955768585E0,2.315825806E2,2.663012663E2
3.334185888E1,-1.308950653E2,1.006757355E1,2.309299011E2,2.656378990E2
3.335178888E1,-1.309696045E2,1.009391403E1,2.308617554E2,2.656164048E2
3.336171925E1,-1.303834534E2,1.020406342E1,2.303014526E2,2.648447223E2
3.337164925E1,-1.304220886E2,1.023582840E1,2.303458862E2,2.649036064E2
3.338158025E1,-1.299226685E2,9.985801697E0,2.300188293E2,2.643639118E2
3.339151025E1,-1.300450897E2,9.777786255E0,2.298653870E2,2.642828534E2
3.340144025E1,-1.294891968E2,9.562801361E0,2.294171143E2,2.636116681E2
3.341137025E1,-1.295798950E2,9.836078644E0,2.293188782E2,2.635808140E2
3.342130025E1,-1.292792969E2,9.458202362E0,2.293262939E2,2.634257833E2
3.343123025E1,-1.295670166E2,9.547927856E0,2.291242981E2,2.633946064E2
3.344116125E1,-1.289339142E2,9.570178986E0,2.287757568E2,2.627810676E2
3.345109125E1,-1.288072357E2,9.550903320E0,2.288437500E2,2.627774451E2
3.346102125E1,-1.280874023E2,9.761566162E0,2.286916809E2,2.623005065E2
3.347095125E1,-1.278362350E2,9.796077728E0,2.289627380E2,2.624157037E2
3.348088125E1,-1.275638733E2,1.003594208E1,2.284825134E2,2.618731007E2
3.349081125E1,-1.273050995E2,1.026533127E1,2.279415894E2,2.612840093E2
3.350074225E1,-1.265389557E2,1.044854355E1,2.272516785E2,2.603163551E2
3.351067225E1,-1.261417542E2,1.061592484E1,2.268611450E2,2.597891821E2
3.352060225E1,-1.250226593E2,1.101380539E1,2.268190918E2,2.592274477E2
3.353053225E1,-1.245679016E2,1.120579147E1,2.267005615E2,2.589128743E2
3.354046225E1,-1.237275238E2,1.155429459E1,2.261488037E2,2.580412434E2
3.355039325E1,-1.229972000E2,1.181287384E1,2.259170837E2,2.575002600E2
3.356032325E1,-1.223241425E2,1.198757172E1,2.253022156E2,2.566475912E2
3.357025325E1,-1.220127106E2,1.238367844E1,2.242588806E2,2.556022351E2
3.358018325E1,-1.215251312E2,1.267480469E1,2.234235229E2,2.546508959E2
3.359011325E1,-1.211557999E2,1.300818634E1,2.230596313E2,2.541722642E2
3.360004325E1,-1.209613800E2,1.312283707E1,2.219890137E2,2.531461761E2
3.360997425E1,-1.209783630E2,1.313842773E1,2.217781372E2,2.529702053E2
3.361990425E1,-1.209335022E2,1.312463379E1,2.211862183E2,2.524292200E2
3.362983425E1,-1.212138367E2,1.315833664E1,2.212614136E2,2.526312514E2
3.363976425E1,-1.212607574E2,1.308181381E1,2.213466492E2,2.527244433E2
3.364969425E1,-1.217805176E2,1.324555206E1,2.215122986E2,2.531277099E2
3.365962425E1,-1.221138382E2,1.311164474E1,2.215848389E2,2.533447168E2
3.366955525E1,-1.230616302E2,1.327804565E1,2.222566528E2,2.543982922E2
3.367948525E1,-1.235357132E2,1.315983200E1,2.227636108E2,2.550644623E2
3.368941525E1,-1.243346710E2,1.323645782E1,2.235122986E2,2.561094724E2
3.369934525E1,-1.245533295E2,1.305339813E1,2.238187256E2,2.564736731E2
3.370927525E1,-1.248113251E2,1.305695724E1,2.242780151E2,2.569999593E2
3.371920525E1,-1.250709229E2,1.323199081E1,2.244730835E2,2.573052400E2
3.372913625E1,-1.251837387E2,1.328619766E1,2.244089966E2,2.573069941E2
3.373906625E1,-1.249407654E2,1.350569916E1,2.246902466E2,2.574457335E2
3.374899625E1,-1.246890106E2,1.334424210E1,2.249900208E2,2.575770324E2
3.375892625E1,-1.244653931E2,1.342079926E1,2.243992920E2,2.569567944E2
3.376885625E1,-1.241669083E2,1.364556122E1,2.243719177E2,2.568002724E2
3.377878725E1,-1.238866348E2,1.375727463E1,2.240448303E2,2.563849584E2
3.378871725E1,-1.233187561E2,1.342056656E1,2.241054993E2,2.561462512E2
3.379864725E1,-1.231040649E2,1.374153137E1,2.236045837E2,2.556216938E2
3.380857725E1,-1.228023376E2,1.359816742E1,2.234729919E2,2.553536810E2
3.381850725E1,-1.222582397E2,1.368628311E1,2.230212402E2,2.547015216E2
3.382843725E1,-1.217494659E2,1.351161957E1,2.227202759E2,2.541846132E2
3.383836825E1,-1.213898315E2,1.328849792E1,2.226151428E2,2.539086001E2
3.384829825E1,-1.213106461E2,1.300669479E1,2.220626831E2,2.533718259E2
3.385822825E1,-1.207520294E2,1.285822296E1,2.213837891E2,2.525018189E2
3.386815825E1,-1.205027390E2,1.277707291E1,2.207062683E2,2.517844724E2
3.387808825E1,-1.206392059E2,1.224516296E1,2.203316650E2,2.514951384E2
3.388801825E1,-1.205635986E2,1.202853012E1,2.201445007E2,2.512844366E2
3.389794925E1,-1.207108917E2,1.180123520E1,2.200773315E2,2.512855356E2
3.390787925E1,-1.210335999E2,1.147826004E1,2.197261963E2,2.511184662E2
3.391780925E1,-1.213110352E2,1.109651947E1,2.198130798E2,2.513111419E2
3.392773925E1,-1.215377502E2,1.106261444E1,2.200851135E2,2.516570352E2
3.393766925E1,-1.216116180E2,1.086338806E1,2.200115356E2,2.516197024E2
3.394760025E1,-1.214286880E2,1.108916855E1,2.199807434E2,2.515142608E2
3.395753025E1,-1.213331604E2,1.105341721E1,2.199637756E2,2.514517378E2
3.396746025E1,-1.211928711E2,1.062921906E1,2.193197327E2,2.508023872E2
3.397739025E1,-1.211571808E2,1.019095230E1,2.192230835E2,2.506824252E2
3.398732025E1,-1.209354019E2,1.006702423E1,2.192608032E2,2.506033045E2
3.399725025E1,-1.210614853E2,9.763854980E0,2.192035828E2,2.506021284E2
3.400718125E1,-1.206519012E2,9.542526245E0,2.185395508E2,2.498148841E2
3.401711125E1,-1.207810974E2,9.710025787E0,2.184780579E2,2.498299819E2
3.402704125E1,-1.205879059E2,9.579387665E0,2.180239563E2,2.493344205E2
3.403697125E1,-1.203888702E2,9.598464966E0,2.175061035E2,2.487860842E2
3.404690125E1,-1.200261230E2,9.469387054E0,2.166155396E2,2.478270193E2
3.405683125E1,-1.196046753E2,9.418918610E0,2.165873108E2,2.475965621E2
3.406676225E1,-1.193340149E2,9.022945404E0,2.157719727E2,2.467378464E2
3.407669225E1,-1.192011566E2,9.034687042E0,2.155167542E2,2.464508321E2
3.408662225E1,-1.187996063E2,9.229923248E0,2.147325745E2,2.455781270E2
3.409655225E1,-1.187203827E2,9.282550812E0,2.144576111E2,2.453013697E2
3.410648225E1,-1.182177429E2,9.028842926E0,2.134365540E2,2.441559283E2
3.411641225E1,-1.180512314E2,9.011196136E0,2.137020874E2,2.443069320E2
3.412634325E1,-1.175741425E2,8.846134186E0,2.133918152E2,2.437990973E2
3.413627325E1,-1.176248627E2,9.011108398E0,2.127256775E2,2.432468340E2
3.414620325E1,-1.170215225E2,8.751815796E0,2.121649475E2,2.424553484E2
3.415613325E1,-1.168183823E2,8.693092346E0,2.115769653E2,2.418406842E2
3.416606325E1,-1.159314957E2,8.712970734E0,2.105945435E2,2.405537139E2
3.417599425E1,-1.152811050E2,8.772006989E0,2.098969727E2,2.396318435E2
3.418592425E1,-1.141412964E2,8.895664215E0,2.093434753E2,2.386043986E2
3.419585425E1,-1.138697815E2,9.581573486E0,2.099356079E2,2.390211145E2
3.420578425E1,-1.136866760E2,1.076405334E1,2.110895386E2,2.399985801E2
3.421571425E1,-1.140955582E2,1.242249298E1,2.133233643E2,2.422374299E2
3.422564425E1,-1.144431152E2,1.432828522E1,2.150689087E2,2.440433606E2
3.423557525E1,-1.153684387E2,1.723486328E1,2.170267639E2,2.463889880E2
3.424550525E1,-1.165735626E2,2.107690430E1,2.176961060E2,2.478411305E2
3.425543525E1,-1.192085114E2,2.626270294E1,2.169146118E2,2.489022852E2
3.426536525E1,-1.218859253E2,3.286235809E1,2.144434204E2,2.488415036E2
3.427529525E1,-1.246712799E2,4.188084412E1,2.120704041E2,2.495411578E2
3.428522525E1,-1.290636597E2,5.294808197E1,2.075122681E2,2.500445341E2
3.429515625E1,-1.340010223E2,6.532145691E1,2.021563721E2,2.511779558E2
3.430508625E1,-1.379817352E2,7.902574158E1,1.959780579E2,2.523716035E2
3.431501625E1,-1.418787537E2,9.323849487E1,1.891911926E2,2.541973742E2
3.432494625E1,-1.437252350E2,1.071489716E2,1.812147064E2,2.549051100E2
3.433487625E1,-1.440021210E2,1.207134705E2,1.729903870E2,2.554095276E2
3.434480725E1,-1.421755981E2,1.332078857E2,1.644188843E2,2.549349153E2
3.435473725E1,-1.391243134E2,1.450032043E2,1.553601379E2,2.540044809E2
3.436466729E1,-1.340314331E2,1.555599060E2,1.460173950E2,2.519610864E2
3.437459729E1,-1.281830444E2,1.653986816E2,1.366040955E2,2.498965699E2
3.438452729E1,-1.207365875E2,1.739373169E2,1.268779755E2,2.468390861E2
3.439445729E1,-1.123572998E2,1.810774841E2,1.169766693E2,2.430982502E2
3.440438829E1,-1.027649612E2,1.868008118E2,1.061682587E2,2.381740533E2
3.441431829E1,-9.272896576E1,1.910352631E2,9.617257690E1,2.331143440E2
3.442424829E1,-8.169002533E1,1.936103210E2,8.649860382E1,2.272448572E2
3.443417829E1,-7.029765320E1,1.944277649E2,7.723294830E1,2.207008022E2
3.444410829E1,-5.839870834E1,1.939248047E2,6.852310944E1,2.138051813E2
3.445403829E1,-4.636101532E1,1.911760101E2,6.137310028E1,2.060686003E2
3.446396929E1,-3.420046234E1,1.868402252E2,5.515702057E1,1.977908954E2
3.447389929E1,-2.275869751E1,1.804851990E2,4.958773804E1,1.885518738E2
3.448382929E1,-1.188666534E1,1.731632385E2,4.495200348E1,1.792971907E2
3.449375929E1,-2.507385254E0,1.654046326E2,4.137935257E1,1.705204688E2
3.450368929E1,6.041580200E0,1.569360352E2,3.777230835E1,1.615307002E2
3.451361929E1,1.334593201E1,1.480765991E2,3.528381729E1,1.528062200E2
3.452355029E1,2.003638458E1,1.393897095E2,3.190314865E1,1.443909925E2
3.453348029E1,2.571240997E1,1.305234985E2,2.904977036E1,1.361668126E2
3.454341029E1,3.026445007E1,1.223948212E2,2.578211975E1,1.286901196E2
3.455334029E1,3.413482666E1,1.146212616E2,2.292371750E1,1.217732188E2
3.456327029E1,3.732406616E1,1.072204285E2,1.963908386E1,1.152171854E2
3.457320129E1,3.949198151E1,1.001379700E2,1.707874298E1,1.089904266E2
3.458313129E1,4.154722595E1,9.352215576E1,1.401779938E1,1.032911627E2
3.459306129E1,4.308863068E1,8.726625061E1,1.144647217E1,9.799515454E1
3.460299129E1,4.425468445E1,8.136860657E1,8.544517517E0,9.301793381E1
3.461292129E1,4.513527679E1,7.598577118E1,5.953422546E0,8.858032441E1
3.462285129E1,4.552626038E1,7.104994202E1,3.621360779E0,8.446211517E1
3.463278229E1,4.581743622E1,6.671830750E1,1.009979248E0,8.094189320E1
3.464271229E1,4.580156708E1,6.260876846E1,-1.227935791E0,7.758317641E1
3.465264229E1,4.574938202E1,5.865845871E1,-3.647567749E0,7.447902714E1
3.466257229E1,4.524601746E1,5.521351242E1,-5.761070251E0,7.161650634E1
3.467250229E1,4.484362030E1,5.204367065E1,-7.501777649E0,6.910695048E1
3.468243229E1,4.426899719E1,4.932621765E1,-8.952041626E0,6.688018323E1
3.469236329E1,4.347768402E1,4.667226028E1,-1.030429840E1,6.461259516E1
3.470229329E1,4.236724854E1,4.451490021E1,-1.167077637E1,6.255211515E1
3.471222329E1,4.125676727E1,4.222127533E1,-1.301277161E1,6.044906253E1
3.472215329E1,4.026058960E1,4.065579987E1,-1.411899567E1,5.893348094E1
3.473208329E1,3.921694183E1,3.887075043E1,-1.525321198E1,5.728493904E1
3.474201429E1,3.801654816E1,3.777858353E1,-1.622575378E1,5.599780704E1
3.475194429E1,3.697880554E1,3.617433929E1,-1.681725311E1,5.439517336E1
3.476187429E1,3.587467194E1,3.501619720E1,-1.761100769E1,5.313448734E1
3.477180429E1,3.472612762E1,3.407844543E1,-1.845188141E1,5.203572149E1
3.478173429E1,3.381359863E1,3.344861984E1,-1.908982086E1,5.125027690E1
3.479166429E1,3.296401978E1,3.257180023E1,-1.982164001E1,5.040283904E1
3.480159429E1,3.189875031E1,3.194031143E1,-2.026099396E1,4.947950729E1
3.481152529E1,3.113330078E1,3.154975128E1,-2.058377838E1,4.887086203E1
3.482145529E1,3.014542389E1,3.057904816E1,-2.076916504E1,4.769887823E1
3.483138529E1,2.940348816E1,3.038746262E1,-2.094334412E1,4.718672126E1
3.484131529E1,2.845424652E1,3.022865295E1,-2.104775238E1,4.654485455E1
3.485124529E1,2.768460083E1,3.010211945E1,-2.135739899E1,4.613798012E1
3.486117629E1,2.681513214E1,2.997720718E1,-2.143790436E1,4.557705569E1
3.487110629E1,2.641216278E1,2.971765137E1,-2.187760162E1,4.538028865E1
3.488103629E1,2.564789581E1,2.952895355E1,-2.173294067E1,4.474476917E1
3.489096629E1,2.548992157E1,2.935422134E1,-2.195217133E1,4.464643590E1
3.490089629E1,2.481941223E1,2.940204620E1,-2.202624512E1,4.433552772E1
3.491082629E1,2.470817566E1,2.953479385E1,-2.233660126E1,4.451653342E1
3.492075729E1,2.409965515E1,2.944594193E1,-2.185478973E1,4.388039093E1
3.493068729E1,2.389598083E1,2.930691910E1,-2.187493896E1,4.368553950E1
3.494061729E1,2.348565674E1,2.943697357E1,-2.181932831E1,4.352234568E1
3.495054729E1,2.318410492E1,2.966380692E1,-2.183516693E1,4.352262258E1
3.496047729E1,2.278620148E1,2.974254608E1,-2.168855286E1,4.329230128E1
3.497040729E1,2.266448212E1,2.967068481E1,-2.219840240E1,4.343728072E1
3.498033829E1,2.217092133E1,2.966262436E1,-2.172552490E1,4.293506106E1
3.499026829E1,2.206808472E1,2.960184097E1,-2.177272797E1,4.286398296E1
3.500019829E1,2.177935791E1,2.959156036E1,-2.157872009E1,4.261035128E1
3.501012829E1,2.172601318E1,2.971852493E1,-2.213986969E1,4.295793527E1
3.502005829E1,2.115341187E1,2.988844681E1,-2.179291534E1,4.261123379E1
3.502998929E1,2.121630096E1,2.961425018E1,-2.177077484E1,4.243939064E1
3.503991929E1,2.069574738E1,2.960615158E1,-2.156283569E1,4.206892029E1
3.504984929E1,2.077416229E1,2.975820923E1,-2.120082092E1,4.203084157E1
3.505977929E1,2.053623199E1,2.981904984E1,-2.123314667E1,4.197331384E1
3.506970929E1,2.043036652E1,2.973185730E1,-2.119860077E1,4.184213055E1
3.507963929E1,2.009560394E1,2.977064896E1,-2.104719543E1,4.163062902E1
3.508957029E1,1.996577454E1,2.954987717E1,-2.119099426E1,4.148355857E1
3.509950029E1,1.984880066E1,2.985670090E1,-2.073197174E1,4.141511956E1
3.510943029E1,1.979882812E1,3.007150269E1,-2.097396851E1,4.166768801E1
3.511936029E1,1.933953857E1,3.001175308E1,-2.077861786E1,4.130949086E1
3.512929029E1,1.941105652E1,2.979418945E1,-2.087032318E1,4.123170176E1
3.513922029E1,1.910561371E1,3.002725220E1,-2.045890045E1,4.105151590E1
3.514915129E1,1.892675781E1,2.984764481E1,-2.042582703E1,4.082056432E1
3.515908129E1,1.867088318E1,2.991806793E1,-2.010305023E1,4.059341444E1
3.516901129E1,1.894093323E1,3.000455475E1,-2.063037109E1,4.104442068E1
3.517894129E1,1.858039856E1,3.015216064E1,-2.071408844E1,4.102995810E1
3.518887129E1,1.876684570E1,3.011558533E1,-2.099022675E1,4.122781338E1
3.519880129E1,1.858885956E1,2.956412506E1,-2.113431549E1,4.081963353E1
3.520873229E1,1.879933929E1,2.961989594E1,-2.109409332E1,4.093548786E1
3.521866229E1,1.846440887E1,2.970063019E1,-2.112815094E1,4.085903316E1
3.522859229E1,1.881996918E1,2.967464066E1,-2.129120636E1,4.108638468E1
3.523852229E1,1.867514038E1,2.980404282E1,-2.120225525E1,4.106796153E1
3.524845229E1,1.892579651E1,2.972766113E1,-2.116439056E1,4.110779777E1
3.525838229E1,1.870170593E1,2.957617569E1,-2.097578430E1,4.079813109E1
3.526831329E1,1.860234833E1,2.951131439E1,-2.111519623E1,4.077764770E1
3.527824329E1,1.840287781E1,2.967867661E1,-2.107176971E1,4.078614024E1
3.528817329E1,1.854737091E1,2.955927658E1,-2.104589081E1,4.075150696E1
3.529810329E1,1.850285339E1,2.975955963E1,-2.080744934E1,4.075459387E1
3.530803329E1,1.874607086E1,2.965500641E1,-2.109059143E1,4.093467509E1
3.531796429E1,1.844548035E1,2.985292435E1,-2.133095551E1,4.106631832E1
3.532789429E1,1.830764771E1,2.978340149E1,-2.162971497E1,4.111040669E1
3.533782429E1,1.822808075E1,2.967434692E1,-2.139662170E1,4.087352705E1
3.534775429E1,1.832236481E1,2.981712341E1,-2.163198853E1,4.114259141E1
3.535768429E1,1.816246033E1,2.959229279E1,-2.147529602E1,4.082605904E1
3.536761475E1,1.813377380E1,2.955489349E1,-2.155368805E1,4.082752687E1
3.537754575E1,1.806758118E1,2.963024521E1,-2.133758545E1,4.073918842E1
3.538747575E1,1.817842102E1,2.976389694E1,-2.144728851E1,4.094301817E1
3.539740575E1,1.797145081E1,2.970869064E1,-2.134993744E1,4.076026463E1
3.540733575E1,1.811948395E1,2.966811371E1,-2.149500275E1,4.087233554E1
3.541726575E1,1.784798431E1,2.955429077E1,-2.169098663E1,4.077383411E1
3.542719575E1,1.799283600E1,2.979213333E1,-2.195819092E1,4.115185906E1
3.543712675E1,1.784780884E1,2.985414886E1,-2.177790833E1,4.103768726E1
3.544705675E1,1.796623993E1,2.963025284E1,-2.191463470E1,4.099986433E1
3.545698675E1,1.777591705E1,2.968831635E1,-2.175685120E1,4.087468567E1
3.546691675E1,1.797109985E1,2.971418381E1,-2.168975830E1,4.094311620E1
3.547684675E1,1.806336975E1,2.967003632E1,-2.176478577E1,4.099149035E1
3.548677675E1,1.781093597E1,2.948747635E1,-2.158780670E1,4.065432449E1
3.549670775E1,1.800109863E1,2.966238785E1,-2.186054230E1,4.100951249E1
3.550663775E1,1.797583771E1,2.985060501E1,-2.197750854E1,4.119709022E1
3.551656775E1,1.815011597E1,2.977785110E1,-2.177251434E1,4.111191441E1
3.552649775E1,1.806562805E1,2.972665787E1,-2.195489502E1,4.113463893E1
3.553642775E1,1.792160034E1,2.964638519E1,-2.189096832E1,4.097934123E1
3.554635875E1,1.801934052E1,2.960442352E1,-2.181535339E1,4.095153438E1
3.555628875E1,1.801123810E1,2.958846283E1,-2.195303345E1,4.100996840E1
3.556621875E1,1.802919006E1,2.973168182E1,-2.180665588E1,4.104332880E1
3.557614875E1,1.812769318E1,2.979056168E1,-2.171685791E1,4.108178115E1
3.558607875E1,1.782865143E1,2.990750885E1,-2.192871857E1,4.114837294E1
3.559600875E1,1.771083832E1,2.980078506E1,-2.177619934E1,4.093853249E1
3.560593975E1,1.770046234E1,3.000933838E1,-2.171133423E1,4.105178183E1
3.561586975E1,1.769410706E1,2.992166519E1,-2.134233856E1,4.079072061E1
3.562579975E1,1.784818268E1,2.955816650E1,-2.124920654E1,4.054345336E1
3.563572975E1,1.767884064E1,2.985371017E1,-2.159680176E1,4.086816932E1
3.564565975E1,1.779508972E1,2.964553833E1,-2.193107605E1,4.094502727E1
3.565558975E1,1.794656372E1,2.994535065E1,-2.167825317E1,4.109440151E1
3.566552075E1,1.807060242E1,2.974461746E1,-2.155978394E1,4.094036178E1
3.567545075E1,1.804861450E1,2.973513412E1,-2.152951813E1,4.090783345E1
3.568538075E1,1.796152496E1,2.957770157E1,-2.201417542E1,4.101317750E1
3.569531075E1,1.775005341E1,2.966116714E1,-2.186797333E1,4.090302544E1
3.570524075E1,1.782942963E1,2.986431503E1,-2.187549591E1,4.108896682E1
3.571517075E1,1.781916046E1,2.989685440E1,-2.215103912E1,4.125545924E1
3.572510175E1,1.802713776E1,2.964817810E1,-2.233888245E1,4.126763659E1
3.573503175E1,1.777238464E1,2.972506332E1,-2.188174438E1,4.096642263E1
3.574496175E1,1.774326324E1,2.963235092E1,-2.197508240E1,4.093658337E1
3.575489175E1,1.777955627E1,2.953530502E1,-2.178380585E1,4.077966480E1
3.576482175E1,1.773126221E1,2.935756683E1,-2.172469330E1,4.059835820E1
3.577475175E1,1.736215973E1,2.935866928E1,-2.171204376E1,4.043252276E1
3.578468275E1,1.762910461E1,2.945816422E1,-2.171753693E1,4.062290214E1
3.579461275E1,1.755997467E1,2.957440948E1,-2.167307281E1,4.065366517E1
3.580454275E1,1.782747650E1,2.939644623E1,-2.193923950E1,4.078357757E1
3.581447275E1,1.758046722E1,2.922386551E1,-2.181871033E1,4.048658128E1
3.582440275E1,1.765645599E1,2.915529251E1,-2.205469513E1,4.059791986E1
3.583433275E1,1.739678955E1,2.947954559E1,-2.183953094E1,4.060365756E1
3.584426375E1,1.753241730E1,2.916444397E1,-2.239629364E1,4.073750627E1
3.585419375E1,1.733989716E1,2.939543152E1,-2.213891602E1,4.068040105E1
3.586412375E1,1.729083252E1,2.925666046E1,-2.234583282E1,4.067261136E1
3.587405375E1,1.724270630E1,2.930907822E1,-2.242241669E1,4.073202372E1
3.588398375E1,1.759212494E1,2.925217056E1,-2.243977356E1,4.084991775E1
3.589391475E1,1.721517181E1,2.931987381E1,-2.199119568E1,4.049234283E1
3.590384475E1,1.751300812E1,2.943595886E1,-2.234974670E1,4.089856116E1
3.591377475E1,1.736767578E1,2.917566299E1,-2.177091217E1,4.033395703E1
3.592370475E1,1.741741943E1,2.917797852E1,-2.231002045E1,4.065043594E1
3.593363475E1,1.736195374E1,2.912744141E1,-2.232476807E1,4.059852891E1
3.594356475E1,1.745130920E1,2.918869781E1,-2.262580109E1,4.084672751E1
3.595349575E1,1.728585815E1,2.914028549E1,-2.207472992E1,4.043823477E1
3.596342575E1,1.751300812E1,2.918478775E1,-2.214960480E1,4.060864787E1
3.597335575E1,1.726573181E1,2.912089920E1,-2.221421814E1,4.049202085E1
3.598328575E1,1.756723022E1,2.915291977E1,-2.242971802E1,4.076263680E1
3.599321575E1,1.734520721E1,2.916834259E1,-2.220078278E1,4.055272098E1
3.600314575E1,1.741365814E1,2.924408722E1,-2.247721863E1,4.078820276E1
3.601307675E1,1.746636963E1,2.929867935E1,-2.198756409E1,4.058250429E1
3.602300675E1,1.771495819E1,2.927509308E1,-2.234307098E1,4.086641212E1
3.603293675E1,1.765674591E1,2.921512985E1,-2.227541351E1,4.076123815E1
3.604286675E1,1.767575836E1,2.928711700E1,-2.269734955E1,4.105286022E1
3.605279675E1,1.727805328E1,2.957371521E1,-2.219668579E1,4.081456378E1
3.606272675E1,1.738193512E1,2.926223373E1,-2.249462891E1,4.079728326E1
3.607265775E1,1.738032532E1,2.915782928E1,-2.230512238E1,4.061740022E1
3.608258775E1,1.761443329E1,2.914889908E1,-2.237842560E1,4.075193872E1
3.609251775E1,1.728927612E1,2.930677795E1,-2.218786621E1,4.062151782E1
3.610244775E1,1.742833710E1,2.916584778E1,-2.200350189E1,4.047897857E1
3.611237775E1,1.734757233E1,2.912896729E1,-2.207642365E1,4.045742802E1
3.612230775E1,1.756081390E1,2.915578079E1,-2.222263336E1,4.064833542E1
3.613223875E1,1.745137787E1,2.891206360E1,-2.193591309E1,4.026961999E1
3.614216875E1,1.763765717E1,2.915618515E1,-2.228424835E1,4.071557205E1
3.615209875E1,1.758754730E1,2.914572525E1,-2.221798706E1,4.065014231E1
3.616202875E1,1.774928284E1,2.902818298E1,-2.234568787E1,4.070629208E1
3.617195875E1,1.735914612E1,2.909121704E1,-2.205900574E1,4.042571703E1
3.618188875E1,1.754673004E1,2.919432449E1,-2.208940125E1,4.059726549E1
3.619181975E1,1.708803558E1,2.909451294E1,-2.206735992E1,4.031699415E1
3.620174975E1,1.733048248E1,2.915368271E1,-2.241049194E1,4.065111299E1
3.621167975E1,1.726587677E1,2.932685089E1,-2.255762482E1,4.082916998E1
3.622160975E1,1.747557068E1,2.921151352E1,-2.238629913E1,4.074131173E1
3.623153975E1,1.722891235E1,2.929783630E1,-2.218283844E1,4.058665981E1
3.624147075E1,1.718690491E1,2.912357712E1,-2.274885559E1,4.075638447E1
3.625140075E1,1.714929962E1,2.908681870E1,-2.218547821E1,4.040218983E1
3.626133075E1,1.718336487E1,2.916118622E1,-2.247937012E1,4.063206727E1
3.627126075E1,1.707716370E1,2.909053802E1,-2.257312012E1,4.058860276E1
3.628119075E1,1.742095947E1,2.891004181E1,-2.256614685E1,4.060186363E1
3.629112075E1,1.759481049E1,2.890245438E1,-2.252920532E1,4.065088335E1
3.630105175E1,1.772339630E1,2.887679291E1,-2.248628998E1,4.066474126E1
3.631098175E1,1.754315948E1,2.898100662E1,-2.257682800E1,4.071086283E1
3.632091175E1,1.742784882E1,2.907485580E1,-2.227456665E1,4.056147771E1
3.633084175E1,1.711414337E1,2.850857544E1,-2.263349915E1,4.022322787E1
3.634077175E1,1.736353302E1,2.871384430E1,-2.252281952E1,4.041354392E1
3.635070175E1,1.739242554E1,2.900567245E1,-2.257759857E1,4.066415446E1
3.636063275E1,1.730552673E1,2.887458038E1,-2.279575348E1,4.065549194E1
3.637056175E1,1.734849548E1,2.874814987E1,-2.269705200E1,4.052878713E1
3.638049175E1,1.721092224E1,2.884415436E1,-2.270891571E1,4.054498659E1
3.639042175E1,1.735511017E1,2.887803650E1,-2.277365875E1,4.066669859E1
3.640035175E1,1.726892090E1,2.890991592E1,-2.271753693E1,4.062124262E1
3.641028175E1,1.740154266E1,2.899226761E1,-2.243363190E1,4.057872729E1
3.642021275E1,1.745317841E1,2.889317322E1,-2.285939026E1,4.076739651E1
3.643014275E1,1.772536469E1,2.864505768E1,-2.258148193E1,4.055429951E1
3.644007275E1,1.761489105E1,2.883894730E1,-2.282984924E1,4.078199706E1
3.645000275E1,1.760131836E1,2.870941925E1,-2.287112427E1,4.070780622E1
3.645993275E1,1.761786652E1,2.890366745E1,-2.241127014E1,4.059650529E1
3.646986275E1,1.762232208E1,2.882392502E1,-2.252592468E1,4.060519883E1
3.647979375E1,1.745428467E1,2.868276596E1,-2.254389954E1,4.044231105E1
3.648972375E1,1.749615479E1,2.893032837E1,-2.253089142E1,4.062905857E1
3.649965375E1,1.733620453E1,2.887555695E1,-2.268561554E1,4.060762156E1
3.650958375E1,1.740801239E1,2.897428131E1,-2.276436615E1,4.075247525E1
3.651951375E1,1.738413239E1,2.901240921E1,-2.266262817E1,4.071268430E1
3.652944375E1,1.754782104E1,2.880615616E1,-2.265477753E1,4.063200218E1
3.653937475E1,1.730052185E1,2.881669235E1,-2.265503693E1,4.053344930E1
3.654930475E1,1.744535828E1,2.910120392E1,-2.276024628E1,4.085644876E1
3.655923475E1,1.750809479E1,2.929421997E1,-2.241746521E1,4.083169667E1
3.656916475E1,1.764502716E1,2.914723206E1,-2.221974182E1,4.067708257E1
3.657909475E1,1.777070618E1,2.919940567E1,-2.235230255E1,4.084150730E1
3.658902575E1,1.753065491E1,2.907110214E1,-2.245977783E1,4.070496851E1
3.659895575E1,1.769906616E1,2.915262985E1,-2.250928497E1,4.086319469E1
3.660888575E1,1.771933746E1,2.891890335E1,-2.247447205E1,4.068635871E1
3.661881575E1,1.748647308E1,2.903839111E1,-2.246974182E1,4.066809802E1
3.662874575E1,1.793885803E1,2.906953812E1,-2.240481567E1,4.085114979E1
3.663867575E1,1.772683716E1,2.907158279E1,-2.223400879E1,4.066631073E1
3.664860675E1,1.794478607E1,2.895545197E1,-2.272049713E1,4.094697224E1
3.665853675E1,1.759849548E1,2.904935074E1,-2.247869873E1,4.072915072E1
3.666846675E1,1.795016479E1,2.902573013E1,-2.247199249E1,4.086186330E1
3.667839675E1,1.776682281E1,2.905815506E1,-2.216552734E1,4.063676871E1
3.668832675E1,1.777692413E1,2.916109467E1,-2.237683105E1,4.083027115E1
3.669825675E1,1.767295837E1,2.927552795E1,-2.246223450E1,4.091383596E1
3.670818775E1,1.780574036E1,2.921971893E1,-2.246028900E1,4.093044034E1
3.671811775E1,1.751312256E1,2.926203918E1,-2.219723511E1,4.069021560E1
3.672804775E1,1.794524384E1,2.918476105E1,-2.223498535E1,4.084331802E1
3.673797775E1,1.766896820E1,2.918555832E1,-2.244404602E1,4.083778218E1
3.674790775E1,1.791468048E1,2.902902985E1,-2.250622559E1,4.086747534E1
3.675783775E1,1.760009003E1,2.879853821E1,-2.214737701E1,4.036861752E1
3.676776875E1,1.757041168E1,2.903606415E1,-2.205825043E1,4.047689217E1
3.677769875E1,1.741871643E1,2.918419266E1,-2.196057129E1,4.046474360E1
3.678762875E1,1.744479370E1,2.911019516E1,-2.208860016E1,4.049235170E1
3.679755875E1,1.737987518E1,2.920890427E1,-2.192503357E1,4.044659747E1
3.680748875E1,1.777435303E1,2.914183426E1,-2.214048767E1,4.068630389E1
3.681741875E1,1.733602905E1,2.911257172E1,-2.220817566E1,4.051274863E1
3.682734975E1,1.759636688E1,2.914545059E1,-2.252552032E1,4.082264670E1
3.683727975E1,1.715972137E1,2.928785324E1,-2.200217438E1,4.045157676E1
3.684720975E1,1.750131989E1,2.925237274E1,-2.232953644E1,4.075053013E1
3.685713975E1,1.734901428E1,2.922353363E1,-2.216165161E1,4.057267574E1
3.686706975E1,1.758827972E1,2.911757278E1,-2.251674652E1,4.079441754E1
3.687699975E1,1.753766632E1,2.934266281E1,-2.216725159E1,4.074246733E1
3.688693075E1,1.762644196E1,2.917097473E1,-2.217948151E1,4.066407041E1
3.689686075E1,1.756462860E1,2.946474075E1,-2.171749115E1,4.059971117E1
3.690679075E1,1.784542847E1,2.932363129E1,-2.208535767E1,4.081785997E1
3.691672075E1,1.755567169E1,2.936812592E1,-2.236615753E1,4.087705262E1
3.692665075E1,1.780207062E1,2.950020981E1,-2.243429565E1,4.111537083E1
3.693658075E1,1.756639099E1,2.960765457E1,-2.236424255E1,4.105302238E1
3.694651175E1,1.776602173E1,2.968376541E1,-2.218333435E1,4.109571486E1
3.695644175E1,1.760182190E1,2.966439056E1,-2.195229340E1,4.088646949E1
3.696637175E1,1.773255920E1,2.971642685E1,-2.234458923E1,4.119211513E1
3.697630175E1,1.762136078E1,2.958131790E1,-2.225289154E1,4.099704753E1
3.698623175E1,1.798836517E1,2.925205231E1,-2.242223358E1,4.101244207E1
3.699616175E1,1.760339355E1,2.926226044E1,-2.239314270E1,4.083640766E1
3.700609275E1,1.774075317E1,2.923527527E1,-2.239949799E1,4.087998475E1
3.701602275E1,1.743165588E1,2.930879974E1,-2.218008423E1,4.067953424E1
3.702595275E1,1.774767303E1,2.933141708E1,-2.242462158E1,4.096554137E1
3.703588275E1,1.736216736E1,2.925229645E1,-2.228166199E1,4.066465497E1
3.704581275E1,1.784154510E1,2.926038361E1,-2.231127167E1,4.089356458E1
3.705574375E1,1.754006958E1,2.936621475E1,-2.241867065E1,4.089774326E1
3.706567375E1,1.780802155E1,2.929876709E1,-2.234537506E1,4.092504332E1
3.707560375E1,1.757279968E1,2.919750595E1,-2.199023438E1,4.055697289E1
3.708553375E1,1.774675751E1,2.915307617E1,-2.197721863E1,4.059368659E1
3.709546375E1,1.741264343E1,2.916335297E1,-2.212480927E1,4.053650814E1
3.710539375E1,1.741716003E1,2.907114410E1,-2.242623138E1,4.063772554E1
3.711532475E1,1.735604095E1,2.927980423E1,-2.242499542E1,4.076051414E1
3.712525475E1,1.772507477E1,2.934563065E1,-2.189868927E1,4.068042410E1
3.713518475E1,1.746141815E1,2.933747864E1,-2.187306213E1,4.054651186E1
3.714511475E1,1.746157837E1,2.919159317E1,-2.206114197E1,4.054318458E1
3.715504475E1,1.722580719E1,2.912271500E1,-2.196821594E1,4.034183280E1
3.716497475E1,1.726367950E1,2.913776016E1,-2.213282013E1,4.045868787E1
3.717490575E1,1.717662811E1,2.931857681E1,-2.202449036E1,4.049313121E1
3.718483575E1,1.757440186E1,2.918328857E1,-2.208181763E1,4.059717481E1
3.719476575E1,1.738505554E1,2.901574326E1,-2.165074921E1,4.016103154E1
3.720469575E1,1.765172577E1,2.914795685E1,-2.204055023E1,4.058291100E1
3.721462575E1,1.744298553E1,2.911537170E1,-2.173010254E1,4.030086811E1
3.722455575E1,1.734313965E1,2.921920013E1,-2.169448853E1,4.031373193E1
3.723448675E1,1.757598877E1,2.910558701E1,-2.164764404E1,4.030720865E1
3.724441675E1,1.764645386E1,2.910155487E1,-2.192857361E1,4.048654307E1
3.725434675E1,1.764552307E1,2.921431732E1,-2.151232147E1,4.034378262E1
3.726427675E1,1.760385895E1,2.911003876E1,-2.177429199E1,4.039071673E1
3.727420675E1,1.748780823E1,2.901658630E1,-2.160865784E1,4.018357638E1
3.728413675E1,1.759352112E1,2.907289505E1,-2.201088715E1,4.048758285E1
3.729406775E1,1.766043854E1,2.911077499E1,-2.178346252E1,4.042088012E1
3.730399775E1,1.778672028E1,2.927717590E1,-2.168551636E1,4.054358231E1
3.731392775E1,1.760805511E1,2.919897842E1,-2.181874084E1,4.048062991E1
3.732385775E1,1.767592621E1,2.912197876E1,-2.147184753E1,4.026870063E1
3.733378775E1,1.809528351E1,2.929000473E1,-2.114484406E1,4.040356534E1
3.734371775E1,1.786406708E1,2.944038010E1,-2.136872101E1,4.052755989E1
3.735364875E1,1.786884308E1,2.917472458E1,-2.124731445E1,4.027292488E1
3.736357967E1,1.776751709E1,2.911055756E1,-2.125129700E1,4.018366395E1
3.737350967E1,1.780467224E1,2.893786621E1,-2.131861115E1,4.011096653E1
3.738343967E1,1.769268799E1,2.916553497E1,-2.160234070E1,4.037723074E1
3.739336967E1,1.784388733E1,2.914231491E1,-2.169810486E1,4.047822362E1
3.740329967E1,1.776260376E1,2.913173294E1,-2.165331268E1,4.041081423E1
3.741323067E1,1.781358337E1,2.919212341E1,-2.179382324E1,4.055212144E1
3.742316067E1,1.789613342E1,2.906193542E1,-2.159854889E1,4.039015965E1
3.743309067E1,1.775746918E1,2.923929214E1,-2.161709595E1,4.046681052E1
3.744302067E1,1.740794373E1,2.914879227E1,-2.152933502E1,4.020200072E1
3.745295067E1,1.765288544E1,2.920099640E1,-2.158434296E1,4.037581474E1
3.746288067E1,1.752991486E1,2.917576981E1,-2.175840759E1,4.039742269E1
3.747281167E1,1.791307068E1,2.920598984E1,-2.179838562E1,4.060834347E1
3.748274167E1,1.771557617E1,2.900351715E1,-2.163236237E1,4.028653308E1
3.749267167E1,1.792086029E1,2.912599564E1,-2.188011169E1,4.059827759E1
3.750260167E1,1.775222778E1,2.915286255E1,-2.186694336E1,4.053633183E1
3.751253167E1,1.801464081E1,2.907573700E1,-2.186223602E1,4.059412678E1
3.752246167E1,1.772532654E1,2.910454559E1,-2.160305023E1,4.034790644E1
3.753239267E1,1.785380554E1,2.897671890E1,-2.175417328E1,4.039372062E1
3.754232267E1,1.774594116E1,2.898393631E1,-2.163636780E1,4.028795606E1
3.755225267E1,1.788881683E1,2.915345383E1,-2.171681213E1,4.051609022E1
3.756218267E1,1.767040253E1,2.899892426E1,-2.152398682E1,4.020525764E1
3.757211267E1,1.803910828E1,2.909610748E1,-2.160546875E1,4.048196114E1
3.758204267E1,1.789129639E1,2.919289017E1,-2.158019257E1,4.047255902E1
3.759197367E1,1.810430145E1,2.918949890E1,-2.168254089E1,4.061927076E1
3.760190367E1,1.786652374E1,2.930982208E1,-2.165549469E1,4.058618966E1
3.761183367E1,1.803301239E1,2.903076553E1,-2.144875336E1,4.034877822E1
3.762176367E1,1.773439789E1,2.912501526E1,-2.155519867E1,4.034107054E1
3.763169367E1,1.795254517E1,2.906010437E1,-2.178977203E1,4.051638816E1
3.764162367E1,1.786644745E1,2.913862991E1,-2.168762207E1,4.047990426E1
3.765155467E1,1.805902100E1,2.919785309E1,-2.181046295E1,4.067356830E1
3.766148467E1,1.788105011E1,2.903375244E1,-2.130918884E1,4.020910672E1
3.767141467E1,1.808408356E1,2.905032730E1,-2.178836060E1,4.056708335E1
3.768134467E1,1.784351349E1,2.909438705E1,-2.102191925E1,4.008485276E1
3.769127467E1,1.785184479E1,2.914688873E1,-2.142330933E1,4.033841429E1
3.770120467E1,1.766824341E1,2.922698975E1,-2.117930603E1,4.018640017E1
3.771113567E1,1.807158661E1,2.911703873E1,-2.159210968E1,4.050436257E1
3.772106567E1,1.764363861E1,2.927326202E1,-2.134011078E1,4.029419538E1
3.773099567E1,1.780311584E1,2.919283295E1,-2.133531952E1,4.030345256E1
3.774092567E1,1.763269806E1,2.925472641E1,-2.105164337E1,4.012384262E1
3.775085567E1,1.799329376E1,2.942719650E1,-2.112228394E1,4.044588228E1
3.776078667E1,1.787073517E1,2.908121109E1,-2.106373596E1,4.010936283E1
3.777071667E1,1.787536621E1,2.887847137E1,-2.152568817E1,4.021007433E1
3.778064667E1,1.774890137E1,2.913972473E1,-2.127768707E1,4.021053375E1
3.779057667E1,1.801127625E1,2.893374634E1,-2.152197266E1,4.030834971E1
3.780050667E1,1.798552704E1,2.923463058E1,-2.143826294E1,4.046902428E1
3.781043667E1,1.814619446E1,2.924808884E1,-2.158914185E1,4.063035958E1
3.782036767E1,1.787044525E1,2.948881531E1,-2.107963562E1,4.041403320E1
3.783029767E1,1.792328644E1,2.939579391E1,-2.115658569E1,4.040987521E1
3.784022767E1,1.757745361E1,2.920642090E1,-2.108248138E1,4.008058032E1
3.785015767E1,1.795464325E1,2.901740646E1,-2.147519684E1,4.031827342E1
3.786008767E1,1.766630554E1,2.895094681E1,-2.140664673E1,4.010611171E1
3.787001767E1,1.799566650E1,2.889309311E1,-2.166624451E1,4.034948566E1
3.787994867E1,1.774576569E1,2.918369675E1,-2.150668335E1,4.036257901E1
3.788987867E1,1.783832550E1,2.921133423E1,-2.174312592E1,4.054961687E1
3.789980867E1,1.760316467E1,2.907755280E1,-2.150211334E1,4.022084486E1
3.790973867E1,1.795775604E1,2.891981506E1,-2.159799957E1,4.031513724E1
3.791966867E1,1.776580048E1,2.915746307E1,-2.152454376E1,4.036195366E1
3.792959867E1,1.791423798E1,2.909792709E1,-2.140602875E1,4.032154945E1
3.793952967E1,1.783715820E1,2.908745575E1,-2.123235321E1,4.018777324E1
3.794945967E1,1.774523163E1,2.909219360E1,-2.133657074E1,4.020569891E1
3.795938967E1,1.773435211E1,2.924173737E1,-2.162342834E1,4.046182278E1
3.796931967E1,1.805220032E1,2.938397217E1,-2.119271851E1,4.047753790E1
3.797924967E1,1.791344452E1,2.935081482E1,-2.079444122E1,4.018420848E1
3.798917967E1,1.813497162E1,2.933649826E1,-2.099615479E1,4.037754130E1
3.799911067E1,1.800317383E1,2.914684296E1,-2.105532837E1,4.021168456E1
3.800904067E1,1.795153809E1,2.891345978E1,-2.088951111E1,3.993266270E1
3.801897067E1,1.767903137E1,2.931561661E1,-2.069622803E1,4.000359211E1
3.802890067E1,1.795990753E1,2.921964645E1,-2.096795654E1,4.019951765E1
3.803883067E1,1.775566101E1,2.933041763E1,-2.112522125E1,4.027172543E1
3.804876067E1,1.796129608E1,2.887397003E1,-2.138649750E1,4.017084238E1
3.805869167E1,1.784334564E1,2.903139114E1,-2.117864990E1,4.012158854E1
3.806862167E1,1.798113251E1,2.906229782E1,-2.146905518E1,4.035912054E1
3.807855167E1,1.790502930E1,2.920082474E1,-2.135175323E1,4.036304753E1
3.808848167E1,1.781914520E1,2.917501068E1,-2.159298706E1,4.043464201E1
3.809841167E1,1.788331604E1,2.914895248E1,-2.122623444E1,4.024956462E1
3.810834167E1,1.782812500E1,2.910801315E1,-2.162419891E1,4.040698516E1
3.811827267E1,1.780029297E1,2.909865570E1,-2.166742706E1,4.041113199E1
3.812820267E1,1.763905334E1,2.918851471E1,-2.159435272E1,4.036609547E1
3.813813267E1,1.759871674E1,2.921342468E1,-2.153102875E1,4.033266928E1
3.814806267E1,1.773703766E1,2.920229721E1,-2.166320801E1,4.045579376E1
3.815799267E1,1.760974884E1,2.927996063E1,-2.133058929E1,4.027919300E1
3.816792267E1,1.791551971E1,2.914019394E1,-2.127250671E1,4.028195987E1
3.817785367E1,1.801924896E1,2.919507599E1,-2.151354980E1,4.049541481E1
3.818778367E1,1.790049744E1,2.921302032E1,-2.164062500E1,4.052338850E1
3.819771367E1,1.805325317E1,2.895601273E1,-2.165944672E1,4.041660866E1
3.820764367E1,1.781627655E1,2.908413696E1,-2.156766510E1,4.035431713E1
3.821757367E1,1.781842041E1,2.897660828E1,-2.161000061E1,4.030052183E1
3.822750367E1,1.802922821E1,2.889924240E1,-2.170825195E1,4.039142835E1
3.823743467E1,1.776692963E1,2.909753036E1,-2.169441223E1,4.041011734E1
3.824736467E1,1.773957062E1,2.925013351E1,-2.173131561E1,4.052792561E1
3.825729467E1,1.770421600E1,2.913683319E1,-2.144602966E1,4.027811442E1
3.826722467E1,1.783341217E1,2.896876144E1,-2.160877991E1,4.030085729E1
3.827715467E1,1.773264313E1,2.901757431E1,-2.145370483E1,4.020855260E1
3.828708467E1,1.786733246E1,2.930337524E1,-2.169824219E1,4.060471751E1
3.829701567E1,1.776312256E1,2.938615799E1,-2.160725403E1,4.057028754E1
3.830694567E1,1.800177002E1,2.923538971E1,-2.171295166E1,4.062294924E1
3.831687567E1,1.768890381E1,2.922654724E1,-2.169738770E1,4.047054502E1
3.832680567E1,1.788130188E1,2.906316376E1,-2.172863770E1,4.045419806E1
3.833673567E1,1.759792328E1,2.923988342E1,-2.163582611E1,4.040750744E1
3.834666567E1,1.795372772E1,2.927475357E1,-2.181165314E1,4.068286800E1
3.835659667E1,1.769323730E1,2.936508560E1,-2.156868744E1,4.050391557E1
3.836652667E1,1.787195587E1,2.932713318E1,-2.151866913E1,4.052826999E1
3.837645667E1,1.765140533E1,2.922641754E1,-2.124362183E1,4.021252368E1
3.838638667E1,1.798081970E1,2.901558685E1,-2.179959869E1,4.050230439E1
3.839631667E1,1.766931915E1,2.885917282E1,-2.165222931E1,4.017307219E1
3.840624667E1,1.788942719E1,2.902338028E1,-2.148144531E1,4.029690684E1
3.841617767E1,1.758576202E1,2.905330276E1,-2.130990601E1,4.009321042E1
3.842610767E1,1.792282104E1,2.896054077E1,-2.162025452E1,4.034074666E1
3.843603767E1,1.766392517E1,2.907022095E1,-2.128067780E1,4.012429745E1
3.844596767E1,1.782790375E1,2.892379761E1,-2.157424927E1,4.024758939E1
3.845589767E1,1.743575287E1,2.896301270E1,-2.182931519E1,4.024152810E1
3.846582767E1,1.745030212E1,2.885607529E1,-2.147895813E1,3.998164288E1
3.847575867E1,1.760855103E1,2.906380463E1,-2.143333435E1,4.017653084E1
3.848568867E1,1.783310699E1,2.889125443E1,-2.166076660E1,4.027298222E1
3.849561867E1,1.746748352E1,2.883841324E1,-2.161998749E1,4.005235221E1
3.850554867E1,1.788582611E1,2.882061386E1,-2.172575378E1,4.028075144E1
3.851547867E1,1.757160187E1,2.896513748E1,-2.124305725E1,3.998759636E1
3.852540867E1,1.791463470E1,2.903276443E1,-2.146466064E1,4.030592021E1
3.853533967E1,1.780818939E1,2.888032532E1,-2.127669525E1,4.004875230E1
3.854526967E1,1.793384552E1,2.886568069E1,-2.105741119E1,3.997830541E1
3.855519967E1,1.758680725E1,2.899345398E1,-2.141252899E1,4.010501915E1
3.856512967E1,1.778501129E1,2.920089722E1,-2.212901306E1,4.072704561E1
3.857505967E1,1.760381317E1,2.902719498E1,-2.205796814E1,4.048488909E1
3.858498967E1,1.788935852E1,2.881622314E1,-2.186547089E1,4.035471077E1
3.859492067E1,1.743945312E1,2.881263733E1,-2.151362610E1,3.996421778E1
3.860485067E1,1.781795502E1,2.863029099E1,-2.207240295E1,4.030340004E1
3.861478067E1,1.759806824E1,2.903596115E1,-2.184313202E1,4.037203812E1
3.862471067E1,1.766252899E1,2.887601852E1,-2.179779816E1,4.026081694E1
3.863464067E1,1.767816925E1,2.887524033E1,-2.166590118E1,4.019587598E1
3.864457067E1,1.786873627E1,2.875773621E1,-2.183390808E1,4.028670587E1
3.865450167E1,1.763993073E1,2.896646500E1,-2.174611664E1,4.028792424E1
3.866443167E1,1.793152618E1,2.909618378E1,-2.169779205E1,4.048359818E1
3.867436167E1,1.753727722E1,2.926972580E1,-2.200967407E1,4.060417089E1
3.868429167E1,1.770877838E1,2.908733749E1,-2.210163879E1,4.059749342E1
3.869422167E1,1.745112610E1,2.900202560E1,-2.180557251E1,4.026341123E1
3.870415167E1,1.753368378E1,2.881375504E1,-2.172525787E1,4.012043589E1
3.871408267E1,1.728860474E1,2.884022903E1,-2.181962585E1,4.008429539E1
3.872401267E1,1.733532715E1,2.881309509E1,-2.205187988E1,4.021185674E1
3.873394267E1,1.707700348E1,2.896341324E1,-2.255146790E1,4.048545490E1
3.874387267E1,1.740357971E1,2.876561737E1,-2.286636353E1,4.065975787E1
3.875380267E1,1.707569885E1,2.881303787E1,-2.275322723E1,4.049049262E1
3.876373267E1,1.704862976E1,2.886744690E1,-2.261669159E1,4.044131558E1
3.877366367E1,1.675450897E1,2.873416901E1,-2.244894409E1,4.012880674E1
3.878359367E1,1.677923584E1,2.888042068E1,-2.270813751E1,4.038911937E1
3.879352367E1,1.671649170E1,2.908319855E1,-2.221894836E1,4.023624236E1
3.880345367E1,1.695571899E1,2.903296280E1,-2.275257874E1,4.059666457E1
3.881338367E1,1.701300812E1,2.920227432E1,-2.234563446E1,4.051595550E1
3.882331367E1,1.731427002E1,2.950038147E1,-2.227984619E1,4.082215084E1
3.883324467E1,1.725510406E1,2.953481674E1,-2.221088409E1,4.078440129E1
3.884317467E1,1.735903168E1,2.930667114E1,-2.201250458E1,4.055573094E1
3.885310467E1,1.757530212E1,2.939620972E1,-2.152105713E1,4.044977491E1
3.886303467E1,1.795463562E1,2.925556183E1,-2.138002777E1,4.043961456E1
3.887296467E1,1.798983765E1,2.900258255E1,-2.197559357E1,4.059200372E1
3.888289467E1,1.829777527E1,2.911222458E1,-2.212409210E1,4.088772005E1
3.889282567E1,1.862420654E1,2.895954895E1,-2.205648041E1,4.089015618E1
3.890275567E1,1.871906281E1,2.877548981E1,-2.278034210E1,4.119922466E1
3.891268567E1,1.896996307E1,2.872031021E1,-2.266476440E1,4.121173696E1
3.892261567E1,1.960327148E1,2.860036850E1,-2.305220795E1,4.163740653E1
3.893254567E1,1.980442810E1,2.885374832E1,-2.334880829E1,4.207042920E1
3.894247567E1,1.987271881E1,2.850503922E1,-2.389909363E1,4.217379388E1
3.895240667E1,1.963230896E1,2.833862686E1,-2.403049469E1,4.202344587E1
3.896233667E1,1.960483551E1,2.851536942E1,-2.403791809E1,4.213427790E1
3.897226667E1,1.943846130E1,2.844907761E1,-2.402484894E1,4.200472784E1
3.898219667E1,1.926049042E1,2.846651840E1,-2.422662354E1,4.205042745E1
3.899212667E1,1.899321747E1,2.879130936E1,-2.400504303E1,4.202289727E1
3.900205767E1,1.865172577E1,2.853060532E1,-2.415449524E1,4.177705057E1
3.901198767E1,1.848299408E1,2.887644196E1,-2.427776337E1,4.201047208E1
3.902191767E1,1.833737183E1,2.903798676E1,-2.437458038E1,4.211394127E1
3.903184767E1,1.825883484E1,2.889525986E1,-2.431462860E1,4.194665965E1
3.904177767E1,1.809149170E1,2.888239670E1,-2.452391815E1,4.198711079E1
3.905170767E1,1.811074829E1,2.880015182E1,-2.490564728E1,4.216324484E1
3.906163767E1,1.789875793E1,2.884176254E1,-2.514731598E1,4.224452986E1
3.907156867E1,1.781744385E1,2.884473038E1,-2.539588165E1,4.236071979E1
3.908149867E1,1.757821655E1,2.881827164E1,-2.552919769E1,4.232288284E1
3.909142867E1,1.730291748E1,2.886870575E1,-2.537143707E1,4.214858176E1
3.910135867E1,1.690287781E1,2.908156586E1,-2.559022522E1,4.226469422E1
3.911128867E1,1.667808533E1,2.916061020E1,-2.562294769E1,4.224967652E1
3.912121867E1,1.625952148E1,2.909643173E1,-2.551033783E1,4.197322616E1
3.913114967E1,1.629119110E1,2.884140778E1,-2.549835205E1,4.180186201E1
3.914107967E1,1.614192200E1,2.910390472E1,-2.527272034E1,4.178886585E1
3.915100967E1,1.605014801E1,2.903057098E1,-2.583274078E1,4.204416487E1
3.916093967E1,1.572127533E1,2.933919907E1,-2.573107147E1,4.207178554E1
3.917086967E1,1.575526428E1,2.926665878E1,-2.576080322E1,4.205216584E1
3.918079967E1,1.550146484E1,2.943000412E1,-2.571497345E1,4.204379163E1
3.919073067E1,1.547964478E1,2.951049423E1,-2.578643036E1,4.213583585E1
3.920066067E1,1.554199982E1,2.985566711E1,-2.579324341E1,4.240525937E1
3.921059067E1,1.563371277E1,2.971599197E1,-2.609883881E1,4.252766795E1
3.922052067E1,1.565573883E1,2.968899918E1,-2.585294342E1,4.236641965E1
3.923045067E1,1.557775116E1,2.981318283E1,-2.629852295E1,4.269782794E1
3.924038067E1,1.535250854E1,3.014153290E1,-2.637727356E1,4.289489579E1
3.925031167E1,1.523004150E1,3.023461533E1,-2.628620911E1,4.286083197E1
3.926024167E1,1.479026794E1,3.044393921E1,-2.625419617E1,4.283536246E1
3.927017167E1,1.477514648E1,3.056079102E1,-2.663200378E1,4.314545778E1
3.928010167E1,1.466096497E1,3.050179672E1,-2.625797272E1,4.283438605E1
3.929003167E1,1.470804596E1,3.055999756E1,-2.612574768E1,4.281115227E1
3.929996167E1,1.439906311E1,3.043498230E1,-2.595499420E1,4.251214991E1
3.930989267E1,1.481874084E1,3.053762054E1,-2.614821625E1,4.284706013E1
3.931982267E1,1.473452759E1,3.049872589E1,-2.611521912E1,4.277012104E1
3.932975267E1,1.497875977E1,3.066258621E1,-2.629976654E1,4.308404760E1
3.933968267E1,1.480579376E1,3.065157318E1,-2.609592438E1,4.289204747E1
3.934961267E1,1.503514099E1,3.068536758E1,-2.575022888E1,4.278693184E1
3.935954267E1,1.506030273E1,3.043250275E1,-2.546481323E1,4.244298122E1
3.936947262E1,1.529816437E1,3.022884369E1,-2.607295990E1,4.275062645E1
3.937940262E1,1.512254333E1,3.048609161E1,-2.566453552E1,4.262348510E1
3.938933262E1,1.524354553E1,3.051319504E1,-2.598035431E1,4.287656192E1
3.939926262E1,1.522079468E1,3.062198257E1,-2.529384613E1,4.253418695E1
3.940919262E1,1.550608063E1,3.075751877E1,-2.542862701E1,4.281446682E1
3.941912262E1,1.550075531E1,3.085571671E1,-2.500167084E1,4.263135247E1
3.942905363E1,1.586687469E1,3.088829422E1,-2.514154816E1,4.287122434E1
3.943898363E1,1.543281555E1,3.113565445E1,-2.484030914E1,4.271582531E1
3.944891363E1,1.560413361E1,3.113673782E1,-2.486133575E1,4.279102059E1
3.945884363E1,1.562380981E1,3.117305756E1,-2.487474060E1,4.283241378E1
3.946877363E1,1.580020905E1,3.123302841E1,-2.476726532E1,4.287850395E1
3.947870363E1,1.557309723E1,3.133895493E1,-2.469763947E1,4.283252092E1
3.948863462E1,1.586474609E1,3.145723724E1,-2.450500488E1,4.291553574E1
3.949856462E1,1.571971893E1,3.128588867E1,-2.438558960E1,4.266817753E1
3.950849462E1,1.575161743E1,3.135720825E1,-2.461829376E1,4.286546802E1
3.951842462E1,1.553039551E1,3.153285217E1,-2.451343536E1,4.285350002E1
3.952835462E1,1.549260712E1,3.147578812E1,-2.502261353E1,4.309149917E1
3.953828462E1,1.526068878E1,3.141074371E1,-2.505466461E1,4.297975874E1
3.954821563E1,1.550244904E1,3.163834381E1,-2.508652496E1,4.325094750E1
3.955814563E1,1.540099335E1,3.148688507E1,-2.486699677E1,4.297652913E1
3.956807563E1,1.587288666E1,3.158378601E1,-2.533868408E1,4.349175762E1
3.957800563E1,1.596726227E1,3.145278931E1,-2.469544220E1,4.305921835E1
3.958793563E1,1.606192017E1,3.147016144E1,-2.475977325E1,4.314397654E1
3.959786562E1,1.579978180E1,3.159390640E1,-2.485340881E1,4.319143383E1
3.960779663E1,1.578596497E1,3.152799988E1,-2.486251831E1,4.314343847E1
3.961772663E1,1.557819366E1,3.154156113E1,-2.422586823E1,4.271349772E1
3.962765663E1,1.589277649E1,3.155381775E1,-2.437191010E1,4.292101770E1
3.963758663E1,1.583294678E1,3.157491302E1,-2.431526947E1,4.288227682E1
3.964751663E1,1.618033600E1,3.162724304E1,-2.456742096E1,4.319310070E1
3.965744663E1,1.583197021E1,3.181758881E1,-2.464885712E1,4.325016064E1
3.966737762E1,1.593533325E1,3.161352539E1,-2.473667908E1,4.318857633E1
3.967730762E1,1.582310486E1,3.165974808E1,-2.450955200E1,4.305146264E1
3.968723762E1,1.597810364E1,3.177160645E1,-2.438962555E1,4.312294756E1
3.969716762E1,1.569116211E1,3.169919586E1,-2.437502289E1,4.295571356E1
3.970709762E1,1.618949890E1,3.168081284E1,-2.470322418E1,4.331308188E1
3.971702762E1,1.617649078E1,3.167391205E1,-2.444927216E1,4.315880521E1
3.972695863E1,1.596440125E1,3.182783890E1,-2.454482269E1,4.324721675E1
3.973688863E1,1.605847168E1,3.163058853E1,-2.469894409E1,4.322506776E1
3.974681863E1,1.608624268E1,3.144029236E1,-2.503915405E1,4.329224437E1
3.975674863E1,1.582731628E1,3.139058685E1,-2.527926636E1,4.330027934E1
3.976667863E1,1.578950500E1,3.174472427E1,-2.532804108E1,4.357230373E1
3.977660863E1,1.565393829E1,3.173517609E1,-2.520661163E1,4.344583358E1
3.978653962E1,1.569385529E1,3.135869598E1,-2.515022278E1,4.315319934E1
3.979646962E1,1.591957092E1,3.160437012E1,-2.515909576E1,4.341945472E1
3.980639962E1,1.596498871E1,3.131405258E1,-2.520610809E1,4.325272984E1
3.981632962E1,1.580920410E1,3.106925964E1,-2.483094788E1,4.279960048E1
3.982625962E1,1.582698822E1,3.099324799E1,-2.508434296E1,4.289870905E1
3.983618962E1,1.604705048E1,3.123368454E1,-2.489641571E1,4.304512045E1
3.984612063E1,1.605213928E1,3.124051666E1,-2.507341766E1,4.315457485E1
3.985605063E1,1.594868469E1,3.125051498E1,-2.528206635E1,4.324509347E1
3.986598063E1,1.606928253E1,3.117182922E1,-2.494190979E1,4.303491190E1
3.987591063E1,1.595886993E1,3.128265381E1,-2.481251526E1,4.299942874E1
3.988584063E1,1.609818268E1,3.140808487E1,-2.500724792E1,4.325484631E1
3.989577063E1,1.587834930E1,3.139485931E1,-2.489957428E1,4.310160052E1
3.990570163E1,1.569696045E1,3.136968613E1,-2.512186432E1,4.314579750E1
3.991563163E1,1.558644867E1,3.141947174E1,-2.510505676E1,4.313217432E1
3.992556163E1,1.559629822E1,3.143283463E1,-2.530725861E1,4.326343663E1
3.993549163E1,1.584191895E1,3.136071396E1,-2.500059509E1,4.312181038E1
3.994542163E1,1.594956970E1,3.128898239E1,-2.463944244E1,4.290094774E1
3.995535163E1,1.594950104E1,3.161146164E1,-2.481135559E1,4.323510676E1
3.996528262E1,1.593861389E1,3.136391830E1,-2.487263489E1,4.308576041E1
3.997521262E1,1.590263367E1,3.143017578E1,-2.510721588E1,4.325646768E1
3.998514262E1,1.594677734E1,3.163156891E1,-2.496575928E1,4.333757025E1
3.999507262E1,1.584529877E1,3.150564194E1,-2.487337494E1,4.315511265E1
4.000500262E1,1.557310486E1,3.144664001E1,-2.472002411E1,4.292426301E1
4.001493262E1,1.591471100E1,3.133008575E1,-2.485885620E1,4.304433797E1
4.002486363E1,1.588417053E1,3.138402176E1,-2.508766937E1,4.320480124E1
4.003479363E1,1.569591522E1,3.144757843E1,-2.506610107E1,4.316968111E1
4.004472363E1,1.571989441E1,3.149563217E1,-2.491619873E1,4.312663777E1
4.005465363E1,1.575005341E1,3.164465332E1,-2.492794800E1,4.325333348E1
4.006458363E1,1.582865143E1,3.161326599E1,-2.497578430E1,4.328665607E1
4.007451363E1,1.577907562E1,3.165928268E1,-2.486495972E1,4.323835831E1
4.008444462E1,1.571703339E1,3.168239975E1,-2.506501007E1,4.334806019E1
4.009437462E1,1.597908783E1,3.143281555E1,-2.496395874E1,4.320361533E1
4.010430462E1,1.571075439E1,3.170946503E1,-2.515234375E1,4.341610729E1
4.011423462E1,1.603395844E1,3.155376053E1,-2.527077484E1,4.348953538E1
4.012416462E1,1.565788269E1,3.156584549E1,-2.547370148E1,4.347966604E1
4.013409462E1,1.575225067E1,3.177366638E1,-2.517919159E1,4.349357384E1
4.014402563E1,1.535919189E1,3.170760727E1,-2.493181610E1,4.316100773E1
4.015395563E1,1.562143707E1,3.167956161E1,-2.512569427E1,4.334656195E1
4.016388563E1,1.530113220E1,3.180463409E1,-2.529843140E1,4.342430227E1
4.017381563E1,1.558285522E1,3.158907700E1,-2.546284485E1,4.346322158E1
4.018374563E1,1.553990936E1,3.141190720E1,-2.529711151E1,4.322199148E1
4.019367563E1,1.578118134E1,3.145276260E1,-2.529447174E1,4.333742332E1
4.020360663E1,1.558181763E1,3.158794785E1,-2.507099915E1,4.323362682E1
4.021353663E1,1.563423920E1,3.164016724E1,-2.528953552E1,4.341762574E1
4.022346663E1,1.563195038E1,3.168555069E1,-2.503876495E1,4.330440792E1
4.023339663E1,1.579726410E1,3.161061478E1,-2.498860931E1,4.328065521E1
4.024332663E1,1.571329498E1,3.144726944E1,-2.524246216E1,4.327840443E1
4.025325663E1,1.577237701E1,3.133540344E1,-2.555661774E1,4.340295031E1
4.026318663E1,1.588391876E1,3.126722717E1,-2.536270905E1,4.328054275E1
4.027311762E1,1.598349762E1,3.137560654E1,-2.552589417E1,4.349105833E1
4.028304762E1,1.602199554E1,3.173589706E1,-2.495218658E1,4.343366343E1
4.029297762E1,1.614297485E1,3.161747742E1,-2.507145691E1,4.346076929E1
4.030290762E1,1.576596832E1,3.150440598E1,-2.505332184E1,4.322918329E1
4.031283762E1,1.594971466E1,3.152330017E1,-2.517057800E1,4.337821859E1
4.032276762E1,1.575585175E1,3.140017319E1,-2.494132233E1,4.308465272E1
4.033269863E1,1.602229309E1,3.163746262E1,-2.532173157E1,4.357560104E1
4.034262863E1,1.566841888E1,3.174932861E1,-2.528574371E1,4.350733332E1
4.035255863E1,1.602537537E1,3.159546280E1,-2.550131989E1,4.365092486E1
4.036248863E1,1.577388000E1,3.146049881E1,-2.530995178E1,4.334941678E1
4.037242225E1,1.577956390E1,3.166620255E1,-2.554007721E1,4.363529036E1
4.038235225E1,1.566014099E1,3.184296799E1,-2.490068054E1,4.335041543E1
4.039228325E1,1.591237640E1,3.178390884E1,-2.510338593E1,4.351552101E1
4.040221325E1,1.578384399E1,3.171224976E1,-2.518255615E1,4.346214042E1
4.041214325E1,1.585789490E1,3.166378784E1,-2.552040863E1,4.365042437E1
4.042207325E1,1.576317596E1,3.143521118E1,-2.525064087E1,4.329255228E1
4.043200325E1,1.576022339E1,3.149200058E1,-2.544319153E1,4.344521535E1
4.044193325E1,1.544724274E1,3.158374786E1,-2.503865051E1,4.316346206E1
4.045186425E1,1.580528259E1,3.179124832E1,-2.542606354E1,4.366892642E1
4.046179425E1,1.575310516E1,3.186476898E1,-2.521041870E1,4.357853870E1
4.047172425E1,1.586160278E1,3.166255188E1,-2.544875336E1,4.360902065E1
4.048165425E1,1.562200928E1,3.151776886E1,-2.536712646E1,4.336943662E1
4.049158425E1,1.564385223E1,3.139543152E1,-2.557262421E1,4.340924258E1
4.050151425E1,1.564817810E1,3.139185715E1,-2.536800385E1,4.328798670E1
4.051144525E1,1.563902283E1,3.158319092E1,-2.524218750E1,4.335025967E1
4.052137525E1,1.557109070E1,3.163073730E1,-2.533110046E1,4.341229156E1
4.053130525E1,1.584414673E1,3.175638580E1,-2.563998413E1,4.378257429E1
4.054123525E1,1.567748260E1,3.195561218E1,-2.561116791E1,4.385061610E1
4.055116525E1,1.589131165E1,3.175093079E1,-2.568731689E1,4.382343712E1
4.056109525E1,1.568152618E1,3.191196823E1,-2.551425934E1,4.376369968E1
4.057102625E1,1.570145416E1,3.200253677E1,-2.538099670E1,4.375949059E1
4.058095625E1,1.579484558E1,3.180926132E1,-2.540186310E1,4.366418328E1
4.059088625E1,1.592443848E1,3.179813385E1,-2.529320526E1,4.364006519E1
4.060081625E1,1.589093781E1,3.213370132E1,-2.523311615E1,4.383841712E1
4.061074625E1,1.611957550E1,3.192618179E1,-2.540228271E1,4.386795830E1
4.062067625E1,1.587009430E1,3.187515259E1,-2.495996857E1,4.348431069E1
4.063060725E1,1.571664429E1,3.174552917E1,-2.545427704E1,4.362008425E1
4.064053725E1,1.567602539E1,3.173293686E1,-2.504123688E1,4.335643664E1
4.065046725E1,1.593091583E1,3.173819733E1,-2.492797089E1,4.338791285E1
4.066039725E1,1.574706268E1,3.170755768E1,-2.486203003E1,4.326037141E1
4.067032725E1,1.589894104E1,3.166771317E1,-2.523130035E1,4.349987242E1
4.068025725E1,1.567983246E1,3.196468353E1,-2.490355682E1,4.344865109E1
4.069018825E1,1.576951599E1,3.205038452E1,-2.512181091E1,4.366932752E1
4.070011825E1,1.580003357E1,3.184479904E1,-2.477697754E1,4.333163859E1
4.071004825E1,1.585418701E1,3.183491898E1,-2.462673187E1,4.325844698E1
4.071997825E1,1.603201294E1,3.174323654E1,-2.437092590E1,4.311148959E1
4.072990825E1,1.594909668E1,3.196071243E1,-2.439107513E1,4.325257646E1
4.073983825E1,1.609226227E1,3.182849121E1,-2.466388702E1,4.336266921E1
4.074976925E1,1.584432983E1,3.180933762E1,-2.494601440E1,4.341866398E1
4.075969925E1,1.601470947E1,3.182066727E1,-2.485523224E1,4.343740732E1
4.076962925E1,1.611891174E1,3.177941895E1,-2.463218689E1,4.331853432E1
4.077955925E1,1.619516754E1,3.168632126E1,-2.501817322E1,4.349960227E1
4.078948925E1,1.617716980E1,3.165312195E1,-2.485897827E1,4.337729536E1
4.079941925E1,1.609803009E1,3.163640594E1,-2.484223938E1,4.332603849E1
4.080934925E1,1.608309174E1,3.153924179E1,-2.458469391E1,4.310216685E1
4.081928025E1,1.598635864E1,3.171054459E1,-2.471309662E1,4.326499099E1
4.082921025E1,1.574892426E1,3.164953613E1,-2.434387207E1,4.292255654E1
4.083914025E1,1.600067139E1,3.168733215E1,-2.461999512E1,4.320014657E1
4.084907025E1,1.593277740E1,3.161407852E1,-2.488919067E1,4.327557243E1
4.085900025E1,1.594632721E1,3.182426834E1,-2.481912994E1,4.339422333E1
4.086893025E1,1.593422699E1,3.179755020E1,-2.450914001E1,4.319353809E1
4.087886125E1,1.591735840E1,3.155289459E1,-2.482451630E1,4.318800835E1
4.088879125E1,1.577946472E1,3.162303925E1,-2.471970367E1,4.312855049E1
4.089872125E1,1.549497986E1,3.166935730E1,-2.471544647E1,4.305689128E1
4.090865125E1,1.559938812E1,3.156077957E1,-2.463155365E1,4.296669818E1
4.091858125E1,1.566663361E1,3.166061020E1,-2.465357208E1,4.307709674E1
4.092851125E1,1.588443756E1,3.182929230E1,-2.447949219E1,4.318176400E1
4.093844225E1,1.567407990E1,3.173797989E1,-2.463632965E1,4.312684647E1
4.094837225E1,1.573938751E1,3.171007156E1,-2.442018127E1,4.300700189E1
4.095830225E1,1.555732727E1,3.173493958E1,-2.438513184E1,4.293916017E1
4.096823225E1,1.593186951E1,3.170023346E1,-2.441347504E1,4.306677409E1
4.097816225E1,1.578378296E1,3.185268784E1,-2.437574768E1,4.310334792E1
4.098809225E1,1.576545715E1,3.191765594E1,-2.456707001E1,4.325306150E1
4.099802325E1,1.561445618E1,3.187548828E1,-2.443205261E1,4.309040717E1
4.100795325E1,1.566739655E1,3.178294754E1,-2.426998901E1,4.294945210E1
4.101788325E1,1.559362030E1,3.168097305E1,-2.426679230E1,4.284532945E1
4.102781325E1,1.595710754E1,3.173328400E1,-2.430435181E1,4.303872804E1
4.103774325E1,1.563785553E1,3.186797714E1,-2.448027802E1,4.312069694E1
4.104767325E1,1.571691132E1,3.176535416E1,-2.481689453E1,4.326589049E1
4.105760425E1,1.536399078E1,3.169196701E1,-2.476019287E1,4.305229537E1
4.106753425E1,1.566600800E1,3.190948868E1,-2.473458099E1,4.330633639E1
4.107746425E1,1.553710938E1,3.177773666E1,-2.433609009E1,4.293566811E1
4.108739425E1,1.583954620E1,3.135522079E1,-2.459801483E1,4.288476919E1
4.109732425E1,1.576082611E1,3.168651962E1,-2.468358612E1,4.314763712E1
4.110725425E1,1.591403961E1,3.148875046E1,-2.478814697E1,4.311902472E1
4.111718525E1,1.569529724E1,3.150815582E1,-2.424999237E1,4.274539003E1
4.112711525E1,1.593445587E1,3.168754959E1,-2.447934723E1,4.309577849E1
4.113704525E1,1.593778992E1,3.171367264E1,-2.424832153E1,4.298547751E1
4.114697525E1,1.602374268E1,3.185833359E1,-2.460416412E1,4.332526561E1
4.115690525E1,1.602295685E1,3.191353226E1,-2.431024170E1,4.319949697E1
4.116683525E1,1.623903656E1,3.182339096E1,-2.437207794E1,4.324849944E1
4.117676625E1,1.599201202E1,3.165963745E1,-2.424803925E1,4.296561997E1
4.118669625E1,1.637103271E1,3.156600571E1,-2.436994171E1,4.310820673E1
4.119662625E1,1.603200531E1,3.148213577E1,-2.431168365E1,4.288598873E1
4.120655625E1,1.608698273E1,3.161560822E1,-2.433580017E1,4.301823876E1
4.121648625E1,1.600880432E1,3.172389603E1,-2.427694702E1,4.303553824E1
4.122641625E1,1.622678375E1,3.173950958E1,-2.459812164E1,4.331019012E1
4.123634725E1,1.590306091E1,3.130397415E1,-2.456529999E1,4.285207238E1
4.124627725E1,1.601916504E1,3.127284622E1,-2.468480682E1,4.294117194E1
4.125620725E1,1.594483948E1,3.129905701E1,-2.439913177E1,4.276899001E1
4.126613725E1,1.632339478E1,3.145050049E1,-2.442748260E1,4.303822841E1
4.127606725E1,1.603733826E1,3.141994095E1,-2.403078461E1,4.268357432E1
4.128599725E1,1.637344360E1,3.164423370E1,-2.416672516E1,4.305203581E1
4.129592725E1,1.602448273E1,3.133695984E1,-2.400127411E1,4.260105935E1
4.130585825E1,1.624508667E1,3.138674164E1,-2.416223907E1,4.281172957E1
4.131578825E1,1.613506317E1,3.161104202E1,-2.423908997E1,4.297827037E1
4.132571825E1,1.628146362E1,3.175165176E1,-2.471453094E1,4.340577712E1
4.133564825E1,1.593096161E1,3.184106827E1,-2.473529053E1,4.335301332E1
4.134557825E1,1.627731323E1,3.155339050E1,-2.457379150E1,4.317914551E1
4.135550825E1,1.637376404E1,3.141939163E1,-2.434586334E1,4.298836332E1
4.136543925E1,1.648825836E1,3.159632111E1,-2.457466125E1,4.329092453E1
4.137536575E1,1.627404022E1,3.148221588E1,-2.431256104E1,4.297760959E1
4.138529575E1,1.633552551E1,3.148273849E1,-2.462580872E1,4.317919258E1
4.139522575E1,1.637748718E1,3.147036743E1,-2.419839478E1,4.294378212E1
4.140515575E1,1.642894745E1,3.142741776E1,-2.441303253E1,4.305332808E1
4.141508575E1,1.618640900E1,3.143298721E1,-2.413173676E1,4.280622899E1
4.142501675E1,1.625346375E1,3.149694824E1,-2.441529846E1,4.303881540E1
4.143494675E1,1.605020905E1,3.156839752E1,-2.440698242E1,4.301015838E1
4.144487675E1,1.624643707E1,3.143309402E1,-2.445108795E1,4.300978749E1
4.145480675E1,1.638754272E1,3.166003036E1,-2.431202698E1,4.315070955E1
4.146473675E1,1.644422913E1,3.145087814E1,-2.436403656E1,4.304853871E1
4.147466675E1,1.614445496E1,3.163430786E1,-2.412497711E1,4.293468738E1
4.148459775E1,1.628448486E1,3.164494705E1,-2.427822876E1,4.308154492E1
4.149452775E1,1.626834869E1,3.155078888E1,-2.408242035E1,4.289608861E1
4.150445775E1,1.608531189E1,3.143573380E1,-2.426365662E1,4.284469221E1
4.151438775E1,1.590944672E1,3.145725250E1,-2.458364105E1,4.297702453E1
4.152431775E1,1.618838501E1,3.140095901E1,-2.464599609E1,4.307562141E1
4.153424775E1,1.626934052E1,3.153767395E1,-2.428787231E1,4.300252389E1
4.154417875E1,1.602039337E1,3.144758987E1,-2.441162109E1,4.291306511E1
4.155410875E1,1.586882019E1,3.163278198E1,-2.417801666E1,4.286057442E1
4.156403875E1,1.618799591E1,3.145591736E1,-2.430469513E1,4.292137176E1
4.157396875E1,1.617280579E1,3.136321259E1,-2.423283386E1,4.280702031E1
4.158389875E1,1.634788513E1,3.148072433E1,-2.460975647E1,4.317324943E1
4.159382875E1,1.626383209E1,3.167424011E1,-2.437641144E1,4.315065649E1
4.160375875E1,1.634128571E1,3.201443100E1,-2.422091675E1,4.334298350E1
4.161368975E1,1.616075897E1,3.189133835E1,-2.448114014E1,4.333074907E1
4.162361975E1,1.641079712E1,3.167815781E1,-2.472805786E1,4.340848753E1
4.163354975E1,1.603867340E1,3.181135178E1,-2.500542450E1,4.352553734E1
4.164347975E1,1.594786072E1,3.179048920E1,-2.489606476E1,4.341409339E1
4.165340975E1,1.596142578E1,3.181769180E1,-2.483771515E1,4.340558395E1
4.166333975E1,1.597655487E1,3.188060379E1,-2.475733185E1,4.341138887E1
4.167327075E1,1.586373138E1,3.175730896E1,-2.471146393E1,4.325322063E1
4.168320075E1,1.605972290E1,3.167164612E1,-2.476044464E1,4.329073211E1
4.169313075E1,1.602113342E1,3.152512741E1,-2.474105072E1,4.315819696E1
4.170306075E1,1.579338074E1,3.169458389E1,-2.483239746E1,4.325072817E1
4.171299075E1,1.577072906E1,3.171522903E1,-2.462061310E1,4.313636792E1
4.172292075E1,1.580249023E1,3.172951126E1,-2.445561981E1,4.306457852E1
4.173285175E1,1.579967499E1,3.157164764E1,-2.497630310E1,4.324597532E1
4.174278175E1,1.594384003E1,3.166616821E1,-2.510600281E1,4.344264749E1
4.175271175E1,1.589421082E1,3.169756699E1,-2.461341095E1,4.316458837E1
4.176264175E1,1.597512054E1,3.165028763E1,-2.486679077E1,4.330476263E1
4.177257175E1,1.632231140E1,3.189080429E1,-2.482861328E1,4.358785709E1
4.178250175E1,1.593334198E1,3.180566788E1,-2.419732666E1,4.302304630E1
4.179243275E1,1.593880463E1,3.174169159E1,-2.431010437E1,4.304139464E1
4.180236275E1,1.595875549E1,3.171273041E1,-2.425400543E1,4.299576638E1
4.181229275E1,1.601143646E1,3.170245743E1,-2.411446381E1,4.292923560E1
4.182222275E1,1.577938843E1,3.165881729E1,-2.432870483E1,4.293198913E1
4.183215275E1,1.590618134E1,3.178221512E1,-2.474657440E1,4.330714430E1
4.184208275E1,1.608852386E1,3.185973358E1,-2.462802887E1,4.336384473E1
4.185201375E1,1.634578705E1,3.180243683E1,-2.444596100E1,4.331494836E1
4.186194375E1,1.589548492E1,3.172315216E1,-2.433524323E1,4.302590948E1
4.187187375E1,1.621622467E1,3.155452347E1,-2.456873322E1,4.315410230E1
4.188180375E1,1.602365112E1,3.151628876E1,-2.448100281E1,4.300410853E1
4.189173375E1,1.605023193E1,3.162221909E1,-2.439088440E1,4.304056141E1
4.190166375E1,1.586084747E1,3.168531036E1,-2.456003571E1,4.311288356E1
4.191159475E1,1.614940643E1,3.168764496E1,-2.478626251E1,4.335053610E1
4.192152475E1,1.568979645E1,3.149387360E1,-2.467086029E1,4.297307453E1
4.193145475E1,1.600066376E1,3.146970749E1,-2.476399231E1,4.312330049E1
4.194138475E1,1.559425354E1,3.139247513E1,-2.451541138E1,4.277468449E1
4.195131475E1,1.608166504E1,3.131960297E1,-2.434077454E1,4.280199511E1
4.196124475E1,1.590438080E1,3.132388306E1,-2.462492371E1,4.290130354E1
4.197117575E1,1.594783020E1,3.159891510E1,-2.446767426E1,4.302896475E1
4.198110575E1,1.596549988E1,3.149247360E1,-2.435904694E1,4.289564369E1
4.199103575E1,1.603883362E1,3.154301071E1,-2.465192413E1,4.312682543E1
4.200096575E1,1.581604767E1,3.169890976E1,-2.444087219E1,4.303863935E1
4.201089575E1,1.615024567E1,3.165654373E1,-2.463443756E1,4.324144667E1
4.202082575E1,1.585481262E1,3.179851913E1,-2.448914337E1,4.315366781E1
4.203075575E1,1.570726013E1,3.147205353E1,-2.477304840E1,4.302222799E1
4.204068675E1,1.558894348E1,3.168901825E1,-2.471098328E1,4.310268821E1
4.205061675E1,1.580648804E1,3.181063461E1,-2.481558228E1,4.333098963E1
4.206054675E1,1.568050385E1,3.168334961E1,-2.458009338E1,4.305686744E1
4.207047675E1,1.604972839E1,3.150327301E1,-2.467498016E1,4.311501639E1
4.208040675E1,1.564485168E1,3.143228531E1,-2.452233887E1,4.282633591E1
4.209033675E1,1.584980774E1,3.154611969E1,-2.465059662E1,4.305840204E1
4.210026775E1,1.555694580E1,3.170326614E1,-2.432908630E1,4.288379749E1
4.211019775E1,1.589205933E1,3.183709717E1,-2.459197998E1,4.325417650E1
4.212012775E1,1.566941833E1,3.161311722E1,-2.408319092E1,4.271908164E1
4.213005775E1,1.583224487E1,3.167060471E1,-2.454698181E1,4.308412116E1
4.213998775E1,1.574530792E1,3.187073517E1,-2.377725983E1,4.276700325E1
4.214991775E1,1.622714233E1,3.165650940E1,-2.442794800E1,4.315297648E1
4.215984875E1,1.605039978E1,3.177697372E1,-2.431127167E1,4.310950385E1
4.216977875E1,1.607348633E1,3.166097641E1,-2.449944305E1,4.313927561E1
4.217970875E1,1.608215332E1,3.167993546E1,-2.435254669E1,4.307319928E1
4.218963875E1,1.632102966E1,3.156658554E1,-2.436448669E1,4.308658195E1
4.219956875E1,1.593522644E1,3.153950119E1,-2.425299835E1,4.285883230E1
4.220949875E1,1.619491577E1,3.161959076E1,-2.441639709E1,4.310724143E1
4.221942975E1,1.582036591E1,3.176432419E1,-2.435732269E1,4.304109010E1
4.222935975E1,1.633695221E1,3.181099701E1,-2.465727234E1,4.343750243E1
4.223928975E1,1.604243469E1,3.173198700E1,-2.434925079E1,4.309483408E1
4.224921975E1,1.593520355E1,3.164617538E1,-2.422146606E1,4.291958233E1
4.225914975E1,1.566907501E1,3.143346405E1,-2.416046143E1,4.262992459E1
4.226907975E1,1.582721710E1,3.145871353E1,-2.449149323E1,4.289504282E1
4.227900975E1,1.561792755E1,3.163714981E1,-2.437630463E1,4.288394964E1
4.228894075E1,1.590073395E1,3.155755234E1,-2.456956482E1,4.303923751E1
4.229887075E1,1.566470337E1,3.138860321E1,-2.444290161E1,4.275608474E1
4.230880075E1,1.589588165E1,3.130748749E1,-2.456996918E1,4.285465216E1
4.231873075E1,1.568660736E1,3.164960480E1,-2.419366455E1,4.281472339E1
4.232866075E1,1.571755981E1,3.167400360E1,-2.480234528E1,4.319074579E1
4.233859075E1,1.568153381E1,3.171825790E1,-2.470344543E1,4.315343096E1
4.234852175E1,1.560599518E1,3.158836746E1,-2.479141998E1,4.308116235E1
4.235845175E1,1.568018341E1,3.154371262E1,-2.452214050E1,4.292096611E1
4.236838250E1,1.583492279E1,3.175325394E1,-2.468990326E1,4.322736678E1
4.237831250E1,1.555114746E1,3.177467346E1,-2.442561340E1,4.298928531E1
4.238824250E1,1.580087280E1,3.185652542E1,-2.448700714E1,4.317544802E1
4.239817250E1,1.559202576E1,3.167266846E1,-2.444883728E1,4.294199388E1
4.240810350E1,1.579163361E1,3.166934586E1,-2.445113373E1,4.301373152E1
4.241803350E1,1.554396820E1,3.170364761E1,-2.463378906E1,4.305298808E1
4.242796350E1,1.563565826E1,3.182080078E1,-2.435159302E1,4.301205940E1
4.243789350E1,1.559718323E1,3.179660416E1,-2.413000488E1,4.285502650E1
4.244782350E1,1.579804993E1,3.166791916E1,-2.446754456E1,4.302436777E1
4.245775350E1,1.564028931E1,3.172027969E1,-2.405942535E1,4.277441691E1
4.246768450E1,1.585571289E1,3.186224365E1,-2.466211700E1,4.329926347E1
4.247761450E1,1.597872162E1,3.162022018E1,-2.461455536E1,4.313970566E1
4.248754450E1,1.608435059E1,3.171884155E1,-2.434400177E1,4.309781509E1
4.249747450E1,1.573572540E1,3.158496094E1,-2.415176392E1,4.276132027E1
4.250740450E1,1.600788879E1,3.171982193E1,-2.417427826E1,4.297435673E1
4.251733450E1,1.610787201E1,3.156016922E1,-2.405151367E1,4.282502927E1
4.252726450E1,1.607298279E1,3.184596252E1,-2.398133087E1,4.298383807E1
4.253719550E1,1.600276184E1,3.195999527E1,-2.437589264E1,4.326330808E1
4.254712550E1,1.603080750E1,3.204291534E1,-2.457987976E1,4.345003684E1
4.255705550E1,1.609192657E1,3.185363388E1,-2.470027924E1,4.340170373E1
4.256698550E1,1.598329926E1,3.171239090E1,-2.464396667E1,4.322576414E1
4.257691550E1,1.575907135E1,3.174637604E1,-2.449337769E1,4.308255183E1
4.258684550E1,1.577416992E1,3.177333832E1,-2.454944611E1,4.313982810E1
4.259677650E1,1.564479065E1,3.166136169E1,-2.451497650E1,4.299052653E1
4.260670650E1,1.572772980E1,3.181512833E1,-2.447529602E1,4.311152967E1
4.261663650E1,1.570909119E1,3.187526703E1,-2.430827332E1,4.305462049E1
4.262656650E1,1.587412262E1,3.186809540E1,-2.459358978E1,4.327132921E1
4.263649650E1,1.581810760E1,3.168203354E1,-2.458813477E1,4.311078924E1
4.264642650E1,1.581858063E1,3.173062897E1,-2.483039093E1,4.328520095E1
4.265635750E1,1.574221802E1,3.167848206E1,-2.437125397E1,4.295697468E1
4.266628750E1,1.582038879E1,3.168553925E1,-2.464611816E1,4.314729701E1
4.267621750E1,1.593332672E1,3.181846237E1,-2.456106567E1,4.323807807E1
4.268614750E1,1.606140137E1,3.173410034E1,-2.432420349E1,4.308930974E1
4.269607750E1,1.620452118E1,3.167042160E1,-2.448530579E1,4.318717762E1
4.270600750E1,1.605132294E1,3.166988373E1,-2.412760162E1,4.292746980E1
4.271593850E1,1.592542267E1,3.171870041E1,-2.453697205E1,4.314809428E1
4.272586850E1,1.588031006E1,3.198398972E1,-2.426599121E1,4.317404516E1
4.273579850E1,1.614952087E1,3.202708435E1,-2.432592773E1,4.333926530E1
4.274572850E1,1.599735260E1,3.162321091E1,-2.457006073E1,4.312343496E1
4.275565850E1,1.617442322E1,3.199602127E1,-2.431001282E1,4.331667193E1
4.276558850E1,1.615836334E1,3.204778671E1,-2.403483582E1,4.319521584E1
4.277551850E1,1.627230835E1,3.203308105E1,-2.443370056E1,4.345010960E1
4.278544950E1,1.614392853E1,3.188628769E1,-2.389045715E1,4.298971637E1
4.279537950E1,1.620463562E1,3.181574631E1,-2.423228455E1,4.315130986E1
4.280530950E1,1.597241974E1,3.171453094E1,-2.433494568E1,4.304787157E1
4.281523950E1,1.594956970E1,3.195191193E1,-2.451862335E1,4.331831415E1
4.282516950E1,1.570836639E1,3.202002716E1,-2.437284088E1,4.319803568E1
4.283509950E1,1.578968811E1,3.203289795E1,-2.440700531E1,4.325647593E1
4.284503050E1,1.544642639E1,3.194232178E1,-2.417663574E1,4.293499417E1
4.285496050E1,1.577954865E1,3.173803329E1,-2.443891907E1,4.305296364E1
4.286489050E1,1.569912720E1,3.173152542E1,-2.438191223E1,4.298639255E1
4.287482050E1,1.572928619E1,3.169595337E1,-2.463831329E1,4.311717043E1
4.288475050E1,1.556842041E1,3.169692993E1,-2.469647217E1,4.309276991E1
4.289468050E1,1.591101837E1,3.180917358E1,-2.478701782E1,4.335181983E1
4.290461150E1,1.573597717E1,3.179919052E1,-2.454103088E1,4.314014015E1
4.291454150E1,1.566403198E1,3.164016342E1,-2.443140411E1,4.293431432E1
4.292447150E1,1.557579803E1,3.166126251E1,-2.398767090E1,4.266672455E1
4.293440150E1,1.592899323E1,3.166787720E1,-2.451995087E1,4.310238116E1
4.294433150E1,1.541135406E1,3.171507263E1,-2.442178345E1,4.289264707E1
4.295426150E1,1.566773224E1,3.161166000E1,-2.421147156E1,4.278983801E1
4.296419250E1,1.568976593E1,3.161344910E1,-2.389547729E1,4.262127114E1
4.297412250E1,1.601661682E1,3.177462006E1,-2.376423645E1,4.278898723E1
4.298405250E1,1.561384583E1,3.194485474E1,-2.342017365E1,4.257664218E1
4.299398250E1,1.581803894E1,3.191937256E1,-2.342311096E1,4.263447933E1
4.300391250E1,1.555133057E1,3.172667694E1,-2.303917694E1,4.218091495E1
4.301384250E1,1.596997070E1,3.159779358E1,-2.320063782E1,4.232883318E1
4.302377250E1,1.579890442E1,3.149737167E1,-2.266744995E1,4.189872421E1
4.303370350E1,1.606743622E1,3.152227783E1,-2.257073975E1,4.196730631E1
4.304363350E1,1.596411896E1,3.142385483E1,-2.228008270E1,4.169788762E1
4.305356350E1,1.627674866E1,3.136250305E1,-2.223403168E1,4.174794976E1
4.306349350E1,1.616580963E1,3.102355576E1,-2.178958893E1,4.121383989E1
4.307342350E1,1.663877106E1,3.102093506E1,-2.165491486E1,4.132895416E1
4.308335350E1,1.632652283E1,3.084790039E1,-2.120982361E1,4.084121599E1
4.309328450E1,1.689776611E1,3.085434723E1,-2.083883667E1,4.088743519E1
4.310321450E1,1.661281586E1,3.059156799E1,-2.060054779E1,4.045012055E1
4.311314450E1,1.702888489E1,3.040434265E1,-2.069853973E1,4.053191976E1
4.312307450E1,1.721017456E1,3.016129303E1,-2.026683044E1,4.020743864E1
4.313300450E1,1.753736115E1,2.981998444E1,-1.996841431E1,3.994406186E1
4.314293450E1,1.722965240E1,2.958134079E1,-1.946080780E1,3.937816254E1
4.315286550E1,1.747035217E1,2.954383087E1,-1.913014221E1,3.929393705E1
4.316279550E1,1.731914520E1,2.932471466E1,-1.856486511E1,3.878847634E1
4.317272550E1,1.764956665E1,2.912665558E1,-1.796701050E1,3.850561952E1
4.318265550E1,1.769971466E1,2.876761627E1,-1.763050079E1,3.810105252E1
4.319258550E1,1.775233459E1,2.820018005E1,-1.721406555E1,3.750626070E1
4.320251550E1,1.790944672E1,2.814605331E1,-1.684421539E1,3.737213121E1
4.321244550E1,1.829204559E1,2.747903824E1,-1.690322876E1,3.708659619E1
4.322237650E1,1.827145386E1,2.708976746E1,-1.571991730E1,3.626040991E1
4.323230650E1,1.842574310E1,2.666296768E1,-1.530973053E1,3.584424226E1
4.324223650E1,1.867542267E1,2.634975815E1,-1.468836212E1,3.547998236E1
4.325216650E1,1.893744659E1,2.588739777E1,-1.419763184E1,3.507644504E1
4.326209650E1,1.900243378E1,2.547835541E1,-1.402713013E1,3.474189781E1
4.327202650E1,1.910643768E1,2.491276550E1,-1.370024872E1,3.425490711E1
4.328195750E1,1.910497284E1,2.471350098E1,-1.298481750E1,3.382842892E1
4.329188750E1,1.944715118E1,2.398181915E1,-1.248050690E1,3.330288864E1
4.330181750E1,1.969709015E1,2.347408295E1,-1.206054688E1,3.293121196E1
4.331174750E1,1.988829803E1,2.301028442E1,-1.142893982E1,3.249058715E1
4.332167750E1,2.036566162E1,2.172442245E1,-1.072003937E1,3.164853785E1
4.333160750E1,2.025431061E1,2.137449646E1,-1.015673828E1,3.114908553E1
4.334153850E1,2.033665466E1,2.101334763E1,-9.909423828E0,3.087615556E1
4.335146850E1,2.066600037E1,2.049197388E1,-9.194740295E0,3.052126822E1
4.336139850E1,2.076110077E1,2.021506119E1,-8.793716431E0,3.028203184E1
4.337132779E1,2.068162537E1,1.965158081E1,-8.405021667E0,2.974153065E1
4.338125779E1,2.069548798E1,1.941430664E1,-7.969963074E0,2.947437593E1
4.339118779E1,2.082823944E1,1.899069595E1,-7.885826111E0,2.926855556E1
4.340111879E1,2.079209137E1,1.874524307E1,-7.689643860E0,2.903146266E1
4.341104879E1,2.082813263E1,1.845998001E1,-7.558670044E0,2.883947752E1
4.342097879E1,2.107480621E1,1.818999863E1,-6.809783936E0,2.866001857E1
4.343090879E1,2.101810455E1,1.822898865E1,-6.929634094E0,2.867187777E1
4.344083879E1,2.117034149E1,1.779743958E1,-6.958900452E0,2.851944091E1
4.345076879E1,2.133503723E1,1.756752014E1,-6.771682739E0,2.845447706E1
4.346069879E1,2.139109039E1,1.732588959E1,-6.578292847E0,2.830263477E1
4.347062979E1,2.144629669E1,1.715425873E1,-6.207435608E0,2.815571862E1
4.348055979E1,2.141138458E1,1.683234787E1,-6.217208862E0,2.793615955E1
4.349048979E1,2.151338196E1,1.693866730E1,-6.132530212E0,2.805979294E1
4.350041979E1,2.179227448E1,1.673864365E1,-5.774116516E0,2.807892162E1
4.351034979E1,2.184711456E1,1.671979904E1,-5.781608582E0,2.811183190E1
4.352027979E1,2.173321533E1,1.694036484E1,-6.015159607E0,2.820444565E1
4.353021079E1,2.190900421E1,1.674194336E1,-5.970870972E0,2.821255808E1
4.354014079E1,2.191423035E1,1.679121399E1,-6.331901550E0,2.832439472E1
4.355007079E1,2.183598328E1,1.683021164E1,-6.200737000E0,2.825801353E1
4.356000079E1,2.178948975E1,1.674363327E1,-6.083610535E0,2.814500729E1
4.356993079E1,2.194272614E1,1.684431839E1,-5.829734802E0,2.827012735E1
4.357986079E1,2.200813293E1,1.698812866E1,-6.350242615E0,2.851806466E1
4.358979079E1,2.209471130E1,1.699145126E1,-6.166351318E0,2.854662103E1
4.359972179E1,2.180474091E1,1.707666779E1,-6.328536987E0,2.840967598E1
4.360965179E1,2.202209473E1,1.732192993E1,-6.364379883E0,2.873198991E1
4.361958179E1,2.179248810E1,1.730780029E1,-6.499710083E0,2.857829106E1
4.362951179E1,2.202748108E1,1.724976730E1,-6.587265015E0,2.874293748E1
4.363944179E1,2.180269623E1,1.741645050E1,-6.319839478E0,2.861172280E1
4.364937179E1,2.203943634E1,1.733357620E1,-6.559928894E0,2.879621998E1
4.365930279E1,2.168929291E1,1.754711914E1,-6.440139771E0,2.863218848E1
4.366923279E1,2.197267914E1,1.758310318E1,-6.566116333E0,2.889771669E1
4.367916279E1,2.179170990E1,1.764149475E1,-6.551300049E0,2.879271591E1
4.368909279E1,2.197031403E1,1.755528641E1,-6.523307800E0,2.886929725E1
4.369902279E1,2.179235840E1,1.739154816E1,-6.356033325E0,2.859671295E1
4.370895279E1,2.204590607E1,1.754222107E1,-6.757125854E0,2.897257745E1
4.371888379E1,2.185241699E1,1.779198456E1,-6.501708984E0,2.891980399E1
4.372881379E1,2.208253479E1,1.789844894E1,-6.738189697E0,2.921294264E1
4.373874379E1,2.187464905E1,1.786195374E1,-6.794387817E0,2.904674453E1
4.374867379E1,2.201432037E1,1.750905609E1,-7.020233154E0,2.899105069E1
4.375860379E1,2.176693726E1,1.759333801E1,-6.665107727E0,2.877062323E1
4.376853379E1,2.215216064E1,1.740412521E1,-6.569786072E0,2.892721702E1
4.377846479E1,2.222983551E1,1.722507858E1,-6.453201294E0,2.885329662E1
4.378839479E1,2.223170471E1,1.728700256E1,-6.342369080E0,2.886719241E1
4.379832479E1,2.199677277E1,1.729223633E1,-6.074874878E0,2.863186257E1
4.380825479E1,2.200768280E1,1.709025192E1,-6.224700928E0,2.855103702E1
4.381818479E1,2.204662323E1,1.714346313E1,-6.052650452E0,2.857597770E1
4.382811479E1,2.214443970E1,1.695227432E1,-5.959632874E0,2.851794239E1
4.383804479E1,2.193190765E1,1.710663986E1,-5.887489319E0,2.843076206E1
4.384797579E1,2.213945007E1,1.701215744E1,-6.174751282E0,2.859538955E1
4.385790579E1,2.186670685E1,1.725461960E1,-5.597640991E0,2.841141233E1
4.386783579E1,2.239434052E1,1.704782486E1,-5.697105408E0,2.871570702E1
4.387776579E1,2.217187500E1,1.707118607E1,-5.855133057E0,2.858845952E1
4.388769579E1,2.240103149E1,1.708623123E1,-6.034400940E0,2.881248869E1
4.389762579E1,2.218881226E1,1.686365509E1,-6.038612366E0,2.851650560E1
4.390755679E1,2.237303925E1,1.664458084E1,-5.905036926E0,2.850376146E1
4.391748679E1,2.216215515E1,1.663930130E1,-5.861427307E0,2.832637991E1
4.392741679E1,2.218714142E1,1.661687088E1,-5.873344421E0,2.833523984E1
4.393734679E1,2.222496033E1,1.651035690E1,-5.656517029E0,2.825839577E1
4.394727679E1,2.248588562E1,1.648614120E1,-5.756233215E0,2.847002151E1
4.395720679E1,2.248355103E1,1.680567169E1,-5.336013794E0,2.857295419E1
4.396713779E1,2.245380402E1,1.678205109E1,-5.500526428E0,2.856687495E1
4.397706779E1,2.228216553E1,1.659676361E1,-5.456054688E0,2.831458980E1
4.398699779E1,2.268486786E1,1.653607178E1,-5.666625977E0,2.863835801E1
4.399692779E1,2.234897614E1,1.663766098E1,-5.215660095E0,2.834592753E1
4.400685779E1,2.248085785E1,1.667125702E1,-5.501678467E0,2.852346834E1
4.401678779E1,2.216901398E1,1.658027267E1,-5.297523499E0,2.818571230E1
4.402671779E1,2.282337952E1,1.677863693E1,-5.652687073E0,2.888567432E1
4.403664879E1,2.262915039E1,1.666167068E1,-5.157043457E0,2.857069853E1
4.404657879E1,2.258380890E1,1.664696884E1,-5.396194458E0,2.857042020E1
4.405650879E1,2.238420105E1,1.658549881E1,-5.159446716E0,2.833286286E1
4.406643879E1,2.251136017E1,1.672630692E1,-5.386032104E0,2.855766134E1
4.407636879E1,2.240988159E1,1.670921707E1,-5.241539001E0,2.844071833E1
4.408629879E1,2.257223511E1,1.673603058E1,-5.741851807E0,2.868047035E1
4.409622979E1,2.213761139E1,1.674613953E1,-5.282226562E0,2.825613110E1
4.410615979E1,2.242944336E1,1.682604980E1,-5.755760193E0,2.862384769E1
4.411608979E1,2.251618195E1,1.694411087E1,-5.327217102E0,2.867857362E1
4.412601979E1,2.267089081E1,1.690029526E1,-5.885780334E0,2.888306909E1
4.413594979E1,2.238372803E1,1.703981018E1,-5.615707397E0,2.868662721E1
4.414587979E1,2.238259125E1,1.692992401E1,-5.694709778E0,2.863620850E1
4.415581079E1,2.229926300E1,1.697609711E1,-5.578224182E0,2.857554179E1
4.416574079E1,2.267851257E1,1.681839371E1,-5.817764282E0,2.882741197E1
4.417567079E1,2.258551788E1,1.707246780E1,-5.884323120E0,2.891712354E1
4.418560079E1,2.265798187E1,1.702652359E1,-5.519897461E0,2.887483188E1
4.419553079E1,2.255594635E1,1.690511703E1,-5.944458008E0,2.880781628E1
4.420546079E1,2.245406342E1,1.683959579E1,-6.016708374E0,2.870466391E1
4.421539079E1,2.249880219E1,1.689989471E1,-5.722473145E0,2.871496544E1
4.422532179E1,2.276139069E1,1.677624893E1,-5.711257935E0,2.884686987E1
4.423525179E1,2.266020203E1,1.687966919E1,-5.757186890E0,2.883666397E1
4.424518179E1,2.281877899E1,1.693778229E1,-5.598220825E0,2.896420584E1
4.425511179E1,2.258206177E1,1.703340530E1,-5.626403809E0,2.883995197E1
4.426504179E1,2.253729248E1,1.685633850E1,-5.853317261E0,2.874590446E1
4.427497179E1,2.242808533E1,1.684320068E1,-5.343238831E0,2.855280410E1
4.428490279E1,2.253141785E1,1.713917160E1,-5.505737305E0,2.883971457E1
4.429483279E1,2.270471191E1,1.697653198E1,-5.750045776E0,2.892697025E1
4.430476279E1,2.279019165E1,1.681384659E1,-5.551139832E0,2.886023953E1
4.431469279E1,2.267037964E1,1.678154755E1,-5.541885376E0,2.874506818E1
4.432462279E1,2.253012085E1,1.687091827E1,-5.723457336E0,2.872267733E1
4.433455279E1,2.255933380E1,1.684964371E1,-5.658485413E0,2.872024533E1
4.434448279E1,2.274399567E1,1.695420074E1,-5.757667542E0,2.894624323E1
4.435441379E1,2.266852570E1,1.691949844E1,-5.959320068E0,2.890752463E1
4.436434379E1,2.276763916E1,1.689868546E1,-6.112480164E0,2.900505778E1
4.437427417E1,2.264202881E1,1.690967941E1,-5.951148987E0,2.887931614E1
4.438420417E1,2.297203064E1,1.702481842E1,-5.500122070E0,2.911717666E1
4.439413417E1,2.305294037E1,1.682871246E1,-5.523803711E0,2.907156739E1
4.440406417E1,2.309207916E1,1.706118011E1,-5.622383118E0,2.925643825E1
4.441399517E1,2.276651764E1,1.686817551E1,-5.788154602E0,2.891975802E1
4.442392517E1,2.252086639E1,1.698224640E1,-5.737144470E0,2.878369230E1
4.443385517E1,2.293486023E1,1.699913406E1,-5.889137268E0,2.914893326E1
4.444378517E1,2.282850647E1,1.694911957E1,-5.803771973E0,2.901890988E1
4.445371517E1,2.297008514E1,1.688616562E1,-5.908279419E0,2.911486161E1
4.446364517E1,2.276552582E1,1.667633438E1,-6.045120239E0,2.886022822E1
4.447357517E1,2.283975983E1,1.658170700E1,-5.680725098E0,2.879024615E1
4.448350617E1,2.286525726E1,1.666960907E1,-5.598045349E0,2.884499901E1
4.449343617E1,2.287670135E1,1.675424194E1,-5.721374512E0,2.892718815E1
4.450336617E1,2.286521149E1,1.687879944E1,-5.727668762E0,2.899168771E1
4.451329617E1,2.310095978E1,1.689368439E1,-5.741783142E0,2.918936430E1
4.452322617E1,2.298084259E1,1.677499390E1,-5.662574768E0,2.901007238E1
4.453315617E1,2.296400452E1,1.655310822E1,-5.727592468E0,2.888176259E1
4.454308717E1,2.296274567E1,1.671224213E1,-5.571975708E0,2.894190109E1
4.455301717E1,2.304863739E1,1.664232635E1,-5.250122070E0,2.890969550E1
4.456294717E1,2.271274567E1,1.673869324E1,-5.435829163E0,2.873327175E1
4.457287717E1,2.301136017E1,1.662586975E1,-5.426803589E0,2.890315621E1
4.458280717E1,2.289450073E1,1.651536179E1,-5.058784485E0,2.867937655E1
4.459273717E1,2.325435638E1,1.676485443E1,-5.332862854E0,2.915930145E1
4.460266817E1,2.288886261E1,1.669202423E1,-5.199707031E0,2.880209468E1
4.461259817E1,2.308110046E1,1.686775970E1,-5.493621826E0,2.911079519E1
4.462252817E1,2.330672455E1,1.682013321E1,-5.245574951E0,2.921705575E1
4.463245817E1,2.338121796E1,1.675554657E1,-5.675735474E0,2.931968054E1
4.464238817E1,2.297782135E1,1.670928574E1,-5.460746765E0,2.893095676E1
4.465231817E1,2.297967529E1,1.642060852E1,-5.569053650E0,2.878743162E1
4.466224817E1,2.283795166E1,1.646989059E1,-5.533828735E0,2.869586369E1
4.467217917E1,2.299733734E1,1.649080276E1,-5.546592712E0,2.883728128E1
4.468210917E1,2.311708069E1,1.639795303E1,-5.348999023E0,2.884274733E1
4.469203917E1,2.329012299E1,1.637326431E1,-5.303733826E0,2.895933710E1
4.470196917E1,2.293474579E1,1.633665466E1,-5.048332214E0,2.860724573E1
4.471189917E1,2.322663116E1,1.620396423E1,-5.269935608E0,2.880654567E1
4.472182917E1,2.290379333E1,1.624840927E1,-5.304977417E0,2.857861680E1
4.473176017E1,2.302762604E1,1.654369354E1,-5.561790466E0,2.889461663E1
4.474169017E1,2.287722778E1,1.637426758E1,-5.254493713E0,2.861981646E1
4.475162017E1,2.319189453E1,1.642335129E1,-5.479232788E0,2.894153471E1
4.476155017E1,2.305706024E1,1.637842941E1,-5.145187378E0,2.874637247E1
4.477148017E1,2.348621368E1,1.640589142E1,-5.431465149E0,2.915915500E1
4.478141017E1,2.321587372E1,1.647002411E1,-5.202247620E0,2.893616884E1
4.479134117E1,2.341452789E1,1.608093262E1,-5.133621216E0,2.886504074E1
4.480127117E1,2.299970245E1,1.647222137E1,-5.168647766E0,2.875822160E1
4.481120117E1,2.352034760E1,1.630895233E1,-5.185523987E0,2.908742574E1
4.482113117E1,2.344604492E1,1.629012299E1,-5.024894714E0,2.898852698E1
4.483106117E1,2.366145325E1,1.630341721E1,-5.229545593E0,2.920640220E1
4.484099117E1,2.346853638E1,1.624476242E1,-5.196754456E0,2.901156257E1
4.485092117E1,2.332402802E1,1.633172607E1,-5.486190796E0,2.899713518E1
4.486085217E1,2.321746063E1,1.649057007E1,-5.057830811E0,2.892353768E1
4.487078217E1,2.327876282E1,1.627684021E1,-5.325027466E0,2.889969278E1
4.488071217E1,2.310173798E1,1.618324280E1,-5.097076416E0,2.866300460E1
4.489064217E1,2.334997559E1,1.620075607E1,-5.678939819E0,2.898165307E1
4.490057217E1,2.313830566E1,1.634900284E1,-5.183471680E0,2.880172671E1
4.491050217E1,2.328112793E1,1.625760651E1,-5.420623779E0,2.890854284E1
4.492043317E1,2.307950592E1,1.607919693E1,-5.179672241E0,2.860127920E1
4.493036317E1,2.337625885E1,1.628395081E1,-5.043762207E0,2.893192128E1
4.494029317E1,2.319123840E1,1.609600449E1,-5.102432251E0,2.868710013E1
4.495022317E1,2.333806610E1,1.624602127E1,-5.311622620E0,2.892770076E1
4.496015317E1,2.327269745E1,1.619489288E1,-4.831817627E0,2.876177087E1
4.497008317E1,2.318891144E1,1.593180847E1,-5.091987610E0,2.859154548E1
4.498001317E1,2.312630463E1,1.618732452E1,-4.868492126E0,2.864537758E1
4.498994417E1,2.321995544E1,1.606757736E1,-5.366302490E0,2.874248729E1
4.499987417E1,2.325176239E1,1.601773071E1,-5.105407715E0,2.869280989E1
4.500980417E1,2.341230774E1,1.610663605E1,-4.980880737E0,2.885080677E1
4.501973417E1,2.319882202E1,1.611426544E1,-4.608825684E0,2.861985619E1
4.502966417E1,2.308702087E1,1.603755951E1,-4.862182617E0,2.852813817E1
4.503959417E1,2.336474609E1,1.593009186E1,-4.770027161E0,2.867808128E1
4.504952517E1,2.342942047E1,1.593973160E1,-4.730117798E0,2.872954579E1
4.505945517E1,2.321018982E1,1.604302216E1,-4.751396179E0,2.861236161E1
4.506938517E1,2.366722870E1,1.606415558E1,-4.935157776E0,2.902672202E1
4.507931517E1,2.327236176E1,1.597381592E1,-4.840682983E0,2.863909615E1
4.508924517E1,2.355599976E1,1.596007919E1,-5.082519531E0,2.890400071E1
4.509917517E1,2.337158203E1,1.608819580E1,-4.756813049E0,2.876957006E1
4.510910617E1,2.359883881E1,1.590699768E1,-5.203498840E0,2.893119715E1
4.511903617E1,2.337750244E1,1.622967911E1,-5.080291748E0,2.890881299E1
4.512896617E1,2.358470154E1,1.616200256E1,-4.828475952E0,2.899590753E1
4.513889617E1,2.334851074E1,1.586614227E1,-4.956253052E0,2.866098164E1
4.514882617E1,2.328472900E1,1.589675140E1,-5.221931458E0,2.867322581E1
4.515875617E1,2.342984772E1,1.602749252E1,-4.790916443E0,2.878873323E1
4.516868617E1,2.342154694E1,1.612855911E1,-4.856994629E0,2.884943113E1
4.517861717E1,2.336003113E1,1.609851074E1,-4.561271667E0,2.873427051E1
4.518854717E1,2.346276093E1,1.614736557E1,-4.568969727E0,2.884638711E1
4.519847717E1,2.348249054E1,1.585728073E1,-4.649353027E0,2.871405923E1
4.520840717E1,2.343846130E1,1.581021881E1,-4.932151794E0,2.869931373E1
4.521833717E1,2.343727112E1,1.592370224E1,-4.657508850E0,2.871519387E1
4.522826717E1,2.345459747E1,1.608939362E1,-4.591316223E0,2.881088187E1
4.523819817E1,2.348791504E1,1.613597107E1,-4.429313660E0,2.883869856E1
4.524812817E1,2.341345978E1,1.592286301E1,-4.705802917E0,2.870317485E1
4.525805817E1,2.329984283E1,1.585137177E1,-4.686744690E0,2.856771322E1
4.526798817E1,2.336708832E1,1.605976868E1,-4.969161987E0,2.878592637E1
4.527791817E1,2.330326843E1,1.583750153E1,-4.719139099E0,2.856814744E1
4.528784817E1,2.321632385E1,1.601154709E1,-4.937698364E0,2.863124514E1
4.529777817E1,2.326266479E1,1.600739670E1,-4.801399231E0,2.864335450E1
4.530770917E1,2.344476318E1,1.598669815E1,-4.359909058E0,2.870958456E1
4.531763917E1,2.341939545E1,1.601015854E1,-4.431129456E0,2.871285719E1
4.532756917E1,2.364118958E1,1.599401093E1,-4.539657593E0,2.890195013E1
4.533749917E1,2.380668640E1,1.611048508E1,-4.861343384E0,2.915370828E1
4.534742917E1,2.362612152E1,1.612481689E1,-4.928153992E0,2.902567897E1
4.535735917E1,2.395314789E1,1.607654190E1,-4.636184692E0,2.921819128E1
4.536729017E1,2.372650146E1,1.603479004E1,-5.264358521E0,2.911657318E1
4.537722012E1,2.369038391E1,1.622684097E1,-4.747604370E0,2.910471448E1
4.538715012E1,2.384178162E1,1.625056458E1,-4.827285767E0,2.925430033E1
4.539708012E1,2.392225647E1,1.602494812E1,-4.946754456E0,2.921547016E1
4.540701012E1,2.361721039E1,1.594986343E1,-4.814979553E0,2.890250505E1
4.541694012E1,2.369893646E1,1.591894150E1,-4.697982788E0,2.893308366E1
4.542687012E1,2.344477081E1,1.627882767E1,-4.773246765E0,2.893857967E1
4.543680113E1,2.356443787E1,1.611202240E1,-4.363883972E0,2.887773331E1
4.544673113E1,2.351801300E1,1.626436615E1,-4.572357178E0,2.895743414E1
4.545666113E1,2.376218414E1,1.606188583E1,-4.892456055E0,2.909573333E1
4.546659113E1,2.355377197E1,1.629930496E1,-4.615379333E0,2.901291510E1
4.547652113E1,2.374468994E1,1.630942535E1,-4.520889282E0,2.915897968E1
4.548645113E1,2.360387421E1,1.626893616E1,-4.479568481E0,2.901530105E1
4.549638212E1,2.364926910E1,1.625326538E1,-4.330627441E0,2.902087005E1
4.550631212E1,2.349362183E1,1.626937103E1,-4.232093811E0,2.888863649E1
4.551624212E1,2.366889191E1,1.588673401E1,-4.480552673E0,2.885619715E1
4.552617212E1,2.353632355E1,1.607384109E1,-4.662307739E0,2.888016633E1
4.553610212E1,2.363307953E1,1.594536209E1,-4.780204773E0,2.890722017E1
4.554603212E1,2.356761169E1,1.598948669E1,-4.206535339E0,2.878872948E1
4.555596212E1,2.392308044E1,1.586848831E1,-4.488395691E0,2.905629700E1
4.556589313E1,2.360070801E1,1.604411697E1,-3.999389648E0,2.881670046E1
4.557582313E1,2.406253052E1,1.595952988E1,-4.414695740E0,2.920961327E1
4.558575313E1,2.364765930E1,1.634756851E1,-4.193855286E0,2.905242174E1
4.559568313E1,2.378520966E1,1.609102249E1,-4.485702515E0,2.906507750E1
4.560561313E1,2.349148560E1,1.576164627E1,-4.272430420E0,2.861001661E1
4.561554312E1,2.370083618E1,1.583239365E1,-4.475929260E0,2.885183299E1
4.562547413E1,2.353427887E1,1.579339981E1,-4.458488464E0,2.869097208E1
4.563540413E1,2.403852844E1,1.606430435E1,-4.743186951E0,2.929864411E1
4.564533413E1,2.357174683E1,1.592183304E1,-4.739784241E0,2.883743349E1
4.565526413E1,2.368678284E1,1.599565125E1,-4.353500366E0,2.891154623E1
4.566519413E1,2.348328400E1,1.594849777E1,-4.215721130E0,2.869828415E1
4.567512413E1,2.390786743E1,1.577197266E1,-4.641281128E0,2.901521561E1
4.568505413E1,2.369498444E1,1.576597595E1,-4.387786865E0,2.879706511E1
4.569498512E1,2.394792175E1,1.589472580E1,-4.577346802E0,2.910493718E1
4.570491512E1,2.382216644E1,1.606720734E1,-4.190879822E0,2.903815144E1
4.571484512E1,2.374596405E1,1.597149658E1,-4.759086609E0,2.901048805E1
4.572477512E1,2.375136566E1,1.595154572E1,-4.658111572E0,2.898753499E1
4.573470512E1,2.381218719E1,1.576913834E1,-4.721145630E0,2.894780128E1
4.574463512E1,2.380779266E1,1.601766586E1,-4.298606873E0,2.901473130E1
4.575456613E1,2.382587433E1,1.576156235E1,-4.781608582E0,2.896485656E1
4.576449613E1,2.355738831E1,1.588235474E1,-4.630844116E0,2.878618511E1
4.577442613E1,2.347274780E1,1.577661514E1,-4.884071350E0,2.870062069E1
4.578435613E1,2.389437866E1,1.569898224E1,-4.466392517E0,2.893696662E1
4.579428613E1,2.393333435E1,1.555449677E1,-4.617424011E0,2.891483127E1
4.580421613E1,2.376808929E1,1.559833527E1,-4.864608765E0,2.884258224E1
4.581414613E1,2.397903442E1,1.558631516E1,-5.126029968E0,2.905518018E1
4.582407712E1,2.379047394E1,1.555539703E1,-5.033508301E0,2.886681889E1
4.583400712E1,2.391731262E1,1.576385880E1,-5.136726379E0,2.910194229E1
4.584393712E1,2.377987671E1,1.598849106E1,-5.199867249E0,2.912306649E1
4.585386712E1,2.386425018E1,1.544440079E1,-5.085617065E0,2.887724802E1
4.586379712E1,2.379541779E1,1.576771164E1,-4.847084045E0,2.895404741E1
4.587372712E1,2.386445618E1,1.565512085E1,-4.839607239E0,2.894852113E1
4.588365813E1,2.360267639E1,1.585690689E1,-4.448593140E0,2.878051094E1
4.589358813E1,2.386600494E1,1.586044693E1,-4.909004211E0,2.907298215E1
4.590351813E1,2.364432526E1,1.546504974E1,-4.892356873E0,2.867328088E1
4.591344813E1,2.369081116E1,1.558902359E1,-4.702110291E0,2.874686124E1
4.592337813E1,2.347070312E1,1.565632248E1,-4.517288208E0,2.857271831E1
4.593330813E1,2.393741608E1,1.546330261E1,-4.569595337E0,2.886164960E1
4.594323813E1,2.384308624E1,1.552954483E1,-4.577087402E0,2.882029239E1
4.595316913E1,2.345002747E1,1.549250793E1,-4.674964905E0,2.849169856E1
4.596309913E1,2.367276764E1,1.575864792E1,-4.386993408E0,2.877465244E1
4.597302913E1,2.345497894E1,1.579994202E1,-4.327629089E0,2.860948407E1
4.598295913E1,2.347386932E1,1.585266113E1,-4.623062134E0,2.870021097E1
4.599288913E1,2.345769501E1,1.593031311E1,-4.496551514E0,2.870988168E1
4.600281913E1,2.357566833E1,1.592720795E1,-4.578330994E0,2.881751560E1
4.601275012E1,2.353023529E1,1.578583527E1,-4.596191406E0,2.870521805E1
4.602268012E1,2.344267273E1,1.555194855E1,-4.425384521E0,2.847816772E1
4.603261012E1,2.370475769E1,1.558617020E1,-4.384704590E0,2.870661723E1
4.604254012E1,2.372077179E1,1.566285706E1,-4.550468445E0,2.878726921E1
4.605247012E1,2.374385071E1,1.575549698E1,-4.314552307E0,2.882050473E1
4.606240012E1,2.383840179E1,1.590185165E1,-4.251510620E0,2.896918412E1
4.607233012E1,2.355841064E1,1.575516129E1,-4.242683411E0,2.865700930E1
4.608226113E1,2.372405243E1,1.556505203E1,-4.466033936E0,2.872363082E1
4.609219113E1,2.372322083E1,1.561806107E1,-4.538772583E0,2.876309257E1
4.610212113E1,2.366094208E1,1.561764908E1,-4.800834656E0,2.875411546E1
4.611205113E1,2.371052551E1,1.565728760E1,-4.701507568E0,2.880006681E1
4.612198113E1,2.358552551E1,1.571868515E1,-4.364952087E0,2.867763734E1
4.613191113E1,2.371957397E1,1.589143753E1,-4.472618103E0,2.889913994E1
4.614184212E1,2.354751587E1,1.593903351E1,-4.814361572E0,2.883949324E1
4.615177212E1,2.361139679E1,1.597225189E1,-4.512733459E0,2.886131757E1
4.616170212E1,2.360306549E1,1.607789612E1,-4.541572571E0,2.891763001E1
4.617163212E1,2.405757904E1,1.577784348E1,-4.607032776E0,2.913644119E1
4.618156212E1,2.359833527E1,1.593970490E1,-4.374237061E0,2.881127504E1
4.619149212E1,2.393509674E1,1.568781662E1,-4.388282776E0,2.895260734E1
4.620142212E1,2.372101593E1,1.583580017E1,-4.609550476E0,2.889129833E1
4.621135313E1,2.371720886E1,1.588304901E1,-4.706756592E0,2.892975630E1
4.622128313E1,2.370899200E1,1.579771805E1,-4.599815369E0,2.885901070E1
4.623121313E1,2.378005219E1,1.586093521E1,-4.544601440E0,2.894328160E1
4.624114313E1,2.349950409E1,1.586949539E1,-4.729316711E0,2.874776536E1
4.625107313E1,2.373434448E1,1.578558731E1,-4.659957886E0,2.888285101E1
4.626100313E1,2.365381622E1,1.593449402E1,-4.794532776E0,2.892055785E1
4.627093413E1,2.367531586E1,1.586768341E1,-4.932121277E0,2.892455320E1
4.628086413E1,2.380648804E1,1.574516296E1,-4.438499451E0,2.888527837E1
4.629079413E1,2.400769043E1,1.546432114E1,-4.673301697E0,2.893707270E1
4.630072413E1,2.375655365E1,1.581561661E1,-4.511306763E0,2.889393464E1
4.631065413E1,2.408058929E1,1.573674011E1,-4.613945007E0,2.913431411E1
4.632058413E1,2.391887665E1,1.561663818E1,-4.710304260E0,2.895132146E1
4.633051413E1,2.395144653E1,1.550482178E1,-4.883041382E0,2.894676808E1
4.634044512E1,2.370245361E1,1.559553909E1,-4.856163025E0,2.878557740E1
4.635037512E1,2.386061859E1,1.570516968E1,-5.007469177E0,2.900096932E1
4.636030512E1,2.375099182E1,1.578199005E1,-4.830970764E0,2.892263994E1
4.637023512E1,2.409222412E1,1.575902176E1,-4.971023560E0,2.921460431E1
4.638016525E1,2.391271973E1,1.583315659E1,-4.783958435E0,2.907564738E1
4.639009525E1,2.397378540E1,1.546998978E1,-4.751670837E0,2.892475317E1
4.640002525E1,2.387564850E1,1.550136566E1,-4.910873413E0,2.888694526E1
4.640995625E1,2.380914307E1,1.586282730E1,-4.862113953E0,2.901973011E1
4.641988625E1,2.350318146E1,1.575085449E1,-4.683410645E0,2.867792341E1
4.642981625E1,2.402847290E1,1.551501846E1,-4.888580322E0,2.901691792E1
4.643974625E1,2.377810669E1,1.558663940E1,-5.024269104E0,2.887187153E1
4.644967625E1,2.395298004E1,1.569025803E1,-5.082077026E0,2.908190084E1
4.645960625E1,2.382769012E1,1.572468567E1,-4.952171326E0,2.897496431E1
4.646953725E1,2.388848877E1,1.564773178E1,-4.661499023E0,2.893511670E1
4.647946725E1,2.351760864E1,1.575794601E1,-4.621162415E0,2.868354791E1
4.648939725E1,2.390492249E1,1.584347916E1,-4.853805542E0,2.908643290E1
4.649932725E1,2.355004120E1,1.575954819E1,-4.431243896E0,2.868106905E1
4.650925725E1,2.372700500E1,1.570254135E1,-4.745162964E0,2.884540072E1
4.651918725E1,2.366469574E1,1.565079498E1,-4.556343079E0,2.873543927E1
4.652911725E1,2.391136169E1,1.580071640E1,-4.990745544E0,2.909163794E1
4.653904825E1,2.370429993E1,1.566510391E1,-4.636512756E0,2.878865343E1
4.654897825E1,2.397113037E1,1.565158081E1,-4.223442078E0,2.893828841E1
4.655890825E1,2.371307373E1,1.560121918E1,-4.484298706E0,2.873702908E1
4.656883825E1,2.390283966E1,1.565893173E1,-4.823280334E0,2.897950862E1
4.657876825E1,2.346994781E1,1.588880920E1,-4.781066895E0,2.874284796E1
4.658869825E1,2.378623199E1,1.577830124E1,-4.592651367E0,2.891076044E1
4.659862925E1,2.330326080E1,1.556834030E1,-4.521591187E0,2.838767286E1
4.660855925E1,2.369781494E1,1.561872482E1,-4.697761536E0,2.876803715E1
4.661848925E1,2.330226135E1,1.588852310E1,-4.392066956E0,2.854348967E1
4.662841925E1,2.357715607E1,1.598734665E1,-4.747413635E0,2.887932612E1
4.663834925E1,2.334609222E1,1.609860992E1,-4.509643555E0,2.871484196E1
4.664827925E1,2.390175629E1,1.607412720E1,-4.429893494E0,2.914267447E1
4.665820925E1,2.374798584E1,1.592372131E1,-4.149147034E0,2.889199116E1
4.666814025E1,2.400331879E1,1.587350082E1,-4.369529724E0,2.910704607E1
4.667807025E1,2.399286652E1,1.571538925E1,-4.596786499E0,2.904757389E1
4.668800025E1,2.421389771E1,1.573011398E1,-4.406272888E0,2.920898096E1
4.669793025E1,2.381116486E1,1.580754852E1,-4.445373535E0,2.892423738E1
4.670786025E1,2.390093994E1,1.570304871E1,-4.829994202E0,2.900292249E1
4.671779025E1,2.379534149E1,1.587105179E1,-4.615287781E0,2.897256362E1
4.672772125E1,2.388662720E1,1.580380249E1,-4.662414551E0,2.901842934E1
4.673765125E1,2.384364319E1,1.603474808E1,-4.478759766E0,2.908077983E1
4.674758125E1,2.407236481E1,1.581769562E1,-4.590972900E0,2.916770944E1
4.675751125E1,2.386765289E1,1.579431534E1,-4.389778137E0,2.895505834E1
4.676744125E1,2.385010529E1,1.586120987E1,-4.822593689E0,2.904587596E1
4.677737125E1,2.382186890E1,1.595073318E1,-4.430221558E0,2.900920871E1
4.678730125E1,2.363389587E1,1.596723175E1,-4.756813049E0,2.891609922E1
4.679723225E1,2.355653381E1,1.593787766E1,-4.652252197E0,2.881960583E1
4.680716225E1,2.375508118E1,1.598163605E1,-4.540458679E0,2.898848629E1
4.681709225E1,2.350467682E1,1.602973175E1,-4.562866211E0,2.881391817E1
4.682702225E1,2.346697998E1,1.576022720E1,-4.392440796E0,2.860729709E1
4.683695225E1,2.342476654E1,1.576488113E1,-4.386451721E0,2.857432630E1
4.684688225E1,2.374659729E1,1.597419739E1,-4.797134399E0,2.901875882E1
4.685681225E1,2.357256317E1,1.589369583E1,-4.409271240E0,2.877007081E1
4.686674325E1,2.380541992E1,1.577128601E1,-4.521827698E0,2.891156180E1
4.687667325E1,2.378149414E1,1.556689072E1,-4.646469116E0,2.880064627E1
4.688660325E1,2.369982910E1,1.562638092E1,-4.530189514E0,2.874697023E1
4.689653325E1,2.354766846E1,1.586144638E1,-4.260757446E0,2.870944488E1
4.690646325E1,2.368453217E1,1.581390381E1,-4.484214783E0,2.882958203E1
4.691639325E1,2.354631805E1,1.575699234E1,-4.794723511E0,2.873501827E1
4.692632425E1,2.349600220E1,1.591959000E1,-4.952903748E0,2.881018432E1
4.693625425E1,2.362173462E1,1.600513077E1,-4.619026184E0,2.890477400E1
4.694618425E1,2.380534363E1,1.601656342E1,-4.583885193E0,2.905575145E1
4.695611425E1,2.357981110E1,1.584651566E1,-4.819290161E0,2.881570939E1
4.696604425E1,2.353334808E1,1.580432892E1,-4.815246582E0,2.875381512E1
4.697597425E1,2.369937134E1,1.567997360E1,-4.985092163E0,2.885087378E1
4.698590425E1,2.371923065E1,1.555084610E1,-4.767021179E0,2.876030612E1
4.699583525E1,2.376591492E1,1.555889511E1,-4.721351624E0,2.879564360E1
4.700576525E1,2.388686371E1,1.556110764E1,-4.711547852E0,2.889513820E1
4.701569525E1,2.386414337E1,1.555882263E1,-4.605712891E0,2.885804726E1
4.702562525E1,2.373023224E1,1.556022644E1,-4.697853088E0,2.876307342E1
4.703555525E1,2.368486786E1,1.550809860E1,-4.552520752E0,2.867402192E1
4.704548525E1,2.373900604E1,1.562986374E1,-4.226440430E0,2.873492382E1
4.705541625E1,2.375321198E1,1.537021255E1,-4.471801758E0,2.864359482E1
4.706534625E1,2.372228241E1,1.538590240E1,-4.440055847E0,2.862143902E1
4.707527625E1,2.368762207E1,1.527494049E1,-4.580284119E0,2.855531910E1
4.708520625E1,2.352950287E1,1.523442078E1,-4.330284119E0,2.836329392E1
4.709513625E1,2.398135376E1,1.522224426E1,-4.353012085E0,2.873622736E1
4.710506625E1,2.391641235E1,1.520053864E1,-4.214157104E0,2.864978664E1
4.711499625E1,2.411775970E1,1.513197708E1,-4.506080627E0,2.882616565E1
4.712492725E1,2.421320343E1,1.486198425E1,-4.385292053E0,2.874697519E1
4.713485725E1,2.404653168E1,1.492637253E1,-3.905960083E0,2.857076840E1
4.714478725E1,2.415081024E1,1.494845200E1,-3.979682922E0,2.868023237E1
4.715471725E1,2.425096893E1,1.481814575E1,-3.950218201E0,2.869305075E1
4.716464725E1,2.420949554E1,1.449769974E1,-3.586303711E0,2.844546619E1
4.717457725E1,2.457798004E1,1.444165039E1,-3.802032471E0,2.875923886E1
4.718450725E1,2.443368530E1,1.397854614E1,-3.480728149E0,2.836406526E1
4.719443825E1,2.457860565E1,1.362918472E1,-3.776771545E0,2.835712495E1
4.720436825E1,2.436237335E1,1.351520157E1,-3.494995117E0,2.807847752E1
4.721429825E1,2.455991364E1,1.341920853E1,-3.332702637E0,2.818459548E1
4.722422825E1,2.443737793E1,1.305975723E1,-3.184356689E0,2.789055085E1
4.723415825E1,2.449718475E1,1.266306305E1,-3.048980713E0,2.774457623E1
4.724408825E1,2.464508820E1,1.246818161E1,-2.720054626E0,2.775310112E1
4.725401925E1,2.502346039E1,1.227447510E1,-3.107933044E0,2.804452810E1
4.726394925E1,2.499612427E1,1.176903915E1,-2.676704407E0,2.775754415E1
4.727387925E1,2.541586304E1,1.109622955E1,-2.266021729E0,2.782493951E1
4.728380925E1,2.543253326E1,1.104998016E1,-2.024948120E0,2.780316933E1
4.729373925E1,2.581244659E1,1.055166626E1,-1.838233948E0,2.794636227E1
4.730366925E1,2.580890656E1,1.015724564E1,-1.340789795E0,2.776809345E1
4.731359925E1,2.619065857E1,9.370304108E0,-7.338409424E-1,2.782609778E1
4.732353025E1,2.588026428E1,8.595119476E0,-6.773681641E-1,2.727861774E1
4.733346025E1,2.624143219E1,7.906513214E0,-7.787475586E-1,2.741773445E1
4.734339025E1,2.615429688E1,7.259502411E0,-2.752609253E-1,2.714449095E1
4.735332025E1,2.673299408E1,6.530879974E0,8.458709717E-2,2.751931178E1
4.736325025E1,2.664002991E1,5.711677551E0,5.542831421E-1,2.725108592E1
4.737317975E1,2.686761475E1,4.860862732E0,9.117126465E-1,2.731900307E1
4.738311075E1,2.694338226E1,3.807514191E0,1.331588745E0,2.724364404E1
4.739304075E1,2.742823029E1,2.762233734E0,1.008613586E0,2.758541378E1
4.740297075E1,2.763673401E1,1.608943939E0,1.667724609E0,2.773371725E1
4.741290075E1,2.749984741E1,4.514617920E-1,1.715553284E0,2.755700543E1
4.742283075E1,2.750911713E1,-5.771484375E-1,2.021888733E0,2.758935772E1
4.743276075E1,2.774200439E1,-2.063385010E0,2.436454773E0,2.792512627E1
4.744269075E1,2.751236725E1,-3.128105164E0,3.134468079E0,2.786647239E1
4.745262175E1,2.796530151E1,-4.621696472E0,3.429481506E0,2.855134866E1
4.746255175E1,2.788059235E1,-5.931594849E0,3.940254211E0,2.877562945E1
4.747248175E1,2.810802460E1,-7.321907043E0,4.136962891E0,2.933915185E1
4.748241175E1,2.800396729E1,-8.731468201E0,4.834632874E0,2.972935243E1
4.749234175E1,2.810262299E1,-9.873786926E0,4.991813660E0,3.020210739E1
4.750227175E1,2.796853638E1,-1.141819000E1,5.521720886E0,3.070999009E1
4.751220275E1,2.807841492E1,-1.283376312E1,5.333736420E0,3.132972397E1
4.752213275E1,2.799494934E1,-1.452160645E1,5.806407928E0,3.206725145E1
4.753206275E1,2.801479340E1,-1.591460419E1,5.840930939E0,3.274476675E1
4.754199275E1,2.759527588E1,-1.719572449E1,5.898395538E0,3.304517002E1
4.755192275E1,2.751573944E1,-1.879600525E1,5.855148315E0,3.383324537E1
4.756185275E1,2.681912994E1,-1.993127441E1,5.922046661E0,3.393511555E1
4.757178275E1,2.650989532E1,-2.124227142E1,6.233581543E0,3.453789490E1
4.758171375E1,2.607352448E1,-2.248682404E1,6.417018890E0,3.502376429E1
4.759164375E1,2.574830627E1,-2.356061554E1,6.325321198E0,3.546953015E1
4.760157375E1,2.524188232E1,-2.478164673E1,6.379653931E0,3.594415978E1
4.761150375E1,2.459792328E1,-2.588407898E1,6.173042297E0,3.623740920E1
4.762143375E1,2.380084229E1,-2.701423645E1,6.089347839E0,3.651478086E1
4.763136375E1,2.324151611E1,-2.776349640E1,6.056873322E0,3.671056412E1
4.764129375E1,2.208847046E1,-2.857218933E1,6.497009277E0,3.669443636E1
4.765122475E1,2.162371063E1,-2.922866058E1,5.812908173E0,3.681968716E1
4.766115475E1,2.087145233E1,-3.009678650E1,5.655639648E0,3.705968618E1
4.767108475E1,1.996153259E1,-3.068048859E1,5.501251221E0,3.701376674E1
4.768101475E1,1.875955200E1,-3.121800232E1,5.789821625E0,3.687826588E1
4.769094475E1,1.799114227E1,-3.162840271E1,5.483306885E0,3.679814822E1
4.770087475E1,1.688095856E1,-3.169287872E1,5.910617828E0,3.639149250E1
4.771080475E1,1.605105591E1,-3.180400085E1,5.496643066E0,3.604641385E1
4.772073575E1,1.509779358E1,-3.182263947E1,5.261714935E0,3.561333174E1
4.773066575E1,1.427233887E1,-3.160838318E1,4.778327942E0,3.500888404E1
4.774059575E1,1.302408600E1,-3.135535431E1,5.057109833E0,3.432724020E1
4.775052575E1,1.228520203E1,-3.128634644E1,4.908103943E0,3.396838451E1
4.776045575E1,1.128158569E1,-3.111949158E1,5.017601013E0,3.347944521E1
4.777038575E1,1.065233612E1,-3.050158691E1,4.752670288E0,3.265588682E1
4.778031675E1,9.791900635E0,-3.030667877E1,4.656433105E0,3.218786208E1
4.779024675E1,8.826087952E0,-3.002973175E1,4.787918091E0,3.166399812E1
4.780017675E1,7.972946167E0,-2.967406464E1,5.083396912E0,3.114416329E1
4.781010675E1,7.293045044E0,-2.939983368E1,5.132987976E0,3.072273249E1
4.782003675E1,6.711952209E0,-2.885150909E1,5.258739471E0,3.008511626E1
4.782996675E1,6.224678040E0,-2.839462280E1,5.268943787E0,2.954256234E1
4.783989675E1,5.653762817E0,-2.784169769E1,5.463771820E0,2.893057149E1
4.784982775E1,5.309089661E0,-2.740499115E1,5.434818268E0,2.843865719E1
4.785975775E1,4.881866455E0,-2.732056427E1,5.330780029E0,2.826062752E1
4.786968775E1,4.542236328E0,-2.710059357E1,5.312305450E0,2.798740202E1
4.787961775E1,4.053474426E0,-2.681449890E1,5.472629547E0,2.766582152E1
4.788954775E1,3.744941711E0,-2.664571381E1,5.409362793E0,2.744594430E1
4.789947775E1,3.524223328E0,-2.634860229E1,5.569332123E0,2.716038389E1
4.790940875E1,3.324050903E0,-2.629438019E1,5.232646942E0,2.701526120E1
4.791933875E1,3.123832703E0,-2.597664642E1,5.613021851E0,2.675912002E1
4.792926875E1,3.042381287E0,-2.575862885E1,5.594219208E0,2.653409754E1
4.793919875E1,2.719207764E0,-2.537232208E1,5.487392426E0,2.610096348E1
4.794912875E1,2.512481689E0,-2.541743469E1,5.202243805E0,2.606572253E1
4.795905875E1,2.509239197E0,-2.513707733E1,5.239940643E0,2.579972705E1
4.796898875E1,2.499526978E0,-2.515328979E1,5.478767395E0,2.586411635E1
4.797891975E1,2.484046936E0,-2.489676666E1,5.413196564E0,2.559926125E1
4.798884975E1,1.953231812E0,-2.469245148E1,5.522686005E0,2.537779216E1
4.799877975E1,1.905921936E0,-2.446112061E1,5.197288513E0,2.507968835E1
4.800870975E1,1.928665161E0,-2.454364777E1,5.332767487E0,2.519025216E1
4.801863975E1,2.204139709E0,-2.452557373E1,5.541996002E0,2.524035892E1
4.802856975E1,1.878356934E0,-2.433705902E1,5.226100922E0,2.496262801E1
4.803849975E1,1.762863159E0,-2.455007172E1,5.075153351E0,2.513107418E1
4.804843075E1,1.610595703E0,-2.462350464E1,5.077297211E0,2.519305353E1
4.805836075E1,1.955253601E0,-2.451349640E1,5.151065826E0,2.512504729E1
4.806829075E1,1.802284241E0,-2.456175232E1,4.902763367E0,2.511105323E1
4.807822075E1,1.956161499E0,-2.443599701E1,4.872100830E0,2.499363687E1
4.808815075E1,1.850624084E0,-2.442933655E1,5.410331726E0,2.508961903E1
4.809808075E1,1.935630798E0,-2.438796234E1,5.509384155E0,2.507733414E1
4.810801075E1,1.856651306E0,-2.456410217E1,5.587505341E0,2.525989876E1
4.811794175E1,1.884696960E0,-2.453981018E1,5.513351440E0,2.522204215E1
4.812787175E1,2.210144043E0,-2.498535919E1,5.239658356E0,2.562434253E1
4.813780175E1,2.216300964E0,-2.483972168E1,5.185234070E0,2.547175721E1
4.814773175E1,1.857902527E0,-2.525181580E1,5.401424408E0,2.588979313E1
4.815766175E1,2.326316833E0,-2.540361786E1,5.220706940E0,2.603865072E1
4.816759175E1,2.243347168E0,-2.541587830E1,5.438583374E0,2.608788349E1
4.817752275E1,2.271774292E0,-2.564080811E1,5.176986694E0,2.625667896E1
4.818745275E1,2.338867188E0,-2.572393799E1,5.370914459E0,2.638253224E1
4.819738275E1,2.298904419E0,-2.569987488E1,5.319850922E0,2.634519584E1
4.820731275E1,2.254814148E0,-2.575962067E1,5.592353821E0,2.645593818E1
4.821724275E1,2.346740723E0,-2.606057739E1,5.571166992E0,2.675254731E1
4.822717275E1,2.063896179E0,-2.645054626E1,5.882255554E0,2.717520921E1
4.823710275E1,2.485130310E0,-2.629147339E1,5.478954315E0,2.697102864E1
4.824703375E1,2.157424927E0,-2.651744080E1,5.654930115E0,2.719940042E1
4.825696375E1,2.185737610E0,-2.654971313E1,5.407890320E0,2.718289893E1
4.826689375E1,1.938964844E0,-2.666413116E1,5.493560791E0,2.729312524E1
4.827682375E1,2.460540771E0,-2.668174744E1,5.297340393E0,2.731358128E1
4.828675375E1,2.116836548E0,-2.697277069E1,5.532276154E0,2.761552888E1
4.829668375E1,2.231025696E0,-2.717594910E1,5.518043518E0,2.782010944E1
4.830661375E1,2.124946594E0,-2.742779541E1,5.627914429E0,2.807975748E1
4.831654475E1,2.385093689E0,-2.746395111E1,5.468490601E0,2.810447779E1
4.832647475E1,2.000450134E0,-2.762655640E1,5.990585327E0,2.833929307E1
4.833640475E1,2.119789124E0,-2.813137054E1,6.035869598E0,2.884959682E1
4.834633475E1,1.896980286E0,-2.818775940E1,6.211711884E0,2.892634921E1
4.835626475E1,1.772476196E0,-2.828479767E1,6.124687195E0,2.899453818E1
4.836619475E1,1.676567078E0,-2.842943573E1,5.857170105E0,2.907490558E1
4.837612650E1,1.881065369E0,-2.801910400E1,5.624004364E0,2.863979786E1
4.838605650E1,1.592712402E0,-2.824772644E1,6.349380493E0,2.899630001E1
4.839598650E1,2.103408813E0,-2.837779236E1,6.415699005E0,2.916992666E1
4.840591650E1,1.812370300E0,-2.823322296E1,6.101821899E0,2.894186924E1
4.841584650E1,2.093727112E0,-2.818080139E1,6.080169678E0,2.890518506E1
4.842577650E1,1.884956360E0,-2.823924255E1,6.006774902E0,2.893249428E1
4.843570650E1,2.008903503E0,-2.807699585E1,5.664390564E0,2.871304076E1
4.844563750E1,1.947540283E0,-2.800952148E1,5.965408325E0,2.870387262E1
4.845556750E1,2.028167725E0,-2.816626740E1,5.756252289E0,2.881989805E1
4.846549750E1,1.785987854E0,-2.833501434E1,5.994907379E0,2.901726563E1
4.847542750E1,1.845497131E0,-2.842871857E1,5.945590973E0,2.910237020E1
4.848535750E1,1.514968872E0,-2.836751556E1,5.962688446E0,2.902696545E1
4.849528750E1,1.770759583E0,-2.830410767E1,5.966922760E0,2.898037728E1
4.850521750E1,1.811218262E0,-2.861108398E1,6.029289246E0,2.929551104E1
4.851514850E1,2.057388306E0,-2.883624268E1,6.132793427E0,2.955288300E1
4.852507850E1,1.918724060E0,-2.893309784E1,6.249855042E0,2.966254103E1
4.853500850E1,2.122566223E0,-2.908562469E1,6.236408234E0,2.982233457E1
4.854493850E1,2.160842896E0,-2.899687958E1,6.765769958E0,2.985404345E1
4.855486850E1,1.882202148E0,-2.895339966E1,6.571826935E0,2.974946968E1
4.856479850E1,1.988021851E0,-2.893945312E1,6.836467743E0,2.980237355E1
4.857472850E1,1.918693542E0,-2.914688110E1,6.670955658E0,2.996203785E1
4.858465950E1,1.760757446E0,-2.903729248E1,7.130275726E0,2.995171870E1
4.859458950E1,1.787590027E0,-2.914241791E1,6.759773254E0,2.996949339E1
4.860451950E1,1.612045288E0,-2.936677551E1,6.866859436E0,3.020198590E1
4.861444950E1,1.782981873E0,-2.982929993E1,6.717124939E0,3.062818842E1
4.862437950E1,1.494583130E0,-2.970503998E1,6.556079865E0,3.045661442E1
4.863430950E1,1.610458374E0,-2.945189667E1,6.370227814E0,3.017594399E1
4.864424050E1,1.591407776E0,-2.918180847E1,6.403671265E0,2.991851484E1
4.865417050E1,1.636680603E0,-2.919925690E1,6.585700989E0,2.997743792E1
4.866410050E1,1.712104797E0,-2.942353821E1,6.359127045E0,3.015152401E1
4.867403050E1,1.589096069E0,-2.953398895E1,6.421989441E0,3.026588307E1
4.868396050E1,1.691757202E0,-2.933975983E1,6.598258972E0,3.012010243E1
4.869389050E1,1.420288086E0,-2.919550323E1,6.789508820E0,3.000819984E1
4.870382050E1,1.466728210E0,-2.919981384E1,6.419666290E0,2.993313441E1
4.871375150E1,1.478797913E0,-2.885160828E1,6.452537537E0,2.960130713E1
4.872368150E1,1.468727112E0,-2.885780334E1,6.458770752E0,2.960820313E1
4.873361150E1,1.584953308E0,-2.873920441E1,6.421169281E0,2.949042831E1
4.874354150E1,1.683135986E0,-2.877544403E1,6.166942596E0,2.947694535E1
4.875347150E1,1.340660095E0,-2.862163544E1,6.072200775E0,2.928936679E1
4.876340150E1,1.462921143E0,-2.832974243E1,6.084304810E0,2.901263879E1
4.877333150E1,1.342605591E0,-2.840275574E1,5.964965820E0,2.905339809E1
4.878326250E1,1.634574890E0,-2.854890442E1,6.168956757E0,2.925350929E1
4.879319250E1,1.557609558E0,-2.856494904E1,6.094898224E0,2.924944863E1
4.880312250E1,1.490501404E0,-2.843358612E1,5.927669525E0,2.908311675E1
4.881305250E1,1.315650940E0,-2.855429840E1,6.101974487E0,2.922863300E1
4.882298250E1,1.372879028E0,-2.853261566E1,6.159366608E0,2.922212775E1
4.883291250E1,1.516326904E0,-2.874347687E1,6.036376953E0,2.940959973E1
4.884284350E1,1.685707092E0,-2.867868805E1,6.044589996E0,2.935721078E1
4.885277350E1,1.718719482E0,-2.872161865E1,6.076641083E0,2.940766807E1
4.886270350E1,1.551452637E0,-2.878310394E1,6.074314117E0,2.945795936E1
4.887263350E1,1.448242188E0,-2.888436890E1,6.378906250E0,2.961578324E1
4.888256350E1,1.157356262E0,-2.915524292E1,6.456787109E0,2.988407206E1
4.889249350E1,1.489822388E0,-2.906572723E1,6.243984222E0,2.976614536E1
4.890242350E1,1.519546509E0,-2.914163971E1,6.114398956E0,2.981493017E1
4.891235450E1,1.456451416E0,-2.965831757E1,6.052070618E0,3.030453118E1
4.892228450E1,1.214065552E0,-2.960684967E1,5.970550537E0,3.022725552E1
4.893221450E1,1.397254944E0,-2.943656921E1,6.097476959E0,3.009390559E1
4.894214450E1,1.369522095E0,-2.944712830E1,5.923629761E0,3.006822817E1
4.895207450E1,1.584808350E0,-2.968473053E1,5.903518677E0,3.030753004E1
4.896200450E1,1.103927612E0,-2.965460968E1,6.076881409E0,3.029097257E1
4.897193450E1,1.208229065E0,-3.015050507E1,6.283554077E0,3.082200229E1
4.898186550E1,1.161521912E0,-3.003349304E1,6.179409027E0,3.068460418E1
4.899179550E1,1.159332275E0,-3.006066895E1,6.306457520E0,3.073693666E1
4.900172550E1,1.252151489E0,-3.045624542E1,6.379741669E0,3.114244487E1
4.901165550E1,1.238372803E0,-3.052069092E1,6.355232239E0,3.119992176E1
4.902158550E1,1.275451660E0,-3.059906006E1,6.614345551E0,3.133175419E1
4.903151550E1,1.256767273E0,-3.060426331E1,6.649242401E0,3.134346536E1
4.904144550E1,9.082336426E-1,-3.075139618E1,6.906803131E0,3.153057540E1
4.905137650E1,1.138351440E0,-3.076799774E1,6.662517548E0,3.150166137E1
4.906130650E1,1.056800842E0,-3.080545807E1,6.868980408E0,3.157967648E1
4.907123650E1,1.192604065E0,-3.080056000E1,6.867988586E0,3.157951975E1
4.908116650E1,6.504974365E-1,-3.083329773E1,7.030864716E0,3.163144724E1
4.909109650E1,7.966156006E-1,-3.098342133E1,7.038654327E0,3.178285148E1
4.910102650E1,7.740631104E-1,-3.111926270E1,7.443542480E0,3.200646824E1
4.911095750E1,1.032989502E0,-3.121861267E1,7.149822235E0,3.204354541E1
4.912088750E1,7.928085327E-1,-3.123697662E1,7.348129272E0,3.209941211E1
4.913081750E1,1.129257202E0,-3.140991974E1,7.140075684E0,3.223102481E1
4.914074750E1,1.001014709E0,-3.132809448E1,6.970512390E0,3.210980500E1
4.915067750E1,1.037841797E0,-3.133699799E1,7.371032715E0,3.220895344E1
4.916060750E1,7.442855835E-1,-3.129780579E1,7.204875946E0,3.212501900E1
4.917053750E1,1.055549622E0,-3.133187866E1,7.294036865E0,3.218701259E1
4.918046850E1,5.882110596E-1,-3.145536804E1,7.573413849E0,3.235958542E1
4.919039850E1,9.569778442E-1,-3.163916779E1,7.297569275E0,3.248395392E1
4.920032850E1,6.137542725E-1,-3.158929443E1,7.533748627E0,3.248103424E1
4.921025850E1,7.699432373E-1,-3.184499359E1,7.485725403E0,3.272204936E1
4.922018850E1,8.074951172E-1,-3.194620514E1,7.568183899E0,3.284036356E1
4.923011850E1,9.725341797E-1,-3.176409149E1,7.618747711E0,3.267948359E1
4.924004850E1,6.540679932E-1,-3.184218597E1,7.774150848E0,3.278399051E1
4.924997950E1,6.783142090E-1,-3.169918823E1,7.612262726E0,3.260744069E1
4.925990950E1,2.651977539E-1,-3.184890747E1,7.923076630E0,3.282070048E1
4.926983950E1,5.353698730E-1,-3.196869659E1,8.003688812E0,3.295972114E1
4.927976950E1,3.792266846E-1,-3.193829346E1,8.542774200E0,3.306323325E1
4.928969950E1,6.227951050E-1,-3.212934875E1,8.536632538E0,3.324991760E1
4.929962950E1,2.658462524E-1,-3.202519226E1,8.535800934E0,3.314428323E1
4.930955950E1,4.903945923E-1,-3.192566681E1,8.234325409E0,3.297412323E1
4.931949050E1,1.785736084E-1,-3.184554291E1,8.310089111E0,3.291243037E1
4.932942050E1,4.319992065E-1,-3.184946442E1,8.093879700E0,3.286466028E1
4.933935050E1,1.455383301E-1,-3.191167450E1,8.154453278E0,3.293738391E1
4.934928050E1,3.249740601E-1,-3.163361359E1,7.662353516E0,3.255000427E1
4.935921050E1,6.233978271E-2,-3.184689331E1,7.948654175E0,3.282391815E1
4.936914050E1,3.956451416E-1,-3.175344849E1,8.046531677E0,3.275949783E1
4.937907012E1,5.963134766E-1,-3.184468842E1,8.095535278E0,3.286301054E1
4.938900113E1,5.588607788E-1,-3.203616333E1,8.164127350E0,3.306480095E1
4.939893113E1,2.856521606E-1,-3.196522522E1,8.108001709E0,3.297873424E1
4.940886113E1,2.660598755E-1,-3.187850189E1,7.899490356E0,3.284374550E1
4.941879113E1,1.797180176E-1,-3.194636536E1,8.126667023E0,3.296430304E1
4.942872113E1,3.177185059E-1,-3.189475250E1,8.064338684E0,3.289999606E1
4.943865113E1,2.619476318E-1,-3.172135162E1,7.698707581E0,3.264326675E1
4.944858212E1,1.603622437E-1,-3.170422363E1,7.361938477E0,3.254814358E1
4.945851212E1,-7.485198975E-2,-3.146749115E1,7.924324036E0,3.245001562E1
4.946844212E1,1.693801880E-1,-3.129730225E1,7.741283417E0,3.224092565E1
4.947837212E1,1.056671143E-1,-3.138032532E1,7.850364685E0,3.234755336E1
4.948830212E1,3.056716919E-1,-3.127823639E1,7.917400360E0,3.226618563E1
4.949823212E1,1.030578613E-1,-3.128547668E1,7.815803528E0,3.224714650E1
4.950816212E1,4.624176025E-2,-3.121194458E1,7.469928741E0,3.209341768E1
4.951809313E1,-1.796722412E-1,-3.096063995E1,7.727481842E0,3.191093048E1
4.952802313E1,1.671524048E-1,-3.122786713E1,7.834495544E0,3.219607034E1
4.953795313E1,4.527282715E-2,-3.130920410E1,7.856689453E0,3.227996097E1
4.954788313E1,1.953887939E-1,-3.106764984E1,7.562061310E0,3.197533135E1
4.955781313E1,4.466247559E-2,-3.100715637E1,7.769599915E0,3.196580085E1
4.956774313E1,2.188110352E-2,-3.126915741E1,8.017501831E0,3.228066015E1
4.957767313E1,1.449050903E-1,-3.110013580E1,7.990642548E0,3.211058724E1
4.958760413E1,1.102752686E-1,-3.111581421E1,8.066165924E0,3.214450322E1
4.959753413E1,1.646499634E-1,-3.102482605E1,8.048976898E0,3.205234734E1
4.960746413E1,2.299423218E-1,-3.102021027E1,8.106632233E0,3.206281030E1
4.961739413E1,2.003097534E-1,-3.116053772E1,7.833625793E0,3.213074739E1
4.962732413E1,2.751083374E-1,-3.121911621E1,8.246437073E0,3.229106108E1
4.963725413E1,3.129806519E-1,-3.108864594E1,7.876461029E0,3.207242587E1
4.964718413E1,4.254531860E-1,-3.118413544E1,7.934074402E0,3.218044204E1
4.965711512E1,1.982727051E-1,-3.149642181E1,7.888893127E0,3.246996357E1
4.966704512E1,1.926727295E-1,-3.144680786E1,8.068386078E0,3.246594680E1
4.967697512E1,1.230316162E-1,-3.165132141E1,8.048210144E0,3.265876560E1
4.968690512E1,5.346679688E-2,-3.195148468E1,7.978042603E0,3.293249756E1
4.969683512E1,-5.876159668E-2,-3.193431091E1,7.701393127E0,3.284988771E1
4.970676512E1,-1.209411621E-1,-3.208468628E1,7.628398895E0,3.297929942E1
4.971669613E1,-1.511001587E-1,-3.222720337E1,7.622741699E0,3.311678818E1
4.972662613E1,-1.296539307E-1,-3.231884003E1,7.372848511E0,3.314940612E1
4.973655613E1,-5.155181885E-2,-3.224925232E1,7.531017303E0,3.311696173E1
4.974648613E1,-1.937866211E-2,-3.194305420E1,7.729324341E0,3.286489832E1
4.975641613E1,-4.182434082E-2,-3.196318817E1,7.642406464E0,3.286416778E1
4.976634613E1,-3.468399048E-1,-3.189828491E1,7.828216553E0,3.284664142E1
4.977627613E1,-6.106567383E-2,-3.218437958E1,7.821041107E0,3.312109149E1
4.978620712E1,-2.361068726E-1,-3.219313049E1,7.606388092E0,3.308036483E1
4.979613712E1,-1.493072510E-1,-3.240478516E1,7.538928986E0,3.327052515E1
4.980606712E1,-3.520965576E-2,-3.223429108E1,7.476341248E0,3.308997491E1
4.981599712E1,-5.402374268E-2,-3.218797302E1,7.856044769E0,3.313285326E1
4.982592712E1,-1.496887207E-2,-3.216309357E1,7.575630188E0,3.304322903E1
4.983585712E1,-1.591262817E-1,-3.202973175E1,7.710746765E0,3.294517647E1
4.984578712E1,-2.919921875E-1,-3.211149597E1,7.335617065E0,3.294001686E1
4.985571813E1,-5.175018311E-2,-3.189168549E1,7.562007904E0,3.277600105E1
4.986564813E1,-1.192092896E-1,-3.197597504E1,7.676143646E0,3.288465252E1
4.987557813E1,-1.181640625E-1,-3.211238098E1,7.586925507E0,3.299667277E1
4.988550813E1,-2.241439819E-1,-3.214571381E1,7.846591949E0,3.309027292E1
4.989543813E1,-6.283569336E-2,-3.217870331E1,7.824829102E0,3.311647393E1
4.990536813E1,-1.579132080E-1,-3.230953979E1,7.645092010E0,3.320208924E1
4.991529812E1,-4.249572754E-2,-3.204889679E1,7.958671570E0,3.302232645E1
4.992522913E1,-2.112274170E-1,-3.217916107E1,8.155128479E0,3.319712555E1
4.993515913E1,-5.663299561E-2,-3.216835785E1,8.043579102E0,3.315879399E1
4.994508913E1,-2.580032349E-1,-3.221149445E1,7.993434906E0,3.318948541E1
4.995501913E1,1.439056396E-1,-3.226504517E1,7.810829163E0,3.319733273E1
4.996494913E1,-5.650329590E-2,-3.222182465E1,8.149890900E0,3.323657470E1
4.997487913E1,1.543045044E-1,-3.220932770E1,8.123336792E0,3.321826608E1
4.998480913E1,-1.723480225E-1,-3.212568665E1,8.451107025E0,3.321913088E1
4.999474012E1,1.449508667E-1,-3.212998962E1,7.955669403E0,3.310060301E1
5.000467012E1,-7.889556885E-2,-3.195644379E1,8.043083191E0,3.295317452E1
5.001460012E1,-1.337127686E-1,-3.192822266E1,7.986274719E0,3.291215376E1
5.002453012E1,-3.687133789E-1,-3.221769714E1,8.310314178E0,3.327427355E1
5.003446012E1,1.295242310E-1,-3.225366211E1,8.119892120E0,3.326030884E1
5.004439012E1,-8.270263672E-2,-3.201516724E1,8.510066986E0,3.312701334E1
5.005432012E1,-5.161285400E-2,-3.206622314E1,8.278785706E0,3.311772370E1
5.006425113E1,-2.879638672E-1,-3.226206207E1,7.890808105E0,3.321428044E1
5.007418113E1,-6.510162354E-2,-3.231375885E1,7.893848419E0,3.326403602E1
5.008411113E1,-7.082366943E-2,-3.215536499E1,8.309532166E0,3.321175753E1
5.009404113E1,1.654663086E-1,-3.225930023E1,8.111122131E0,3.326379613E1
5.010397113E1,1.097412109E-1,-3.233596039E1,7.852184296E0,3.327586476E1
5.011390113E1,-3.147888184E-2,-3.248410034E1,7.454589844E0,3.332849645E1
5.012383113E1,-4.154205322E-2,-3.234810638E1,7.547916412E0,3.321705518E1
5.013376212E1,-6.742095947E-2,-3.233677673E1,7.827400208E0,3.327070587E1
5.014369212E1,-3.990097046E-1,-3.220588684E1,7.971580505E0,3.318018161E1
5.015362212E1,-4.384307861E-1,-3.222306061E1,7.502727509E0,3.308789471E1
5.016355212E1,-3.202362061E-1,-3.235046387E1,7.637481689E0,3.324133256E1
5.017348212E1,1.426696777E-1,-3.242233276E1,8.013061523E0,3.339816120E1
5.018341212E1,-3.397750854E-1,-3.238932800E1,7.930431366E0,3.334779989E1
5.019334313E1,-4.264526367E-1,-3.256775665E1,7.747966766E0,3.347942091E1
5.020327313E1,-3.804779053E-1,-3.223065948E1,8.041484833E0,3.322086171E1
5.021320313E1,8.369445801E-3,-3.246923065E1,7.684158325E0,3.336611003E1
5.022313313E1,3.219604492E-3,-3.250252533E1,8.086090088E0,3.349326822E1
5.023306313E1,2.544403076E-1,-3.267858887E1,8.076786041E0,3.366287841E1
5.024299313E1,-1.949691772E-1,-3.233433533E1,8.068164825E0,3.332630399E1
5.025292312E1,-2.910156250E-1,-3.247617340E1,7.728321075E0,3.338432979E1
5.026285413E1,-2.041702271E-1,-3.236891174E1,8.090461731E0,3.336530689E1
5.027278413E1,-1.043624878E-1,-3.190499115E1,7.561645508E0,3.278898953E1
5.028271413E1,-2.576141357E-1,-3.203714752E1,7.801616669E0,3.297439020E1
5.029264413E1,3.445434570E-2,-3.195419312E1,7.602931976E0,3.284625122E1
5.030257413E1,-1.489105225E-1,-3.178136444E1,7.970745087E0,3.276598964E1
5.031250413E1,7.456970215E-2,-3.186621094E1,7.533405304E0,3.274466606E1
5.032243413E1,-2.384796143E-1,-3.171765900E1,7.909301758E0,3.268981216E1
5.033236512E1,1.299285889E-2,-3.157613373E1,7.659713745E0,3.249190060E1
5.034229512E1,-3.663024902E-1,-3.182968140E1,7.763160706E0,3.276475941E1
5.035222512E1,-1.311187744E-1,-3.170331573E1,7.810100555E0,3.265141791E1
5.036215512E1,-4.053726196E-1,-3.176303864E1,7.883342743E0,3.272922308E1
5.037208512E1,-1.864624023E-2,-3.173475647E1,7.716545105E0,3.265945781E1
5.038201504E1,-2.520523071E-1,-3.187619019E1,8.052440643E0,3.287851626E1
5.039194504E1,1.429519653E-1,-3.182910156E1,7.767967224E0,3.276359956E1
5.040187604E1,-6.639099121E-2,-3.175458527E1,7.813922882E0,3.270191866E1
5.041180604E1,1.292800903E-1,-3.160327148E1,8.036708832E0,3.260938777E1
5.042173604E1,-1.464767456E-1,-3.170304871E1,8.358760834E0,3.278679056E1
5.043166604E1,1.033554077E-1,-3.169850159E1,8.154170990E0,3.273066131E1
5.044159604E1,-2.853164673E-1,-3.148084259E1,8.378284454E0,3.257791439E1
5.045152604E1,-3.738632202E-1,-3.159243774E1,7.948524475E0,3.257914882E1
5.046145604E1,-2.735290527E-1,-3.169151306E1,7.995048523E0,3.268558733E1
5.047138704E1,-1.905670166E-1,-3.160202026E1,8.127326965E0,3.263092772E1
5.048131704E1,-3.473892212E-1,-3.152420807E1,7.941120148E0,3.251088684E1
5.049124704E1,-7.801055908E-2,-3.145285034E1,7.830467224E0,3.241302357E1
5.050117704E1,-3.027420044E-1,-3.166315460E1,7.744567871E0,3.259793465E1
5.051110704E1,-1.578369141E-1,-3.169654846E1,7.426437378E0,3.255530785E1
5.052103704E1,-1.779785156E-1,-3.182789612E1,7.752819061E0,3.275901175E1
5.053096704E1,-1.267395020E-1,-3.197975159E1,7.785881042E0,3.291413857E1
5.054089804E1,-3.294525146E-1,-3.204404449E1,7.844871521E0,3.299198896E1
5.055082804E1,-3.869476318E-1,-3.194979858E1,7.930976868E0,3.292172158E1
5.056075804E1,-3.419647217E-1,-3.183907318E1,7.654476166E0,3.274804614E1
5.057068804E1,-3.804092407E-1,-3.189530945E1,7.850502014E0,3.284944228E1
5.058061804E1,-4.345779419E-1,-3.206646729E1,7.692852020E0,3.297919275E1
5.059054804E1,-1.586303711E-1,-3.184194946E1,7.897315979E0,3.280704968E1
5.060047804E1,-2.779312134E-1,-3.181046295E1,8.005897522E0,3.280361556E1
5.061040904E1,-3.200149536E-1,-3.185227966E1,8.169868469E0,3.288490353E1
5.062033904E1,-3.623428345E-1,-3.187316895E1,8.345363617E0,3.294958702E1
5.063026904E1,-2.624435425E-1,-3.201551056E1,7.837844849E0,3.296200244E1
5.064019904E1,-5.085601807E-1,-3.157507324E1,8.036258698E0,3.258566153E1
5.065012904E1,-4.294509888E-1,-3.178574371E1,8.149448395E0,3.281663360E1
5.066005904E1,-1.183624268E-1,-3.209889221E1,8.062820435E0,3.309625302E1
5.066998904E1,-3.562164307E-2,-3.195436096E1,8.365295410E0,3.303120677E1
5.067992004E1,-1.542587280E-1,-3.214882660E1,7.771732330E0,3.307522745E1
5.068985004E1,-1.717376709E-1,-3.213025665E1,7.932365417E0,3.309539707E1
5.069978004E1,-1.570663452E-1,-3.217813110E1,8.075191498E0,3.317627931E1
5.070971004E1,-2.517700195E-2,-3.189805603E1,8.033313751E0,3.289408370E1
5.071964004E1,7.719421387E-2,-3.172782898E1,8.173446655E0,3.276379589E1
5.072957004E1,-1.666259766E-1,-3.170103455E1,8.437084198E0,3.280499574E1
5.073950104E1,-5.023956299E-2,-3.169567108E1,8.556251526E0,3.283028373E1
5.074943104E1,-2.450714111E-1,-3.168555450E1,8.218902588E0,3.273506963E1
5.075936104E1,2.045669556E-1,-3.193160248E1,7.962535858E0,3.291004500E1
5.076929104E1,-1.156616211E-1,-3.185646820E1,8.284084320E0,3.291616619E1
5.077922104E1,-2.783966064E-2,-3.172245026E1,8.067855835E0,3.273232230E1
5.078915104E1,-9.957122803E-2,-3.181569672E1,7.964408875E0,3.279756516E1
5.079908104E1,1.244277954E-1,-3.197835541E1,7.895092010E0,3.293877919E1
5.080901204E1,-2.592468262E-2,-3.201533508E1,8.213005066E0,3.305201665E1
5.081894204E1,-2.459487915E-1,-3.189447784E1,8.014400482E0,3.288690960E1
5.082887204E1,-2.720794678E-1,-3.188021851E1,8.343887329E0,3.295516371E1
5.083880204E1,2.049255371E-2,-3.186868286E1,7.943996429E0,3.284387989E1
5.084873204E1,-6.564331055E-2,-3.177504730E1,7.752090454E0,3.270707640E1
5.085866204E1,8.831787109E-2,-3.191796112E1,7.798564911E0,3.285698794E1
5.086859204E1,-2.076492310E-1,-3.186890411E1,7.985824585E0,3.285488642E1
5.087852304E1,-1.617279053E-1,-3.191144562E1,8.068878174E0,3.291615579E1
5.088845304E1,-3.699264526E-1,-3.177944183E1,8.041145325E0,3.278307165E1
5.089838304E1,-4.003143311E-2,-3.177944183E1,8.102352142E0,3.279607653E1
5.090831304E1,-1.784973145E-1,-3.170587921E1,7.828632355E0,3.265856890E1
5.091824304E1,-2.755966187E-1,-3.174909210E1,7.580371857E0,3.264265370E1
5.092817304E1,-3.811035156E-1,-3.188189697E1,7.764190674E0,3.281589937E1
5.093810304E1,-1.312332153E-1,-3.180371094E1,7.940502167E0,3.278025055E1
5.094803404E1,-1.557159424E-1,-3.185688019E1,8.007358551E0,3.284817885E1
5.095796404E1,6.919860840E-3,-3.165573883E1,7.644428253E0,3.256567414E1
5.096789404E1,5.640411377E-2,-3.186186218E1,7.668750763E0,3.277180467E1
5.097782404E1,2.092742920E-1,-3.174288177E1,7.482013702E0,3.261341546E1
5.098775404E1,5.764007568E-2,-3.178134918E1,7.562553406E0,3.266878774E1
5.099768404E1,2.072601318E-1,-3.182871246E1,7.473728180E0,3.269505325E1
5.100761404E1,-2.777557373E-1,-3.189357758E1,7.563415527E0,3.277930282E1
5.101754504E1,8.379364014E-2,-3.192454529E1,7.674274445E0,3.283409968E1
5.102747504E1,-7.580566406E-2,-3.187335205E1,7.972885132E0,3.285548987E1
5.103740504E1,2.491836548E-1,-3.185263824E1,7.721832275E0,3.277620096E1
5.104733504E1,-7.678222656E-2,-3.190577698E1,8.112464905E0,3.292106600E1
5.105726504E1,1.111221313E-1,-3.191481018E1,8.137092590E0,3.293599449E1
5.106719504E1,2.160186768E-1,-3.185141754E1,8.083103180E0,3.286177141E1
5.107712504E1,4.260025024E-1,-3.172621155E1,7.461307526E0,3.259455610E1
5.108705604E1,6.239318848E-2,-3.161434937E1,7.834518433E0,3.257070245E1
5.109698604E1,3.866500854E-1,-3.177295685E1,7.750045776E0,3.270678056E1
5.110691604E1,1.108551025E-1,-3.180842590E1,8.211601257E0,3.285146332E1
5.111684604E1,1.623382568E-1,-3.167185974E1,7.798202515E0,3.261817002E1
5.112677604E1,-5.826568604E-2,-3.172602081E1,7.764400482E0,3.266235917E1
5.113670604E1,2.333679199E-1,-3.163735199E1,7.439559937E0,3.250113157E1
5.114663604E1,-1.373519897E-1,-3.168114471E1,7.628467560E0,3.258691936E1
5.115656704E1,-6.304931641E-2,-3.174827576E1,7.735652924E0,3.267716810E1
5.116649704E1,-1.309967041E-2,-3.179208374E1,8.063106537E0,3.279863484E1
5.117642704E1,2.473526001E-1,-3.179180908E1,7.738834381E0,3.272109206E1
5.118635704E1,-1.244964600E-1,-3.153069305E1,7.934341431E0,3.251390284E1
5.119628704E1,-7.890319824E-2,-3.172370911E1,7.759963989E0,3.265910266E1
5.120621704E1,-1.555023193E-1,-3.187945557E1,7.755111694E0,3.280953559E1
5.121614704E1,1.582336426E-2,-3.208509827E1,7.354839325E0,3.291728182E1
5.122607804E1,-3.999252319E-1,-3.182540131E1,7.941059113E0,3.280360542E1
5.123600804E1,-1.423568726E-1,-3.183219910E1,7.683444977E0,3.274667146E1
5.124593804E1,-1.286926270E-1,-3.206346130E1,8.083179474E0,3.306690041E1
5.125586804E1,-6.846618652E-2,-3.192414856E1,7.784999847E0,3.285973481E1
5.126579804E1,-3.592605591E-1,-3.203684998E1,8.032310486E0,3.303039261E1
5.127572804E1,9.728240967E-2,-3.222564697E1,7.823169708E0,3.316178178E1
5.128565804E1,6.301879883E-3,-3.210579681E1,7.774856567E0,3.303378004E1
5.129558904E1,1.709747314E-2,-3.181249237E1,7.797565460E0,3.275419042E1
5.130551904E1,-5.574798584E-2,-3.185508728E1,7.946067810E0,3.283123036E1
5.131544904E1,-2.668457031E-1,-3.202361298E1,8.074069977E0,3.302686180E1
5.132537904E1,5.422973633E-2,-3.222866058E1,7.762847900E0,3.315043456E1
5.133530904E1,7.447814941E-2,-3.225070190E1,7.584735870E0,3.313067368E1
5.134523904E1,7.206726074E-2,-3.217490387E1,7.437690735E0,3.302345948E1
5.135516904E1,-2.249221802E-1,-3.210420990E1,7.860466003E0,3.305325716E1
5.136510004E1,-3.832855225E-1,-3.198326111E1,7.691703796E0,3.289738905E1
5.137503004E1,-1.328277588E-1,-3.201946259E1,7.555438995E0,3.289906208E1
5.138495975E1,-7.657623291E-2,-3.203042603E1,7.335277557E0,3.285970712E1
5.139488975E1,-1.569976807E-1,-3.197140503E1,7.488056183E0,3.283696657E1
5.140481975E1,-4.373168945E-2,-3.203869629E1,7.522052765E0,3.290989593E1
5.141474975E1,5.671691895E-2,-3.188059235E1,7.546585083E0,3.276165948E1
5.142467975E1,-2.105941772E-1,-3.171299744E1,7.258987427E0,3.253385091E1
5.143461075E1,-3.285369873E-1,-3.207481384E1,7.552173615E0,3.295355741E1
5.144454075E1,-4.820632935E-1,-3.189775848E1,7.417789459E0,3.275245001E1
5.145447075E1,-5.776138306E-1,-3.187649536E1,7.509998322E0,3.275430764E1
5.146440075E1,-6.586074829E-1,-3.173518372E1,7.569480896E0,3.263208069E1
5.147433075E1,-4.088973999E-1,-3.183368683E1,7.466773987E0,3.270020685E1
5.148426075E1,-4.529571533E-1,-3.169565582E1,7.638931274E0,3.260633434E1
5.149419075E1,-2.686920166E-1,-3.167819977E1,7.371669769E0,3.252571369E1
5.150412175E1,-3.947906494E-1,-3.185169983E1,7.522636414E0,3.273036358E1
5.151405175E1,-1.446609497E-1,-3.174700928E1,7.331901550E0,3.258297570E1
5.152398175E1,-4.014434814E-1,-3.206357574E1,7.299919128E0,3.288651495E1
5.153391175E1,-3.277969360E-1,-3.211242676E1,7.452613831E0,3.296751213E1
5.154384175E1,-2.348327637E-1,-3.192281342E1,7.787494659E0,3.285979665E1
5.155377175E1,-2.515029907E-1,-3.187825775E1,7.896385193E0,3.284264712E1
5.156370175E1,-2.975311279E-1,-3.168325806E1,7.935596466E0,3.266329832E1
5.157363275E1,-3.831634521E-1,-3.170742798E1,7.491569519E0,3.258268585E1
5.158356275E1,-3.101119995E-1,-3.185958862E1,7.607650757E0,3.275676887E1
5.159349275E1,-1.161193848E-1,-3.199351501E1,7.541580200E0,3.287056310E1
5.160342275E1,-5.494689941E-2,-3.198205566E1,7.869579315E0,3.293607721E1
5.161335275E1,-2.845230103E-1,-3.186033630E1,8.087348938E0,3.287198192E1
5.162328275E1,-1.662750244E-1,-3.186131287E1,8.194259644E0,3.289858350E1
5.163321275E1,-2.820968628E-1,-3.168331909E1,8.187149048E0,3.272524556E1
5.164314375E1,-3.334732056E-1,-3.176649475E1,8.081344604E0,3.278001714E1
5.165307375E1,-1.859817505E-1,-3.186698151E1,8.095203400E0,3.287965051E1
5.166300375E1,-5.631256104E-2,-3.164467621E1,7.854179382E0,3.260485910E1
5.167293375E1,1.573867798E-1,-3.182505035E1,7.909000397E0,3.279345800E1
5.168286375E1,1.048202515E-1,-3.164717102E1,7.880477905E0,3.261374485E1
5.169279375E1,3.529357910E-2,-3.167667389E1,7.831165314E0,3.263035495E1
5.170272375E1,-2.339248657E-1,-3.170259094E1,8.245594025E0,3.275818698E1
5.171265475E1,1.631088257E-1,-3.164019012E1,8.074073792E0,3.265453878E1
5.172258475E1,2.987670898E-2,-3.158844757E1,8.057044983E0,3.259979887E1
5.173251475E1,2.434539795E-2,-3.153060150E1,8.053039551E0,3.254275449E1
5.174244475E1,-9.304809570E-2,-3.139820099E1,7.951614380E0,3.238956398E1
5.175237475E1,9.102630615E-2,-3.144126129E1,7.692745209E0,3.236880483E1
5.176230475E1,-8.130645752E-2,-3.151991272E1,7.679347992E0,3.244200817E1
5.177223475E1,-2.318572998E-2,-3.152218628E1,7.510681152E0,3.240461536E1
5.178216575E1,-2.600555420E-1,-3.145572662E1,8.223175049E0,3.251385819E1
5.179209575E1,-1.141204834E-1,-3.143565369E1,7.938926697E0,3.242282997E1
5.180202575E1,-2.964401245E-1,-3.169661713E1,7.972385406E0,3.268520067E1
5.181195575E1,1.123580933E-1,-3.194844818E1,7.885421753E0,3.290738278E1
5.182188575E1,-2.277603149E-1,-3.184828186E1,7.871040344E0,3.280728895E1
5.183181575E1,1.105957031E-1,-3.170775604E1,7.942146301E0,3.268748556E1
5.184174575E1,-4.065093994E-1,-3.161972809E1,8.160224915E0,3.265825661E1
5.185167675E1,-1.377258301E-1,-3.167383575E1,7.942615509E0,3.265480027E1
5.186160675E1,-3.659133911E-1,-3.181419373E1,7.829353333E0,3.276546335E1
5.187153675E1,-4.265594482E-2,-3.183893585E1,7.823501587E0,3.278607681E1
5.188146675E1,-1.327972412E-1,-3.191255188E1,8.072326660E0,3.291794435E1
5.189139675E1,1.771545410E-2,-3.156322479E1,7.917118073E0,3.254102383E1
5.190132675E1,6.726074219E-2,-3.168650055E1,8.126968384E0,3.271217596E1
5.191125675E1,1.090545654E-1,-3.182604980E1,7.783317566E0,3.276414765E1
5.192118775E1,-4.212417603E-1,-3.172275543E1,7.945079803E0,3.270527404E1
5.193111775E1,1.914978027E-3,-3.180791473E1,7.806049347E0,3.275176102E1
5.194104775E1,-4.133529663E-1,-3.183594513E1,8.041858673E0,3.283854068E1
5.195097775E1,-3.662872314E-1,-3.181797791E1,8.194400787E0,3.285827276E1
5.196090775E1,-5.070953369E-1,-3.193241882E1,8.150959015E0,3.296019797E1
5.197083775E1,-3.945159912E-2,-3.174399567E1,7.759090424E0,3.267852967E1
5.198076775E1,-3.387069702E-1,-3.188955688E1,7.903366089E0,3.285607640E1
5.199069875E1,-1.255416870E-1,-3.158171844E1,7.270027161E0,3.240793106E1
5.200062875E1,-2.793426514E-1,-3.183924866E1,7.402862549E0,3.268972562E1
5.201055875E1,4.100036621E-2,-3.177623749E1,7.072669983E0,3.255385708E1
5.202048875E1,-2.731857300E-1,-3.147531891E1,7.183860779E0,3.228588216E1
5.203041875E1,1.221618652E-1,-3.114248657E1,6.874851227E0,3.189252221E1
5.204034875E1,-1.734008789E-1,-3.108651733E1,6.784011841E0,3.181861789E1
5.205027875E1,7.052612305E-2,-3.067787933E1,6.526149750E0,3.136443663E1
5.206020975E1,-1.650848389E-1,-3.026460266E1,6.233848572E0,3.090039312E1
5.207013975E1,2.990112305E-1,-2.982982635E1,6.341533661E0,3.049791792E1
5.208006975E1,2.542648315E-1,-2.910684204E1,6.621013641E0,2.985147778E1
5.208999975E1,6.360931396E-1,-2.860009766E1,5.923282623E0,2.921396032E1
5.209992975E1,3.408584595E-1,-2.774599457E1,6.179954529E0,2.842794817E1
5.210985975E1,6.175918579E-1,-2.711138153E1,5.352359772E0,2.764156622E1
5.211978975E1,7.504196167E-1,-2.599439240E1,5.228260040E0,2.652557763E1
5.212972075E1,1.080001831E0,-2.474929047E1,4.689613342E0,2.521281928E1
5.213965075E1,1.075645447E0,-2.372411346E1,4.845382690E0,2.423774549E1
5.214958075E1,1.296211243E0,-2.204972839E1,3.936187744E0,2.243578079E1
5.215951075E1,1.346778870E0,-2.069998169E1,3.517829895E0,2.103991878E1
5.216944075E1,1.989486694E0,-1.903072357E1,3.190872192E0,1.939866393E1
5.217937075E1,2.392730713E0,-1.727780914E1,2.548698425E0,1.762792423E1
5.218930075E1,2.645019531E0,-1.580466461E1,2.126502991E0,1.616494871E1
5.219923175E1,2.849029541E0,-1.387418365E1,1.876220703E0,1.428741214E1
5.220916175E1,3.337387085E0,-1.236031342E1,1.305603027E0,1.286934729E1
5.221909175E1,3.395576477E0,-1.097463989E1,1.099632263E0,1.154044416E1
5.222902175E1,3.818344116E0,-9.637992859E0,4.126892090E-1,1.037501665E1
5.223895175E1,3.880302429E0,-8.174003601E0,-3.474197388E-1,9.054931379E0
5.224888175E1,4.232284546E0,-6.790321350E0,-1.246864319E0,8.097861887E0
5.225881175E1,4.617095947E0,-4.998146057E0,-1.706016541E0,7.014950565E0
5.226874275E1,5.144920349E0,-3.247962952E0,-2.149719238E0,6.452965329E0
5.227867275E1,5.691131592E0,-1.624473572E0,-2.848098755E0,6.568071231E0
5.228860275E1,6.086212158E0,-9.387969971E-2,-3.442687988E0,6.993060304E0
5.229853275E1,6.341918945E0,1.605663300E0,-4.140747070E0,7.742343111E0
5.230846275E1,6.506958008E0,3.544536591E0,-5.357872009E0,9.143906967E0
5.231839275E1,6.756149292E0,5.206153870E0,-5.745063782E0,1.028374199E1
5.232832275E1,7.031890869E0,6.892139435E0,-6.292564392E0,1.168526601E1
5.233825375E1,7.437530518E0,8.335769653E0,-6.883232117E0,1.312176818E1
5.234818375E1,7.637840271E0,9.878128052E0,-7.571090698E0,1.460258307E1
5.235811375E1,7.907386780E0,1.150200653E1,-8.377960205E0,1.627922409E1
5.236804375E1,8.311668396E0,1.292895508E1,-9.288566589E0,1.795881901E1
5.237797413E1,8.525047302E0,1.418463898E1,-9.831153870E0,1.924920780E1
5.238790413E1,8.549415588E0,1.587573242E1,-1.029067230E1,2.076124571E1
5.239783413E1,8.941940308E0,1.687763977E1,-1.131518555E1,2.220014515E1
5.240776512E1,8.966423035E0,1.793632126E1,-1.148769379E1,2.311007293E1
5.241769512E1,8.929992676E0,1.886444092E1,-1.201820374E1,2.408420896E1
5.242762512E1,9.144729614E0,2.002456665E1,-1.257600403E1,2.535281496E1
5.243755512E1,9.633026123E0,2.099421692E1,-1.267264557E1,2.634669395E1
5.244748512E1,9.418159485E0,2.173515701E1,-1.280669403E1,2.692824150E1
5.245741512E1,9.722801208E0,2.228411484E1,-1.297666931E1,2.755918329E1
5.246734512E1,9.936233521E0,2.282657242E1,-1.351660919E1,2.832807563E1
5.247727613E1,1.009863281E1,2.356151581E1,-1.396092224E1,2.918963449E1
5.248720613E1,1.029372406E1,2.404168701E1,-1.372012329E1,2.953312128E1
5.249713613E1,1.055811310E1,2.481848526E1,-1.411387634E1,3.044063843E1
5.250706613E1,1.057601929E1,2.519044876E1,-1.427117157E1,3.082332284E1
5.251699613E1,1.084416199E1,2.548259735E1,-1.451522827E1,3.126740265E1
5.252692613E1,1.039947510E1,2.571939850E1,-1.490387726E1,3.149225458E1
5.253685613E1,1.055311584E1,2.594662476E1,-1.508948517E1,3.181647612E1
5.254678713E1,1.063691711E1,2.631557846E1,-1.507424927E1,3.213855421E1
5.255671713E1,1.053859711E1,2.649424744E1,-1.534937286E1,3.238225476E1
5.256664713E1,1.039283752E1,2.673050690E1,-1.542925262E1,3.256674542E1
5.257657713E1,1.089884949E1,2.700835037E1,-1.540101624E1,3.294582236E1
5.258650713E1,1.068601990E1,2.746210861E1,-1.532630920E1,3.321527035E1
5.259643713E1,1.085529327E1,2.739166641E1,-1.583185577E1,3.344829500E1
5.260636713E1,1.077529907E1,2.761563110E1,-1.555266571E1,3.347559652E1
5.261629812E1,1.091044617E1,2.777175522E1,-1.587545013E1,3.379849317E1
5.262622812E1,1.077130890E1,2.787037659E1,-1.609578705E1,3.393896503E1
5.263615812E1,1.101005554E1,2.813345718E1,-1.601209259E1,3.419210209E1
5.264608812E1,1.083262634E1,2.819237518E1,-1.594213104E1,3.415124235E1
5.265601812E1,1.110034943E1,2.814762878E1,-1.593207550E1,3.419558149E1
5.266594812E1,1.076324463E1,2.814805984E1,-1.633750916E1,3.427936571E1
5.267587812E1,1.093231201E1,2.801573944E1,-1.664390564E1,3.437174272E1
5.268580913E1,1.093991852E1,2.790321732E1,-1.631827545E1,3.412561307E1
5.269573913E1,1.104803467E1,2.796923065E1,-1.648468781E1,3.429405000E1
5.270566913E1,1.058554840E1,2.809598541E1,-1.630673218E1,3.416647107E1
5.271559913E1,1.084207153E1,2.800763321E1,-1.641551208E1,3.422640896E1
5.272552913E1,1.090569305E1,2.826666260E1,-1.673155975E1,3.461045286E1
5.273545913E1,1.109348297E1,2.832438278E1,-1.684469604E1,3.477182493E1
5.274538913E1,1.087549591E1,2.825271606E1,-1.667337799E1,3.456145121E1
5.275532012E1,1.097886658E1,2.823167419E1,-1.676784515E1,3.462258757E1
5.276525012E1,1.089978027E1,2.840205765E1,-1.660839844E1,3.466007772E1
5.277518012E1,1.103433228E1,2.825440979E1,-1.663980103E1,3.459698165E1
5.278511012E1,1.107409668E1,2.806693268E1,-1.650658417E1,3.439266852E1
5.279504012E1,1.111795807E1,2.795263290E1,-1.660698700E1,3.436205313E1
5.280497012E1,1.106037140E1,2.782625580E1,-1.680545807E1,3.433738121E1
5.281490012E1,1.123451996E1,2.781276321E1,-1.638035583E1,3.417718967E1
5.282483012E1,1.111003876E1,2.798935318E1,-1.606139374E1,3.412924291E1
5.283476113E1,1.118041229E1,2.813224792E1,-1.632483673E1,3.439368091E1
5.284469113E1,1.092655182E1,2.807411575E1,-1.647981262E1,3.433845853E1
5.285462113E1,1.133033752E1,2.796346283E1,-1.678664398E1,3.452713741E1
5.286455113E1,1.108950806E1,2.795980453E1,-1.651180267E1,3.431278896E1
5.287448113E1,1.112838745E1,2.796462631E1,-1.696985626E1,3.455195152E1
5.288441113E1,1.104075623E1,2.786166382E1,-1.676209259E1,3.433858408E1
5.289434113E1,1.138037109E1,2.781380081E1,-1.681936646E1,3.443851695E1
5.290427213E1,1.091112518E1,2.789337158E1,-1.686539459E1,3.437345438E1
5.291420213E1,1.143579865E1,2.795240021E1,-1.707366180E1,3.469328603E1
5.292413213E1,1.093881226E1,2.808138275E1,-1.706750488E1,3.463410738E1
5.293406213E1,1.120217896E1,2.799150085E1,-1.680747986E1,3.451817366E1
5.294399213E1,1.107164764E1,2.784321213E1,-1.635017395E1,3.413435266E1
5.295392213E1,1.109008789E1,2.788009644E1,-1.655817413E1,3.427043853E1
5.296385213E1,1.113085175E1,2.793989944E1,-1.667835999E1,3.439042793E1
5.297378312E1,1.113314819E1,2.793495560E1,-1.681732941E1,3.445477182E1
5.298371312E1,1.102763367E1,2.789177322E1,-1.642388153E1,3.419508155E1
5.299364312E1,1.112744141E1,2.774161530E1,-1.683370209E1,3.430438306E1
5.300357312E1,1.105694580E1,2.773746872E1,-1.625017548E1,3.399546182E1
5.301350312E1,1.134053040E1,2.781040573E1,-1.639650726E1,3.421800326E1
5.302343312E1,1.124845123E1,2.783975601E1,-1.665962982E1,3.433835954E1
5.303336312E1,1.123325348E1,2.798117447E1,-1.649009705E1,3.436648671E1
5.304329413E1,1.114456940E1,2.766646957E1,-1.630091858E1,3.399051209E1
5.305322413E1,1.136680603E1,2.774971390E1,-1.659736633E1,3.427423916E1
5.306315413E1,1.110217285E1,2.779254150E1,-1.627640533E1,3.406765293E1
5.307308413E1,1.098343658E1,2.779808044E1,-1.635673523E1,3.407215789E1
5.308301413E1,1.094127655E1,2.784217453E1,-1.632231140E1,3.407808775E1
5.309294413E1,1.094359589E1,2.783958435E1,-1.639885712E1,3.411344694E1
5.310287413E1,1.109120941E1,2.768091583E1,-1.639553070E1,3.403030200E1
5.311280512E1,1.119676971E1,2.755291367E1,-1.679645538E1,3.415628225E1
5.312273512E1,1.114321899E1,2.741740036E1,-1.650836945E1,3.388821969E1
5.313266512E1,1.119209290E1,2.757327652E1,-1.662586975E1,3.408765270E1
5.314259512E1,1.105180359E1,2.745753860E1,-1.672908783E1,3.399884069E1
5.315252512E1,1.100829315E1,2.738077927E1,-1.667018890E1,3.389372788E1
5.316245512E1,1.147175598E1,2.759620285E1,-1.693206024E1,3.434889025E1
5.317238512E1,1.126404572E1,2.754189301E1,-1.702521515E1,3.428253997E1
5.318231613E1,1.101845551E1,2.768429184E1,-1.657742310E1,3.409746813E1
5.319224613E1,1.115753174E1,2.762594223E1,-1.663262939E1,3.412224435E1
5.320217613E1,1.113348389E1,2.760841751E1,-1.647639465E1,3.402426725E1
5.321210613E1,1.119918823E1,2.764035034E1,-1.670935822E1,3.418498846E1
5.322203613E1,1.113117218E1,2.771336365E1,-1.701982880E1,3.437452678E1
5.323196613E1,1.127501678E1,2.768951797E1,-1.683028412E1,3.430880168E1
5.324189613E1,1.124751282E1,2.756790543E1,-1.646553802E1,3.402366671E1
5.325182713E1,1.125291443E1,2.769281006E1,-1.663076019E1,3.420675367E1
5.326175713E1,1.146536255E1,2.762395859E1,-1.671147156E1,3.426092392E1
5.327168713E1,1.125514221E1,2.771073914E1,-1.650561523E1,3.416136156E1
5.328161713E1,1.133755493E1,2.767026901E1,-1.630037689E1,3.405710243E1
5.329154713E1,1.124018097E1,2.760453033E1,-1.600815582E1,3.383212698E1
5.330147713E1,1.113615417E1,2.757944489E1,-1.657305908E1,3.404858290E1
5.331140713E1,1.101293182E1,2.747546005E1,-1.666662598E1,3.397001610E1
5.332133812E1,1.110431671E1,2.769777298E1,-1.656286621E1,3.412918128E1
5.333126812E1,1.117736053E1,2.746308136E1,-1.678711700E1,3.407288546E1
5.334119812E1,1.129768372E1,2.728401566E1,-1.720434570E1,3.417666863E1
5.335112812E1,1.120648956E1,2.749354935E1,-1.679721832E1,3.411198041E1
5.336105812E1,1.133170319E1,2.780095673E1,-1.668427277E1,3.434626107E1
5.337098812E1,1.109818268E1,2.777700806E1,-1.670373535E1,3.425998555E1
5.338091863E1,1.116107178E1,2.753105545E1,-1.675746918E1,3.410778959E1
5.339084963E1,1.105491638E1,2.780572510E1,-1.658700562E1,3.421254565E1
5.340077963E1,1.127462006E1,2.761333466E1,-1.666165161E1,3.416465926E1
5.341070962E1,1.093167877E1,2.791256332E1,-1.655214691E1,3.424304834E1
5.342063962E1,1.129152679E1,2.742131805E1,-1.680075836E1,3.408361399E1
5.343056962E1,1.120272827E1,2.748934555E1,-1.684368896E1,3.413026659E1
5.344049962E1,1.127748871E1,2.746709442E1,-1.695586395E1,3.419246042E1
5.345042962E1,1.115382385E1,2.762395859E1,-1.642491150E1,3.401865065E1
5.346036063E1,1.127596283E1,2.745782471E1,-1.660392761E1,3.401131999E1
5.347029063E1,1.121244812E1,2.758025360E1,-1.621726990E1,3.390264333E1
5.348022063E1,1.139770508E1,2.741519165E1,-1.662178040E1,3.402622515E1
5.349015063E1,1.118809509E1,2.770236588E1,-1.648133087E1,3.412079739E1
5.350008063E1,1.114370728E1,2.751976776E1,-1.690217590E1,3.416435832E1
5.351001063E1,1.090660858E1,2.744774246E1,-1.666275024E1,3.391135389E1
5.351994063E1,1.110302734E1,2.710538864E1,-1.673237610E1,3.373353998E1
5.352987063E1,1.085119629E1,2.757749176E1,-1.656491852E1,3.395089157E1
5.353980162E1,1.100981903E1,2.753559494E1,-1.631270599E1,3.384567152E1
5.354973162E1,1.093342590E1,2.760556412E1,-1.623863983E1,3.384228709E1
5.355966162E1,1.123088837E1,2.718388367E1,-1.633871460E1,3.364595042E1
5.356959162E1,1.115979004E1,2.722164917E1,-1.628404999E1,3.362631977E1
5.357952162E1,1.125704956E1,2.743999481E1,-1.628813171E1,3.383751934E1
5.358945162E1,1.106288910E1,2.762585068E1,-1.608032227E1,3.382531456E1
5.359938162E1,1.107270813E1,2.750863266E1,-1.634196472E1,3.385837484E1
5.360931263E1,1.077969360E1,2.751988602E1,-1.646688080E1,3.383347579E1
5.361924263E1,1.127574921E1,2.730237579E1,-1.614808655E1,3.366486215E1
5.362917263E1,1.106433105E1,2.736517715E1,-1.627657318E1,3.370755371E1
5.363910263E1,1.137959290E1,2.744971466E1,-1.669118500E1,3.408192521E1
5.364903263E1,1.116983032E1,2.717639923E1,-1.640419006E1,3.365143736E1
5.365896263E1,1.127658081E1,2.729425812E1,-1.671865082E1,3.393598512E1
5.366889263E1,1.095130920E1,2.730382156E1,-1.652065277E1,3.373961786E1
5.367882362E1,1.140438843E1,2.736879730E1,-1.654624176E1,3.395422297E1
5.368875362E1,1.110958862E1,2.724962616E1,-1.659941101E1,3.378617367E1
5.369868362E1,1.109451294E1,2.736560822E1,-1.671251678E1,3.393041331E1
5.370861362E1,1.113014221E1,2.752731705E1,-1.621336365E1,3.383055439E1
5.371854363E1,1.134893036E1,2.734372330E1,-1.657046509E1,3.392724182E1
5.372847363E1,1.117634583E1,2.741687393E1,-1.635772705E1,3.382559558E1
5.373840363E1,1.134123993E1,2.734073639E1,-1.663435364E1,3.395351691E1
5.374833462E1,1.123598480E1,2.754457092E1,-1.599451447E1,3.377536432E1
5.375826462E1,1.138304901E1,2.764561462E1,-1.643621063E1,3.411748573E1
5.376819462E1,1.126437378E1,2.759096527E1,-1.645248413E1,3.404161740E1
5.377812462E1,1.142005920E1,2.779223251E1,-1.632350922E1,3.419477875E1
5.378805462E1,1.111627960E1,2.752005005E1,-1.629133606E1,3.385753177E1
5.379798462E1,1.142049408E1,2.745560837E1,-1.648300171E1,3.399893324E1
5.380791462E1,1.125247192E1,2.747111893E1,-1.598952484E1,3.371862103E1
5.381784563E1,1.149639130E1,2.746443939E1,-1.616948700E1,3.388089069E1
5.382777563E1,1.098207855E1,2.740835190E1,-1.589217377E1,3.353185038E1
5.383770563E1,1.132798004E1,2.758590698E1,-1.648017120E1,3.407200374E1
5.384763563E1,1.099743652E1,2.752895355E1,-1.640212250E1,3.387944091E1
5.385756563E1,1.116284943E1,2.738903046E1,-1.664653015E1,3.393928642E1
5.386749563E1,1.109844208E1,2.756809616E1,-1.605926514E1,3.377980668E1
5.387742563E1,1.126960754E1,2.741431808E1,-1.657077026E1,3.395790508E1
5.388735662E1,1.102275085E1,2.737443924E1,-1.606420898E1,3.359940134E1
5.389728662E1,1.129264832E1,2.752567291E1,-1.635097504E1,3.394909365E1
5.390721662E1,1.106989288E1,2.749695206E1,-1.632068634E1,3.383769649E1
5.391714662E1,1.119680023E1,2.757592010E1,-1.660097504E1,3.407920300E1
5.392707662E1,1.115712738E1,2.778498459E1,-1.635975647E1,3.411932725E1
5.393700662E1,1.150654602E1,2.766261292E1,-1.670798492E1,3.430419092E1
5.394693662E1,1.103857422E1,2.772531891E1,-1.675540161E1,3.422406920E1
5.395686763E1,1.109619904E1,2.762600708E1,-1.674110413E1,3.415532854E1
5.396679763E1,1.113275909E1,2.763236618E1,-1.663996124E1,3.412292918E1
5.397672763E1,1.124617004E1,2.751032257E1,-1.673094940E1,3.410599444E1
5.398665763E1,1.112829590E1,2.753802872E1,-1.640803528E1,3.393236828E1
5.399658763E1,1.109854126E1,2.738727188E1,-1.638288879E1,3.378815361E1
5.400651763E1,1.108792877E1,2.730301285E1,-1.640109253E1,3.372525035E1
5.401644763E1,1.139171600E1,2.746949387E1,-1.674218750E1,3.412689744E1
5.402637763E1,1.118389893E1,2.742644882E1,-1.653006744E1,3.391950501E1
5.403630862E1,1.119390869E1,2.740046692E1,-1.644243622E1,3.385916254E1
5.404623863E1,1.111515045E1,2.717156219E1,-1.669893646E1,3.377417417E1
5.405616863E1,1.109081268E1,2.719122314E1,-1.645756531E1,3.366333611E1
5.406609863E1,1.111720276E1,2.734447861E1,-1.625679016E1,3.369860433E1
5.407602863E1,1.114238739E1,2.725708389E1,-1.663338470E1,3.381968223E1
5.408595863E1,1.147597504E1,2.734533310E1,-1.680242920E1,3.408499483E1
5.409588863E1,1.146177673E1,2.726613617E1,-1.667017365E1,3.395157135E1
5.410581962E1,1.131245422E1,2.725241470E1,-1.660583496E1,3.385881691E1
5.411574962E1,1.149483490E1,2.743195343E1,-1.671463013E1,3.411776896E1
5.412567962E1,1.159362793E1,2.734625244E1,-1.690621948E1,3.417674631E1
5.413560962E1,1.135979462E1,2.729868698E1,-1.640037537E1,3.381176654E1
5.414553962E1,1.126058197E1,2.725548935E1,-1.679685974E1,3.393813347E1
5.415546962E1,1.134269714E1,2.729735947E1,-1.676977539E1,3.398570257E1
5.416539962E1,1.148667145E1,2.744538879E1,-1.720127869E1,3.436680048E1
5.417533063E1,1.142723083E1,2.725098038E1,-1.650260925E1,3.384573309E1
5.418526063E1,1.120215607E1,2.718197250E1,-1.608355713E1,3.351162096E1
5.419519063E1,1.160160828E1,2.760643768E1,-1.594752502E1,3.392692545E1
5.420512063E1,1.122026062E1,2.742108536E1,-1.611975098E1,3.372916456E1
5.421505063E1,1.140638733E1,2.746336746E1,-1.633978271E1,3.393126469E1
5.422498063E1,1.132775879E1,2.736491776E1,-1.643260956E1,3.387015648E1
5.423491063E1,1.109719086E1,2.719611740E1,-1.623201752E1,3.355972049E1
5.424484162E1,1.115905762E1,2.715792084E1,-1.654649353E1,3.370257675E1
5.425477162E1,1.131935883E1,2.704450226E1,-1.645246124E1,3.361869223E1
5.426470162E1,1.132147980E1,2.723003006E1,-1.632477570E1,3.370680559E1
5.427463162E1,1.141637421E1,2.692614365E1,-1.672012329E1,3.368847480E1
5.428456162E1,1.120479584E1,2.729493713E1,-1.645498657E1,3.378354076E1
5.429449162E1,1.112878418E1,2.717856598E1,-1.647724915E1,3.367527320E1
5.430442162E1,1.098462677E1,2.722530746E1,-1.646887970E1,3.366160113E1
5.431435263E1,1.115734863E1,2.713482285E1,-1.635110474E1,3.358784997E1
5.432428263E1,1.125984192E1,2.704647827E1,-1.634860229E1,3.354955773E1
5.433421263E1,1.139649200E1,2.700884628E1,-1.644815826E1,3.361398099E1
5.434414263E1,1.108802032E1,2.716711426E1,-1.626673126E1,3.355000503E1
5.435407263E1,1.124021912E1,2.707874298E1,-1.614727020E1,3.347140843E1
5.436400263E1,1.133528900E1,2.703457642E1,-1.656584167E1,3.367171230E1
5.437393263E1,1.130233765E1,2.714200592E1,-1.656651306E1,3.374730621E1
5.438386267E1,1.128447723E1,2.698641968E1,-1.637705994E1,3.352334061E1
5.439379267E1,1.140054321E1,2.707119751E1,-1.688034821E1,3.387872896E1
5.440372267E1,1.117015839E1,2.701869583E1,-1.644388580E1,3.354375863E1
5.441365267E1,1.164732361E1,2.702447128E1,-1.638539886E1,3.368179763E1
5.442358267E1,1.130640411E1,2.703850555E1,-1.633568573E1,3.355249894E1
5.443351267E1,1.141811371E1,2.689757919E1,-1.649084473E1,3.355295884E1
5.444344267E1,1.118630981E1,2.682235336E1,-1.591520691E1,3.313406070E1
5.445337267E1,1.126319885E1,2.699653625E1,-1.638549805E1,3.352845306E1
5.446330367E1,1.152673340E1,2.702476883E1,-1.641713715E1,3.365599657E1
5.447323367E1,1.164311981E1,2.685704803E1,-1.629412842E1,3.350166994E1
5.448316367E1,1.130905151E1,2.697546387E1,-1.609632874E1,3.338655561E1
5.449309367E1,1.146872711E1,2.723821640E1,-1.612530518E1,3.366715909E1
5.450302367E1,1.105612183E1,2.726734924E1,-1.626661682E1,3.362066310E1
5.451295367E1,1.141867828E1,2.710071182E1,-1.651260376E1,3.372685692E1
5.452288367E1,1.131254578E1,2.685403442E1,-1.624752808E1,3.336307878E1
5.453281467E1,1.150222015E1,2.707975006E1,-1.634441376E1,3.365640790E1
5.454274467E1,1.131484985E1,2.707667160E1,-1.639253235E1,3.361379314E1
5.455267467E1,1.109027863E1,2.727788162E1,-1.678433228E1,3.389381825E1
5.456260467E1,1.107402802E1,2.725200272E1,-1.625945282E1,3.361064645E1
5.457253467E1,1.132060242E1,2.697981644E1,-1.627564240E1,3.348078657E1
5.458246467E1,1.075432587E1,2.693727875E1,-1.630840302E1,3.327516371E1
5.459239467E1,1.108251190E1,2.703086090E1,-1.632548523E1,3.346656509E1
5.460232567E1,1.088481903E1,2.699168396E1,-1.617528534E1,3.329669870E1
5.461225567E1,1.141089630E1,2.696126556E1,-1.633229828E1,3.352405647E1
5.462218567E1,1.132117462E1,2.685971451E1,-1.618233490E1,3.333888452E1
5.463211567E1,1.124296570E1,2.692765808E1,-1.637722015E1,3.346216352E1
5.464204567E1,1.107180023E1,2.710385895E1,-1.612460327E1,3.342464302E1
5.465197567E1,1.135356140E1,2.725437927E1,-1.650904846E1,3.382681225E1
5.466190567E1,1.089199066E1,2.729877853E1,-1.621978760E1,3.356993118E1
5.467183567E1,1.122305298E1,2.712540817E1,-1.640206909E1,3.362696176E1
5.468176667E1,1.114125824E1,2.707679749E1,-1.639199829E1,3.355559872E1
5.469169667E1,1.110703278E1,2.707196808E1,-1.689667511E1,3.378986923E1
5.470162667E1,1.096516418E1,2.709657288E1,-1.655450439E1,3.359331337E1
5.471155667E1,1.126746368E1,2.687606430E1,-1.670972443E1,3.359305673E1
5.472148667E1,1.113608551E1,2.681759644E1,-1.638178253E1,3.334004616E1
5.473141667E1,1.126717377E1,2.702141571E1,-1.648977661E1,3.360087565E1
5.474134667E1,1.112853241E1,2.685288239E1,-1.645085907E1,3.339988458E1
5.475127767E1,1.123786926E1,2.715710068E1,-1.632595062E1,3.362044745E1
5.476120767E1,1.082773590E1,2.712809372E1,-1.617984009E1,3.339102512E1
5.477113767E1,1.121360016E1,2.683714676E1,-1.655329132E1,3.346623266E1
5.478106767E1,1.107361603E1,2.695243454E1,-1.639825439E1,3.343593048E1
5.479099767E1,1.126873016E1,2.679908371E1,-1.651371002E1,3.343467939E1
5.480092767E1,1.115325165E1,2.678443146E1,-1.667118073E1,3.346235284E1
5.481085767E1,1.138573456E1,2.688410568E1,-1.659220123E1,3.358111421E1
5.482078867E1,1.123593903E1,2.694516754E1,-1.624420166E1,3.340901775E1
5.483071867E1,1.122295380E1,2.672443390E1,-1.616809845E1,3.318971929E1
5.484064867E1,1.117124939E1,2.668873978E1,-1.604991913E1,3.308603252E1
5.485057867E1,1.112454224E1,2.691241074E1,-1.587945557E1,3.316911818E1
5.486050867E1,1.092671967E1,2.697085190E1,-1.579767609E1,3.311172941E1
5.487043867E1,1.108462524E1,2.724039841E1,-1.636792755E1,3.365735097E1
5.488036867E1,1.119699097E1,2.711979675E1,-1.649226379E1,3.365784823E1
5.489029967E1,1.112973022E1,2.691534424E1,-1.646478271E1,3.345737169E1
5.490022967E1,1.124153137E1,2.677768707E1,-1.622743225E1,3.326779389E1
5.491015967E1,1.127893829E1,2.687276459E1,-1.608331299E1,3.328712788E1
5.492008967E1,1.125463104E1,2.702692032E1,-1.601855469E1,3.337237235E1
5.493001967E1,1.129154205E1,2.698869705E1,-1.658909607E1,3.363163390E1
5.493994967E1,1.140379333E1,2.669710159E1,-1.641020966E1,3.334781427E1
5.494987967E1,1.127101135E1,2.679480362E1,-1.655282593E1,3.345135639E1
5.495981067E1,1.118355560E1,2.689135742E1,-1.638146210E1,3.341510617E1
5.496974067E1,1.106403351E1,2.680912018E1,-1.665631866E1,3.344509999E1
5.497967067E1,1.110562134E1,2.665876389E1,-1.652584839E1,3.327353576E1
5.498960067E1,1.108923340E1,2.691252518E1,-1.649993896E1,3.345897629E1
5.499953067E1,1.117293549E1,2.702159882E1,-1.651684570E1,3.358284505E1
5.500946067E1,1.105677032E1,2.693320084E1,-1.646941376E1,3.344982910E1
5.501939067E1,1.106645966E1,2.676414871E1,-1.628103638E1,3.322436352E1
5.502932167E1,1.116765594E1,2.673899078E1,-1.628105164E1,3.323797241E1
5.503925167E1,1.115006256E1,2.683584976E1,-1.632219696E1,3.333017914E1
5.504918167E1,1.091493988E1,2.687360001E1,-1.643189240E1,3.333666716E1
5.505911167E1,1.099160767E1,2.685839844E1,-1.668293762E1,3.347401101E1
5.506904167E1,1.101729584E1,2.686690903E1,-1.645198059E1,3.337482994E1
5.507897167E1,1.103425598E1,2.683002090E1,-1.643759918E1,3.334365747E1
5.508890167E1,1.082611847E1,2.694107056E1,-1.673348999E1,3.351172647E1
5.509883167E1,1.089612579E1,2.690036011E1,-1.643236542E1,3.335232472E1
5.510876267E1,1.097610474E1,2.688102341E1,-1.677062988E1,3.353085626E1
5.511869267E1,1.098046875E1,2.698185349E1,-1.682021332E1,3.363793524E1
5.512862267E1,1.100538635E1,2.683259583E1,-1.655673218E1,3.339509107E1
5.513855267E1,1.115953064E1,2.700177765E1,-1.651420593E1,3.356114000E1
5.514848267E1,1.113804626E1,2.691476440E1,-1.615036774E1,3.330608046E1
5.515841267E1,1.133968353E1,2.692471313E1,-1.610282898E1,3.335910222E1
5.516834267E1,1.112831116E1,2.685276031E1,-1.617722321E1,3.326578718E1
5.517827367E1,1.120248413E1,2.681235886E1,-1.645510101E1,3.339414002E1
5.518820367E1,1.117278290E1,2.669672394E1,-1.642182159E1,3.327495111E1
5.519813367E1,1.114648438E1,2.674321365E1,-1.678830719E1,3.348568125E1
5.520806367E1,1.107442474E1,2.697826004E1,-1.669384766E1,3.360288600E1
5.521799367E1,1.110223389E1,2.673538208E1,-1.678665924E1,3.346389369E1
5.522792367E1,1.084891510E1,2.680744553E1,-1.671131897E1,3.340069275E1
5.523785367E1,1.129483032E1,2.709277725E1,-1.669364929E1,3.376787968E1
5.524778467E1,1.098000336E1,2.695332718E1,-1.680533600E1,3.360746402E1
5.525771467E1,1.119048309E1,2.702667618E1,-1.687464905E1,3.377013351E1
5.526764467E1,1.109959412E1,2.705149078E1,-1.675303650E1,3.369938241E1
5.527757467E1,1.109944153E1,2.705758286E1,-1.699645996E1,3.382587831E1
5.528750467E1,1.102137756E1,2.695204544E1,-1.689090729E1,3.366283211E1
5.529743467E1,1.121789551E1,2.683365250E1,-1.702835846E1,3.370238979E1
5.530736467E1,1.105052185E1,2.690773010E1,-1.663055420E1,3.350694414E1
5.531729567E1,1.140166473E1,2.695243835E1,-1.674122620E1,3.371498994E1
5.532722567E1,1.122909546E1,2.702394485E1,-1.664139557E1,3.366485150E1
5.533715567E1,1.137175751E1,2.685661697E1,-1.684191132E1,3.367854986E1
5.534708567E1,1.108737946E1,2.683731079E1,-1.699752045E1,3.364649960E1
5.535701567E1,1.123296356E1,2.703464508E1,-1.682679749E1,3.376673835E1
5.536694567E1,1.103826141E1,2.718854904E1,-1.706513977E1,3.394524134E1
5.537687567E1,1.121446991E1,2.705522919E1,-1.685368347E1,3.379047807E1
5.538680612E1,1.104378510E1,2.695512772E1,-1.633506775E1,3.339728339E1
5.539673713E1,1.135258484E1,2.655690384E1,-1.664950562E1,3.333701188E1
5.540666713E1,1.095568085E1,2.671933746E1,-1.650341034E1,3.326127614E1
5.541659713E1,1.134146118E1,2.679187393E1,-1.679035187E1,3.359090898E1
5.542652713E1,1.118577576E1,2.694763565E1,-1.638143921E1,3.346114459E1
5.543645713E1,1.138228607E1,2.689709854E1,-1.654390717E1,3.356651919E1
5.544638713E1,1.123396301E1,2.696572876E1,-1.680961609E1,3.370334769E1
5.545631713E1,1.149929810E1,2.688714981E1,-1.673143768E1,3.369115149E1
5.546624812E1,1.115655518E1,2.689323425E1,-1.660205078E1,3.351630741E1
5.547617812E1,1.121513367E1,2.682247162E1,-1.684368134E1,3.359961023E1
5.548610812E1,1.102561188E1,2.689754105E1,-1.661523438E1,3.348294857E1
5.549603812E1,1.136713409E1,2.686878204E1,-1.677694702E1,3.365425883E1
5.550596812E1,1.125753021E1,2.691121292E1,-1.652538300E1,3.352661108E1
5.551589812E1,1.166054535E1,2.695727158E1,-1.665027618E1,3.376232376E1
5.552582812E1,1.131106567E1,2.688748169E1,-1.630718994E1,3.341857750E1
5.553575913E1,1.143705750E1,2.678951645E1,-1.668611908E1,3.356949576E1
5.554568913E1,1.132738495E1,2.681089783E1,-1.683975220E1,3.362604863E1
5.555561913E1,1.156287384E1,2.688649750E1,-1.677991486E1,3.373646902E1
5.556554913E1,1.126473999E1,2.679231262E1,-1.656814575E1,3.345483278E1
5.557547913E1,1.129666901E1,2.676977539E1,-1.681822205E1,3.357213425E1
5.558540913E1,1.106605530E1,2.648266983E1,-1.665016174E1,3.318158024E1
5.559533913E1,1.144219971E1,2.697397995E1,-1.671696472E1,3.373390636E1
5.560527013E1,1.107102203E1,2.685883713E1,-1.659584808E1,3.345723889E1
5.561520013E1,1.112747192E1,2.668839264E1,-1.645850372E1,3.327120794E1
5.562513013E1,1.089723206E1,2.684146881E1,-1.653238678E1,3.335466874E1
5.563506013E1,1.095092773E1,2.682944107E1,-1.705001068E1,3.362208486E1
5.564499013E1,1.070322418E1,2.687932968E1,-1.686386108E1,3.348801551E1
5.565492013E1,1.094691467E1,2.660375214E1,-1.691799927E1,3.337384107E1
5.566485013E1,1.084885406E1,2.684843445E1,-1.680457306E1,3.348028887E1
5.567478112E1,1.111494446E1,2.672787094E1,-1.702709198E1,3.358337292E1
5.568471112E1,1.098671722E1,2.666919327E1,-1.705638885E1,3.350931551E1
5.569464112E1,1.108116913E1,2.647862625E1,-1.681014252E1,3.326395720E1
5.570457112E1,1.106262970E1,2.677804184E1,-1.672454071E1,3.345378249E1
5.571450112E1,1.115833282E1,2.691257858E1,-1.669789124E1,3.357997691E1
5.572443112E1,1.088457489E1,2.671086884E1,-1.605986786E1,3.301308589E1
5.573436112E1,1.126542664E1,2.692023849E1,-1.647045898E1,3.350947772E1
5.574429112E1,1.102223206E1,2.701979065E1,-1.612039948E1,3.333805581E1
5.575422213E1,1.133173370E1,2.697137451E1,-1.621083069E1,3.344628923E1
5.576415213E1,1.114116669E1,2.693245316E1,-1.646959686E1,3.347730946E1
5.577408213E1,1.100398254E1,2.695910263E1,-1.645401001E1,3.344570663E1
5.578401213E1,1.134918213E1,2.695116425E1,-1.617999268E1,3.342097174E1
5.579394213E1,1.105209351E1,2.701043701E1,-1.631455994E1,3.343467279E1
5.580387213E1,1.107728577E1,2.683975983E1,-1.666622162E1,3.347897714E1
5.581380213E1,1.108304596E1,2.699064255E1,-1.677333832E1,3.365521611E1
5.582373312E1,1.103513336E1,2.684297943E1,-1.678772736E1,3.352830898E1
5.583366312E1,1.115679932E1,2.685150528E1,-1.686273193E1,3.361293256E1
5.584359312E1,1.103174591E1,2.686000061E1,-1.699826050E1,3.364669242E1
5.585352312E1,1.115521240E1,2.695590210E1,-1.675543976E1,3.364229753E1
5.586345312E1,1.111981964E1,2.686356735E1,-1.650350952E1,3.343153401E1
5.587338312E1,1.123769379E1,2.674032211E1,-1.651142120E1,3.337600363E1
5.588331312E1,1.121682739E1,2.695427322E1,-1.643339539E1,3.350233642E1
5.589324413E1,1.118793488E1,2.686354065E1,-1.679470825E1,3.359883820E1
5.590317413E1,1.092208099E1,2.680807114E1,-1.674228668E1,3.344052474E1
5.591310413E1,1.111107635E1,2.695925522E1,-1.686591339E1,3.368555320E1
5.592303413E1,1.127275085E1,2.691426849E1,-1.654325867E1,3.354298984E1
5.593296413E1,1.135142517E1,2.689219666E1,-1.664730072E1,3.360323966E1
5.594289413E1,1.112140656E1,2.706775284E1,-1.646041107E1,3.357520008E1
5.595282412E1,1.092967987E1,2.707156372E1,-1.676300049E1,3.366490234E1
5.596275412E1,1.082338715E1,2.692878723E1,-1.680239105E1,3.353543851E1
5.597268513E1,1.072054291E1,2.718569946E1,-1.672682190E1,3.367163296E1
5.598261513E1,1.126166534E1,2.703006363E1,-1.650434875E1,3.361313693E1
5.599254513E1,1.090091705E1,2.691534042E1,-1.668811035E1,3.349266442E1
5.600247513E1,1.102968597E1,2.710643387E1,-1.650673676E1,3.359888522E1
5.601240513E1,1.083937073E1,2.725543976E1,-1.663325500E1,3.371966972E1
5.602233513E1,1.064085388E1,2.718395233E1,-1.681665039E1,3.368968338E1
5.603226513E1,1.063173676E1,2.729964066E1,-1.711278534E1,3.392862550E1
5.604219612E1,1.075008392E1,2.727285385E1,-1.704946136E1,3.391249024E1
5.605212612E1,1.040602112E1,2.731098175E1,-1.683541870E1,3.372842010E1
5.606205612E1,1.065884399E1,2.718215179E1,-1.711647034E1,3.384455478E1
5.607198612E1,1.066181183E1,2.709214020E1,-1.683049011E1,3.362920887E1
5.608191612E1,1.083876801E1,2.731245804E1,-1.708451080E1,3.399014218E1
5.609184612E1,1.101638031E1,2.709801483E1,-1.683201599E1,3.374877487E1
5.610177612E1,1.095281219E1,2.711201859E1,-1.662241364E1,3.363525356E1
5.611170713E1,1.071658325E1,2.718322754E1,-1.642565155E1,3.351977096E1
5.612163713E1,1.083856964E1,2.709879684E1,-1.691921997E1,3.373543221E1
5.613156713E1,1.093389130E1,2.704493332E1,-1.676136017E1,3.364404244E1
5.614149713E1,1.103137970E1,2.727117538E1,-1.668656158E1,3.382084686E1
5.615142713E1,1.104168701E1,2.730120087E1,-1.675966644E1,3.388452213E1
5.616135713E1,1.098270416E1,2.712938309E1,-1.675748444E1,3.372590254E1
5.617128713E1,1.098674011E1,2.706452179E1,-1.665320587E1,3.362329644E1
5.618121713E1,1.111605835E1,2.736940384E1,-1.650341797E1,3.383805290E1
5.619114812E1,1.070310974E1,2.717193604E1,-1.636314392E1,3.347570978E1
5.620107812E1,1.105688477E1,2.720144653E1,-1.644766235E1,3.365559376E1
5.621100812E1,1.101950073E1,2.729694366E1,-1.643424225E1,3.371404526E1
5.622093812E1,1.127143097E1,2.710560989E1,-1.640664673E1,3.362941124E1
5.623086812E1,1.108417511E1,2.727682877E1,-1.663259888E1,3.381608598E1
5.624079812E1,1.132998657E1,2.729961395E1,-1.652610016E1,3.386369006E1
5.625072813E1,1.093083954E1,2.733625793E1,-1.650244141E1,3.375033071E1
5.626065913E1,1.116613770E1,2.706597137E1,-1.631616211E1,3.351815304E1
5.627058913E1,1.109377289E1,2.704040527E1,-1.627286530E1,3.345237599E1
5.628051912E1,1.143310547E1,2.716382599E1,-1.655071259E1,3.380111581E1
5.629044912E1,1.090441895E1,2.731771851E1,-1.629004669E1,3.362335079E1
5.630037912E1,1.108091736E1,2.726573181E1,-1.653929901E1,3.376026174E1
5.631030912E1,1.099982452E1,2.708337402E1,-1.655651093E1,3.359498984E1
5.632023912E1,1.131973267E1,2.687283325E1,-1.703837585E1,3.377264820E1
5.633017013E1,1.117542267E1,2.715892410E1,-1.679454803E1,3.383125883E1
5.634010013E1,1.135717773E1,2.706003952E1,-1.719377136E1,3.401260059E1
5.635003013E1,1.090335846E1,2.720151901E1,-1.698158264E1,3.387004593E1
5.635996013E1,1.135134888E1,2.726113892E1,-1.680446625E1,3.397665231E1
5.636989013E1,1.091152954E1,2.703771591E1,-1.626941681E1,3.338852321E1
5.637982013E1,1.112720490E1,2.704940414E1,-1.620137024E1,3.343604867E1
5.638975013E1,1.100843048E1,2.697126389E1,-1.644763184E1,3.345383700E1
5.639968013E1,1.144824219E1,2.704289246E1,-1.663076019E1,3.374851798E1
5.640961112E1,1.091220093E1,2.692887878E1,-1.644972992E1,3.338913380E1
5.641954112E1,1.134249115E1,2.719303131E1,-1.679055023E1,3.391217531E1
5.642947112E1,1.094114685E1,2.690234756E1,-1.669950867E1,3.350102370E1
5.643940112E1,1.121872711E1,2.689960098E1,-1.716232300E1,3.382297594E1
5.644933112E1,1.116836548E1,2.692205811E1,-1.682637024E1,3.365496004E1
5.645926112E1,1.101042938E1,2.718237686E1,-1.666387177E1,3.373122869E1
5.646919112E1,1.081106567E1,2.703927231E1,-1.646214294E1,3.345151025E1
5.647912213E1,1.104416656E1,2.698146820E1,-1.728997040E1,3.389566813E1
5.648905213E1,1.101103210E1,2.719866180E1,-1.700212860E1,3.391286495E1
5.649898213E1,1.098908997E1,2.729401398E1,-1.705075836E1,3.400664138E1
5.650891213E1,1.066048431E1,2.728012848E1,-1.684458923E1,3.378744622E1
5.651884213E1,1.087677765E1,2.740808487E1,-1.709204865E1,3.408292146E1
5.652877213E1,1.087455750E1,2.726295853E1,-1.651380920E1,3.367834323E1
5.653870213E1,1.112528992E1,2.744585800E1,-1.690255737E1,3.409902701E1
5.654863312E1,1.095115662E1,2.757051468E1,-1.692170715E1,3.415267609E1
5.655856312E1,1.119419861E1,2.762548065E1,-1.689299011E1,3.426149995E1
5.656849312E1,1.120563507E1,2.753264999E1,-1.712428284E1,3.430530769E1
5.657842312E1,1.125548553E1,2.743451309E1,-1.732810974E1,3.434533229E1
5.658835313E1,1.124701691E1,2.757557297E1,-1.729737854E1,3.443990299E1
5.659828313E1,1.128871155E1,2.734983826E1,-1.733935547E1,3.429434223E1
5.660821313E1,1.122482300E1,2.748526764E1,-1.693321991E1,3.417850970E1
5.661814313E1,1.113121033E1,2.768424606E1,-1.710903168E1,3.439535271E1
5.662807412E1,1.108311462E1,2.757052231E1,-1.722708893E1,3.434736850E1
5.663800412E1,1.112812042E1,2.752912521E1,-1.756407928E1,3.449905332E1
5.664793412E1,1.104549408E1,2.768653107E1,-1.728524017E1,3.445760395E1
5.665786412E1,1.125886536E1,2.749160385E1,-1.725703430E1,3.435630312E1
5.666779412E1,1.118496704E1,2.763300705E1,-1.699517822E1,3.431504989E1
5.667772412E1,1.150619507E1,2.783217621E1,-1.710673523E1,3.463615088E1
5.668765412E1,1.160475922E1,2.782315826E1,-1.742294312E1,3.481892473E1
5.669758513E1,1.162207031E1,2.770691299E1,-1.753297424E1,3.478722081E1
5.670751513E1,1.181277466E1,2.756914520E1,-1.755490875E1,3.475304639E1
5.671744513E1,1.198967743E1,2.772684860E1,-1.722982025E1,3.477638860E1
5.672737513E1,1.197954559E1,2.787987900E1,-1.737248230E1,3.496570186E1
5.673730513E1,1.216967010E1,2.775686646E1,-1.786765289E1,3.518234679E1
5.674723513E1,1.241433716E1,2.786764908E1,-1.803068542E1,3.543765299E1
5.675716513E1,1.231460571E1,2.778654480E1,-1.782987213E1,3.523699655E1
5.676709612E1,1.269237518E1,2.776245880E1,-1.824687195E1,3.556401049E1
5.677702612E1,1.304266357E1,2.781682205E1,-1.818555450E1,3.570155536E1
5.678695612E1,1.301141357E1,2.783618927E1,-1.815763855E1,3.569103745E1
5.679688612E1,1.300854492E1,2.788291931E1,-1.821017456E1,3.575318011E1
5.680681612E1,1.313932037E1,2.800480270E1,-1.854846954E1,3.606877371E1
5.681674612E1,1.332266235E1,2.811198425E1,-1.876000214E1,3.632787733E1
5.682667612E1,1.361169434E1,2.831521225E1,-1.884213257E1,3.663407467E1
5.683660612E1,1.417505646E1,2.818489456E1,-1.910784149E1,3.688400891E1
5.684653713E1,1.390927124E1,2.814278412E1,-1.863254547E1,3.650555951E1
5.685646713E1,1.401152039E1,2.833200073E1,-1.838224030E1,3.656407701E1
5.686639713E1,1.439417267E1,2.816270828E1,-1.852719116E1,3.665497452E1
5.687632713E1,1.462281036E1,2.832555389E1,-1.846228790E1,3.683774777E1
5.688625713E1,1.455126190E1,2.819906998E1,-1.881928253E1,3.689298261E1
5.689618713E1,1.465869904E1,2.821742249E1,-1.900309753E1,3.704346238E1
5.690611713E1,1.456880188E1,2.822287369E1,-1.908049011E1,3.705193234E1
5.691604813E1,1.466838837E1,2.814949799E1,-1.899864960E1,3.699330400E1
5.692597813E1,1.457512665E1,2.842167664E1,-1.872341156E1,3.702421046E1
5.693590813E1,1.465562439E1,2.848392487E1,-1.885372925E1,3.716967055E1
5.694583813E1,1.460640717E1,2.864897537E1,-1.926255035E1,3.748542072E1
5.695576813E1,1.448471832E1,2.868966293E1,-1.939624023E1,3.753821998E1
5.696569813E1,1.437194824E1,2.874866104E1,-1.928391266E1,3.748209833E1
5.697562813E1,1.473668671E1,2.880643082E1,-1.944943237E1,3.775262655E1
5.698555813E1,1.471739197E1,2.900924301E1,-1.939812469E1,3.787380425E1
5.699548912E1,1.466673279E1,2.898682785E1,-1.950415039E1,3.789143864E1
5.700541912E1,1.456982422E1,2.879708481E1,-1.943866730E1,3.767510660E1
5.701534912E1,1.469214630E1,2.889878464E1,-1.966143036E1,3.791531037E1
5.702527912E1,1.444050598E1,2.892904282E1,-1.921423340E1,3.761122833E1
5.703520912E1,1.463759613E1,2.907261658E1,-1.936978149E1,3.787696781E1
5.704513912E1,1.483612823E1,2.921800232E1,-1.922120667E1,3.799022435E1
5.705506912E1,1.475942993E1,2.902772141E1,-1.946504974E1,3.793860229E1
5.706500013E1,1.465647888E1,2.903197479E1,-1.922109985E1,3.777722347E1
5.707493013E1,1.492469788E1,2.906929779E1,-1.930480194E1,3.795320881E1
5.708486013E1,1.464769745E1,2.897208023E1,-1.916274261E1,3.769810576E1
5.709479013E1,1.507872009E1,2.893672562E1,-1.909323883E1,3.780547127E1
5.710472013E1,1.477687073E1,2.898150635E1,-1.917427826E1,3.776157525E1
5.711465013E1,1.469535828E1,2.875823593E1,-1.924006653E1,3.759215143E1
5.712458013E1,1.462618256E1,2.862431717E1,-1.904944611E1,3.736519967E1
5.713451112E1,1.446566772E1,2.868468475E1,-1.914723969E1,3.739897685E1
5.714444112E1,1.427302551E1,2.883653641E1,-1.899766541E1,3.736544366E1
5.715437112E1,1.459142303E1,2.844354248E1,-1.901840210E1,3.719737025E1
5.716430112E1,1.439740753E1,2.842293930E1,-1.850170135E1,3.684374811E1
5.717423112E1,1.494114685E1,2.847620773E1,-1.890042877E1,3.730091800E1
5.718416112E1,1.473826599E1,2.835412216E1,-1.866521454E1,3.700760681E1
5.719409112E1,1.500215149E1,2.846757889E1,-1.919550323E1,3.746911984E1
5.720402112E1,1.467516327E1,2.843479156E1,-1.912817383E1,3.727981790E1
5.721395213E1,1.493249512E1,2.860358429E1,-1.900193787E1,3.744620258E1
5.722388213E1,1.449348450E1,2.845865250E1,-1.894522095E1,3.713323837E1
5.723381213E1,1.470669556E1,2.828213120E1,-1.911903381E1,3.717126973E1
5.724374213E1,1.471209717E1,2.809080505E1,-1.936408234E1,3.715517213E1
5.725367213E1,1.497269440E1,2.802565384E1,-1.934265137E1,3.719888456E1
5.726360213E1,1.485505676E1,2.789705658E1,-1.936110687E1,3.706441604E1
5.727353213E1,1.499326324E1,2.801082230E1,-1.919165802E1,3.711770260E1
5.728346313E1,1.481670380E1,2.815565872E1,-1.873915863E1,3.692467868E1
5.729339313E1,1.488425446E1,2.788384247E1,-1.920191193E1,3.698328167E1
5.730332313E1,1.458689880E1,2.818453598E1,-1.909925079E1,3.703953383E1
5.731325313E1,1.486418915E1,2.815847778E1,-1.897589111E1,3.706654062E1
5.732318313E1,1.487380219E1,2.816494370E1,-1.903601837E1,3.710611864E1
5.733311313E1,1.500233459E1,2.828324890E1,-1.907683563E1,3.726845676E1
5.734304313E1,1.477947235E1,2.828791428E1,-1.953670502E1,3.742087305E1
5.735297412E1,1.494168854E1,2.819802856E1,-1.947588348E1,3.738573135E1
5.736290412E1,1.477313232E1,2.842333984E1,-1.897242737E1,3.723015830E1
5.737283412E1,1.498276520E1,2.828181839E1,-1.913728333E1,3.729048293E1
5.738276425E1,1.473176575E1,2.825233841E1,-1.891724396E1,3.705511660E1
5.739269425E1,1.499619293E1,2.799148178E1,-1.897887421E1,3.699468233E1
5.740262425E1,1.459993744E1,2.812750244E1,-1.896144104E1,3.693035084E1
5.741255425E1,1.489982605E1,2.816118240E1,-1.949869537E1,3.735312747E1
5.742248425E1,1.480670166E1,2.810051346E1,-1.915180969E1,3.709001328E1
5.743241525E1,1.497138977E1,2.832133484E1,-1.910276794E1,3.729820722E1
5.744234525E1,1.474408722E1,2.813283157E1,-1.922078705E1,3.712523367E1
5.745227525E1,1.503334808E1,2.822607803E1,-1.960873413E1,3.751287099E1
5.746220525E1,1.473352051E1,2.825811768E1,-1.961155701E1,3.741939349E1
5.747213525E1,1.485674286E1,2.808157730E1,-1.980465698E1,3.743691000E1
5.748206525E1,1.475600433E1,2.784539032E1,-1.948085785E1,3.704874152E1
5.749199525E1,1.499240875E1,2.794340515E1,-1.987886810E1,3.742693694E1
5.750192525E1,1.485928345E1,2.810573196E1,-2.012884521E1,3.762845843E1
5.751185625E1,1.469701385E1,2.794972229E1,-1.994866943E1,3.735155424E1
5.752178625E1,1.467016602E1,2.782286072E1,-1.988295746E1,3.721098422E1
5.753171625E1,1.494115448E1,2.784141159E1,-2.014550781E1,3.747297402E1
5.754164625E1,1.473796082E1,2.778204727E1,-2.005667877E1,3.730040218E1
5.755157625E1,1.503044128E1,2.787973785E1,-2.005653381E1,3.748944514E1
5.756150625E1,1.484148407E1,2.787889862E1,-1.974982452E1,3.724994237E1
5.757143625E1,1.516815186E1,2.809589767E1,-1.968027496E1,3.750687296E1
5.758136725E1,1.477745819E1,2.813190842E1,-1.922309113E1,3.713899264E1
5.759129725E1,1.492219543E1,2.796324158E1,-1.944943237E1,3.718729912E1
5.760122725E1,1.469654846E1,2.803076172E1,-1.946212006E1,3.715489546E1
5.761115725E1,1.490012360E1,2.816895294E1,-1.992424011E1,3.758296073E1
5.762108725E1,1.494886017E1,2.804235077E1,-1.970891571E1,3.739362533E1
5.763101725E1,1.479023743E1,2.814389038E1,-1.962440491E1,3.736237354E1
5.764094725E1,1.487839508E1,2.790129852E1,-1.967107391E1,3.723976703E1
5.765087825E1,1.470089722E1,2.783211136E1,-1.978784943E1,3.717931934E1
5.766080825E1,1.473863220E1,2.791962814E1,-1.995448303E1,3.734855162E1
5.767073825E1,1.491905975E1,2.794841003E1,-1.991704559E1,3.742166047E1
5.768066825E1,1.471956635E1,2.800894547E1,-1.985743713E1,3.735618381E1
5.769059825E1,1.501727295E1,2.813518143E1,-1.969647217E1,3.748410245E1
5.770052825E1,1.502002716E1,2.825117874E1,-1.933637238E1,3.738483132E1
5.771045825E1,1.482970428E1,2.816900635E1,-1.943200684E1,3.729632606E1
5.772038825E1,1.480577850E1,2.815330505E1,-1.954759979E1,3.733534947E1
5.773031925E1,1.467378998E1,2.821022797E1,-1.972528076E1,3.741956407E1
5.774024925E1,1.472227478E1,2.796414948E1,-1.992725372E1,3.736086818E1
5.775017925E1,1.471984863E1,2.816560364E1,-1.975672150E1,3.742062555E1
5.776010925E1,1.474443054E1,2.800002289E1,-1.971549225E1,3.728404683E1
5.777003925E1,1.481531525E1,2.796324539E1,-1.955794525E1,3.720147687E1
5.777996925E1,1.488472748E1,2.788422775E1,-1.960578156E1,3.719505263E1
5.778989925E1,1.492467499E1,2.781713486E1,-1.966637421E1,3.719281099E1
5.779983025E1,1.511038208E1,2.768146896E1,-1.978969574E1,3.723196782E1
5.780976025E1,1.479914856E1,2.774346924E1,-1.958532715E1,3.704456671E1
5.781969025E1,1.491128540E1,2.775246811E1,-1.965112305E1,3.713101878E1
5.782962025E1,1.507209778E1,2.779512405E1,-1.958535004E1,3.719305027E1
5.783955025E1,1.506008911E1,2.757555008E1,-1.959262085E1,3.702820598E1
5.784948025E1,1.496894836E1,2.751272202E1,-1.979471588E1,3.705199137E1
5.785941025E1,1.528892517E1,2.766907883E1,-1.983930969E1,3.732194214E1
5.786934025E1,1.486171722E1,2.761751938E1,-1.978433990E1,3.708123678E1
5.787927125E1,1.498204041E1,2.753741455E1,-1.985565186E1,3.710818839E1
5.788920125E1,1.480797577E1,2.765150452E1,-1.927831268E1,3.681759346E1
5.789913125E1,1.491583252E1,2.779412842E1,-1.967794800E1,3.717818274E1
5.790906125E1,1.476184845E1,2.757043076E1,-1.953712463E1,3.687465336E1
5.791899125E1,1.485548401E1,2.757276535E1,-1.978793335E1,3.704733594E1
5.792892125E1,1.467010498E1,2.768638611E1,-1.961907196E1,3.696830995E1
5.793885125E1,1.483538055E1,2.781516647E1,-1.972978973E1,3.718920011E1
5.794878225E1,1.482288361E1,2.767314529E1,-1.983687592E1,3.713519214E1
5.795871225E1,1.526070404E1,2.778339005E1,-1.980327606E1,3.737613668E1
5.796864225E1,1.478875732E1,2.785932541E1,-1.972923279E1,3.720338670E1
5.797857225E1,1.495263672E1,2.779091263E1,-1.981955719E1,3.726568149E1
5.798850225E1,1.478582001E1,2.783575821E1,-1.984515381E1,3.724620837E1
5.799843225E1,1.522124481E1,2.778012085E1,-1.947373962E1,3.718397428E1
5.800836225E1,1.507101440E1,2.791742706E1,-1.910601044E1,3.703454933E1
5.801829225E1,1.504460907E1,2.796362305E1,-1.931321716E1,3.716590956E1
5.802822325E1,1.487063599E1,2.798578644E1,-1.929653168E1,3.710385683E1
5.803815325E1,1.494982147E1,2.807777405E1,-1.947161102E1,3.729614180E1
5.804808325E1,1.478495026E1,2.778872299E1,-1.943466187E1,3.699343133E1
5.805801325E1,1.498937988E1,2.769012833E1,-1.972907257E1,3.715724721E1
5.806794325E1,1.500184631E1,2.784336853E1,-1.944491577E1,3.712698901E1
5.807787325E1,1.506894684E1,2.789638138E1,-1.983909607E1,3.740148374E1
5.808780325E1,1.480511475E1,2.782780838E1,-1.919169617E1,3.690392315E1
5.809773425E1,1.502778625E1,2.788008881E1,-1.957226562E1,3.723180486E1
5.810766425E1,1.472071838E1,2.775060272E1,-1.913712311E1,3.678348790E1
5.811759425E1,1.521656799E1,2.786728287E1,-1.932418060E1,3.716925278E1
5.812752425E1,1.485704803E1,2.812224960E1,-1.932370758E1,3.721556763E1
5.813745425E1,1.501511383E1,2.768452835E1,-1.938477325E1,3.698183591E1
5.814738425E1,1.498035431E1,2.772746277E1,-1.902851868E1,3.681450434E1
5.815731425E1,1.507417297E1,2.753334808E1,-1.963342285E1,3.702414402E1
5.816724425E1,1.492716980E1,2.779156494E1,-1.955216217E1,3.711439782E1
5.817717525E1,1.507533264E1,2.795581055E1,-2.002857208E1,3.754912379E1
5.818710525E1,1.479086304E1,2.792462921E1,-1.945104218E1,3.710657068E1
5.819703525E1,1.525649261E1,2.809455872E1,-1.953998566E1,3.746833111E1
5.820696525E1,1.509123230E1,2.817377090E1,-1.950167847E1,3.744091508E1
5.821689525E1,1.511112213E1,2.796570206E1,-1.986869812E1,3.748588626E1
5.822682525E1,1.488980865E1,2.783721161E1,-1.971773529E1,3.722104025E1
5.823675525E1,1.507463074E1,2.794171143E1,-1.951689911E1,3.726785586E1
5.824668625E1,1.478311920E1,2.786574173E1,-1.940487671E1,3.703497557E1
5.825661625E1,1.493656921E1,2.780512619E1,-1.977088165E1,3.724397809E1
5.826654625E1,1.473954773E1,2.808201981E1,-1.983611298E1,3.740755915E1
5.827647625E1,1.475368500E1,2.776428986E1,-1.971018982E1,3.710820118E1
5.828640625E1,1.451108551E1,2.778422165E1,-1.955919647E1,3.694721562E1
5.829633625E1,1.481588745E1,2.780657578E1,-1.981110382E1,3.721822150E1
5.830626625E1,1.490918732E1,2.785937500E1,-1.943927002E1,3.709870430E1
5.831619625E1,1.483477020E1,2.804800797E1,-1.960192108E1,3.729606505E1
5.832612725E1,1.459223175E1,2.786138153E1,-1.972704315E1,3.712608301E1
5.833605725E1,1.499645996E1,2.778580856E1,-1.977245331E1,3.725446119E1
5.834598725E1,1.479434204E1,2.776820755E1,-1.951611328E1,3.702464834E1
5.835591725E1,1.490160370E1,2.779506302E1,-1.980602264E1,3.724113121E1
5.836584725E1,1.483235931E1,2.794380569E1,-1.949292755E1,3.715951270E1
5.837577725E1,1.490942383E1,2.787802887E1,-1.947335815E1,3.713067587E1
5.838570679E1,1.496192169E1,2.826135635E1,-1.922099304E1,3.730964938E1
5.839563779E1,1.496168518E1,2.793048477E1,-1.966774750E1,3.729322049E1
5.840556779E1,1.472431946E1,2.778223801E1,-1.970860291E1,3.710912773E1
5.841549779E1,1.500776672E1,2.775900650E1,-1.982962036E1,3.726941571E1
5.842542779E1,1.497736359E1,2.788985825E1,-1.975092316E1,3.731306177E1
5.843535779E1,1.500129700E1,2.770622635E1,-1.993476105E1,3.728362359E1
5.844528779E1,1.502343750E1,2.788417053E1,-1.947824097E1,3.718376678E1
5.845521779E1,1.517047882E1,2.782252121E1,-1.949559021E1,3.720637246E1
5.846514779E1,1.497258759E1,2.787440109E1,-1.957154083E1,3.720491669E1
5.847507879E1,1.502717590E1,2.785911560E1,-1.970166016E1,3.728406832E1
5.848500879E1,1.501884460E1,2.779767609E1,-1.952127075E1,3.713968902E1
5.849493879E1,1.494898987E1,2.781373215E1,-1.972747803E1,3.723237010E1
5.850486879E1,1.491188812E1,2.795372772E1,-1.955102539E1,3.722926127E1
5.851479879E1,1.489144897E1,2.789189911E1,-1.990467834E1,3.736187239E1
5.852472879E1,1.483484650E1,2.799032974E1,-1.970176697E1,3.730537296E1
5.853465879E1,1.485587311E1,2.794650650E1,-1.993917084E1,3.740688072E1
5.854458979E1,1.494895935E1,2.793252563E1,-2.018888855E1,3.756712119E1
5.855451979E1,1.525495911E1,2.784390259E1,-1.991274261E1,3.747684628E1
5.856444979E1,1.507408905E1,2.787270355E1,-1.977369690E1,3.735123630E1
5.857437979E1,1.505805969E1,2.793013382E1,-1.957197571E1,3.728135955E1
5.858430979E1,1.506973267E1,2.789276123E1,-1.977278137E1,3.736396466E1
5.859423979E1,1.496619415E1,2.799895859E1,-1.959085846E1,3.730590281E1
5.860416979E1,1.501590729E1,2.789822388E1,-1.943701172E1,3.716968915E1
5.861409979E1,1.505948639E1,2.781660080E1,-1.934271240E1,3.707683823E1
5.862403079E1,1.522495270E1,2.811286926E1,-1.936264801E1,3.737706169E1
5.863396079E1,1.517391205E1,2.798457718E1,-1.966773987E1,3.741930195E1
5.864389079E1,1.520616150E1,2.810338974E1,-1.971255493E1,3.754480902E1
5.865382079E1,1.486644745E1,2.791055679E1,-1.965923309E1,3.723568028E1
5.866375079E1,1.499348450E1,2.799930573E1,-1.963471222E1,3.734016098E1
5.867368079E1,1.479093933E1,2.787693787E1,-1.935408020E1,3.701994019E1
5.868361079E1,1.505942535E1,2.792856598E1,-1.921257019E1,3.709331399E1
5.869354079E1,1.483007812E1,2.818872833E1,-1.968121338E1,3.744176521E1
5.870347179E1,1.501450348E1,2.794527817E1,-1.994367981E1,3.747164596E1
5.871340179E1,1.479937744E1,2.794456482E1,-1.972853851E1,3.727110821E1
5.872333179E1,1.499522400E1,2.795115280E1,-1.982483673E1,3.740518463E1
5.873326179E1,1.475109863E1,2.784392166E1,-1.950579834E1,3.705880534E1
5.874319179E1,1.518445587E1,2.791922379E1,-1.962136078E1,3.735034880E1
5.875312179E1,1.494995117E1,2.813364029E1,-1.956259918E1,3.738580001E1
5.876305179E1,1.499042511E1,2.795657349E1,-1.959102631E1,3.728392627E1
5.877298279E1,1.482624054E1,2.817494202E1,-1.972193909E1,3.745129701E1
5.878291279E1,1.499033356E1,2.798143005E1,-1.941220093E1,3.720892464E1
5.879284279E1,1.495674133E1,2.784771347E1,-1.988318634E1,3.734354504E1
5.880277279E1,1.509761047E1,2.796957779E1,-1.984114838E1,3.746873754E1
5.881270279E1,1.489250183E1,2.797641373E1,-1.987389374E1,3.740906291E1
5.882263279E1,1.535242462E1,2.794743347E1,-1.976531982E1,3.751564803E1
5.883256279E1,1.496294403E1,2.783705521E1,-1.955133057E1,3.716242543E1
5.884249379E1,1.509182739E1,2.778903961E1,-1.980348206E1,3.731181955E1
5.885242379E1,1.500275421E1,2.811225128E1,-1.932518005E1,3.726719590E1
5.886235379E1,1.523330688E1,2.821336746E1,-1.944355774E1,3.749799568E1
5.887228379E1,1.519777679E1,2.813943481E1,-1.945244598E1,3.743257760E1
5.888221379E1,1.528374481E1,2.800434494E1,-1.944306183E1,3.736132819E1
5.889214379E1,1.500470734E1,2.794581223E1,-1.900591278E1,3.697748482E1
5.890207379E1,1.552388000E1,2.810617447E1,-1.929653931E1,3.746070372E1
5.891200379E1,1.495198822E1,2.793002701E1,-1.939372253E1,3.714518588E1
5.892193479E1,1.495816040E1,2.807677460E1,-1.928363800E1,3.720094796E1
5.893186479E1,1.483107758E1,2.775362778E1,-1.932274628E1,3.692686340E1
5.894179479E1,1.507818604E1,2.773851776E1,-1.972078705E1,3.722481032E1
5.895172479E1,1.474803162E1,2.772298431E1,-1.939364624E1,3.690774729E1
5.896165479E1,1.505712128E1,2.774428177E1,-1.961353302E1,3.716386349E1
5.897158479E1,1.473904419E1,2.766674805E1,-1.933682251E1,3.683206586E1
5.898151479E1,1.501595306E1,2.760131073E1,-1.893215179E1,3.668429599E1
5.899144479E1,1.493079376E1,2.779159927E1,-1.903536987E1,3.684626031E1
5.900137579E1,1.491577148E1,2.783285522E1,-1.920223999E1,3.695773383E1
5.901130579E1,1.491458130E1,2.758322144E1,-1.883819580E1,3.658082095E1
5.902123579E1,1.502336121E1,2.762053680E1,-1.933831024E1,3.691294730E1
5.903116579E1,1.482836914E1,2.770280075E1,-1.904692841E1,3.674385911E1
5.904109579E1,1.527065277E1,2.756352997E1,-1.911313629E1,3.685448411E1
5.905102579E1,1.502570343E1,2.788267899E1,-1.923638916E1,3.705744485E1
5.906095579E1,1.507628632E1,2.800613022E1,-1.930672455E1,3.720735615E1
5.907088679E1,1.488186646E1,2.803325272E1,-1.932565308E1,3.715930669E1
5.908081679E1,1.519535065E1,2.794984818E1,-1.941574097E1,3.727014478E1
5.909074679E1,1.500514221E1,2.776533890E1,-1.938641357E1,3.703918693E1
5.910067679E1,1.512698364E1,2.776677322E1,-1.939149475E1,3.709244395E1
5.911060679E1,1.497190857E1,2.781428146E1,-1.903347015E1,3.687906297E1
5.912053679E1,1.522669983E1,2.769092941E1,-1.960572815E1,3.718903784E1
5.913046679E1,1.507298279E1,2.791769409E1,-1.963235474E1,3.730980844E1
5.914039679E1,1.512599945E1,2.781512070E1,-1.953645325E1,3.720416380E1
5.915032779E1,1.468045807E1,2.750279999E1,-1.964588928E1,3.684943449E1
5.916025779E1,1.507531738E1,2.768974686E1,-1.940428925E1,3.702044997E1
5.917018779E1,1.485471344E1,2.786528778E1,-1.914508057E1,3.692791470E1
5.918011779E1,1.490078735E1,2.758201599E1,-1.959606934E1,3.697035303E1
5.919004779E1,1.489823151E1,2.771338272E1,-1.957421112E1,3.705588516E1
5.919997779E1,1.523934174E1,2.783176804E1,-1.945946503E1,3.722251506E1
5.920990779E1,1.481111145E1,2.794038010E1,-1.946829987E1,3.713554311E1
5.921983779E1,1.519220734E1,2.779852295E1,-1.934757233E1,3.711993530E1
5.922976879E1,1.479080200E1,2.780009842E1,-1.898619080E1,3.677075926E1
5.923969879E1,1.506556702E1,2.778393555E1,-1.952611542E1,3.715087573E1
5.924962879E1,1.493659210E1,2.770877457E1,-1.937121582E1,3.696108729E1
5.925955879E1,1.495597076E1,2.777560425E1,-1.933618164E1,3.700071855E1
5.926948879E1,1.472052002E1,2.769722366E1,-1.921408081E1,3.678329525E1
5.927941879E1,1.492552948E1,2.764433670E1,-1.949244690E1,3.697210121E1
5.928934879E1,1.485843658E1,2.750763702E1,-1.946610260E1,3.682896120E1
5.929927879E1,1.503671265E1,2.768673706E1,-1.905972290E1,3.682297073E1
5.930920979E1,1.500704193E1,2.754318619E1,-1.928247070E1,3.681918100E1
5.931913979E1,1.482875824E1,2.751214218E1,-1.912748718E1,3.664247268E1
5.932906979E1,1.460044861E1,2.777368546E1,-1.943690491E1,3.690994413E1
5.933899979E1,1.488709259E1,2.773882294E1,-1.935280609E1,3.695401098E1
5.934892979E1,1.490735626E1,2.785334396E1,-1.898135376E1,3.685552647E1
5.935885979E1,1.502799225E1,2.779011536E1,-1.940441132E1,3.707643782E1
5.936878979E1,1.481772614E1,2.757094955E1,-1.925620270E1,3.674947087E1
5.937872079E1,1.483991241E1,2.767118835E1,-1.944181061E1,3.693103932E1
5.938865054E1,1.496836853E1,2.752797699E1,-1.917034912E1,3.673341611E1
5.939858054E1,1.494348907E1,2.779243851E1,-1.893830109E1,3.680199386E1
5.940851054E1,1.476118469E1,2.790209198E1,-1.902684784E1,3.685702442E1
5.941844054E1,1.472538757E1,2.797954178E1,-1.922455597E1,3.700372075E1
5.942837054E1,1.479127502E1,2.802091599E1,-1.866215515E1,3.677267443E1
5.943830054E1,1.494369507E1,2.778005219E1,-1.886323547E1,3.675414227E1
5.944823054E1,1.493411255E1,2.804495239E1,-1.909757233E1,3.707107149E1
5.945816154E1,1.505318451E1,2.800990677E1,-1.920293427E1,3.714708502E1
5.946809154E1,1.488275146E1,2.796743011E1,-1.908616638E1,3.698587819E1
5.947802154E1,1.503291321E1,2.775258255E1,-1.907572174E1,3.687922827E1
5.948795154E1,1.503706360E1,2.789838028E1,-1.890297699E1,3.690197072E1
5.949788154E1,1.508390045E1,2.793719864E1,-1.947606659E1,3.724685611E1
5.950781154E1,1.497442627E1,2.777449799E1,-1.942829895E1,3.705556612E1
5.951774154E1,1.485765076E1,2.788804626E1,-1.934191895E1,3.704865367E1
5.952767154E1,1.477993774E1,2.807476807E1,-1.911499023E1,3.704081551E1
5.953760254E1,1.496819305E1,2.809013367E1,-1.876567078E1,3.694932763E1
5.954753254E1,1.502187347E1,2.813358307E1,-1.889131165E1,3.706800284E1
5.955746254E1,1.507325745E1,2.808023834E1,-1.920745850E1,3.721060786E1
5.956739254E1,1.478343964E1,2.807331848E1,-1.915940857E1,3.706405583E1
5.957732254E1,1.468290710E1,2.792446136E1,-1.924616241E1,3.695643477E1
5.958725254E1,1.492360687E1,2.798409653E1,-1.889408112E1,3.691625661E1
5.959718254E1,1.492301178E1,2.777004242E1,-1.929736328E1,3.696295126E1
5.960711354E1,1.481269073E1,2.787886429E1,-1.887392426E1,3.678140696E1
5.961704354E1,1.503085327E1,2.779194260E1,-1.867361450E1,3.670180516E1
5.962697354E1,1.482195282E1,2.812363434E1,-1.882766724E1,3.694739703E1
5.963690354E1,1.486995697E1,2.791119766E1,-1.921768951E1,3.700635304E1
5.964683354E1,1.460964966E1,2.798737335E1,-1.897677612E1,3.683548510E1
5.965676354E1,1.492407227E1,2.793211746E1,-1.928437042E1,3.707853910E1
5.966669354E1,1.491142273E1,2.811774826E1,-1.897527313E1,3.705427486E1
5.967662354E1,1.515191650E1,2.795424652E1,-1.936536407E1,3.722952858E1
5.968655454E1,1.489588165E1,2.809308624E1,-1.919105530E1,3.714034718E1
5.969648454E1,1.508323669E1,2.787802887E1,-1.912747192E1,3.702092253E1
5.970641454E1,1.478575134E1,2.806602478E1,-1.908000183E1,3.701846377E1
5.971634454E1,1.500067902E1,2.824022675E1,-1.914007568E1,3.726759014E1
5.972627454E1,1.493798065E1,2.811971283E1,-1.911946106E1,3.714048070E1
5.973620454E1,1.504327393E1,2.819303513E1,-1.934877777E1,3.735669313E1
5.974613454E1,1.489809418E1,2.818392944E1,-1.938599396E1,3.731090793E1
5.975606454E1,1.528454590E1,2.795339966E1,-1.964228058E1,3.742765130E1
5.976599554E1,1.496503448E1,2.799539948E1,-1.918497467E1,3.709121058E1
5.977592554E1,1.502754211E1,2.820975494E1,-1.913339996E1,3.725190317E1
5.978585554E1,1.472284698E1,2.822492981E1,-1.894075775E1,3.704269416E1
5.979578554E1,1.503563690E1,2.802838135E1,-1.915996552E1,3.713172251E1
5.980571554E1,1.486155701E1,2.818949509E1,-1.944548798E1,3.733149491E1
5.981564554E1,1.502806854E1,2.811325455E1,-1.982492828E1,3.753965512E1
5.982557554E1,1.483226013E1,2.767327881E1,-1.962946320E1,3.702866627E1
5.983550554E1,1.501113129E1,2.780981064E1,-1.954425049E1,3.715773617E1
5.984543654E1,1.498833466E1,2.771732712E1,-1.910073090E1,3.684750085E1
5.985536654E1,1.525096893E1,2.753702545E1,-1.960667419E1,3.708505760E1
5.986529654E1,1.507765961E1,2.767900848E1,-1.943523407E1,3.702960509E1
5.987522654E1,1.507501221E1,2.757798004E1,-1.986540222E1,3.718111324E1
5.988515654E1,1.504364014E1,2.759404755E1,-1.947206879E1,3.697166525E1
5.989508654E1,1.527114868E1,2.787725067E1,-1.945725250E1,3.726840166E1
5.990501654E1,1.483380890E1,2.780142975E1,-1.923501587E1,3.691811504E1
5.991494754E1,1.489583588E1,2.759716034E1,-1.935028076E1,3.685000069E1
5.992487754E1,1.496128082E1,2.783197403E1,-1.942073059E1,3.708939847E1
5.993480754E1,1.511225128E1,2.761603546E1,-1.945502472E1,3.700707419E1
5.994473754E1,1.484603882E1,2.777226639E1,-1.935708618E1,3.696485404E1
5.995466754E1,1.524297333E1,2.769517136E1,-1.932411194E1,3.705120854E1
5.996459754E1,1.494441223E1,2.816368484E1,-1.902230072E1,3.712649358E1
5.997452754E1,1.484148407E1,2.812936783E1,-1.907956696E1,3.708855429E1
5.998445754E1,1.463150024E1,2.803034973E1,-1.891744995E1,3.684631892E1
5.999438854E1,1.497867584E1,2.791930771E1,-1.919788361E1,3.704601474E1
6.000431854E1,1.502625275E1,2.807767487E1,-1.931031799E1,3.724288494E1
6.001424854E1,1.503374481E1,2.828461838E1,-1.926235962E1,3.737742123E1
6.002417854E1,1.498229218E1,2.807317352E1,-1.930980682E1,3.722150978E1
6.003410854E1,1.526186371E1,2.796622849E1,-1.934067535E1,3.727058012E1
6.004403854E1,1.515402222E1,2.802880859E1,-1.933798981E1,3.727219272E1
6.005396854E1,1.539784241E1,2.825481796E1,-1.924929810E1,3.749618335E1
6.006389854E1,1.495635223E1,2.798047638E1,-1.902921295E1,3.699608731E1
6.007382954E1,1.529886627E1,2.791403198E1,-1.935638428E1,3.725477289E1
6.008375954E1,1.508348083E1,2.812339401E1,-1.930199432E1,3.729616160E1
6.009368954E1,1.527499390E1,2.807298279E1,-1.947185516E1,3.742420266E1
6.010361954E1,1.524021912E1,2.795698547E1,-1.926809692E1,3.721715834E1
6.011354954E1,1.551173401E1,2.794427490E1,-1.969638062E1,3.754255986E1
6.012347954E1,1.493489838E1,2.791331100E1,-1.924524689E1,3.704839603E1
6.013340954E1,1.528176880E1,2.793034744E1,-1.939811707E1,3.728168064E1
6.014333954E1,1.512822723E1,2.800288773E1,-1.919071960E1,3.716596157E1
6.015327054E1,1.509642029E1,2.797980499E1,-1.910135651E1,3.708952970E1
6.016320054E1,1.497222137E1,2.810765457E1,-1.908026886E1,3.712498240E1
6.017313054E1,1.516210175E1,2.820362091E1,-1.921986389E1,3.734617423E1
6.018306054E1,1.499283600E1,2.794104767E1,-1.912616730E1,3.703103498E1
6.019299054E1,1.541519165E1,2.815314484E1,-1.874893188E1,3.717189993E1
6.020292054E1,1.530780792E1,2.800193787E1,-1.854273224E1,3.690894778E1
6.021285054E1,1.501240540E1,2.814750671E1,-1.891333008E1,3.708596102E1
6.022278154E1,1.510498047E1,2.797919846E1,-1.890682983E1,3.699275869E1
6.023271154E1,1.512817383E1,2.797653198E1,-1.931106567E1,3.720840285E1
6.024264154E1,1.498163605E1,2.809260559E1,-1.878610992E1,3.696703712E1
6.025257154E1,1.494652557E1,2.783961105E1,-1.929552460E1,3.702377398E1
6.026250154E1,1.523503113E1,2.795119095E1,-1.914817810E1,3.714872775E1
6.027243154E1,1.524461365E1,2.782903290E1,-1.927633667E1,3.712722010E1
6.028236154E1,1.545798492E1,2.793449402E1,-1.921865845E1,3.726448828E1
6.029229154E1,1.534074402E1,2.811343384E1,-1.904070282E1,3.725925325E1
6.030222254E1,1.526456451E1,2.799729156E1,-1.892478943E1,3.708103180E1
6.031215254E1,1.515569305E1,2.783325577E1,-1.903594971E1,3.696961644E1
6.032208254E1,1.539499664E1,2.787250137E1,-1.912391663E1,3.714305375E1
6.033201254E1,1.516152954E1,2.788990402E1,-1.900009155E1,3.699624580E1
6.034194254E1,1.504409790E1,2.813180923E1,-1.883795929E1,3.704851256E1
6.035187254E1,1.521385193E1,2.801532745E1,-1.867464447E1,3.694674829E1
6.036180254E1,1.518891144E1,2.817487717E1,-1.863610077E1,3.703823681E1
6.037173254E1,1.515769958E1,2.812494659E1,-1.856833649E1,3.695337058E1
6.038166354E1,1.507821655E1,2.791235733E1,-1.885929871E1,3.690698381E1
6.039159413E1,1.475254059E1,2.787327957E1,-1.886500549E1,3.674840949E1
6.040152413E1,1.508034515E1,2.799388123E1,-1.869192505E1,3.688444466E1
6.041145413E1,1.523001862E1,2.829833221E1,-1.888693237E1,3.727553202E1
6.042138413E1,1.521559143E1,2.833575058E1,-1.857444763E1,3.714080086E1
6.043131413E1,1.522192383E1,2.832032394E1,-1.848396301E1,3.708644769E1
6.044124413E1,1.525787354E1,2.829874039E1,-1.850551605E1,3.709549213E1
6.045117413E1,1.504668427E1,2.794855881E1,-1.869898224E1,3.683987763E1
6.046110512E1,1.500788116E1,2.799304962E1,-1.887351990E1,3.694667884E1
6.047103512E1,1.496351624E1,2.816637421E1,-1.882060242E1,3.703331648E1
6.048096512E1,1.536521149E1,2.787891388E1,-1.901031494E1,3.707715789E1
6.049089512E1,1.526414490E1,2.797161102E1,-1.871508789E1,3.695483267E1
6.050082512E1,1.509220886E1,2.789062500E1,-1.870683289E1,3.681857314E1
6.051075512E1,1.500820923E1,2.795777512E1,-1.859390259E1,3.677793832E1
6.052068512E1,1.532647705E1,2.791599655E1,-1.893118286E1,3.704852827E1
6.053061613E1,1.502550507E1,2.788713074E1,-1.869763184E1,3.678395438E1
6.054054613E1,1.532424927E1,2.796736908E1,-1.858944702E1,3.691305852E1
6.055047613E1,1.486586761E1,2.789163208E1,-1.845772552E1,3.660088512E1
6.056040613E1,1.493541718E1,2.793664551E1,-1.868674469E1,3.677930499E1
6.057033613E1,1.480171204E1,2.806034088E1,-1.843367767E1,3.669160506E1
6.058026613E1,1.488809967E1,2.803548431E1,-1.868814087E1,3.683599465E1
6.059019613E1,1.479575348E1,2.806272125E1,-1.833952332E1,3.664380931E1
6.060012613E1,1.508677673E1,2.795338821E1,-1.847305298E1,3.674583556E1
6.061005712E1,1.492825317E1,2.806566238E1,-1.822155762E1,3.664095127E1
6.061998712E1,1.483543396E1,2.795568466E1,-1.860855865E1,3.671360594E1
6.062991712E1,1.465444946E1,2.796046448E1,-1.822052765E1,3.644897928E1
6.063984712E1,1.507564545E1,2.805133438E1,-1.822045898E1,3.668974750E1
6.064977712E1,1.500491333E1,2.811709595E1,-1.787464905E1,3.654068400E1
6.065970712E1,1.505673981E1,2.788000488E1,-1.840554047E1,3.664374443E1
6.066963713E1,1.484576416E1,2.785443497E1,-1.836593628E1,3.651813079E1
6.067956713E1,1.488413239E1,2.790886307E1,-1.855242157E1,3.666925661E1
6.068949813E1,1.475270081E1,2.802847290E1,-1.860812378E1,3.673553790E1
6.069942812E1,1.491110229E1,2.776092911E1,-1.862245178E1,3.660335868E1
6.070935812E1,1.468828583E1,2.781734467E1,-1.846153259E1,3.647435524E1
6.071928812E1,1.509342957E1,2.799003601E1,-1.869220734E1,3.688702139E1
6.072921812E1,1.493801117E1,2.771746826E1,-1.868705750E1,3.661431882E1
6.073914812E1,1.547275543E1,2.771247482E1,-1.846186829E1,3.671822439E1
6.074907812E1,1.510768890E1,2.782789612E1,-1.843994141E1,3.664240038E1
6.075900812E1,1.500942993E1,2.791522980E1,-1.891533661E1,3.690979546E1
6.076893913E1,1.502807617E1,2.777674866E1,-1.838149261E1,3.654134795E1
6.077886913E1,1.540737152E1,2.797255325E1,-1.874492645E1,3.703002971E1
6.078879913E1,1.510507965E1,2.830290604E1,-1.866291809E1,3.711498933E1
6.079872913E1,1.530416107E1,2.830274582E1,-1.879225922E1,3.726139790E1
6.080865913E1,1.508422089E1,2.802875137E1,-1.878640747E1,3.696043464E1
6.081858913E1,1.528244019E1,2.821905136E1,-1.856072235E1,3.707247297E1
6.082851913E1,1.512019348E1,2.803811646E1,-1.840670776E1,3.679080206E1
6.083844913E1,1.533471680E1,2.818411255E1,-1.896962738E1,3.727391182E1
6.084838012E1,1.504760742E1,2.818487167E1,-1.861471558E1,3.697735951E1
6.085831012E1,1.529756165E1,2.810608673E1,-1.893918610E1,3.718414008E1
6.086824012E1,1.502220917E1,2.803680420E1,-1.904641724E1,3.707418465E1
6.087817012E1,1.561481476E1,2.853705597E1,-1.957312012E1,3.796436532E1
6.088810012E1,1.531969452E1,2.823874283E1,-1.933903503E1,3.749823880E1
6.089803012E1,1.578330994E1,2.836381149E1,-1.981529236E1,3.802978420E1
6.090796012E1,1.583434296E1,2.853105164E1,-1.980658722E1,3.817130102E1
6.091789012E1,1.614199066E1,2.879051971E1,-2.006199646E1,3.862565973E1
6.092782113E1,1.588994598E1,2.893267822E1,-2.029417419E1,3.874846782E1
6.093775113E1,1.617211151E1,2.882219315E1,-2.050035095E1,3.889113521E1
6.094768113E1,1.614701080E1,2.871185684E1,-2.027512360E1,3.868045137E1
6.095761113E1,1.654571533E1,2.884157562E1,-2.074861908E1,3.919314192E1
6.096754113E1,1.651177979E1,2.890909195E1,-2.074687195E1,3.922763267E1
6.097747113E1,1.662623596E1,2.915180206E1,-2.111328125E1,3.964883266E1
6.098740113E1,1.645932007E1,2.922570419E1,-2.122645569E1,3.969399733E1
6.099733113E1,1.664781952E1,2.937059021E1,-2.122100067E1,3.987621263E1
6.100726213E1,1.660734558E1,2.923184204E1,-2.130442047E1,3.980179453E1
6.101719213E1,1.698152161E1,2.936187744E1,-2.146833801E1,4.014201614E1
6.102712213E1,1.691165924E1,2.965134048E1,-2.144696808E1,4.031350457E1
6.103705213E1,1.695809937E1,2.980587006E1,-2.191632080E1,4.069756923E1
6.104698213E1,1.692231750E1,2.970735168E1,-2.194427490E1,4.062564184E1
6.105691213E1,1.715169525E1,2.993591690E1,-2.246428680E1,4.117018281E1
6.106684213E1,1.712813568E1,2.992284393E1,-2.247303772E1,4.115564415E1
6.107677213E1,1.754795074E1,3.031050491E1,-2.265185547E1,4.171047638E1
6.108670312E1,1.730816650E1,3.036434555E1,-2.251830292E1,4.157691757E1
6.109663312E1,1.756288910E1,3.072798538E1,-2.239869690E1,4.188514990E1
6.110656312E1,1.739927673E1,3.055403137E1,-2.222652435E1,4.159689951E1
6.111649312E1,1.757216644E1,3.061823273E1,-2.250845337E1,4.186750150E1
6.112642312E1,1.769261932E1,3.085794830E1,-2.264720154E1,4.216796758E1
6.113635312E1,1.765509796E1,3.090609741E1,-2.281645966E1,4.227860183E1
6.114628312E1,1.770226288E1,3.097416306E1,-2.310805511E1,4.250589488E1
6.115621312E1,1.773379517E1,3.123876572E1,-2.302220154E1,4.266579119E1
6.116614413E1,1.771202087E1,3.136560822E1,-2.283856964E1,4.265111166E1
6.117607413E1,1.769095612E1,3.148575974E1,-2.299986267E1,4.281724743E1
6.118600413E1,1.776863861E1,3.166970062E1,-2.310478973E1,4.304097773E1
6.119593413E1,1.776068878E1,3.198100281E1,-2.336330414E1,4.340588194E1
6.120586413E1,1.765142822E1,3.205942917E1,-2.304871368E1,4.325070080E1
6.121579413E1,1.743151093E1,3.212122345E1,-2.309075165E1,4.322977424E1
6.122572413E1,1.775404358E1,3.215125275E1,-2.311327362E1,4.339507500E1
6.123565512E1,1.755593872E1,3.220330048E1,-2.322924805E1,4.341499177E1
6.124558512E1,1.761122894E1,3.195617294E1,-2.321439362E1,4.324650789E1
6.125551512E1,1.760944366E1,3.222425461E1,-2.339582062E1,4.354146890E1
6.126544512E1,1.754427338E1,3.234888077E1,-2.344915771E1,4.363616176E1
6.127537512E1,1.755606842E1,3.261861801E1,-2.333036804E1,4.377780091E1
6.128530512E1,1.767933655E1,3.286489105E1,-2.353784180E1,4.412131006E1
6.129523512E1,1.769927979E1,3.265510941E1,-2.359286499E1,4.400277211E1
6.130516512E1,1.769190216E1,3.270923233E1,-2.330830383E1,4.388820239E1
6.131509613E1,1.749234009E1,3.263159943E1,-2.332605743E1,4.375966406E1
6.132502613E1,1.748757935E1,3.288788605E1,-2.328688812E1,4.392843770E1
6.133495613E1,1.741386414E1,3.307831573E1,-2.281730652E1,4.379551476E1
6.134488613E1,1.766168213E1,3.328363419E1,-2.325189209E1,4.427624426E1
6.135481613E1,1.744102478E1,3.341113663E1,-2.319728851E1,4.425615879E1
6.136474613E1,1.749312592E1,3.348225784E1,-2.299616241E1,4.422549638E1
6.137467613E1,1.733605194E1,3.375035858E1,-2.295748901E1,4.434717244E1
6.138460613E1,1.757272339E1,3.385605621E1,-2.300704956E1,4.454612754E1
6.139453750E1,1.734902191E1,3.415281677E1,-2.278680420E1,4.457176124E1
6.140446750E1,1.767279816E1,3.381208038E1,-2.301763916E1,4.455778593E1
6.141439750E1,1.743727112E1,3.390299988E1,-2.354933167E1,4.481119109E1
6.142432750E1,1.757243347E1,3.364021301E1,-2.339710999E1,4.458563788E1
6.143425750E1,1.759133911E1,3.385845184E1,-2.343976593E1,4.478027021E1
6.144418750E1,1.770889282E1,3.383734894E1,-2.350473785E1,4.484466267E1
6.145411750E1,1.752573395E1,3.387543488E1,-2.339289093E1,4.474286294E1
6.146404750E1,1.766699982E1,3.388104630E1,-2.368744659E1,4.495712743E1
6.147397850E1,1.749308014E1,3.392182922E1,-2.371286774E1,4.493326660E1
6.148390850E1,1.759574890E1,3.382794952E1,-2.400832367E1,4.505929598E1
6.149383850E1,1.768255615E1,3.387220001E1,-2.404346466E1,4.514517603E1
6.150376850E1,1.774175262E1,3.396332550E1,-2.390048981E1,4.516094195E1
6.151369850E1,1.742670441E1,3.402206421E1,-2.349823761E1,4.487045855E1
6.152362850E1,1.771720886E1,3.417514420E1,-2.360750580E1,4.515699614E1
6.153355850E1,1.734909821E1,3.397430420E1,-2.360066986E1,4.485795551E1
6.154348850E1,1.763773346E1,3.383084106E1,-2.381608582E1,4.497578673E1
6.155341950E1,1.742669678E1,3.381835938E1,-2.381486511E1,4.488339327E1
6.156334950E1,1.749816132E1,3.370692444E1,-2.381279755E1,4.482623932E1
6.157327950E1,1.711462402E1,3.363562775E1,-2.399997711E1,4.472431901E1
6.158320950E1,1.729286194E1,3.359325409E1,-2.407182312E1,4.479958105E1
6.159313950E1,1.728794861E1,3.366810608E1,-2.397901917E1,4.480410577E1
6.160306950E1,1.753163910E1,3.368967056E1,-2.400791931E1,4.493030672E1
6.161299950E1,1.730528259E1,3.354278564E1,-2.367182922E1,4.455274148E1
6.162292950E1,1.734391785E1,3.365750885E1,-2.387820435E1,4.476391438E1
6.163286050E1,1.714710236E1,3.368112946E1,-2.363416290E1,4.457594931E1
6.164279050E1,1.736308289E1,3.374591827E1,-2.381243134E1,4.480285185E1
6.165272050E1,1.714528656E1,3.368360901E1,-2.372092438E1,4.462318479E1
6.166265050E1,1.753462982E1,3.390821075E1,-2.438504028E1,4.529746339E1
6.167258050E1,1.724554443E1,3.372893524E1,-2.422705078E1,4.496665281E1
6.168251050E1,1.723075104E1,3.358481216E1,-2.418788910E1,4.483182317E1
6.169244050E1,1.707408905E1,3.378406525E1,-2.413726044E1,4.489426381E1
6.170237050E1,1.729962921E1,3.385331726E1,-2.397004700E1,4.494315758E1
6.171230150E1,1.704832458E1,3.387178040E1,-2.353018188E1,4.462748411E1
6.172223150E1,1.720102692E1,3.397675323E1,-2.399964905E1,4.501420045E1
6.173216150E1,1.700230408E1,3.390947723E1,-2.380615997E1,4.478464294E1
6.174209150E1,1.693502045E1,3.371175385E1,-2.400277710E1,4.471476907E1
6.175202150E1,1.672850800E1,3.391985703E1,-2.378687286E1,4.467902193E1
6.176195150E1,1.693037415E1,3.399410248E1,-2.401666260E1,4.493369175E1
6.177188150E1,1.709170532E1,3.367498398E1,-2.387808990E1,4.467990728E1
6.178181150E1,1.746092987E1,3.388080215E1,-2.385311127E1,4.496402722E1
6.179174250E1,1.721950531E1,3.362752151E1,-2.361101532E1,4.455111234E1
6.180167250E1,1.729637146E1,3.381699371E1,-2.383469391E1,4.484245938E1
6.181160250E1,1.702589417E1,3.397016907E1,-2.383259583E1,4.485360724E1
6.182153250E1,1.721838379E1,3.383958435E1,-2.392350769E1,4.487676938E1
6.183146250E1,1.698290253E1,3.370090485E1,-2.369847107E1,4.456217563E1
6.184139250E1,1.720609283E1,3.354261017E1,-2.367901611E1,4.451799784E1
6.185132250E1,1.695493317E1,3.380770493E1,-2.377811432E1,4.467470640E1
6.186125250E1,1.704360962E1,3.377926636E1,-2.381414795E1,4.470611935E1
6.187118350E1,1.684236145E1,3.364926147E1,-2.344350433E1,4.433436401E1
6.188111350E1,1.693466949E1,3.352061081E1,-2.363046265E1,4.437130993E1
6.189104350E1,1.691027832E1,3.358854675E1,-2.345647430E1,4.432103533E1
6.190097350E1,1.694649506E1,3.355599213E1,-2.383155823E1,4.450990305E1
6.191090350E1,1.692813110E1,3.377563477E1,-2.372656250E1,4.461283329E1
6.192083350E1,1.719675446E1,3.378024673E1,-2.384570312E1,4.478226201E1
6.193076350E1,1.714829254E1,3.378481293E1,-2.420641327E1,4.496029320E1
6.194069350E1,1.699134064E1,3.368221283E1,-2.421186066E1,4.482645775E1
6.195062450E1,1.694710541E1,3.375611496E1,-2.402374268E1,4.476404686E1
6.196055450E1,1.686531830E1,3.402729797E1,-2.419231415E1,4.502848024E1
6.197048450E1,1.669499969E1,3.414733505E1,-2.395299530E1,4.492782534E1
6.198041450E1,1.688808441E1,3.392416382E1,-2.358513641E1,4.463535533E1
6.199034450E1,1.707427216E1,3.392047882E1,-2.371450043E1,4.477172304E1
6.200027450E1,1.677975464E1,3.388486099E1,-2.377545166E1,4.466560278E1
6.201020450E1,1.686136627E1,3.413224030E1,-2.386678314E1,4.493260328E1
6.202013450E1,1.712220764E1,3.394715881E1,-2.408571625E1,4.500779169E1
6.203006550E1,1.713191223E1,3.397732544E1,-2.432870483E1,4.516466472E1
6.203999550E1,1.703295898E1,3.395550919E1,-2.468869781E1,4.530596093E1
6.204992550E1,1.706095886E1,3.364273834E1,-2.418392944E1,4.480817564E1
6.205985550E1,1.709854126E1,3.376837158E1,-2.398960876E1,4.481254692E1
6.206978550E1,1.713031769E1,3.376425171E1,-2.422209930E1,4.494644115E1
6.207971550E1,1.707557678E1,3.418914795E1,-2.433977509E1,4.530891536E1
6.208964550E1,1.691109467E1,3.398185730E1,-2.429247284E1,4.506524143E1
6.209957550E1,1.675463867E1,3.387503052E1,-2.418186951E1,4.486645097E1
6.210950650E1,1.712066650E1,3.400970459E1,-2.392415619E1,4.496823854E1
6.211943650E1,1.701712036E1,3.406672668E1,-2.397084045E1,4.499694928E1
6.212936650E1,1.694351196E1,3.395535660E1,-2.396954346E1,4.488416038E1
6.213929650E1,1.696168518E1,3.397576141E1,-2.356465149E1,4.469165389E1
6.214922650E1,1.718987274E1,3.398427582E1,-2.366681671E1,4.483905598E1
6.215915650E1,1.702798462E1,3.409108734E1,-2.404402161E1,4.505851164E1
6.216908650E1,1.690376282E1,3.405199814E1,-2.424174500E1,4.508811346E1
6.217901650E1,1.700315094E1,3.397511292E1,-2.432695770E1,4.511337175E1
6.218894750E1,1.697713470E1,3.405271912E1,-2.411306763E1,4.504720649E1
6.219887750E1,1.692988586E1,3.402864456E1,-2.400555420E1,4.495371307E1
6.220880750E1,1.700337219E1,3.402254486E1,-2.396805573E1,4.495682284E1
6.221873750E1,1.724355316E1,3.410739517E1,-2.414701080E1,4.520766154E1
6.222866750E1,1.721240234E1,3.402020264E1,-2.412456512E1,4.511801884E1
6.223859750E1,1.739677429E1,3.398167419E1,-2.414946747E1,4.517298657E1
6.224852750E1,1.735379791E1,3.409930038E1,-2.398006439E1,4.515484555E1
6.225845750E1,1.733376312E1,3.408715057E1,-2.443157196E1,4.537945446E1
6.226838750E1,1.725575256E1,3.432612228E1,-2.432685852E1,4.547350562E1
6.227831850E1,1.717706299E1,3.399122620E1,-2.443894958E1,4.525170945E1
6.228824850E1,1.706080627E1,3.406037140E1,-2.437736511E1,4.522649600E1
6.229817850E1,1.716447449E1,3.369552612E1,-2.420790100E1,4.490022423E1
6.230810850E1,1.697692871E1,3.378804398E1,-2.405134583E1,4.481423055E1
6.231803850E1,1.730221558E1,3.387953186E1,-2.403177643E1,4.499684012E1
6.232796850E1,1.709706879E1,3.390187073E1,-2.447912598E1,4.517603578E1
6.233789850E1,1.724111938E1,3.395749283E1,-2.461837769E1,4.534790003E1
6.234782850E1,1.699412537E1,3.412422562E1,-2.450431824E1,4.531803927E1
6.235775950E1,1.754157257E1,3.404812241E1,-2.451682281E1,4.547588381E1
6.236768950E1,1.725634003E1,3.424460602E1,-2.421129608E1,4.535042635E1
6.237761950E1,1.749586487E1,3.421442413E1,-2.436744690E1,4.550279744E1
6.238754942E1,1.703621674E1,3.393470001E1,-2.429202271E1,4.507658941E1
6.239747942E1,1.734858704E1,3.390969086E1,-2.453182983E1,4.530619473E1
6.240740942E1,1.735350037E1,3.411215973E1,-2.434072876E1,4.535696741E1
6.241733942E1,1.756614685E1,3.389793396E1,-2.452169037E1,4.537568446E1
6.242726942E1,1.722549438E1,3.403461838E1,-2.462763977E1,4.540477448E1
6.243720042E1,1.760718536E1,3.410818863E1,-2.440679169E1,4.548706397E1
6.244713042E1,1.745609283E1,3.386333466E1,-2.454457092E1,4.531971506E1
6.245706042E1,1.738416290E1,3.416300964E1,-2.470046997E1,4.560080662E1
6.246699042E1,1.726276398E1,3.401810455E1,-2.475066376E1,4.547339677E1
6.247692042E1,1.718761444E1,3.397535706E1,-2.488512421E1,4.548635382E1
6.248685042E1,1.697230530E1,3.412726974E1,-2.483786011E1,4.549339493E1
6.249678042E1,1.717211914E1,3.398308945E1,-2.475817108E1,4.541694705E1
6.250671042E1,1.705078888E1,3.363898468E1,-2.443667603E1,4.493842261E1
6.251664142E1,1.691472626E1,3.373616791E1,-2.482454681E1,4.517183983E1
6.252657142E1,1.688475800E1,3.383594131E1,-2.450286102E1,4.505947376E1
6.253650142E1,1.717105865E1,3.398361588E1,-2.431861115E1,4.517882525E1
6.254643142E1,1.683090210E1,3.379382324E1,-2.432021332E1,4.490851290E1
6.255636142E1,1.714194489E1,3.388637543E1,-2.457624817E1,4.523410979E1
6.256629142E1,1.670507050E1,3.385214233E1,-2.423210144E1,4.485779376E1
6.257622142E1,1.701256561E1,3.384863281E1,-2.470956421E1,4.522963515E1
6.258615142E1,1.694179535E1,3.368030548E1,-2.432398224E1,4.486695353E1
6.259608242E1,1.724336243E1,3.352095413E1,-2.435321808E1,4.487835942E1
6.260601242E1,1.692674255E1,3.367565918E1,-2.434510803E1,4.486924247E1
6.261594242E1,1.720672607E1,3.353879929E1,-2.431223297E1,4.485540270E1
6.262587242E1,1.693679810E1,3.361530685E1,-2.430770111E1,4.480745828E1
6.263580242E1,1.718090057E1,3.375536728E1,-2.432949066E1,4.501702212E1
6.264573242E1,1.694065857E1,3.388816833E1,-2.468865967E1,4.522083350E1
6.265566242E1,1.701010895E1,3.374534988E1,-2.459133911E1,4.508687619E1
6.266559242E1,1.690837860E1,3.371892548E1,-2.426129150E1,4.484940878E1
6.267552342E1,1.703623199E1,3.368714905E1,-2.443450928E1,4.496779353E1
6.268545342E1,1.696055603E1,3.394129181E1,-2.443546295E1,4.513051739E1
6.269538342E1,1.721466827E1,3.384626770E1,-2.458549500E1,4.523672408E1
6.270531342E1,1.695900726E1,3.384408951E1,-2.449174500E1,4.508742502E1
6.271524342E1,1.713893890E1,3.387763977E1,-2.469176483E1,4.528930286E1
6.272517342E1,1.697530365E1,3.363349915E1,-2.453530884E1,4.495947707E1
6.273510342E1,1.705869293E1,3.385401917E1,-2.466473389E1,4.522657091E1
6.274503342E1,1.701745605E1,3.384313965E1,-2.451196289E1,4.511971007E1
6.275496442E1,1.717642212E1,3.379336929E1,-2.481155396E1,4.530600948E1
6.276489442E1,1.713192749E1,3.399199677E1,-2.465773010E1,4.535374778E1
6.277482442E1,1.712317657E1,3.368341064E1,-2.463820648E1,4.510894088E1
6.278475442E1,1.698687744E1,3.360233307E1,-2.429259491E1,4.480849206E1
6.279468442E1,1.726297760E1,3.362389374E1,-2.483531952E1,4.522576391E1
6.280461442E1,1.705784607E1,3.389094162E1,-2.469435120E1,4.527004548E1
6.281454442E1,1.729259491E1,3.376421356E1,-2.467224884E1,4.525235705E1
6.282447442E1,1.691567993E1,3.357527924E1,-2.440318298E1,4.482136704E1
6.283440542E1,1.715623474E1,3.364471436E1,-2.457102966E1,4.505595070E1
6.284433542E1,1.720065308E1,3.392267609E1,-2.458774567E1,4.528981846E1
6.285426542E1,1.737291718E1,3.373008728E1,-2.502680969E1,4.545193332E1
6.286419542E1,1.746627808E1,3.385263443E1,-2.512889099E1,4.563477720E1
6.287412542E1,1.725555420E1,3.384915543E1,-2.508732605E1,4.552903911E1
6.288405542E1,1.716010284E1,3.389073944E1,-2.508715820E1,4.552380538E1
6.289398542E1,1.729135132E1,3.387926483E1,-2.491222382E1,4.546882791E1
6.290391542E1,1.696411133E1,3.378327942E1,-2.445615387E1,4.502437677E1
6.291384642E1,1.684111023E1,3.381681824E1,-2.481996155E1,4.520210925E1
6.292377642E1,1.685592651E1,3.364810944E1,-2.441202545E1,4.485827141E1
6.293370642E1,1.703305054E1,3.392216492E1,-2.461447144E1,4.524058231E1
6.294363642E1,1.713431549E1,3.378687668E1,-2.470419312E1,4.522648517E1
6.295356642E1,1.697711945E1,3.358075714E1,-2.448032379E1,4.489071271E1
6.296349642E1,1.695281219E1,3.390047455E1,-2.449018097E1,4.512658839E1
6.297342642E1,1.701298523E1,3.363336182E1,-2.449803925E1,4.495329377E1
6.298335642E1,1.702192688E1,3.384449387E1,-2.454552460E1,4.514065283E1
6.299328642E1,1.697337341E1,3.383309555E1,-2.473407745E1,4.521668218E1
6.300321742E1,1.702336121E1,3.366608810E1,-2.440312958E1,4.493009068E1
6.301314742E1,1.689009857E1,3.375753784E1,-2.434898376E1,4.491903607E1
6.302307742E1,1.696691895E1,3.380290985E1,-2.453762817E1,4.508445685E1
6.303300742E1,1.687371826E1,3.389172363E1,-2.472956848E1,4.522082326E1
6.304293742E1,1.689386749E1,3.384784698E1,-2.484191132E1,4.525704434E1
6.305286742E1,1.694988251E1,3.381929016E1,-2.457450104E1,4.511040906E1
6.306279742E1,1.696377563E1,3.361921692E1,-2.448129272E1,4.491497661E1
6.307272742E1,1.673876190E1,3.361518097E1,-2.458712006E1,4.488533184E1
6.308265842E1,1.697338104E1,3.352445984E1,-2.454553986E1,4.488283189E1
6.309258842E1,1.679887390E1,3.381989288E1,-2.428651428E1,4.489790747E1
6.310251842E1,1.697518921E1,3.365129852E1,-2.415843201E1,4.476825637E1
6.311244842E1,1.695652008E1,3.384072113E1,-2.461350250E1,4.515022132E1
6.312237842E1,1.730970001E1,3.389487457E1,-2.438006592E1,4.519818416E1
6.313230842E1,1.708863831E1,3.358937073E1,-2.434394073E1,4.486529656E1
6.314223842E1,1.745536041E1,3.378584290E1,-2.432630920E1,4.514357215E1
6.315216842E1,1.702707672E1,3.368264771E1,-2.427935028E1,4.487681972E1
6.316209942E1,1.732377625E1,3.358893967E1,-2.421858215E1,4.488730124E1
6.317202942E1,1.736943817E1,3.352768707E1,-2.425904083E1,4.488100094E1
6.318195942E1,1.758015442E1,3.380252075E1,-2.418144226E1,4.512664832E1
6.319188942E1,1.714803314E1,3.347349548E1,-2.398509216E1,4.460733781E1
6.320181942E1,1.724028015E1,3.365854645E1,-2.443022156E1,4.502178066E1
6.321174942E1,1.716332245E1,3.383070374E1,-2.435835266E1,4.508243003E1
6.322167942E1,1.720617676E1,3.361514282E1,-2.438649750E1,4.495254838E1
6.323160942E1,1.690140533E1,3.350852966E1,-2.436592102E1,4.474569443E1
6.324154042E1,1.722376251E1,3.353079224E1,-2.471497345E1,4.507551370E1
6.325147042E1,1.704860687E1,3.372074890E1,-2.452117157E1,4.504477503E1
6.326140042E1,1.727445221E1,3.381137848E1,-2.458201599E1,4.523153241E1
6.327133042E1,1.719980621E1,3.372743225E1,-2.465472412E1,4.517995619E1
6.328126042E1,1.736665344E1,3.360444641E1,-2.464813995E1,4.514853567E1
6.329119042E1,1.717951202E1,3.359986877E1,-2.465263367E1,4.507592663E1
6.330112042E1,1.712466431E1,3.344462585E1,-2.487862396E1,4.506376656E1
6.331105042E1,1.686682129E1,3.350172424E1,-2.440645599E1,4.474964002E1
6.332098042E1,1.692188263E1,3.356557465E1,-2.458045959E1,4.491321528E1
6.333091142E1,1.701075745E1,3.339548492E1,-2.414082336E1,4.458030546E1
6.334084142E1,1.708948517E1,3.360379410E1,-2.439557648E1,4.490445003E1
6.335077142E1,1.719567871E1,3.346450043E1,-2.470088959E1,4.500775602E1
6.336070142E1,1.710351562E1,3.361618042E1,-2.466331482E1,4.506503002E1
6.337063142E1,1.714482117E1,3.341120529E1,-2.429371643E1,4.472625839E1
6.338056142E1,1.754527283E1,3.347009277E1,-2.474851227E1,4.517269716E1
6.339049163E1,1.711093903E1,3.341047668E1,-2.433443451E1,4.473487330E1
6.340042163E1,1.731764984E1,3.347629547E1,-2.472981262E1,4.507911919E1
6.341035262E1,1.699402618E1,3.353229523E1,-2.467495728E1,4.496738002E1
6.342028262E1,1.725575256E1,3.348503876E1,-2.444713593E1,4.490736323E1
6.343021262E1,1.691236877E1,3.338250732E1,-2.458188629E1,4.477375511E1
6.344014262E1,1.706818390E1,3.336558151E1,-2.459694672E1,4.482850342E1
6.345007262E1,1.700856781E1,3.334100723E1,-2.464662170E1,4.481484245E1
6.346000262E1,1.708095551E1,3.349044800E1,-2.499982452E1,4.514820455E1
6.346993262E1,1.692543793E1,3.353741455E1,-2.455229187E1,4.487809777E1
6.347986262E1,1.720153046E1,3.380478668E1,-2.450890350E1,4.515908108E1
6.348979363E1,1.685044861E1,3.347744751E1,-2.462615967E1,4.484556667E1
6.349972363E1,1.691283417E1,3.337763977E1,-2.490579987E1,4.494896732E1
6.350965363E1,1.669451904E1,3.325655365E1,-2.474639130E1,4.468880407E1
6.351958363E1,1.703780365E1,3.347293854E1,-2.533532715E1,4.530566377E1
6.352951363E1,1.658551788E1,3.364626312E1,-2.477742004E1,4.495632291E1
6.353944363E1,1.680021667E1,3.349639893E1,-2.513554382E1,4.512262830E1
6.354937363E1,1.670303345E1,3.360916519E1,-2.456194305E1,4.485372178E1
6.355930363E1,1.697954559E1,3.365232086E1,-2.461560822E1,4.501901638E1
6.356923462E1,1.681330109E1,3.357210922E1,-2.452152252E1,4.484505188E1
6.357916462E1,1.694431305E1,3.355364990E1,-2.453365326E1,4.488716196E1
6.358909463E1,1.683683777E1,3.362039566E1,-2.436248016E1,4.480335423E1
6.359902463E1,1.707845306E1,3.361101151E1,-2.468012238E1,4.506087098E1
6.360895463E1,1.684346008E1,3.359637451E1,-2.448327637E1,4.485364366E1
6.361888463E1,1.717958832E1,3.378181076E1,-2.469961548E1,4.523737390E1
6.362881463E1,1.721395874E1,3.375686646E1,-2.449080658E1,4.511813400E1
6.363874463E1,1.724913788E1,3.378892136E1,-2.453594208E1,4.518004446E1
6.364867463E1,1.687361908E1,3.360457993E1,-2.424694061E1,4.474260768E1
6.365860562E1,1.700299835E1,3.355535889E1,-2.430073547E1,4.478381189E1
6.366853562E1,1.695301819E1,3.343732834E1,-2.449961090E1,4.478493816E1
6.367846562E1,1.714909363E1,3.339022064E1,-2.495904541E1,4.507718042E1
6.368839562E1,1.719712067E1,3.347711182E1,-2.463541412E1,4.498179191E1
6.369832562E1,1.700404358E1,3.369956207E1,-2.473129272E1,4.512687472E1
6.370825562E1,1.722799683E1,3.386926270E1,-2.443338776E1,4.517655661E1
6.371818562E1,1.738437653E1,3.389750671E1,-2.482037354E1,4.546766380E1
6.372811562E1,1.747541046E1,3.373674011E1,-2.481111145E1,4.537784543E1
6.373804663E1,1.727919769E1,3.352069855E1,-2.465250397E1,4.505500922E1
6.374797663E1,1.728562927E1,3.349446869E1,-2.474356842E1,4.508787631E1
6.375790663E1,1.741201782E1,3.354236603E1,-2.493264771E1,4.527588326E1
6.376783663E1,1.708674622E1,3.355194855E1,-2.464189148E1,4.499903291E1
6.377776663E1,1.722005463E1,3.355043030E1,-2.465218353E1,4.505432063E1
6.378769663E1,1.726760864E1,3.361174011E1,-2.464421844E1,4.511382143E1
6.379762663E1,1.745669556E1,3.357035065E1,-2.461642456E1,4.514059172E1
6.380755663E1,1.732687378E1,3.350472260E1,-2.436306000E1,4.490373797E1
6.381748762E1,1.728681946E1,3.357231522E1,-2.479062653E1,4.517200061E1
6.382741762E1,1.724629211E1,3.344262695E1,-2.445996094E1,4.487909957E1
6.383734762E1,1.727136993E1,3.329907608E1,-2.456723022E1,4.484057859E1
6.384727762E1,1.713366699E1,3.356187057E1,-2.477169037E1,4.509543596E1
6.385720762E1,1.730220032E1,3.353347778E1,-2.460264587E1,4.504609253E1
6.386713762E1,1.723029327E1,3.350665283E1,-2.450664520E1,4.494612830E1
6.387706762E1,1.690550232E1,3.378768921E1,-2.466994476E1,4.512216889E1
6.388699762E1,1.719489288E1,3.367937469E1,-2.446487427E1,4.503881320E1
6.389692762E1,1.712227631E1,3.362623596E1,-2.442384338E1,4.494908471E1
6.390685863E1,1.712470245E1,3.335331726E1,-2.437387848E1,4.471895748E1
6.391678863E1,1.687491608E1,3.358085632E1,-2.422926331E1,4.471570087E1
6.392671863E1,1.713021088E1,3.359448242E1,-2.431191254E1,4.486761042E1
6.393664863E1,1.725304413E1,3.354706955E1,-2.456028748E1,4.501423250E1
6.394657863E1,1.735742950E1,3.370343781E1,-2.438871765E1,4.507783965E1
6.395650863E1,1.742846680E1,3.346838379E1,-2.435251617E1,4.491023505E1
6.396643863E1,1.721704865E1,3.353536987E1,-2.426589966E1,4.483170399E1
6.397636863E1,1.722038269E1,3.352668762E1,-2.427699280E1,4.483249650E1
6.398629963E1,1.694612885E1,3.348007965E1,-2.428250885E1,4.469594224E1
6.399622963E1,1.683715820E1,3.378778839E1,-2.417900085E1,4.482999691E1
6.400615963E1,1.707601166E1,3.336016846E1,-2.421846771E1,4.462090532E1
6.401608963E1,1.722694397E1,3.346524811E1,-2.416580963E1,4.472892559E1
6.402601963E1,1.753609467E1,3.372235107E1,-2.415702057E1,4.503635444E1
6.403594963E1,1.745618439E1,3.394999695E1,-2.404817963E1,4.511801868E1
6.404587963E1,1.728058624E1,3.393766785E1,-2.418298340E1,4.511319813E1
6.405580963E1,1.710090637E1,3.386604309E1,-2.440310669E1,4.510943903E1
6.406574062E1,1.720299530E1,3.358941650E1,-2.428095245E1,4.487489945E1
6.407567062E1,1.723261261E1,3.394013977E1,-2.455279541E1,4.529609020E1
6.408560062E1,1.730715179E1,3.368112946E1,-2.438513947E1,4.503988245E1
6.409553062E1,1.742797852E1,3.374259949E1,-2.447531891E1,4.518117629E1
6.410546062E1,1.724793243E1,3.335348129E1,-2.436917114E1,4.476385137E1
6.411539062E1,1.697974396E1,3.366231537E1,-2.411484528E1,4.475476448E1
6.412532062E1,1.709693146E1,3.351078033E1,-2.431472778E1,4.479378809E1
6.413525062E1,1.696437073E1,3.358472443E1,-2.429319763E1,4.478708564E1
6.414518062E1,1.729087067E1,3.352890015E1,-2.455185699E1,4.501061025E1
6.415511163E1,1.729509735E1,3.353749847E1,-2.452763367E1,4.500543311E1
6.416504163E1,1.713002014E1,3.341051483E1,-2.461906433E1,4.489764381E1
6.417497163E1,1.712102509E1,3.368682861E1,-2.450483704E1,4.503797243E1
6.418490163E1,1.720189667E1,3.350838089E1,-2.472660828E1,4.505687512E1
6.419483163E1,1.723046112E1,3.354125214E1,-2.449136353E1,4.496366614E1
6.420476163E1,1.745820618E1,3.351905823E1,-2.466052246E1,4.512712705E1
6.421469163E1,1.714305878E1,3.360547638E1,-2.412261963E1,4.477849132E1
6.422462163E1,1.744304657E1,3.362402344E1,-2.460150146E1,4.516711968E1
6.423455262E1,1.709171295E1,3.379399872E1,-2.462870789E1,4.517448675E1
6.424448262E1,1.725957489E1,3.393515396E1,-2.468836975E1,4.537624049E1
6.425441262E1,1.718820953E1,3.373039246E1,-2.479486084E1,4.525438151E1
6.426434262E1,1.712562561E1,3.394294357E1,-2.472204590E1,4.534964194E1
6.427427262E1,1.689097595E1,3.390638351E1,-2.434014130E1,4.502655206E1
6.428420263E1,1.713671875E1,3.406251144E1,-2.451473236E1,4.533093776E1
6.429413263E1,1.681827545E1,3.394490814E1,-2.441103363E1,4.506672543E1
6.430406263E1,1.701309967E1,3.365156555E1,-2.451388550E1,4.497559346E1
6.431399263E1,1.695335388E1,3.379903412E1,-2.438983154E1,4.499616426E1
6.432392362E1,1.724027252E1,3.383469391E1,-2.464127350E1,4.526815512E1
6.433385362E1,1.710527039E1,3.357889938E1,-2.445074463E1,4.492183958E1
6.434378362E1,1.727456665E1,3.341560364E1,-2.464010620E1,4.496830054E1
6.435371362E1,1.685551453E1,3.348979187E1,-2.426331329E1,4.465851432E1
6.436364362E1,1.713101196E1,3.353609467E1,-2.452411652E1,4.493966519E1
6.437357362E1,1.700981140E1,3.349600220E1,-2.453065491E1,4.486723612E1
6.438350362E1,1.716761017E1,3.333065033E1,-2.465837860E1,4.487421003E1
6.439343350E1,1.702037048E1,3.341131973E1,-2.416419220E1,4.460849115E1
6.440336450E1,1.713973999E1,3.364729309E1,-2.423770905E1,4.487067594E1
6.441329450E1,1.702104187E1,3.372201920E1,-2.449987793E1,4.502371002E1
6.442322450E1,1.758509064E1,3.349679184E1,-2.498110199E1,4.533570263E1
6.443315450E1,1.717667389E1,3.359401703E1,-2.468812561E1,4.508990632E1
6.444308450E1,1.731784821E1,3.354715729E1,-2.478589630E1,4.516259829E1
6.445301450E1,1.705058289E1,3.358248901E1,-2.431259918E1,4.482865628E1
6.446294450E1,1.723931885E1,3.343575287E1,-2.449441528E1,4.489008871E1
6.447287450E1,1.701971436E1,3.348154449E1,-2.435479736E1,4.476427876E1
6.448280550E1,1.735633087E1,3.349344254E1,-2.454409790E1,4.500517366E1
6.449273550E1,1.706916809E1,3.379975891E1,-2.440296173E1,4.504758310E1
6.450266550E1,1.733483124E1,3.381900024E1,-2.447882843E1,4.520436033E1
6.451259550E1,1.715612030E1,3.391372299E1,-2.398735046E1,4.494291995E1
6.452252550E1,1.734073639E1,3.356359100E1,-2.411274719E1,4.481785757E1
6.453245550E1,1.732088470E1,3.340397644E1,-2.429312134E1,4.478832921E1
6.454238550E1,1.726345825E1,3.359090805E1,-2.441358185E1,4.497109153E1
6.455231550E1,1.700655365E1,3.356423950E1,-2.398954010E1,4.462375012E1
6.456224550E1,1.715972137E1,3.353692245E1,-2.446377563E1,4.491834284E1
6.457217650E1,1.685099792E1,3.351206207E1,-2.442691040E1,4.476257798E1
6.458210650E1,1.690689850E1,3.353612137E1,-2.458251953E1,4.488668978E1
6.459203650E1,1.685921478E1,3.356128693E1,-2.423377991E1,4.469753004E1
6.460196650E1,1.706291199E1,3.345720291E1,-2.439621735E1,4.478507355E1
6.461189650E1,1.701874542E1,3.357770538E1,-2.436447144E1,4.484113583E1
6.462182650E1,1.708385468E1,3.355748749E1,-2.435972595E1,4.484818063E1
6.463175650E1,1.693920898E1,3.375994873E1,-2.428885651E1,4.490678668E1
6.464168650E1,1.701852417E1,3.371207428E1,-2.473154449E1,4.514181443E1
6.465161750E1,1.692747498E1,3.356837463E1,-2.446683502E1,4.485533637E1
6.466154750E1,1.690689087E1,3.352748108E1,-2.483195496E1,4.501734036E1
6.467147750E1,1.697647095E1,3.369471741E1,-2.473046112E1,4.511241796E1
6.468140750E1,1.720635223E1,3.355212784E1,-2.445249939E1,4.494139034E1
6.469133750E1,1.696850586E1,3.352244949E1,-2.436739349E1,4.478230317E1
6.470126750E1,1.688843536E1,3.349284744E1,-2.486898041E1,4.500506933E1
6.471119750E1,1.690449524E1,3.338320923E1,-2.471073151E1,4.484217735E1
6.472112750E1,1.709870911E1,3.338016891E1,-2.480805969E1,4.496711416E1
6.473105750E1,1.691976166E1,3.307908249E1,-2.459474182E1,4.455788772E1
6.474098850E1,1.709603882E1,3.305117798E1,-2.486966705E1,4.475662240E1
6.475091850E1,1.696895599E1,3.276456070E1,-2.492742157E1,4.452907198E1
6.476084850E1,1.719902802E1,3.303895950E1,-2.534345245E1,4.505185892E1
6.477077850E1,1.683921051E1,3.304472733E1,-2.535914612E1,4.492882490E1
6.478070850E1,1.694253540E1,3.278619385E1,-2.533625031E1,4.476504878E1
6.479063850E1,1.681044006E1,3.271322632E1,-2.541695404E1,4.470757904E1
6.480056850E1,1.679608917E1,3.284447479E1,-2.524233246E1,4.469947968E1
6.481049850E1,1.702930450E1,3.265637970E1,-2.536754608E1,4.472078646E1
6.482042950E1,1.690671539E1,3.226564026E1,-2.563672638E1,4.454380211E1
6.483035950E1,1.680420685E1,3.212374878E1,-2.563341522E1,4.440032184E1
6.484028950E1,1.680155182E1,3.221446609E1,-2.573657227E1,4.452454516E1
6.485021950E1,1.668373871E1,3.219751740E1,-2.579435730E1,4.450141719E1
6.486014950E1,1.667673492E1,3.213992310E1,-2.574241638E1,4.442702044E1
6.487007950E1,1.647369385E1,3.228060150E1,-2.579170990E1,4.448181788E1
6.488000950E1,1.659172058E1,3.215821075E1,-2.625816345E1,4.470935985E1
6.488993950E1,1.636483002E1,3.226799393E1,-2.608197021E1,4.460157244E1
6.489987050E1,1.631846619E1,3.218898773E1,-2.611998749E1,4.454971399E1
6.490980050E1,1.651554108E1,3.186615753E1,-2.685524750E1,4.482654806E1
6.491973050E1,1.621928406E1,3.140561295E1,-2.723526764E1,4.462216381E1
6.492966050E1,1.628820038E1,3.092539978E1,-2.774353790E1,4.462498984E1
6.493959050E1,1.642823792E1,3.032304001E1,-2.875205231E1,4.490049296E1
6.494952050E1,1.660762024E1,2.985230637E1,-2.984878540E1,4.536433881E1
6.495945050E1,1.668840027E1,2.920871735E1,-3.024405670E1,4.523665370E1
6.496938050E1,1.686322784E1,2.825166702E1,-3.124913788E1,4.537657723E1
6.497931050E1,1.717905426E1,2.736973572E1,-3.202844238E1,4.549773027E1
6.498924150E1,1.764147949E1,2.632557297E1,-3.247467041E1,4.537468247E1
6.499917150E1,1.806269073E1,2.495029449E1,-3.445373535E1,4.621512600E1
6.500910150E1,1.823222351E1,2.405460358E1,-3.518433380E1,4.635704124E1
6.501903150E1,1.859429932E1,2.357414627E1,-3.572529602E1,4.666674528E1
6.502896150E1,1.854060364E1,2.281857681E1,-3.634365845E1,4.674722388E1
6.503889150E1,1.934385681E1,2.198176956E1,-3.680841064E1,4.703447761E1
6.504882150E1,1.982372284E1,2.130945587E1,-3.736788177E1,4.736487607E1
6.505875150E1,2.039835358E1,2.097237015E1,-3.764851379E1,4.767959447E1
6.506868150E1,2.049030304E1,2.020673752E1,-3.821423340E1,4.783818970E1
6.507861250E1,2.092571259E1,1.943662262E1,-3.915195465E1,4.846177152E1
6.508854250E1,2.095764923E1,1.894306564E1,-3.956124878E1,4.861229476E1
6.509847250E1,2.137300873E1,1.791807175E1,-3.973022461E1,4.854228615E1
6.510840250E1,2.143431854E1,1.716533661E1,-3.995989227E1,4.848578949E1
6.511833250E1,2.158874512E1,1.640639114E1,-4.012478638E1,4.842769939E1
6.512826250E1,2.156185150E1,1.602885437E1,-4.044667053E1,4.855688180E1
6.513819250E1,2.174923706E1,1.574699783E1,-4.091811371E1,4.894169269E1
6.514812250E1,2.164006805E1,1.546601105E1,-4.098890686E1,4.886287475E1
6.515805350E1,2.169706726E1,1.479000473E1,-4.106172180E1,4.873983961E1
6.516798350E1,2.155678558E1,1.449947357E1,-4.136764526E1,4.884886706E1
6.517791350E1,2.193672943E1,1.410950089E1,-4.159483337E1,4.909611264E1
6.518784350E1,2.182592773E1,1.381988144E1,-4.113915253E1,4.857767095E1
6.519777350E1,2.233430481E1,1.342368317E1,-4.141615295E1,4.893172965E1
6.520770350E1,2.222861481E1,1.320391083E1,-4.103135681E1,4.849769911E1
6.521763350E1,2.283094025E1,1.263744736E1,-4.139138031E1,4.893059648E1
6.522756350E1,2.281931305E1,1.241144180E1,-4.130060577E1,4.879041886E1
6.523749350E1,2.320261383E1,1.154175568E1,-4.179084015E1,4.917364877E1
6.524742450E1,2.320054626E1,1.143899155E1,-4.130031586E1,4.873224769E1
6.525735450E1,2.333076477E1,1.079954147E1,-4.162975311E1,4.892842758E1
6.526728450E1,2.329504395E1,1.057450485E1,-4.123239899E1,4.852411721E1
6.527721450E1,2.410956573E1,1.007876205E1,-4.127620697E1,4.885261371E1
6.528714450E1,2.394808960E1,9.546703339E0,-4.051002502E1,4.801783697E1
6.529707450E1,2.443581390E1,8.910953522E0,-4.071706390E1,4.831556050E1
6.530700450E1,2.434430695E1,8.684852600E0,-4.050664520E1,4.805060094E1
6.531693450E1,2.444595337E1,7.942367554E0,-4.079310608E1,4.821579971E1
6.532686550E1,2.428993225E1,7.861988068E0,-4.054724884E1,4.791545736E1
6.533679550E1,2.475320435E1,7.605541229E0,-4.045301819E1,4.803136541E1
6.534672550E1,2.409716797E1,7.691360474E0,-4.026965332E1,4.755497354E1
6.535665550E1,2.389325714E1,7.952247620E0,-4.028058624E1,4.750422725E1
6.536658550E1,2.346736145E1,8.185401917E0,-4.050514221E1,4.752246210E1
6.537651550E1,2.327007294E1,8.083873749E0,-4.028330231E1,4.721853189E1
6.538644550E1,2.327738190E1,8.280010223E0,-4.033527374E1,4.730041633E1
6.539637588E1,2.335420227E1,8.329433441E0,-4.047627258E1,4.746711354E1
6.540630588E1,2.295127106E1,8.489776611E0,-4.000544739E1,4.689640680E1
6.541623687E1,2.350062561E1,8.341300964E0,-4.015251160E1,4.726606492E1
6.542616687E1,2.332486725E1,8.412734985E0,-4.011147308E1,4.715669428E1
6.543609687E1,2.319062042E1,8.138759613E0,-4.006900787E1,4.700605999E1
6.544602687E1,2.327053833E1,8.138854980E0,-3.976908875E1,4.679037651E1
6.545595687E1,2.356438446E1,7.737751007E0,-3.998044586E1,4.704879443E1
6.546588687E1,2.333499146E1,7.634334564E0,-3.956578064E1,4.656453466E1
6.547581687E1,2.370394135E1,7.190979004E0,-3.956549072E1,4.667992149E1
6.548574687E1,2.377085876E1,7.050857544E0,-3.909345245E1,4.629326456E1
6.549567687E1,2.413500214E1,6.739112854E0,-3.894396973E1,4.630925122E1
6.550560788E1,2.418508911E1,6.824977875E0,-3.864917755E1,4.610051826E1
6.551553788E1,2.435740662E1,6.817924500E0,-3.874577332E1,4.627096607E1
6.552546788E1,2.401200104E1,7.155326843E0,-3.897026825E1,4.632986837E1
6.553539788E1,2.418893433E1,7.179580688E0,-3.937413025E1,4.676508372E1
6.554532788E1,2.330310059E1,7.433403015E0,-3.952425385E1,4.648071234E1
6.555525788E1,2.265716553E1,7.620765686E0,-3.943563843E1,4.611499537E1
