"Time (s)","Magnetic Field x (µT)","Magnetic Field y (µT)","Magnetic Field z (µT)","Absolute field (µT)"
4.292108334E-2,-6.259063721E0,-1.847429657E1,-4.300606537E1,4.722284586E1
5.285208333E-2,-6.149185181E0,-1.816263580E1,-4.277054596E1,4.687230973E1
6.278308334E-2,-6.214103699E0,-1.832849884E1,-4.277448273E1,4.694896513E1
7.271408333E-2,-5.972026825E0,-1.813852692E1,-4.286122131E1,4.692286815E1
8.264508334E-2,-6.123119354E0,-1.841574860E1,-4.308322906E1,4.725248156E1
9.257608333E-2,-6.238483429E0,-1.827612305E1,-4.305094147E1,4.718388401E1
1.025070833E-1,-6.206977844E0,-1.840555573E1,-4.333044434E1,4.748492879E1
1.124380833E-1,-5.918701172E0,-1.847454834E1,-4.301850128E1,4.719037415E1
1.223690833E-1,-5.978248596E0,-1.851378632E1,-4.358380890E1,4.772890255E1
1.323000833E-1,-6.089740753E0,-1.816950989E1,-4.349228668E1,4.752678227E1
1.422310833E-1,-6.076278687E0,-1.840422058E1,-4.346999359E1,4.759492453E1
1.521620833E-1,-6.100051880E0,-1.827928162E1,-4.322206879E1,4.732325009E1
1.620930833E-1,-6.224864960E0,-1.854308319E1,-4.328089142E1,4.749558337E1
1.720240833E-1,-6.311912537E0,-1.847708130E1,-4.327402496E1,4.747508831E1
1.819550833E-1,-6.479064941E0,-1.844364166E1,-4.325590515E1,4.746808961E1
1.918860833E-1,-6.434364319E0,-1.851752472E1,-4.307022095E1,4.732170431E1
2.018170833E-1,-6.322742462E0,-1.862763214E1,-4.283621979E1,4.713711358E1
2.117480833E-1,-6.140171051E0,-1.817138672E1,-4.286938477E1,4.696472236E1
2.216790833E-1,-6.430969238E0,-1.831958771E1,-4.321990204E1,4.738063519E1
2.316110833E-1,-6.252395630E0,-1.796789551E1,-4.308869171E1,4.710173111E1
2.415420833E-1,-6.669769287E0,-1.837922668E1,-4.303511810E1,4.726841637E1
2.514730833E-1,-6.478160858E0,-1.808859253E1,-4.293797302E1,4.704076185E1
2.614040833E-1,-6.406402588E0,-1.845914459E1,-4.291895294E1,4.715738049E1
2.713350833E-1,-6.194393158E0,-1.803781128E1,-4.273557281E1,4.679810174E1
2.812660833E-1,-6.293479919E0,-1.831166840E1,-4.295281219E1,4.711548752E1
2.911970833E-1,-6.257144928E0,-1.822796631E1,-4.254191589E1,4.670358901E1
3.011280833E-1,-6.519561768E0,-1.837601471E1,-4.260214233E1,4.685216253E1
3.110590833E-1,-6.586879730E0,-1.814281464E1,-4.289723206E1,4.703957085E1
3.209900833E-1,-6.605964661E0,-1.804110718E1,-4.298439026E1,4.708267328E1
3.309210833E-1,-6.700359344E0,-1.809499359E1,-4.284582520E1,4.699030054E1
3.408520833E-1,-6.566814423E0,-1.830911255E1,-4.341024017E1,4.756885121E1
3.507830833E-1,-6.593955994E0,-1.808075714E1,-4.307933044E1,4.718286496E1
3.607140833E-1,-6.570404053E0,-1.822775269E1,-4.339198303E1,4.752142011E1
3.706450833E-1,-6.335708618E0,-1.833760834E1,-4.314616394E1,4.730751046E1
3.805760833E-1,-6.499885559E0,-1.833005524E1,-4.322798157E1,4.740145386E1
3.905070833E-1,-6.549388885E0,-1.827198029E1,-4.309869385E1,4.726792961E1
4.004380833E-1,-6.298706055E0,-1.795958710E1,-4.283843994E1,4.687592563E1
4.103690833E-1,-6.266777039E0,-1.812419891E1,-4.288646698E1,4.697880512E1
4.203000833E-1,-6.252285004E0,-1.780162811E1,-4.298522186E1,4.694377839E1
4.302310833E-1,-6.196014404E0,-1.794114685E1,-4.336399841E1,4.733615640E1
4.401620833E-1,-6.094692230E0,-1.781214905E1,-4.291237640E1,4.686032411E1
4.500930833E-1,-6.137298584E0,-1.775347900E1,-4.304857635E1,4.696841893E1
4.600240833E-1,-6.037090302E0,-1.764012146E1,-4.316174316E1,4.701655472E1
4.699550833E-1,-6.171535492E0,-1.815050507E1,-4.299468994E1,4.707517443E1
4.798860833E-1,-6.006629944E0,-1.796620941E1,-4.276917267E1,4.677677217E1
4.898170833E-1,-6.156784058E0,-1.799400330E1,-4.290576172E1,4.693180727E1
4.997480833E-1,-6.269416809E0,-1.784306335E1,-4.325746918E1,4.721111243E1
5.096790833E-1,-6.493526459E0,-1.822593689E1,-4.313645172E1,4.727688789E1
5.196100833E-1,-6.570365906E0,-1.815586090E1,-4.325699615E1,4.737058908E1
5.295410833E-1,-6.310920715E0,-1.812344360E1,-4.325502014E1,4.732107032E1
5.394720833E-1,-6.489906311E0,-1.825506592E1,-4.306889343E1,4.722600869E1
5.494030833E-1,-6.560791016E0,-1.817073822E1,-4.296386719E1,4.710746852E1
5.593345417E-1,-6.554821014E0,-1.838410187E1,-4.297712708E1,4.720142298E1
5.692655417E-1,-6.507087708E0,-1.848252106E1,-4.333518982E1,4.755927304E1
5.791965417E-1,-6.501766205E0,-1.802089691E1,-4.279695892E1,4.688928857E1
5.891275417E-1,-6.473888397E0,-1.806011963E1,-4.264382172E1,4.676082423E1
5.990585417E-1,-6.492504120E0,-1.819445801E1,-4.292820740E1,4.707464182E1
6.089895417E-1,-6.573600769E0,-1.830979919E1,-4.283867645E1,4.704905072E1
6.189215417E-1,-6.588344574E0,-1.831513977E1,-4.301450348E1,4.721332586E1
6.288525417E-1,-6.317970276E0,-1.837954712E1,-4.317311096E1,4.734598199E1
6.387835417E-1,-6.341815948E0,-1.829626465E1,-4.313333130E1,4.728061123E1
6.487145417E-1,-6.295669556E0,-1.844000244E1,-4.302159882E1,4.722845657E1
6.586455417E-1,-6.261108398E0,-1.835693359E1,-4.296699524E1,4.714171369E1
6.685765417E-1,-6.293354034E0,-1.834085846E1,-4.329449463E1,4.743845127E1
6.785075417E-1,-6.415458679E0,-1.823800659E1,-4.314553070E1,4.727916892E1
6.884385417E-1,-6.194446564E0,-1.830970001E1,-4.318287659E1,4.731149029E1
6.983695417E-1,-6.221328735E0,-1.846310425E1,-4.314469910E1,4.733979520E1
7.083005417E-1,-6.130443573E0,-1.831251526E1,-4.330944061E1,4.741980809E1
7.182315417E-1,-6.007389069E0,-1.854256439E1,-4.329483795E1,4.748008436E1
7.281625417E-1,-6.339321136E0,-1.834053040E1,-4.315293121E1,4.731529901E1
7.380935417E-1,-6.285377502E0,-1.861496735E1,-4.306693268E1,4.733691657E1
7.480245417E-1,-6.054695129E0,-1.848122406E1,-4.305798340E1,4.724621583E1
7.579555417E-1,-6.108932495E0,-1.851726532E1,-4.333907318E1,4.752350403E1
7.678865417E-1,-6.162059784E0,-1.835376740E1,-4.321678925E1,4.735528092E1
7.778175417E-1,-6.287761688E0,-1.863934326E1,-4.307402039E1,4.735327123E1
7.877485417E-1,-6.421527863E0,-1.854205322E1,-4.295440674E1,4.722419736E1
7.976795417E-1,-6.494804382E0,-1.852837372E1,-4.318318939E1,4.743702101E1
8.076105417E-1,-6.378849030E0,-1.854996490E1,-4.303137207E1,4.729154148E1
8.175415417E-1,-6.353729248E0,-1.860150909E1,-4.292046356E1,4.720754398E1
8.274725417E-1,-6.643188477E0,-1.845750427E1,-4.339253998E1,4.762062518E1
8.374035417E-1,-6.360015869E0,-1.857555389E1,-4.318680573E1,4.744050161E1
8.473345417E-1,-6.382369995E0,-1.842007446E1,-4.323537445E1,4.742711665E1
8.572655417E-1,-6.429569244E0,-1.850061035E1,-4.317578125E1,4.741054767E1
8.671965417E-1,-6.284786224E0,-1.819462585E1,-4.297913361E1,4.709298115E1
8.771275417E-1,-6.147998810E0,-1.836040497E1,-4.304066467E1,4.719535121E1
8.870585417E-1,-6.173900604E0,-1.841704559E1,-4.305735016E1,4.723600343E1
8.969895417E-1,-6.149768829E0,-1.849815369E1,-4.319289398E1,4.738805163E1
9.069205417E-1,-6.286411285E0,-1.850184631E1,-4.318967438E1,4.740448562E1
9.168515417E-1,-6.481075287E0,-1.873905945E1,-4.321792603E1,4.754940395E1
9.267825417E-1,-6.350742340E0,-1.843661499E1,-4.312346649E1,4.732730779E1
9.367135417E-1,-6.295604706E0,-1.840219116E1,-4.345053101E1,4.760487289E1
9.466445417E-1,-6.107383728E0,-1.847477722E1,-4.319458771E1,4.737499273E1
9.565765417E-1,-6.228012085E0,-1.837203217E1,-4.332399750E1,4.746881565E1
9.665075417E-1,-6.296672821E0,-1.805269623E1,-4.295468903E1,4.701758436E1
9.764385417E-1,-6.376438141E0,-1.842518616E1,-4.292557526E1,4.714606515E1
9.863695417E-1,-6.282752991E0,-1.823849487E1,-4.293380737E1,4.706832795E1
9.963005417E-1,-6.419372559E0,-1.837711334E1,-4.296065521E1,4.716507750E1
1.006231542E0,-6.168521881E0,-1.795423889E1,-4.303368378E1,4.703512832E1
1.016162542E0,-6.234756470E0,-1.853327942E1,-4.328832245E1,4.749982626E1
1.026093542E0,-6.066768646E0,-1.818660736E1,-4.295596313E1,4.704012264E1
1.036024542E0,-6.076038361E0,-1.853617859E1,-4.293950653E1,4.716258453E1
1.045955542E0,-6.313293457E0,-1.833586121E1,-4.271598816E1,4.691180155E1
1.055886542E0,-6.293392181E0,-1.850437927E1,-4.288636780E1,4.713023849E1
1.065817542E0,-6.175098419E0,-1.839254761E1,-4.301126099E1,4.718459727E1
1.075748542E0,-6.426666260E0,-1.860671234E1,-4.310012054E1,4.738282573E1
1.085679542E0,-6.254009247E0,-1.841012573E1,-4.290596771E1,4.710591711E1
1.095610542E0,-6.451339722E0,-1.864235687E1,-4.320063019E1,4.749159613E1
1.105541542E0,-6.293125153E0,-1.832347870E1,-4.293577576E1,4.710450229E1
1.115472542E0,-6.248432159E0,-1.830530548E1,-4.294694519E1,4.710166891E1
1.125403542E0,-6.102931976E0,-1.808132935E1,-4.288776398E1,4.694188480E1
1.135334542E0,-6.361011505E0,-1.836629486E1,-4.294637299E1,4.713994280E1
1.145265542E0,-6.201145172E0,-1.828662872E1,-4.256815338E1,4.674294250E1
1.155196542E0,-6.241161346E0,-1.862352753E1,-4.283222961E1,4.712099072E1
1.165127542E0,-6.271804810E0,-1.809390259E1,-4.283197021E1,4.691804044E1
1.175058542E0,-6.278125763E0,-1.842449951E1,-4.298042297E1,4.718255826E1
1.184989542E0,-6.198535919E0,-1.849972534E1,-4.315642548E1,4.736178570E1
1.194920542E0,-6.207996368E0,-1.862458801E1,-4.333600616E1,4.757545510E1
1.204851542E0,-6.327217102E0,-1.853591156E1,-4.316661072E1,4.740221487E1
1.214782542E0,-6.317409515E0,-1.845909882E1,-4.348646545E1,4.766257095E1
1.224713542E0,-6.185916901E0,-1.850527191E1,-4.351867676E1,4.769261875E1
1.234644542E0,-6.360187531E0,-1.849131012E1,-4.298422241E1,4.722312899E1
1.244575542E0,-6.278152466E0,-1.819100189E1,-4.297750092E1,4.708920612E1
1.254506542E0,-6.390750885E0,-1.846193695E1,-4.348475647E1,4.767188750E1
1.264437542E0,-6.273227692E0,-1.835108185E1,-4.296602631E1,4.714016342E1
1.274368542E0,-6.309761047E0,-1.858593750E1,-4.314703369E1,4.740165265E1
1.284299542E0,-6.306098938E0,-1.846813965E1,-4.289555359E1,4.712608178E1
1.294230542E0,-6.276924133E0,-1.865733337E1,-4.290444183E1,4.720473487E1
1.304162542E0,-6.387214661E0,-1.835150909E1,-4.308022308E1,4.725970819E1
1.314093542E0,-6.159446716E0,-1.847812653E1,-4.314397430E1,4.733690381E1
1.324024542E0,-6.360862732E0,-1.834429932E1,-4.282646179E1,4.702211949E1
1.333955542E0,-6.401496887E0,-1.852070618E1,-4.308802795E1,4.733470051E1
1.343886542E0,-6.202995300E0,-1.847551727E1,-4.311988831E1,4.731962232E1
1.353817542E0,-6.481807709E0,-1.868858337E1,-4.296179962E1,4.729686254E1
1.363748542E0,-6.148239136E0,-1.854449463E1,-4.292696381E1,4.716379276E1
1.373679542E0,-6.091423035E0,-1.816199493E1,-4.300928497E1,4.708250300E1
1.383610542E0,-6.244232178E0,-1.825131226E1,-4.299349213E1,4.712261877E1
1.393541542E0,-6.281291962E0,-1.840032959E1,-4.284752655E1,4.705249504E1
1.403472542E0,-6.241638184E0,-1.803923035E1,-4.309046173E1,4.712918173E1
1.413403542E0,-6.114151001E0,-1.831768036E1,-4.303787994E1,4.717180690E1
1.423334542E0,-6.217895508E0,-1.849665070E1,-4.307727814E1,4.729101609E1
1.433265542E0,-6.252117157E0,-1.850949860E1,-4.328889465E1,4.749335646E1
1.443196542E0,-6.323837280E0,-1.833306122E1,-4.309774017E1,4.725999640E1
1.453127542E0,-6.249259949E0,-1.831843567E1,-4.336238861E1,4.748594615E1
1.463058542E0,-6.289470673E0,-1.830142212E1,-4.307794952E1,4.722509109E1
1.472989542E0,-6.198074341E0,-1.856803131E1,-4.308458710E1,4.732303411E1
1.482920542E0,-6.132457733E0,-1.834602356E1,-4.274122620E1,4.691477417E1
1.492851542E0,-6.262897491E0,-1.838305664E1,-4.316728210E1,4.733471137E1
1.502782542E0,-6.240013123E0,-1.838140106E1,-4.308379364E1,4.725491449E1
1.512713542E0,-6.212936401E0,-1.843791199E1,-4.323436737E1,4.741062855E1
1.522644542E0,-6.453144073E0,-1.843107605E1,-4.315193939E1,4.736493963E1
1.532575542E0,-6.301769257E0,-1.851891327E1,-4.292329407E1,4.717066480E1
1.542506542E0,-6.162746429E0,-1.844179535E1,-4.301747131E1,4.720786055E1
1.552437542E0,-6.249237061E0,-1.844338989E1,-4.290991974E1,4.712189307E1
1.562368292E0,-6.111282349E0,-1.869236755E1,-4.280825806E1,4.710943997E1
1.572299292E0,-6.425445557E0,-1.840550232E1,-4.264294434E1,4.688784030E1
1.582230292E0,-6.249500275E0,-1.830972290E1,-4.301276398E1,4.716354600E1
1.592161292E0,-6.469356537E0,-1.817635345E1,-4.331037903E1,4.741330331E1
1.602092292E0,-6.310543060E0,-1.835104370E1,-4.361302185E1,4.773551543E1
1.612024292E0,-6.257022858E0,-1.831144714E1,-4.338497925E1,4.750490349E1
1.621955292E0,-6.290107727E0,-1.835673523E1,-4.316163635E1,4.732295464E1
1.631886292E0,-6.275421143E0,-1.816180420E1,-4.323445129E1,4.731225868E1
1.641817292E0,-6.283695221E0,-1.832506561E1,-4.344227600E1,4.756599835E1
1.651748292E0,-6.191299438E0,-1.836959076E1,-4.333609009E1,4.747410618E1
1.661679292E0,-6.133827209E0,-1.856040955E1,-4.299282837E1,4.722812647E1
1.671610292E0,-6.126770020E0,-1.825199127E1,-4.302932739E1,4.714016877E1
1.681541292E0,-6.279071808E0,-1.845807648E1,-4.332136536E1,4.750650510E1
1.691472292E0,-6.358974457E0,-1.810342407E1,-4.333924866E1,4.739684582E1
1.701403292E0,-6.343246460E0,-1.832943726E1,-4.331365967E1,4.745817274E1
1.711334292E0,-6.023418427E0,-1.811918640E1,-4.322464752E1,4.725417060E1
1.721265292E0,-6.216175079E0,-1.830674744E1,-4.340007019E1,4.751151362E1
1.731196292E0,-6.287441254E0,-1.823054504E1,-4.339447784E1,4.748647594E1
1.741127292E0,-6.335113525E0,-1.845615387E1,-4.305017853E1,4.726606764E1
1.751058292E0,-6.255119324E0,-1.827735138E1,-4.327455902E1,4.739066944E1
1.760989292E0,-6.505973816E0,-1.873783112E1,-4.339170837E1,4.771031718E1
1.770920292E0,-6.421676636E0,-1.824427795E1,-4.328043365E1,4.740556451E1
1.780851292E0,-6.364379883E0,-1.836468506E1,-4.313913727E1,4.731545364E1
1.790782292E0,-6.058906555E0,-1.821709442E1,-4.274433136E1,4.685777141E1
1.800713292E0,-6.174446106E0,-1.846916962E1,-4.302773285E1,4.722943791E1
1.810644292E0,-6.089591980E0,-1.814173126E1,-4.318221283E1,4.723249992E1
1.820575292E0,-6.218536377E0,-1.864765167E1,-4.314396667E1,4.741104268E1
1.830506292E0,-6.025192261E0,-1.843608093E1,-4.316750336E1,4.732468033E1
1.840437292E0,-6.163322449E0,-1.856132507E1,-4.292919922E1,4.717441550E1
1.850368292E0,-6.197692871E0,-1.822119141E1,-4.289429474E1,4.701429287E1
1.860299292E0,-6.414081573E0,-1.842866516E1,-4.305854797E1,4.727361522E1
1.870230292E0,-6.187942505E0,-1.802214813E1,-4.303243256E1,4.706249789E1
1.880161292E0,-6.218311310E0,-1.850766754E1,-4.308158875E1,4.729930699E1
1.890092292E0,-6.287067413E0,-1.810340118E1,-4.302531433E1,4.710029750E1
1.900023292E0,-6.445400238E0,-1.820608521E1,-4.320334625E1,4.732371340E1
1.909954292E0,-6.099170685E0,-1.822483063E1,-4.335356903E1,4.742231840E1
1.919885292E0,-6.132396698E0,-1.842098999E1,-4.314426422E1,4.731138020E1
1.929817292E0,-5.828693390E0,-1.807099915E1,-4.296288300E1,4.697173610E1
1.939748292E0,-5.984188080E0,-1.839166260E1,-4.283750916E1,4.700123350E1
1.949679292E0,-5.873600006E0,-1.830706787E1,-4.293176270E1,4.704023979E1
1.959610292E0,-5.958580017E0,-1.875866699E1,-4.307096863E1,4.735504832E1
1.969541292E0,-5.933837891E0,-1.843676758E1,-4.320327759E1,4.734604551E1
1.979472292E0,-6.191127777E0,-1.863065338E1,-4.312241364E1,4.738115518E1
1.989403292E0,-6.250938416E0,-1.836768341E1,-4.259117889E1,4.680229209E1
1.999334292E0,-6.430007935E0,-1.854196930E1,-4.264628601E1,4.694523765E1
2.009265292E0,-6.304855347E0,-1.821156311E1,-4.294944000E1,4.707511687E1
2.019196292E0,-6.303653717E0,-1.836929321E1,-4.301748657E1,4.719821113E1
2.029127292E0,-6.286075592E0,-1.850581360E1,-4.308032227E1,4.730638487E1
2.039058292E0,-6.384086609E0,-1.842813873E1,-4.304167175E1,4.725397725E1
2.048989292E0,-6.226684570E0,-1.803387451E1,-4.292212677E1,4.697128056E1
2.058920292E0,-6.277008057E0,-1.837416077E1,-4.280234528E1,4.700054654E1
2.068851292E0,-6.010559082E0,-1.808469391E1,-4.261217499E1,4.667955046E1
2.078782292E0,-6.214733124E0,-1.869700623E1,-4.258298492E1,4.692026806E1
2.088713292E0,-6.203624725E0,-1.833277893E1,-4.286248779E1,4.702944400E1
2.098644292E0,-6.229160309E0,-1.829506683E1,-4.264311218E1,4.681823283E1
2.108575292E0,-5.946510315E0,-1.832127380E1,-4.275703430E1,4.689556526E1
2.118506292E0,-6.257404327E0,-1.845893860E1,-4.301380920E1,4.722367315E1
2.128437292E0,-6.157630920E0,-1.830916595E1,-4.299279022E1,4.713302438E1
2.138368292E0,-6.221080780E0,-1.853450775E1,-4.339542389E1,4.759614100E1
2.148299292E0,-6.144573212E0,-1.813217926E1,-4.313031006E1,4.718850867E1
2.158230292E0,-6.153514862E0,-1.836933899E1,-4.339388275E1,4.752186255E1
2.168161292E0,-6.260429382E0,-1.827434540E1,-4.316557312E1,4.729071133E1
2.178092292E0,-6.387222290E0,-1.845028687E1,-4.328460693E1,4.748438576E1
2.188023292E0,-6.346111298E0,-1.837326050E1,-4.317694855E1,4.735080481E1
2.197954292E0,-6.221824646E0,-1.861747742E1,-4.325968933E1,4.750497120E1
2.207885292E0,-6.099605560E0,-1.838590240E1,-4.305673218E1,4.721365037E1
2.217816292E0,-5.976737976E0,-1.845644379E1,-4.311149597E1,4.727539317E1
2.227747292E0,-6.215026855E0,-1.821854401E1,-4.316249084E1,4.726036945E1
2.237679292E0,-6.237567902E0,-1.821720123E1,-4.345568085E1,4.753072556E1
2.247610292E0,-6.299053192E0,-1.844085693E1,-4.303308868E1,4.723970784E1
2.257541292E0,-6.263317108E0,-1.851359558E1,-4.318687439E1,4.740346487E1
2.267472292E0,-6.412857056E0,-1.842036438E1,-4.302594757E1,4.724051994E1
2.277403292E0,-6.406154633E0,-1.858095551E1,-4.278088379E1,4.707966379E1
2.287334292E0,-6.261749268E0,-1.845983887E1,-4.280585480E1,4.703526719E1
2.297265292E0,-6.292510986E0,-1.841898346E1,-4.287804413E1,4.708907851E1
2.307196292E0,-6.222801208E0,-1.870512390E1,-4.286515045E1,4.718078039E1
2.317127292E0,-6.455184937E0,-1.857412720E1,-4.296711731E1,4.725294471E1
2.327058292E0,-6.351558685E0,-1.850942993E1,-4.306895447E1,4.730619550E1
2.336989292E0,-6.435646057E0,-1.849272156E1,-4.317648315E1,4.740893363E1
2.346920292E0,-6.498485565E0,-1.817692566E1,-4.284013367E1,4.698838148E1
2.356851292E0,-6.564441681E0,-1.827579498E1,-4.286896515E1,4.706213711E1
2.366782292E0,-6.549777985E0,-1.858363342E1,-4.294260406E1,4.724741545E1
2.376713292E0,-6.396766663E0,-1.827883911E1,-4.311985016E1,4.726897567E1
2.386644292E0,-6.515361786E0,-1.850965118E1,-4.322069550E1,4.746667932E1
2.396575292E0,-6.487251282E0,-1.864170074E1,-4.337211609E1,4.765226007E1
2.406506292E0,-6.345478058E0,-1.868863678E1,-4.338106537E1,4.765970068E1
2.416437292E0,-6.167316437E0,-1.853110504E1,-4.306152344E1,4.728353251E1
2.426368292E0,-6.194286346E0,-1.829985046E1,-4.311100006E1,4.724205792E1
2.436299292E0,-6.173362732E0,-1.839237213E1,-4.300674438E1,4.718018464E1
2.446230292E0,-6.131175995E0,-1.819482422E1,-4.291439819E1,4.701370566E1
2.456161292E0,-6.217437744E0,-1.836501312E1,-4.286770630E1,4.704859703E1
2.466092292E0,-6.203834534E0,-1.834022522E1,-4.314311218E1,4.728826020E1
2.476023292E0,-5.992267609E0,-1.847590637E1,-4.315019989E1,4.732025082E1
2.485954292E0,-6.090671539E0,-1.840811157E1,-4.324131775E1,4.738951796E1
2.495885292E0,-6.160552979E0,-1.843723297E1,-4.307167053E1,4.725518781E1
2.505816292E0,-5.987041473E0,-1.829157257E1,-4.318779755E1,4.728226041E1
2.515747292E0,-6.332218170E0,-1.847120667E1,-4.336170197E1,4.755543775E1
2.525678292E0,-5.982238770E0,-1.844693756E1,-4.331755829E1,4.746037866E1
2.535609292E0,-6.108688354E0,-1.857587433E1,-4.277492523E1,4.703268448E1
2.545541292E0,-6.239921570E0,-1.832194519E1,-4.288955688E1,4.705469569E1
2.555472292E0,-6.236827850E0,-1.849892426E1,-4.304822540E1,4.726793766E1
2.565405542E0,-6.284545898E0,-1.842059326E1,-4.310308838E1,4.729365709E1
2.575336542E0,-6.255302429E0,-1.855092621E1,-4.305987549E1,4.730135885E1
2.585267542E0,-6.220497131E0,-1.845987701E1,-4.303687286E1,4.724017432E1
2.595198542E0,-6.458644867E0,-1.875837708E1,-4.320541382E1,4.754259761E1
2.605129542E0,-6.336967468E0,-1.867893219E1,-4.311757660E1,4.741503007E1
2.615060542E0,-6.301246643E0,-1.882376862E1,-4.347915649E1,4.779620302E1
2.624991542E0,-6.320507050E0,-1.851915741E1,-4.293669128E1,4.718545813E1
2.634922542E0,-6.297554016E0,-1.874620819E1,-4.338838959E1,4.768261590E1
2.644853542E0,-6.385303497E0,-1.862957001E1,-4.293619537E1,4.723716601E1
2.654784542E0,-6.202621460E0,-1.849086761E1,-4.316986084E1,4.737110494E1
2.664715542E0,-6.193672180E0,-1.836213684E1,-4.275045013E1,4.693751837E1
2.674646542E0,-6.363868713E0,-1.867436981E1,-4.277333832E1,4.710402726E1
2.684577542E0,-6.164287567E0,-1.863088989E1,-4.277401733E1,4.706086546E1
2.694508542E0,-6.354774475E0,-1.866647339E1,-4.344085693E1,4.770669176E1
2.704439542E0,-6.304084778E0,-1.834824371E1,-4.373990631E1,4.784954479E1
2.714370542E0,-6.298294067E0,-1.888206482E1,-4.358115387E1,4.791156283E1
2.724301542E0,-6.505699158E0,-1.833265686E1,-4.354354858E1,4.769120519E1
2.734232542E0,-6.427459717E0,-1.841793060E1,-4.303468323E1,4.724951181E1
2.744163542E0,-6.328025818E0,-1.831979370E1,-4.261413574E1,4.681477670E1
2.754094542E0,-6.501277924E0,-1.841638184E1,-4.297454071E1,4.720424646E1
2.764025542E0,-6.375057220E0,-1.822778320E1,-4.264483643E1,4.681319802E1
2.773956542E0,-6.411998749E0,-1.853232574E1,-4.318955994E1,4.743309934E1
2.783887542E0,-6.350807190E0,-1.818037415E1,-4.293261719E1,4.705388799E1
2.793818542E0,-6.542278290E0,-1.853312683E1,-4.294858551E1,4.723197214E1
2.803749542E0,-6.350803375E0,-1.837783051E1,-4.255908966E1,4.679052757E1
2.813680542E0,-6.335529327E0,-1.868141174E1,-4.310839081E1,4.740746180E1
2.823612542E0,-6.180629730E0,-1.846961212E1,-4.300642395E1,4.721100779E1
2.833543542E0,-6.303348541E0,-1.849540710E1,-4.306610870E1,4.729166952E1
2.843474542E0,-6.269104004E0,-1.821151733E1,-4.312723541E1,4.723261016E1
2.853405542E0,-6.344291687E0,-1.845284271E1,-4.279290771E1,4.703180192E1
2.863336542E0,-6.131065369E0,-1.824855804E1,-4.287862396E1,4.700187471E1
2.873267542E0,-6.411220551E0,-1.856951141E1,-4.300651550E1,4.728097798E1
2.883198542E0,-6.449386597E0,-1.821353149E1,-4.297503662E1,4.711879762E1
2.893129542E0,-6.315883636E0,-1.832931519E1,-4.297457123E1,4.714517954E1
2.903060542E0,-6.277614594E0,-1.822285461E1,-4.263519287E1,4.678932086E1
2.912991542E0,-6.400325775E0,-1.834700012E1,-4.303572845E1,4.721917521E1
2.922922542E0,-6.284828186E0,-1.829410553E1,-4.298256683E1,4.713464134E1
2.932853542E0,-6.399887085E0,-1.851410675E1,-4.318399048E1,4.741927601E1
2.942784542E0,-6.296447754E0,-1.830715942E1,-4.311611176E1,4.726305569E1
2.952715542E0,-6.112884521E0,-1.863011169E1,-4.328846741E1,4.752199311E1
2.962646542E0,-6.228244781E0,-1.808976746E1,-4.313406372E1,4.718663129E1
2.972577542E0,-6.330032349E0,-1.861796570E1,-4.298436737E1,4.726895170E1
2.982508542E0,-6.017375946E0,-1.828716278E1,-4.294445038E1,4.706224553E1
2.992439542E0,-6.202808380E0,-1.850183868E1,-4.297760010E1,4.720028577E1
3.002370542E0,-6.163967133E0,-1.837739563E1,-4.262963867E1,4.682957670E1
3.012301542E0,-6.248241425E0,-1.849437714E1,-4.272745514E1,4.697571638E1
3.022232542E0,-6.134391785E0,-1.858458710E1,-4.279291534E1,4.705583113E1
3.032163542E0,-6.475345612E0,-1.836947632E1,-4.308462524E1,4.728268915E1
3.042094542E0,-6.446765900E0,-1.843045807E1,-4.296982574E1,4.719797135E1
3.052025542E0,-6.339195251E0,-1.838218689E1,-4.316111755E1,4.733890852E1
3.061956542E0,-6.480037689E0,-1.829967499E1,-4.303125763E1,4.720760666E1
3.071887542E0,-6.509708405E0,-1.850875854E1,-4.321994781E1,4.746487476E1
3.081819542E0,-6.286865234E0,-1.840300751E1,-4.301410675E1,4.720602440E1
3.091750542E0,-6.452884674E0,-1.853263855E1,-4.311894226E1,4.737448252E1
3.101681542E0,-6.312370300E0,-1.862195587E1,-4.310988617E1,4.738233368E1
3.111612542E0,-6.189910889E0,-1.848099518E1,-4.297601318E1,4.718898059E1
3.121543542E0,-6.282173157E0,-1.849116516E1,-4.288847351E1,4.712547134E1
3.131474542E0,-6.327217102E0,-1.840020752E1,-4.286725616E1,4.707656491E1
3.141405542E0,-6.354961395E0,-1.827166748E1,-4.294522858E1,4.710129536E1
3.151336542E0,-6.449714661E0,-1.845633698E1,-4.340481567E1,4.760476045E1
3.161267542E0,-6.509037018E0,-1.836936951E1,-4.320187378E1,4.739412619E1
3.171198542E0,-6.361339569E0,-1.845143127E1,-4.300260925E1,4.722442546E1
3.181129542E0,-6.457118988E0,-1.854634094E1,-4.307562256E1,4.734100133E1
3.191060542E0,-6.602764130E0,-1.864271545E1,-4.306106567E1,4.738568044E1
3.200991542E0,-6.544094086E0,-1.845832825E1,-4.293309021E1,4.718882584E1
3.210922542E0,-6.301216125E0,-1.851051331E1,-4.328480530E1,4.749651353E1
3.220853542E0,-6.192955017E0,-1.853382111E1,-4.292805481E1,4.716644047E1
3.230784542E0,-6.175689697E0,-1.877362061E1,-4.320755005E1,4.751294934E1
3.240715542E0,-6.252845764E0,-1.860748291E1,-4.315505219E1,4.740986215E1
3.250646542E0,-6.190410614E0,-1.844705963E1,-4.321878052E1,4.739702714E1
3.260577542E0,-6.207714081E0,-1.881458282E1,-4.268416595E1,4.705807332E1
3.270508542E0,-6.256160736E0,-1.839337921E1,-4.292544556E1,4.711740466E1
3.280439542E0,-6.251720428E0,-1.874915314E1,-4.289205170E1,4.722650580E1
3.290370542E0,-6.428092957E0,-1.860334015E1,-4.306591034E1,4.735057842E1
3.300301542E0,-6.475200653E0,-1.868471527E1,-4.307051849E1,4.739321018E1
3.310232542E0,-6.523159027E0,-1.870693970E1,-4.305220032E1,4.739191016E1
3.320164542E0,-6.623294830E0,-1.880565643E1,-4.338505554E1,4.774708151E1
3.330095542E0,-6.325962067E0,-1.860399628E1,-4.345789337E1,4.769397205E1
3.340026542E0,-6.445018768E0,-1.865066528E1,-4.330835724E1,4.759200972E1
3.349957542E0,-6.355148315E0,-1.868308258E1,-4.307437134E1,4.737981586E1
3.359888542E0,-6.422588348E0,-1.868251801E1,-4.321309662E1,4.751481705E1
3.369819542E0,-6.475402832E0,-1.867775726E1,-4.310379791E1,4.742074285E1
3.379750542E0,-6.267509460E0,-1.880009460E1,-4.339779663E1,4.770842676E1
3.389681542E0,-6.173297882E0,-1.888079834E1,-4.327674103E1,4.761796370E1
3.399612542E0,-6.439208984E0,-1.901103973E1,-4.338355255E1,4.780183758E1
3.409543542E0,-6.440757751E0,-1.876465607E1,-4.312982178E1,4.747396344E1
3.419474542E0,-6.389053345E0,-1.882230377E1,-4.284587097E1,4.723206306E1
3.429405542E0,-6.289772034E0,-1.855362701E1,-4.295644379E1,4.721286234E1
3.439336542E0,-6.487270355E0,-1.853491974E1,-4.294650269E1,4.722319366E1
3.449267542E0,-6.383975983E0,-1.814137268E1,-4.273117065E1,4.685955076E1
3.459198542E0,-6.458202362E0,-1.838797760E1,-4.293750000E1,4.715352589E1
3.469129542E0,-6.334121704E0,-1.831739807E1,-4.307731628E1,4.723667376E1
3.479060542E0,-6.332515717E0,-1.894091034E1,-4.307884216E1,4.748310733E1
3.488991542E0,-6.432914734E0,-1.835225677E1,-4.321947479E1,4.739315058E1
3.498922542E0,-6.261409760E0,-1.860170746E1,-4.300765228E1,4.727459072E1
3.508853542E0,-6.124885559E0,-1.838910675E1,-4.287935638E1,4.705648387E1
3.518784542E0,-6.298072815E0,-1.864114380E1,-4.303890228E1,4.732340936E1
3.528715542E0,-6.265613556E0,-1.837100983E1,-4.251781464E1,4.673881125E1
3.538646542E0,-6.332809448E0,-1.857254028E1,-4.254578400E1,4.685282771E1
3.548578542E0,-6.200309753E0,-1.840273285E1,-4.265366364E1,4.686618652E1
3.558509542E0,-6.047107697E0,-1.858432007E1,-4.286606598E1,4.711097618E1
3.568438542E0,-6.432548523E0,-1.843022156E1,-4.289765930E1,4.713024423E1
3.578369542E0,-6.466907501E0,-1.849814606E1,-4.294697571E1,4.720640870E1
3.588300542E0,-6.238815308E0,-1.833190918E1,-4.244741821E1,4.665581447E1
3.598231542E0,-6.406726837E0,-1.867428589E1,-4.313353729E1,4.743708614E1
3.608162542E0,-6.577548981E0,-1.853610229E1,-4.292592621E1,4.721743724E1
3.618093542E0,-6.611637115E0,-1.884501648E1,-4.311265564E1,4.751367664E1
3.628024542E0,-6.753772736E0,-1.877787018E1,-4.313871002E1,4.753072855E1
3.637955542E0,-6.652351379E0,-1.876266479E1,-4.306851196E1,4.744668684E1
3.647886542E0,-6.582820892E0,-1.849729156E1,-4.275519562E1,4.704774254E1
3.657817542E0,-6.507678986E0,-1.865908813E1,-4.288057709E1,4.721499070E1
3.667748542E0,-6.506694794E0,-1.827016449E1,-4.266473389E1,4.686593118E1
3.677679542E0,-6.689987183E0,-1.859860229E1,-4.286726379E1,4.720451505E1
3.687610542E0,-6.343971252E0,-1.853800964E1,-4.301524353E1,4.726748300E1
3.697541542E0,-6.535423279E0,-1.875257874E1,-4.275858307E1,4.714517359E1
3.707472542E0,-6.563755035E0,-1.849772644E1,-4.293210602E1,4.720608532E1
3.717403542E0,-6.305980682E0,-1.872425079E1,-4.287600708E1,4.720926756E1
3.727334542E0,-6.492397308E0,-1.844987488E1,-4.303280640E1,4.726913932E1
3.737265542E0,-6.364845276E0,-1.885986328E1,-4.335739136E1,4.770816580E1
3.747196542E0,-6.317749023E0,-1.862301636E1,-4.317974854E1,4.744703757E1
3.757127542E0,-6.410480499E0,-1.879640198E1,-4.327257538E1,4.761212836E1
3.767059542E0,-6.303119659E0,-1.840690613E1,-4.298643494E1,4.718450062E1
3.776990542E0,-6.266986847E0,-1.875521851E1,-4.335121155E1,4.764830415E1
3.786921542E0,-6.124454498E0,-1.868883514E1,-4.329431915E1,4.755186193E1
3.796852542E0,-6.356044769E0,-1.871941376E1,-4.344577026E1,4.773207214E1
3.806783542E0,-6.284908295E0,-1.856690979E1,-4.295433044E1,4.721551350E1
3.816714542E0,-6.223758698E0,-1.880230713E1,-4.314160156E1,4.747061945E1
3.826645542E0,-6.237499237E0,-1.867965698E1,-4.302355957E1,4.731662139E1
3.836576542E0,-6.380577087E0,-1.885643768E1,-4.365653229E1,4.798093181E1
3.846507542E0,-6.443599701E0,-1.858597565E1,-4.346628571E1,4.771033914E1
3.856438542E0,-6.092826843E0,-1.876434326E1,-4.377206421E1,4.801267252E1
3.866369542E0,-6.260337830E0,-1.863611603E1,-4.331203461E1,4.756499755E1
3.876300542E0,-6.350936890E0,-1.881848907E1,-4.335362244E1,4.768654432E1
3.886231542E0,-6.407188416E0,-1.876972961E1,-4.321664429E1,4.755032236E1
3.896162542E0,-6.378398895E0,-1.879756165E1,-4.328200531E1,4.761684870E1
3.906093542E0,-6.242321014E0,-1.854125977E1,-4.315961456E1,4.738667761E1
3.916024542E0,-6.554519653E0,-1.869718170E1,-4.304421234E1,4.738513003E1
3.925955542E0,-6.366207123E0,-1.860504150E1,-4.261662292E1,4.693455776E1
3.935886542E0,-6.483818054E0,-1.872592163E1,-4.280543518E1,4.716996204E1
3.945817542E0,-6.322177887E0,-1.867148590E1,-4.310436249E1,4.739810528E1
3.955748542E0,-6.432231903E0,-1.839350128E1,-4.312973022E1,4.732724507E1
3.965679542E0,-6.218643188E0,-1.857964325E1,-4.310909271E1,4.735259804E1
3.975610542E0,-6.299499512E0,-1.827606201E1,-4.326840210E1,4.739042896E1
3.985542542E0,-6.076770782E0,-1.848373413E1,-4.336937714E1,4.753397147E1
3.995473542E0,-6.444114685E0,-1.846713257E1,-4.343244934E1,4.763338383E1
4.005404542E0,-6.350131989E0,-1.834956360E1,-4.312410736E1,4.729396681E1
4.015335542E0,-6.250782013E0,-1.841120148E1,-4.293228912E1,4.712988505E1
4.025266542E0,-6.343105316E0,-1.823783112E1,-4.281319427E1,4.696619074E1
4.035197542E0,-6.268146515E0,-1.824145508E1,-4.266115570E1,4.681895503E1
4.045128542E0,-6.348396301E0,-1.818653107E1,-4.255802155E1,4.671442225E1
4.055059542E0,-6.210334778E0,-1.859118652E1,-4.258142853E1,4.687620430E1
4.064990542E0,-6.280574799E0,-1.848516846E1,-4.282022858E1,4.706080161E1
4.074921542E0,-6.297279358E0,-1.844504547E1,-4.290253448E1,4.712221233E1
4.084852542E0,-6.231517792E0,-1.849116516E1,-4.270301056E1,4.694999589E1
4.094783542E0,-6.191143036E0,-1.845828247E1,-4.295328522E1,4.715954999E1
4.104714542E0,-6.111034393E0,-1.852648926E1,-4.296152496E1,4.718334635E1
4.114645542E0,-6.083847046E0,-1.851899719E1,-4.293157196E1,4.714961636E1
4.124576542E0,-6.214576721E0,-1.862570953E1,-4.283631897E1,4.712205686E1
4.134507542E0,-6.146553040E0,-1.852136230E1,-4.315102386E1,4.735854555E1
4.144438542E0,-6.233558655E0,-1.865436554E1,-4.296284485E1,4.725091158E1
4.154369542E0,-6.149085999E0,-1.851606750E1,-4.298389435E1,4.720456745E1
4.164300542E0,-6.078334808E0,-1.867437744E1,-4.286855316E1,4.715285121E1
4.174231542E0,-6.191188812E0,-1.865132904E1,-4.294097900E1,4.722425830E1
4.184163542E0,-6.198242188E0,-1.854710388E1,-4.243553925E1,4.672460016E1
4.194094542E0,-6.210445404E0,-1.845030975E1,-4.255106354E1,4.679291154E1
4.204025542E0,-6.274044037E0,-1.880612946E1,-4.287775421E1,4.723913568E1
4.213956542E0,-6.510147095E0,-1.856352997E1,-4.307091522E1,4.735071698E1
4.223887542E0,-6.655830383E0,-1.859619141E1,-4.275312042E1,4.709509230E1
4.233818542E0,-6.538555145E0,-1.868312073E1,-4.314369202E1,4.746777712E1
4.243749542E0,-6.664581299E0,-1.884947205E1,-4.302044678E1,4.743920405E1
4.253680542E0,-6.554702759E0,-1.862284851E1,-4.301016998E1,4.732493356E1
4.263611542E0,-6.609325409E0,-1.868193054E1,-4.277038574E1,4.713813326E1
4.273542542E0,-6.685443878E0,-1.856646729E1,-4.290287781E1,4.722357241E1
4.283473542E0,-6.432483673E0,-1.861090851E1,-4.326350403E1,4.753391992E1
4.293404542E0,-6.454936981E0,-1.870770264E1,-4.333834076E1,4.764300714E1
4.303335542E0,-6.534332275E0,-1.879742432E1,-4.295570374E1,4.734166392E1
4.313266542E0,-6.463802338E0,-1.861552429E1,-4.295046997E1,4.725527860E1
4.323197542E0,-6.615394592E0,-1.897272491E1,-4.305957031E1,4.751688470E1
4.333128542E0,-6.304512024E0,-1.862648773E1,-4.314199066E1,4.741227979E1
4.343059542E0,-6.538959503E0,-1.894232941E1,-4.285119629E1,4.730533647E1
4.352990542E0,-6.091053009E0,-1.872419739E1,-4.297993469E1,4.727548287E1
4.362921542E0,-6.250629425E0,-1.883615875E1,-4.300938416E1,4.736748220E1
4.372852542E0,-6.253005981E0,-1.872161865E1,-4.307115173E1,4.737850990E1
4.382783542E0,-6.313621521E0,-1.874121094E1,-4.311405945E1,4.743328922E1
4.392715542E0,-6.353832245E0,-1.809218597E1,-4.339765167E1,4.744527951E1
4.402646542E0,-6.589641571E0,-1.837232208E1,-4.343778229E1,4.762149226E1
4.412577542E0,-6.218063354E0,-1.830750275E1,-4.291382599E1,4.706830600E1
4.422508542E0,-6.206348419E0,-1.831015015E1,-4.301773834E1,4.716255052E1
4.432439542E0,-6.216365814E0,-1.832489014E1,-4.308883667E1,4.723444345E1
4.442370542E0,-6.124870300E0,-1.808074951E1,-4.330117798E1,4.732250578E1
4.452301542E0,-6.121307373E0,-1.839315796E1,-4.345523071E1,4.758293539E1
4.462232542E0,-6.239517212E0,-1.815638733E1,-4.295381165E1,4.704907981E1
4.472163542E0,-6.499961853E0,-1.861447144E1,-4.337664032E1,4.764746558E1
4.482094542E0,-6.349685669E0,-1.854718018E1,-4.290739441E1,4.717373099E1
4.492025542E0,-6.275501251E0,-1.872674561E1,-4.298342896E1,4.730378507E1
4.501956542E0,-6.275501251E0,-1.872674561E1,-4.298342896E1,4.730378507E1
4.511887542E0,-6.336727142E0,-1.845436096E1,-4.328064728E1,4.747559350E1
4.521818542E0,-6.464904785E0,-1.858071899E1,-4.310236359E1,4.737986765E1
4.531749542E0,-6.305137634E0,-1.873857117E1,-4.319910431E1,4.750843528E1
4.541680542E0,-6.116142273E0,-1.849142456E1,-4.280372620E1,4.702657711E1
4.551611542E0,-6.195388794E0,-1.861127472E1,-4.303355408E1,4.729322537E1
4.561542542E0,-5.865158081E0,-1.819281006E1,-4.278044128E1,4.685663852E1
4.571473292E0,-6.159923553E0,-1.860069275E1,-4.311342621E1,4.735713197E1
4.581404292E0,-6.023704529E0,-1.845433807E1,-4.304415131E1,4.721913353E1
4.591336292E0,-6.243808746E0,-1.854939270E1,-4.289079285E1,4.714536274E1
4.601267292E0,-6.168453217E0,-1.841566467E1,-4.301494598E1,4.719610258E1
4.611198292E0,-6.193302155E0,-1.876567841E1,-4.314070129E1,4.745132017E1
4.621129292E0,-6.096103668E0,-1.844433594E1,-4.307964325E1,4.725686903E1
4.631060292E0,-6.304771423E0,-1.863941956E1,-4.290604401E1,4.720282530E1
4.640991292E0,-6.144027710E0,-1.872356415E1,-4.290943909E1,4.721801450E1
4.650922292E0,-6.269660950E0,-1.886617279E1,-4.273419189E1,4.713228491E1
4.660853292E0,-6.295917511E0,-1.856308746E1,-4.305582428E1,4.730783020E1
4.670784292E0,-6.268341064E0,-1.893763733E1,-4.340466309E1,4.776914260E1
4.680715292E0,-6.013015747E0,-1.865530396E1,-4.312595367E1,4.737113683E1
4.690646292E0,-6.103652954E0,-1.877362823E1,-4.328889465E1,4.757764283E1
4.700577292E0,-6.142196655E0,-1.842536163E1,-4.312850952E1,4.729998800E1
4.710508292E0,-6.468921661E0,-1.856967163E1,-4.302558899E1,4.730624652E1
4.720439292E0,-6.384395599E0,-1.862999725E1,-4.299129486E1,4.728729997E1
4.730370292E0,-6.287017822E0,-1.817043304E1,-4.296967316E1,4.707530182E1
4.740301292E0,-6.204273224E0,-1.832398987E1,-4.275078583E1,4.692431459E1
4.750232292E0,-6.163772583E0,-1.875518036E1,-4.269364929E1,4.703718287E1
4.760163292E0,-6.280212402E0,-1.849029541E1,-4.294384766E1,4.717527047E1
4.770094292E0,-6.200481415E0,-1.866461945E1,-4.266481781E1,4.697978999E1
4.780025292E0,-6.229236603E0,-1.844458771E1,-4.270168304E1,4.693016023E1
4.789956292E0,-6.147724152E0,-1.856265259E1,-4.314930725E1,4.737329733E1
4.799887292E0,-6.226951599E0,-1.846994781E1,-4.277157593E1,4.700342121E1
4.809819292E0,-6.404441833E0,-1.862216949E1,-4.302559662E1,4.731811531E1
4.819750292E0,-6.008045197E0,-1.850750732E1,-4.303613281E1,4.723063796E1
4.829681292E0,-6.360912323E0,-1.846923828E1,-4.304603577E1,4.727087014E1
4.839612292E0,-6.519340515E0,-1.844425964E1,-4.270591736E1,4.697326784E1
4.849543292E0,-6.435905457E0,-1.847298431E1,-4.291716766E1,4.716519171E1
4.859474292E0,-6.301250458E0,-1.823747253E1,-4.329003906E1,4.739555511E1
4.869405292E0,-6.403163910E0,-1.829104614E1,-4.327194214E1,4.741332991E1
4.879336292E0,-6.302104950E0,-1.837290192E1,-4.313355255E1,4.730521543E1
4.889267292E0,-6.143695831E0,-1.832881165E1,-4.319389343E1,4.732232839E1
4.899198292E0,-6.538600922E0,-1.811820221E1,-4.298696136E1,4.710521628E1
4.909129292E0,-6.582115173E0,-1.847901917E1,-4.317787933E1,4.742496867E1
4.919060292E0,-6.465667725E0,-1.818706512E1,-4.340623474E1,4.750447780E1
4.928991292E0,-6.389801025E0,-1.818812561E1,-4.331793976E1,4.741393651E1
4.938922292E0,-6.419021606E0,-1.826492310E1,-4.306895447E1,4.722018735E1
4.948853292E0,-6.300952911E0,-1.856189728E1,-4.293495178E1,4.719805211E1
4.958784292E0,-6.240474701E0,-1.845546722E1,-4.294358826E1,4.715611909E1
4.968715292E0,-6.288509369E0,-1.828328705E1,-4.335350800E1,4.746947009E1
4.978646292E0,-6.277725220E0,-1.838277435E1,-4.339283752E1,4.754234508E1
4.988577292E0,-6.407558441E0,-1.850637817E1,-4.360663605E1,4.780252656E1
4.998508292E0,-6.313148499E0,-1.863121033E1,-4.347420502E1,4.771775712E1
5.008439292E0,-6.295787811E0,-1.841707611E1,-4.344095612E1,4.760191493E1
5.018371292E0,-6.195613861E0,-1.853335571E1,-4.320555115E1,4.741930572E1
5.028302292E0,-6.365905762E0,-1.861688995E1,-4.316593170E1,4.743849710E1
5.038233292E0,-6.164985657E0,-1.835606384E1,-4.317365265E1,4.731718938E1
5.048164292E0,-6.340354919E0,-1.866278839E1,-4.307105255E1,4.736681685E1
5.058095292E0,-6.413814545E0,-1.868652344E1,-4.305258179E1,4.736927246E1
5.068026292E0,-6.390327454E0,-1.852383423E1,-4.299774170E1,4.725224345E1
5.077957292E0,-6.413692474E0,-1.883590698E1,-4.279341888E1,4.719325739E1
5.087888292E0,-6.462772369E0,-1.861133575E1,-4.250594330E1,4.684980748E1
5.097819292E0,-6.455783844E0,-1.858449554E1,-4.278886414E1,4.709509012E1
5.107750292E0,-6.342876434E0,-1.844638824E1,-4.274520874E1,4.698568070E1
5.117681292E0,-6.402164459E0,-1.878178406E1,-4.315708923E1,4.750028919E1
5.127612292E0,-6.310501099E0,-1.835397339E1,-4.310844421E1,4.727609042E1
5.137543292E0,-6.504215240E0,-1.834962463E1,-4.294470215E1,4.715146851E1
5.147474292E0,-6.221248627E0,-1.834745789E1,-4.265057373E1,4.684447230E1
5.157405292E0,-6.260253906E0,-1.839891815E1,-4.291782379E1,4.711316766E1
5.167336292E0,-6.116218567E0,-1.839711761E1,-4.303697968E1,4.720215764E1
5.177267292E0,-6.448574066E0,-1.847070312E1,-4.294892883E1,4.719493055E1
5.187198292E0,-6.401508331E0,-1.849991608E1,-4.279272461E1,4.705787376E1
5.197129292E0,-6.543663025E0,-1.872306061E1,-4.268271637E1,4.706577101E1
5.207060292E0,-6.461437225E0,-1.841375732E1,-4.285266876E1,4.708681185E1
5.216991292E0,-6.352684021E0,-1.865145111E1,-4.316352081E1,4.744810588E1
5.226923292E0,-6.298534393E0,-1.849267578E1,-4.303047943E1,4.725751531E1
5.236854292E0,-6.379096985E0,-1.873786163E1,-4.333061218E1,4.763761423E1
5.246785292E0,-6.257213593E0,-1.859788513E1,-4.319082642E1,4.743924051E1
5.256716292E0,-6.407398224E0,-1.865373993E1,-4.315002441E1,4.744408680E1
5.266647292E0,-6.075820923E0,-1.827365875E1,-4.302174377E1,4.713504685E1
5.276578292E0,-6.286968231E0,-1.861737061E1,-4.327626801E1,4.752860013E1
5.286509292E0,-6.426979065E0,-1.856209564E1,-4.298744965E1,4.726286366E1
5.296440292E0,-6.665248871E0,-1.844863129E1,-4.313089752E1,4.738197822E1
5.306371292E0,-6.522033691E0,-1.824250793E1,-4.287489319E1,4.704872459E1
5.316302292E0,-6.504558563E0,-1.849439240E1,-4.326111603E1,4.749606291E1
5.326233292E0,-6.439971924E0,-1.833343506E1,-4.299199677E1,4.717944325E1
5.336164292E0,-6.317626953E0,-1.862107849E1,-4.307843781E1,4.735407879E1
5.346095292E0,-6.354434967E0,-1.865821075E1,-4.297097778E1,4.727591992E1
5.356026292E0,-6.275608063E0,-1.855014038E1,-4.275409698E1,4.702556511E1
5.365957292E0,-6.171356201E0,-1.836679077E1,-4.261416626E1,4.681230401E1
5.375888292E0,-6.535404205E0,-1.839263153E1,-4.288913727E1,4.712195346E1
5.385819292E0,-6.329418182E0,-1.835787201E1,-4.278463745E1,4.698508488E1
5.395750292E0,-6.297252655E0,-1.859206390E1,-4.291925812E1,4.719515811E1
5.405681292E0,-6.401721954E0,-1.823818207E1,-4.255183411E1,4.673619491E1
5.415612292E0,-6.352050781E0,-1.864240265E1,-4.263608551E1,4.696513082E1
5.425544292E0,-6.163585663E0,-1.853429413E1,-4.259075165E1,4.685597052E1
5.435475292E0,-6.345306396E0,-1.852421570E1,-4.294429779E1,4.719769267E1
5.445406292E0,-6.319728851E0,-1.850904846E1,-4.291336060E1,4.716015654E1
5.455337292E0,-6.184787750E0,-1.872132874E1,-4.280738068E1,4.712973148E1
5.465268292E0,-6.223320007E0,-1.849298096E1,-4.265918732E1,4.690976784E1
5.475199292E0,-6.389686584E0,-1.881185150E1,-4.297290039E1,4.734325738E1
5.485130292E0,-6.491088867E0,-1.836611938E1,-4.296142578E1,4.717131206E1
5.495061292E0,-6.426445007E0,-1.863114166E1,-4.306472015E1,4.736020225E1
5.504992292E0,-6.424179077E0,-1.853423309E1,-4.297578430E1,4.724093468E1
5.514923292E0,-6.491794586E0,-1.877963257E1,-4.299433899E1,4.736381722E1
5.524854292E0,-6.546810150E0,-1.849315643E1,-4.341094208E1,4.763787831E1
5.534785292E0,-6.466579437E0,-1.863642883E1,-4.338441467E1,4.765858334E1
5.544716292E0,-6.251579285E0,-1.839951324E1,-4.352675629E1,4.766762889E1
5.554647292E0,-6.245296478E0,-1.860385895E1,-4.350916290E1,4.773001731E1
5.564580667E0,-6.289180756E0,-1.856101227E1,-4.306290436E1,4.731256390E1
5.574511667E0,-6.287918091E0,-1.853486633E1,-4.290570068E1,4.715907479E1
5.584442667E0,-6.238948822E0,-1.844410706E1,-4.305341339E1,4.725151820E1
5.594373667E0,-6.243949890E0,-1.854258728E1,-4.315239716E1,4.738083825E1
5.604304667E0,-5.911182404E0,-1.864931488E1,-4.343255615E1,4.763534357E1
5.614235667E0,-6.006671906E0,-1.867525482E1,-4.326988983E1,4.750924769E1
5.624166667E0,-6.178215027E0,-1.838400269E1,-4.298815918E1,4.716061625E1
5.634098667E0,-6.280799866E0,-1.856208801E1,-4.308983612E1,4.733638701E1
5.644029667E0,-6.391635895E0,-1.883248138E1,-4.281396484E1,4.720753065E1
5.653960667E0,-6.413944244E0,-1.899817657E1,-4.293945312E1,4.739056898E1
5.663891667E0,-6.316364288E0,-1.878630829E1,-4.306196594E1,4.740416382E1
5.673822667E0,-6.601245880E0,-1.902118683E1,-4.307350922E1,4.754691569E1
5.683753667E0,-6.497444153E0,-1.850275421E1,-4.295691681E1,4.722145059E1
5.693684667E0,-6.207912445E0,-1.854608917E1,-4.292159271E1,4.716734804E1
5.703615667E0,-6.190982819E0,-1.865613556E1,-4.328283691E1,4.753718159E1
5.713546667E0,-6.096088409E0,-1.841963959E1,-4.311965179E1,4.728371588E1
5.723477667E0,-6.373756409E0,-1.843493652E1,-4.311413574E1,4.732124635E1
5.733408667E0,-6.499458313E0,-1.844412231E1,-4.312306976E1,4.735005546E1
5.743339667E0,-6.469413757E0,-1.832566833E1,-4.300374603E1,4.719116026E1
5.753270667E0,-6.621925354E0,-1.843714905E1,-4.294087982E1,4.719849066E1
5.763201667E0,-6.342731476E0,-1.846468353E1,-4.312318420E1,4.733691790E1
5.773132667E0,-6.413780212E0,-1.862151337E1,-4.310827637E1,4.739431219E1
5.783063667E0,-6.270370483E0,-1.853533936E1,-4.312230682E1,4.735408849E1
5.792994667E0,-6.619483948E0,-1.849256134E1,-4.325970459E1,4.750994037E1
5.802925667E0,-6.620746613E0,-1.856645203E1,-4.276364136E1,4.708796501E1
5.812856667E0,-6.714107513E0,-1.822338104E1,-4.280895996E1,4.700827490E1
5.822787667E0,-6.601272583E0,-1.820358276E1,-4.278190613E1,4.695996930E1
5.832718667E0,-6.673439026E0,-1.846216583E1,-4.270042419E1,4.699694226E1
5.842650667E0,-6.567844391E0,-1.857261658E1,-4.285025024E1,4.716166465E1
5.852581667E0,-6.671947479E0,-1.855633545E1,-4.313851166E1,4.743188439E1
5.862512667E0,-6.392444611E0,-1.843484497E1,-4.343025208E1,4.761190663E1
5.872443667E0,-6.266666412E0,-1.842601776E1,-4.299462128E1,4.719456216E1
5.882374667E0,-6.336982727E0,-1.844961548E1,-4.283971405E1,4.707214422E1
5.892305667E0,-6.251647949E0,-1.840776825E1,-4.296436310E1,4.715787877E1
5.902236667E0,-6.218017578E0,-1.856105804E1,-4.292424774E1,4.717698234E1
5.912167667E0,-6.135787964E0,-1.850024414E1,-4.291390991E1,4.713290349E1
5.922098667E0,-6.246292114E0,-1.841784668E1,-4.279631805E1,4.700806399E1
5.932029667E0,-6.108455658E0,-1.843720245E1,-4.292790985E1,4.711739710E1
5.941960667E0,-6.336395264E0,-1.850792694E1,-4.295164490E1,4.719679082E1
5.951891667E0,-6.230224609E0,-1.851990509E1,-4.305928040E1,4.728534880E1
5.961822667E0,-5.889995575E0,-1.844155121E1,-4.339849854E1,4.752065376E1
5.971753667E0,-6.199226379E0,-1.845891571E1,-4.313945770E1,4.733048476E1
5.981684667E0,-6.149433136E0,-1.847703552E1,-4.327796173E1,4.745733180E1
5.991615667E0,-6.181808472E0,-1.826893616E1,-4.304090881E1,4.716448469E1
6.001546667E0,-6.114063263E0,-1.835578918E1,-4.302589417E1,4.717567525E1
6.011477667E0,-6.069053650E0,-1.825532532E1,-4.306637573E1,4.716781777E1
6.021408667E0,-6.187648773E0,-1.863756561E1,-4.309108734E1,4.735491165E1
6.031339667E0,-6.008598328E0,-1.832592773E1,-4.287359619E1,4.701157444E1
6.041270667E0,-6.126998901E0,-1.858765411E1,-4.340792084E1,4.761605394E1
6.051201667E0,-6.190986633E0,-1.836132050E1,-4.327030182E1,4.741081549E1
6.061133667E0,-6.181518555E0,-1.826383209E1,-4.342568207E1,4.751387795E1
6.071064667E0,-6.239646912E0,-1.809429932E1,-4.285305023E1,4.693315220E1
6.080995667E0,-6.099121094E0,-1.815569305E1,-4.302193451E1,4.709262487E1
6.090926667E0,-6.059844971E0,-1.773420715E1,-4.289188385E1,4.680745159E1
6.100857667E0,-6.078720093E0,-1.820077515E1,-4.309578705E1,4.717484409E1
6.110788667E0,-6.343463898E0,-1.816101074E1,-4.298852539E1,4.709644531E1
6.120719667E0,-6.226181030E0,-1.838195801E1,-4.305619812E1,4.722814740E1
6.130650667E0,-5.835605621E0,-1.828673553E1,-4.277225494E1,4.688203049E1
6.140581667E0,-6.062580109E0,-1.842318726E1,-4.288401031E1,4.706598609E1
6.150512667E0,-5.936794281E0,-1.837979126E1,-4.296530151E1,4.710710549E1
6.160443667E0,-6.084262848E0,-1.859772491E1,-4.307318878E1,4.730954680E1
6.170374667E0,-6.149845123E0,-1.824864960E1,-4.324030304E1,4.733452877E1
6.180305667E0,-6.593578339E0,-1.878899384E1,-4.337278748E1,4.772525807E1
6.190236667E0,-6.258403778E0,-1.827179718E1,-4.290775299E1,4.705423952E1
6.200167667E0,-6.268600464E0,-1.870460510E1,-4.329484558E1,4.757731873E1
6.210098667E0,-6.055236816E0,-1.832986450E1,-4.301162720E1,4.714498807E1
6.220029667E0,-5.917640686E0,-1.846068573E1,-4.295809174E1,4.712974681E1
6.229960667E0,-5.946968079E0,-1.843542480E1,-4.291549683E1,4.708472348E1
6.239891667E0,-6.175872803E0,-1.861215973E1,-4.291903687E1,4.718683736E1
6.249822667E0,-5.926605225E0,-1.828027344E1,-4.271204376E1,4.683600889E1
6.259754667E0,-6.250919342E0,-1.855361176E1,-4.335784149E1,4.757323744E1
6.269685667E0,-6.228221893E0,-1.831290436E1,-4.299410248E1,4.714494736E1
6.279616667E0,-6.188346863E0,-1.852553558E1,-4.326807404E1,4.747227966E1
6.289547667E0,-6.102161407E0,-1.801706696E1,-4.312939453E1,4.713804990E1
6.299478667E0,-6.067607880E0,-1.848633575E1,-4.300157166E1,4.719847074E1
6.309409667E0,-6.219474792E0,-1.818309784E1,-4.242058563E1,4.657051641E1
6.319340667E0,-6.178337097E0,-1.863483429E1,-4.303424072E1,4.730089611E1
6.329271667E0,-6.165679932E0,-1.842304230E1,-4.306410980E1,4.724342970E1
6.339202667E0,-5.979267120E0,-1.866570282E1,-4.339760590E1,4.761840290E1
6.349133667E0,-6.009971619E0,-1.825656128E1,-4.314278412E1,4.723051567E1
6.359064667E0,-6.059436798E0,-1.836784363E1,-4.339431000E1,4.750958423E1
6.368995667E0,-6.155014038E0,-1.812760925E1,-4.296974182E1,4.704139802E1
6.378926667E0,-6.343479156E0,-1.842590332E1,-4.299767303E1,4.720755795E1
6.388857667E0,-6.253211975E0,-1.816263580E1,-4.291990662E1,4.702236046E1
6.398788667E0,-6.336059570E0,-1.822558594E1,-4.330022430E1,4.740492652E1
6.408719667E0,-6.394824982E0,-1.806121826E1,-4.337380219E1,4.741717102E1
6.418650667E0,-6.273773193E0,-1.812978363E1,-4.318712616E1,4.725650379E1
6.428581667E0,-6.508018494E0,-1.821450043E1,-4.332958221E1,4.745076422E1
6.438512667E0,-6.384727478E0,-1.813011169E1,-4.299076843E1,4.709216352E1
6.448443667E0,-6.235488892E0,-1.823822021E1,-4.335935974E1,4.745048025E1
6.458374667E0,-6.169349670E0,-1.774873352E1,-4.346400452E1,4.735185430E1
6.468305667E0,-6.259498596E0,-1.802565765E1,-4.316822815E1,4.719747428E1
6.478237667E0,-6.194717407E0,-1.803217316E1,-4.304308319E1,4.707696680E1
6.488168667E0,-6.389598846E0,-1.826004791E1,-4.336355591E1,4.748320023E1
6.498099667E0,-6.453819275E0,-1.833114624E1,-4.326670074E1,4.743089815E1
6.508030667E0,-6.482925415E0,-1.834752655E1,-4.333777618E1,4.750603011E1
6.517961667E0,-6.199417114E0,-1.811248016E1,-4.321176147E1,4.726257547E1
6.527892667E0,-6.188053131E0,-1.812525940E1,-4.331488037E1,4.736027757E1
6.537823667E0,-6.307090759E0,-1.845811462E1,-4.363860321E1,4.779967656E1
6.547754667E0,-6.167633057E0,-1.846819305E1,-4.367347717E1,4.781721929E1
6.557685667E0,-6.237354279E0,-1.856347656E1,-4.336122131E1,4.757838547E1
6.567614292E0,-6.124938965E0,-1.844781494E1,-4.324069977E1,4.740880583E1
6.577545292E0,-6.137042999E0,-1.836587524E1,-4.336849213E1,4.749520796E1
6.587476292E0,-6.133396149E0,-1.828385925E1,-4.312799835E1,4.724343657E1
6.597407292E0,-6.060298920E0,-1.818286896E1,-4.305129242E1,4.712491619E1
6.607338292E0,-5.828903198E0,-1.811551666E1,-4.330582428E1,4.730266877E1
6.617269292E0,-5.807605743E0,-1.816074371E1,-4.318408203E1,4.720599366E1
6.627200292E0,-5.833450317E0,-1.796934509E1,-4.295261383E1,4.692391225E1
6.637131292E0,-6.051322937E0,-1.784172821E1,-4.297760010E1,4.692568470E1
6.647062292E0,-5.980800629E0,-1.794320679E1,-4.309901428E1,4.706648147E1
6.656993292E0,-6.065010071E0,-1.822306824E1,-4.341005707E1,4.746891212E1
6.666924292E0,-6.213603973E0,-1.823316193E1,-4.330677032E1,4.739760990E1
6.676855292E0,-6.203475952E0,-1.829156494E1,-4.318090057E1,4.730385435E1
6.686786292E0,-6.297702789E0,-1.828161621E1,-4.325568390E1,4.738072120E1
6.696717292E0,-6.168346405E0,-1.826626587E1,-4.344961548E1,4.753497714E1
6.720301083E0,1.534988403E1,1.002747345E1,-2.372661591E1,2.998535419E1
6.730232083E0,1.529755402E1,1.000546265E1,-2.354780579E1,2.980979032E1
6.740163083E0,1.524894714E1,1.002280807E1,-2.359226227E1,2.982585975E1
6.750094083E0,1.526007080E1,9.929931641E0,-2.383139801E1,2.999014562E1
6.760025083E0,1.517812347E1,1.013107681E1,-2.330424500E1,2.959901999E1
6.769957083E0,1.538545990E1,9.982097626E0,-2.341511536E1,2.974260037E1
6.779888083E0,1.539746094E1,9.911914825E0,-2.334848785E1,2.967287893E1
6.789819083E0,1.532376862E1,9.773067474E0,-2.329767609E1,2.954847616E1
6.799750083E0,1.509949493E1,9.749725342E0,-2.322325134E1,2.936615900E1
6.809681083E0,1.519876862E1,9.733215332E0,-2.346442413E1,2.960265610E1
6.819612083E0,1.494979858E1,9.592086792E0,-2.338326263E1,2.936463142E1
6.829543083E0,1.508057404E1,9.683719635E0,-2.360353851E1,2.963655124E1
6.839474083E0,1.528004456E1,9.739330292E0,-2.363989258E1,2.978554746E1
6.849405083E0,1.535547638E1,9.479656219E0,-2.367558289E1,2.976890596E1
6.859336083E0,1.515236664E1,9.270381927E0,-2.371347046E1,2.962875085E1
6.869267083E0,1.524206543E1,9.411010742E0,-2.377711487E1,2.976976441E1
6.879198083E0,1.519345856E1,9.326168060E0,-2.334231567E1,2.937145374E1
6.889129083E0,1.503059387E1,9.432868958E0,-2.326296997E1,2.925856355E1
6.899060083E0,1.500104523E1,9.456722260E0,-2.339122009E1,2.935319627E1
6.908991083E0,1.530567169E1,9.238487244E0,-2.373697662E1,2.971627991E1
6.918922083E0,1.525026703E1,9.224491119E0,-2.337996674E1,2.939871979E1
6.928853083E0,1.526005554E1,9.310424805E0,-2.338290405E1,2.943320416E1
6.938784083E0,1.518878174E1,9.225166321E0,-2.350221252E1,2.946450030E1
6.948715083E0,1.495912933E1,9.090332031E0,-2.326463318E1,2.911447825E1
6.958646083E0,1.495501709E1,9.220413208E0,-2.310221863E1,2.902380164E1
6.968577083E0,1.504444885E1,9.091720581E0,-2.353889465E1,2.937812768E1
6.978508083E0,1.489627838E1,8.952384949E0,-2.347066498E1,2.920473284E1
6.988439083E0,1.484515381E1,9.038936615E0,-2.363227844E1,2.933539758E1
6.998370083E0,1.478610992E1,9.092334747E0,-2.367967224E1,2.936028738E1
7.008301083E0,1.476628876E1,9.524219513E0,-2.333774567E1,2.921308634E1
7.018233083E0,1.470549011E1,9.389102936E0,-2.323052979E1,2.905278313E1
7.028164083E0,1.479367828E1,9.568748474E0,-2.342930603E1,2.931460806E1
7.038095083E0,1.472222900E1,9.362197876E0,-2.342653656E1,2.920954281E1
7.048026083E0,1.461839294E1,9.264965057E0,-2.344666290E1,2.914246028E1
7.057957083E0,1.482678986E1,9.416278839E0,-2.369287109E1,2.949325593E1
7.067888083E0,1.500196075E1,9.136058807E0,-2.406816101E1,2.979601939E1
7.077819083E0,1.475285339E1,9.225326538E0,-2.367707062E1,2.938293733E1
7.087750083E0,1.443807220E1,9.575450897E0,-2.394602203E1,2.955603424E1
7.097681083E0,1.445867920E1,9.354278564E0,-2.374595642E1,2.933302538E1
7.107612083E0,1.452072906E1,9.512413025E0,-2.372318268E1,2.939603665E1
7.117543083E0,1.448463440E1,9.161682129E0,-2.401256561E1,2.950159929E1
7.127474083E0,1.464720917E1,9.194664001E0,-2.387550354E1,2.948087943E1
7.137405083E0,1.453752136E1,9.250751495E0,-2.384204865E1,2.941698853E1
7.147336083E0,1.466708374E1,9.499954224E0,-2.359014130E1,2.935757555E1
7.157267083E0,1.469992065E1,9.233074188E0,-2.351541138E1,2.922861438E1
7.167198083E0,1.479220581E1,9.397064209E0,-2.378952789E1,2.954751776E1
7.177129083E0,1.458780670E1,9.175102234E0,-2.394145966E1,2.949881516E1
7.187060083E0,1.447100067E1,9.487472534E0,-2.369936371E1,2.934419595E1
7.196991083E0,1.450541687E1,9.328605652E0,-2.379582977E1,2.938828877E1
7.206922083E0,1.473052979E1,9.317928314E0,-2.349456787E1,2.925417945E1
7.216853083E0,1.477727509E1,9.168571472E0,-2.390197754E1,2.955901034E1
7.226784083E0,1.486555481E1,9.453479767E0,-2.366890717E1,2.950542604E1
7.236715083E0,1.478806305E1,9.011623383E0,-2.385391998E1,2.947720583E1
7.246646083E0,1.443559265E1,9.442203522E0,-2.388045502E1,2.945874530E1
7.256577083E0,1.451316071E1,9.381896973E0,-2.408293915E1,2.964185862E1
7.266509083E0,1.468929291E1,9.484817505E0,-2.396393585E1,2.966491717E1
7.276440083E0,1.475241089E1,9.215614319E0,-2.405120087E1,2.968200528E1
7.286371083E0,1.482201385E1,9.382400513E0,-2.411254120E1,2.981838656E1
7.296302083E0,1.457921600E1,9.290275574E0,-2.439702606E1,2.990113109E1
7.306233083E0,1.460639954E1,9.437705994E0,-2.431499481E1,2.989374808E1
7.316164083E0,1.421438599E1,9.268749237E0,-2.402964783E1,2.941738357E1
7.326095083E0,1.443222809E1,9.352569580E0,-2.356256104E1,2.917111667E1
7.336026083E0,1.431656647E1,9.212097168E0,-2.371825409E1,2.919558848E1
7.345957083E0,1.431616974E1,9.340183258E0,-2.395722198E1,2.943026035E1
7.355888083E0,1.428909302E1,9.493709564E0,-2.411000061E1,2.959055305E1
7.365819083E0,1.430187225E1,9.326126099E0,-2.430928802E1,2.970625628E1
7.375750083E0,1.433219910E1,9.643272400E0,-2.441883850E1,2.991127392E1
7.385681083E0,1.442972565E1,9.543228149E0,-2.443466187E1,2.993898606E1
7.395612083E0,1.464548492E1,9.494789124E0,-2.425209808E1,2.987985125E1
7.405543083E0,1.454421234E1,9.399524689E0,-2.435146332E1,2.988108001E1
7.415474083E0,1.439068604E1,9.441028595E0,-2.444204712E1,2.989378753E1
7.425405083E0,1.447169495E1,9.324111938E0,-2.419352722E1,2.969336252E1
7.435336083E0,1.450595093E1,9.579311371E0,-2.404233551E1,2.966849702E1
7.445267083E0,1.464373016E1,9.261871338E0,-2.408249664E1,2.966795811E1
7.455198083E0,1.454164886E1,9.533794403E0,-2.399157715E1,2.963019678E1
7.465129083E0,1.441371155E1,9.356636047E0,-2.408371735E1,2.958592841E1
7.475060083E0,1.463607788E1,9.464542389E0,-2.404190063E1,2.969520710E1
7.484991083E0,1.437221527E1,9.163383484E0,-2.395670319E1,2.940156112E1
7.494922083E0,1.441136169E1,9.460941315E0,-2.415589905E1,2.967666112E1
7.504853083E0,1.449462891E1,9.275817871E0,-2.405918884E1,2.958005463E1
7.514784083E0,1.450894928E1,9.334236145E0,-2.403856659E1,2.958868462E1
7.524716083E0,1.446684265E1,9.258106232E0,-2.428692627E1,2.974654358E1
7.534647083E0,1.455347443E1,9.344738007E0,-2.399330139E1,2.957712390E1
7.544578083E0,1.466378784E1,9.020736694E0,-2.405245972E1,2.957906663E1
7.554508625E0,1.472827148E1,9.358699799E0,-2.382540131E1,2.953230418E1
7.564439625E0,1.449182892E1,9.214923859E0,-2.397809601E1,2.949367755E1
7.574370625E0,1.466442871E1,9.682010651E0,-2.410557556E1,2.983061469E1
7.584301625E0,1.428509521E1,9.080268860E0,-2.433696747E1,2.964461525E1
7.594232625E0,1.466987610E1,9.378494263E0,-2.424767303E1,2.985148350E1
7.604163625E0,1.471668243E1,9.128654480E0,-2.422000885E1,2.977451768E1
7.614094625E0,1.453652191E1,9.335632324E0,-2.412606812E1,2.967375377E1
7.624025625E0,1.447605133E1,8.999664307E0,-2.434040833E1,2.971540841E1
7.633956625E0,1.450698090E1,9.239219666E0,-2.419217682E1,2.968294281E1
7.643887625E0,1.445106506E1,9.132099152E0,-2.415398407E1,2.959127342E1
7.653818625E0,1.470031738E1,9.209312439E0,-2.419468689E1,2.977068425E1
7.663749625E0,1.470826721E1,9.216766357E0,-2.411006927E1,2.970820336E1
7.673680625E0,1.455675507E1,9.502365112E0,-2.420915222E1,2.980397812E1
7.683611625E0,1.450502014E1,9.277336121E0,-2.430672455E1,2.978726965E1
7.693542625E0,1.464081573E1,9.442428589E0,-2.407424927E1,2.971670272E1
7.703473625E0,1.423078156E1,9.411869049E0,-2.405431366E1,2.949081939E1
7.713404625E0,1.437606049E1,9.581462860E0,-2.401762390E1,2.958583789E1
7.723335625E0,1.444424438E1,9.575183868E0,-2.402771759E1,2.962518446E1
7.733266625E0,1.442486572E1,9.389930725E0,-2.391627502E1,2.946584058E1
7.743197625E0,1.432034302E1,9.317218781E0,-2.406957245E1,2.951655650E1
7.753128625E0,1.412870026E1,9.382411957E0,-2.407212830E1,2.944685358E1
7.763059625E0,1.414476013E1,9.402339935E0,-2.414971161E1,2.952434260E1
7.772990625E0,1.426454163E1,9.298175812E0,-2.398660278E1,2.941581776E1
7.782921625E0,1.431755829E1,9.323131561E0,-2.408255005E1,2.952765609E1
7.792853625E0,1.427083588E1,9.365940094E0,-2.390216827E1,2.937160599E1
7.802784625E0,1.433209991E1,9.539375305E0,-2.418113708E1,2.968393774E1
7.812715625E0,1.436404419E1,9.518493652E0,-2.427582550E1,2.976983693E1
7.822646625E0,1.446168518E1,9.288772583E0,-2.414443970E1,2.963740209E1
7.832577625E0,1.428410339E1,9.201297760E0,-2.400211334E1,2.940749794E1
7.842508625E0,1.416407013E1,9.261459351E0,-2.418208313E1,2.951556634E1
7.852439625E0,1.427375793E1,9.311656952E0,-2.392021179E1,2.937045544E1
7.862370625E0,1.417881775E1,9.145774841E0,-2.406872559E1,2.939366635E1
7.872301625E0,1.459994507E1,9.190509796E0,-2.371810150E1,2.932869252E1
7.882232625E0,1.464292145E1,9.235813141E0,-2.374591827E1,2.938680023E1
7.892163625E0,1.441804504E1,9.300132751E0,-2.392438507E1,2.944059600E1
7.902094625E0,1.452182007E1,9.201080322E0,-2.381078339E1,2.936829145E1
7.912025625E0,1.457013702E1,9.316215515E0,-2.394696045E1,2.953874877E1
7.921956625E0,1.456191254E1,9.219020844E0,-2.350650787E1,2.914782246E1
7.931887625E0,1.454700470E1,9.191749573E0,-2.337027740E1,2.902194811E1
7.941818625E0,1.462703705E1,9.382583618E0,-2.361791992E1,2.932216277E1
7.951749625E0,1.467924500E1,9.218521118E0,-2.360082245E1,2.928242110E1
7.961680625E0,1.477444458E1,9.143619537E0,-2.386194611E1,2.951749418E1
7.971611625E0,1.452048492E1,9.170452118E0,-2.360680389E1,2.919285640E1
7.981542625E0,1.464769745E1,9.461448669E0,-2.381961060E1,2.952029641E1
7.991473625E0,1.440811920E1,9.184478760E0,-2.349050903E1,2.904741923E1
8.001404625E0,1.442504120E1,9.460090637E0,-2.335943604E1,2.903856712E1
8.011335625E0,1.440965271E1,9.331760406E0,-2.353359222E1,2.912987824E1
8.021266625E0,1.433206177E1,9.434612274E0,-2.365980530E1,2.922680773E1
8.031197625E0,1.453344727E1,9.230861664E0,-2.400991058E1,2.954497762E1
8.041128625E0,1.484381866E1,9.686985016E0,-2.385040283E1,2.971562462E1
8.051059625E0,1.473474884E1,9.443866730E0,-2.394676208E1,2.966052691E1
8.060990625E0,1.459098816E1,9.467338562E0,-2.396202087E1,2.960921950E1
8.070921625E0,1.455024719E1,9.357479095E0,-2.394222260E1,2.953814705E1
8.080852625E0,1.448651886E1,9.285625458E0,-2.394120026E1,2.948326879E1
8.090783625E0,1.456442261E1,9.185066223E0,-2.386553955E1,2.942875848E1
8.100715625E0,1.445029449E1,9.181877136E0,-2.377140808E1,2.929501188E1
8.110646625E0,1.417402649E1,9.216926575E0,-2.416964722E1,2.949621347E1
8.120577625E0,1.440723419E1,9.489685059E0,-2.403047180E1,2.958185414E1
8.130508625E0,1.445861053E1,9.287982941E0,-2.399552155E1,2.951445578E1
8.140439625E0,1.434841919E1,9.414787292E0,-2.373799133E1,2.929176651E1
8.150370625E0,1.438971710E1,9.292266846E0,-2.416611481E1,2.962112905E1
8.160301625E0,1.442327881E1,9.387153625E0,-2.401433563E1,2.954383084E1
8.170232625E0,1.415771484E1,9.014133453E0,-2.435219574E1,2.957574900E1
8.180163625E0,1.439316559E1,9.340568542E0,-2.381298828E1,2.935077252E1
8.190094625E0,1.429679108E1,9.100482941E0,-2.403735352E1,2.941107596E1
8.200025625E0,1.416168213E1,9.271308899E0,-2.366245270E1,2.909333389E1
8.209956625E0,1.417700958E1,9.145915985E0,-2.406538391E1,2.939010178E1
8.219887625E0,1.441567993E1,9.532981873E0,-2.368818665E1,2.932268333E1
8.229818625E0,1.423475647E1,9.081508636E0,-2.387268066E1,2.924050227E1
8.239749625E0,1.428944397E1,9.372711182E0,-2.398228455E1,2.944802024E1
8.249680625E0,1.438967133E1,8.849807739E0,-2.399293518E1,2.934352870E1
8.259611625E0,1.431475830E1,9.228424072E0,-2.383865356E1,2.929773916E1
8.269542625E0,1.433381653E1,9.363929749E0,-2.461234283E1,2.998180943E1
8.279473625E0,1.442006683E1,9.618240356E0,-2.439772034E1,2.992820798E1
8.289404625E0,1.430624390E1,9.076583862E0,-2.427519226E1,2.960300573E1
8.299335625E0,1.430991364E1,9.435039520E0,-2.421583557E1,2.966816967E1
8.309266625E0,1.443389130E1,9.177017212E0,-2.381700134E1,2.932242173E1
8.319197625E0,1.462380981E1,9.406421661E0,-2.387681580E1,2.953707695E1
8.329128625E0,1.460974884E1,9.267322540E0,-2.397099304E1,2.956241762E1
8.339059625E0,1.447016907E1,9.664131165E0,-2.369899750E1,2.940108342E1
8.348990625E0,1.439237213E1,9.355438232E0,-2.405130768E1,2.954877326E1
8.358921625E0,1.408240509E1,9.240859985E0,-2.384298706E1,2.919239042E1
8.368852625E0,1.427639008E1,9.341640472E0,-2.397423553E1,2.942525327E1
8.378783625E0,1.426766205E1,9.359191895E0,-2.413169098E1,2.955501925E1
8.388714625E0,1.444755554E1,9.121120453E0,-2.428920746E1,2.969667150E1
8.398645625E0,1.453627777E1,9.591499329E0,-2.415462494E1,2.977828297E1
8.408576625E0,1.448328400E1,9.355865479E0,-2.401178741E1,2.956118518E1
8.418508625E0,1.434853363E1,9.283554077E0,-2.366150665E1,2.918786890E1
8.428439625E0,1.422319031E1,8.970870972E0,-2.446237946E1,2.968473812E1
8.438370625E0,1.425885010E1,9.353733063E0,-2.410044098E1,2.952352255E1
8.448301625E0,1.425760651E1,9.150424957E0,-2.438150787E1,2.968951913E1
8.458232625E0,1.443360901E1,9.187488556E0,-2.442853546E1,2.982435850E1
8.468163625E0,1.450742340E1,9.240871429E0,-2.425543213E1,2.973524889E1
8.478094625E0,1.454621124E1,9.436561584E0,-2.394804382E1,2.956602373E1
8.488025625E0,1.425476074E1,9.225566864E0,-2.396320343E1,2.936910633E1
8.497956625E0,1.423624420E1,9.214954376E0,-2.409525299E1,2.946467800E1
8.507887625E0,1.412178802E1,9.160179138E0,-2.415687561E1,2.944296891E1
8.517818625E0,1.425633240E1,9.376087189E0,-2.410029602E1,2.952927857E1
8.527749625E0,1.426054382E1,9.135349274E0,-2.448256683E1,2.976934321E1
8.537680625E0,1.429870605E1,9.182193756E0,-2.402396393E1,2.942645952E1
8.547611625E0,1.407635498E1,9.448753357E0,-2.411772919E1,2.948029122E1
8.557542708E0,1.409076691E1,9.452968597E0,-2.415974426E1,2.952289908E1
8.567473708E0,1.391680145E1,9.226089478E0,-2.418016052E1,2.938500047E1
8.577404708E0,1.424970245E1,9.306274414E0,-2.413704681E1,2.953401077E1
8.587335708E0,1.427527618E1,9.306137085E0,-2.436290741E1,2.973111089E1
8.597266708E0,1.436385345E1,9.096019745E0,-2.406520844E1,2.946510000E1
8.607197708E0,1.412980652E1,9.156993866E0,-2.417150879E1,2.945783098E1
8.617128708E0,1.417513275E1,9.280506134E0,-2.402880859E1,2.940145957E1
8.627059708E0,1.431147003E1,9.132019043E0,-2.408219147E1,2.946462102E1
8.636990708E0,1.441507721E1,9.015998840E0,-2.401630402E1,2.942559336E1
8.646921708E0,1.444070435E1,9.106002808E0,-2.374443054E1,2.924467833E1
8.656852708E0,1.435720825E1,8.928470612E0,-2.377196503E1,2.917110450E1
8.666783708E0,1.442272949E1,9.306232452E0,-2.373297119E1,2.928950341E1
8.676714708E0,1.420774078E1,9.158630371E0,-2.391889954E1,2.928914754E1
8.686645708E0,1.446978760E1,9.332725525E0,-2.406552124E1,2.959094171E1
8.696576708E0,1.444847870E1,9.398624420E0,-2.410152435E1,2.963066239E1
8.706507708E0,1.427537537E1,9.466995239E0,-2.395040131E1,2.944540819E1
8.716438708E0,1.443662262E1,9.552646637E0,-2.379714966E1,2.942742704E1
8.726369708E0,1.453528595E1,9.336994171E0,-2.407653046E1,2.963331430E1
8.736300708E0,1.464859772E1,9.340393066E0,-2.412619781E1,2.973041841E1
8.746231708E0,1.476443481E1,9.408077240E0,-2.403954315E1,2.973886494E1
8.756162708E0,1.453521729E1,9.518436432E0,-2.393438721E1,2.957580201E1
8.766094708E0,1.461088562E1,9.402488708E0,-2.405279541E1,2.967190152E1
8.776025708E0,1.442131042E1,9.423118591E0,-2.403880310E1,2.957420181E1
8.785956708E0,1.477401733E1,9.496780396E0,-2.389249420E1,2.965319047E1
8.795887708E0,1.459972382E1,9.327358246E0,-2.369126129E1,2.935008363E1
8.805818708E0,1.464547729E1,9.260692596E0,-2.350264740E1,2.919974088E1
8.815749708E0,1.437312317E1,9.319286346E0,-2.377863312E1,2.930629899E1
8.825680708E0,1.464139557E1,9.501853943E0,-2.371365356E1,2.944474585E1
8.835611708E0,1.455087280E1,9.522342682E0,-2.372283936E1,2.941387456E1
8.845542708E0,1.429460144E1,9.349426270E0,-2.382698059E1,2.931675981E1
8.855473708E0,1.431548309E1,9.264343262E0,-2.339167023E1,2.894704386E1
8.865404708E0,1.426838684E1,9.412673950E0,-2.344696045E1,2.901629281E1
8.875335708E0,1.407620239E1,9.396884918E0,-2.363656616E1,2.907108839E1
8.885266708E0,1.425907898E1,9.464458466E0,-2.319062042E1,2.882190457E1
8.895197708E0,1.455773163E1,9.536556244E0,-2.379524994E1,2.948028790E1
8.905128708E0,1.443484497E1,9.460437775E0,-2.376527405E1,2.937095305E1
8.915059708E0,1.431002045E1,9.152435303E0,-2.391056824E1,2.933017270E1
8.924990708E0,1.434175873E1,9.469024658E0,-2.375351715E1,2.931856150E1
8.934921708E0,1.419431305E1,9.458965302E0,-2.367359161E1,2.917857926E1
8.944852708E0,1.444884491E1,9.611679077E0,-2.358968353E1,2.928526358E1
8.954783708E0,1.441193390E1,9.423133850E0,-2.366407776E1,2.926581395E1
8.964714708E0,1.446546936E1,9.449474335E0,-2.385309601E1,2.945356614E1
8.974645708E0,1.433795166E1,9.397422791E0,-2.398872375E1,2.948469570E1
8.984576708E0,1.466481781E1,9.421558380E0,-2.372518158E1,2.943988595E1
8.994507708E0,1.452429962E1,9.226242065E0,-2.381917572E1,2.938421267E1
9.004438708E0,1.431857300E1,9.404201508E0,-2.380998230E1,2.933216316E1
9.014369708E0,1.442416382E1,9.132663727E0,-2.400397491E1,2.945594779E1
9.024300708E0,1.458489227E1,9.503746033E0,-2.379644012E1,2.948407763E1
9.034231708E0,1.452898407E1,9.210182190E0,-2.383032227E1,2.939052727E1
9.044162708E0,1.439955139E1,9.559921265E0,-2.367687988E1,2.931439605E1
9.054093708E0,1.429483795E1,9.183139801E0,-2.423957062E1,2.960116944E1
9.064024708E0,1.427737427E1,9.421611786E0,-2.368608856E1,2.921713497E1
9.073955708E0,1.412310791E1,9.321453094E0,-2.397293854E1,2.934371222E1
9.083886708E0,1.454027557E1,9.251270294E0,-2.376126862E1,2.935308335E1
9.093817708E0,1.454074860E1,9.230640411E0,-2.391635132E1,2.947252878E1
9.103748708E0,1.454091644E1,9.425308228E0,-2.377513885E1,2.941992376E1
9.113679708E0,1.424835968E1,9.067455292E0,-2.383112335E1,2.920885036E1
9.123610708E0,1.429341888E1,9.667133331E0,-2.363172913E1,2.926113312E1
9.133541708E0,1.431728363E1,9.233039856E0,-2.392668152E1,2.937209090E1
9.143473708E0,1.437659454E1,9.478378296E0,-2.398495483E1,2.952633035E1
9.153403708E0,1.427326202E1,9.239749908E0,-2.402361298E1,2.943183595E1
9.163335708E0,1.435354614E1,9.538764954E0,-2.387783051E1,2.944763341E1
9.173266708E0,1.437094879E1,9.275974274E0,-2.402034760E1,2.948804786E1
9.183197708E0,1.441635132E1,9.514205933E0,-2.420558929E1,2.973654070E1
9.193128708E0,1.446297455E1,9.144649506E0,-2.424390411E1,2.967438515E1
9.203059708E0,1.453297424E1,9.551071167E0,-2.425833130E1,2.984789671E1
9.212990708E0,1.424252319E1,9.290237427E0,-2.433524323E1,2.968774227E1
9.222921708E0,1.454077148E1,9.593479156E0,-2.403693390E1,2.968573848E1
9.232852708E0,1.435163879E1,8.989730835E0,-2.401972961E1,2.938932131E1
9.242783708E0,1.448285675E1,9.312522888E0,-2.399108887E1,2.953046846E1
9.252714708E0,1.427903748E1,8.960865021E0,-2.403269196E1,2.935571998E1
9.262645708E0,1.407933044E1,9.241497040E0,-2.382951355E1,2.918010503E1
9.272576708E0,1.410298920E1,9.150409698E0,-2.389627075E1,2.921739307E1
9.282507708E0,1.441688538E1,9.189918518E0,-2.384443665E1,2.934038761E1
9.292438708E0,1.401053619E1,9.109336853E0,-2.400750732E1,2.925124870E1
9.302369708E0,1.434116364E1,9.480949402E0,-2.407183838E1,2.958058111E1
9.312300708E0,1.443409729E1,9.446357727E0,-2.418317413E1,2.970526469E1
9.322231708E0,1.468524170E1,9.491069794E0,-2.376718903E1,2.950620280E1
9.332162708E0,1.430858612E1,9.253131866E0,-2.426905060E1,2.965371651E1
9.342093708E0,1.432849121E1,9.378757477E0,-2.412012482E1,2.958119628E1
9.352024708E0,1.439437866E1,9.423885345E0,-2.450461578E1,2.994134177E1
9.361955708E0,1.471472931E1,9.323551178E0,-2.426810455E1,2.987294368E1
9.371886708E0,1.459434509E1,9.375381470E0,-2.420413971E1,2.977806349E1
9.381817708E0,1.424186707E1,9.400100708E0,-2.400846863E1,2.945503754E1
9.391748708E0,1.431710052E1,9.474639893E0,-2.410913849E1,2.959727567E1
9.401679708E0,1.430900574E1,9.341972351E0,-2.406568909E1,2.951571588E1
9.411610708E0,1.440336609E1,9.522415161E0,-2.372472382E1,2.934273105E1
9.421541708E0,1.455834961E1,9.164440155E0,-2.378109741E1,2.935086201E1
9.431472708E0,1.450764465E1,9.269657135E0,-2.381123352E1,2.938321185E1
9.441403708E0,1.453222656E1,9.286853790E0,-2.381641388E1,2.940497972E1
9.451334708E0,1.482501221E1,9.177009583E0,-2.361195374E1,2.935170951E1
9.461265708E0,1.476452637E1,9.173080444E0,-2.369445038E1,2.938645304E1
9.471196708E0,1.429236603E1,9.354946136E0,-2.376217651E1,2.926478731E1
9.481127708E0,1.435663605E1,9.049949646E0,-2.377374268E1,2.920968038E1
9.491058708E0,1.446518707E1,9.374931335E0,-2.403524017E1,2.957741951E1
9.500989708E0,1.437879181E1,9.222564697E0,-2.375018311E1,2.925536790E1
9.510920708E0,1.440711212E1,9.276046753E0,-2.381904602E1,2.934206667E1
9.520851708E0,1.452697754E1,9.201923370E0,-2.358973694E1,2.919219346E1
9.530782708E0,1.454385376E1,9.387573242E0,-2.392250824E1,2.952857284E1
9.540713708E0,1.439952087E1,9.532672882E0,-2.383010101E1,2.942943710E1
9.550644708E0,1.431603241E1,9.206188202E0,-2.400197601E1,2.942443776E1
9.560575750E0,1.445812225E1,9.159149170E0,-2.394033051E1,2.942901183E1
9.570506750E0,1.439041901E1,9.272136688E0,-2.433107758E1,2.974992460E1
9.580437750E0,1.452466583E1,9.336616516E0,-2.413076019E1,2.967207295E1
9.590368750E0,1.460899353E1,9.229835510E0,-2.418100739E1,2.972092989E1
9.600300750E0,1.463270569E1,9.180648804E0,-2.409966278E1,2.965120797E1
9.610231750E0,1.458958435E1,8.864212036E0,-2.400012970E1,2.945227414E1
9.620162750E0,1.454904175E1,9.130664825E0,-2.407586670E1,2.957517563E1
9.630093750E0,1.467830658E1,9.107875824E0,-2.375225830E1,2.936964182E1
9.640024750E0,1.486086273E1,9.152912140E0,-2.374063110E1,2.946588887E1
9.649955750E0,1.457617950E1,9.346759796E0,-2.361756134E1,2.928508377E1
9.659886750E0,1.471227264E1,9.238574982E0,-2.352752686E1,2.924631180E1
9.669817750E0,1.465618134E1,9.144241333E0,-2.365280151E1,2.928951724E1
9.679748750E0,1.476657867E1,9.455440521E0,-2.393287659E1,2.966883521E1
9.689679750E0,1.458141327E1,9.290309906E0,-2.387009430E1,2.947386763E1
9.699610750E0,1.472457123E1,9.395515442E0,-2.381744385E1,2.953572988E1
9.709541750E0,1.452022552E1,9.039054871E0,-2.359454346E1,2.914179032E1
9.719472750E0,1.452104187E1,9.117050171E0,-2.379299927E1,2.932725822E1
9.729403750E0,1.445954895E1,9.317844391E0,-2.352514648E1,2.914332337E1
9.739334750E0,1.459645844E1,9.326831818E0,-2.357667542E1,2.925587145E1
9.749265750E0,1.467342377E1,9.138317108E0,-2.370328522E1,2.933707441E1
9.759196750E0,1.468547821E1,9.438884735E0,-2.365400696E1,2.939843296E1
9.769127750E0,1.464601898E1,9.284454346E0,-2.366849518E1,2.934117633E1
9.779058750E0,1.462945557E1,9.474781036E0,-2.370571899E1,2.942369044E1
9.788989750E0,1.470263672E1,9.188098907E0,-2.366751862E1,2.933837292E1
9.798920750E0,1.448934174E1,9.200183868E0,-2.382476044E1,2.936330392E1
9.808851750E0,1.467689514E1,8.967262268E0,-2.400221252E1,2.952844814E1
9.818782750E0,1.480880737E1,9.441452026E0,-2.398230743E1,2.972528994E1
9.828713750E0,1.474549103E1,9.163131714E0,-2.423825836E1,2.981418550E1
9.838644750E0,1.444646454E1,9.272941589E0,-2.375553894E1,2.930893061E1
9.848575750E0,1.463911438E1,9.102508545E0,-2.376029205E1,2.935491117E1
9.858506750E0,1.480870819E1,9.394493103E0,-2.396823120E1,2.969899739E1
9.868437750E0,1.488195801E1,9.213092804E0,-2.387973785E1,2.960735775E1
9.878368750E0,1.483688354E1,9.556991577E0,-2.373123932E1,2.957432875E1
9.888299750E0,1.474697876E1,9.159088135E0,-2.415902710E1,2.974930030E1
9.898230750E0,1.488954163E1,9.334556580E0,-2.374302673E1,2.953918947E1
9.908161750E0,1.483503723E1,9.128898621E0,-2.414212799E1,2.977007665E1
9.918092750E0,1.498438263E1,9.461879730E0,-2.376332855E1,2.964379656E1
9.928023750E0,1.470893097E1,9.364723206E0,-2.395541382E1,2.962958896E1
9.937954750E0,1.473924255E1,9.338787079E0,-2.401710510E1,2.968635297E1
9.947885750E0,1.472999573E1,9.319812775E0,-2.398861694E1,2.965274738E1
9.957816750E0,1.471958160E1,9.696273804E0,-2.401412964E1,2.978862586E1
9.967747750E0,1.445554352E1,9.553813934E0,-2.397947693E1,2.958468206E1
9.977678750E0,1.469023132E1,9.752735138E0,-2.397645569E1,2.976221037E1
9.987609750E0,1.441619873E1,9.565322876E0,-2.412351990E1,2.968613144E1
9.997540750E0,1.469352722E1,9.772056580E0,-2.389816284E1,2.970715434E1
1.000747175E1,1.487487793E1,9.670692444E0,-2.388066864E1,2.975013648E1
1.001740275E1,1.515691376E1,9.872386932E0,-2.369246674E1,2.980820421E1
1.002733375E1,1.484187317E1,9.645603180E0,-2.364786530E1,2.953879471E1
1.003726475E1,1.453684998E1,1.007104492E1,-2.371094513E1,2.957963610E1
1.004719575E1,1.482607269E1,9.430335999E0,-2.400879669E1,2.975173923E1
1.005712675E1,1.472352600E1,9.552497864E0,-2.425864410E1,2.994184776E1
1.006705775E1,1.459389496E1,9.495418549E0,-2.432881165E1,2.991714926E1
1.007698875E1,1.468863678E1,9.786991119E0,-2.410556030E1,2.987673481E1
1.008691975E1,1.452246094E1,9.509902954E0,-2.410181427E1,2.970248436E1
1.009685075E1,1.479683685E1,9.599792480E0,-2.353265381E1,2.940898148E1
1.010678275E1,1.480758667E1,9.398170471E0,-2.401963043E1,2.974109745E1
1.011671375E1,1.498387909E1,9.784595490E0,-2.394817352E1,2.989598563E1
1.012664475E1,1.478048706E1,9.573646545E0,-2.445827484E1,3.013842587E1
1.013657575E1,1.499081421E1,9.547904968E0,-2.401812744E1,2.987904693E1
1.014650675E1,1.465499115E1,9.625377655E0,-2.386619568E1,2.961438767E1
1.015643775E1,1.476657104E1,9.867774963E0,-2.376309967E1,2.966663967E1
1.016636875E1,1.434819031E1,9.585170746E0,-2.373471069E1,2.934420820E1
1.017629975E1,1.457013702E1,9.576728821E0,-2.371918488E1,2.943811066E1
1.018623075E1,1.460707092E1,9.336032867E0,-2.400831604E1,2.961295780E1
1.019616175E1,1.483201599E1,9.471130371E0,-2.401084137E1,2.976930487E1
1.020609275E1,1.477770996E1,9.617877960E0,-2.417664337E1,2.992314109E1
1.021602375E1,1.460811615E1,9.653598785E0,-2.403073883E1,2.973323789E1
1.022595475E1,1.448477173E1,9.309516907E0,-2.419322205E1,2.969491051E1
1.023588575E1,1.460594940E1,9.626789093E0,-2.399897003E1,2.969780108E1
1.024581675E1,1.442055511E1,9.574012756E0,-2.376515198E1,2.940062208E1
1.025574775E1,1.468027496E1,9.632621765E0,-2.380993652E1,2.958396445E1
1.026567875E1,1.457811737E1,9.663002014E0,-2.396335602E1,2.966711219E1
1.027560975E1,1.457810211E1,9.645622253E0,-2.387375641E1,2.958910838E1
1.028554075E1,1.451469421E1,9.323478699E0,-2.401049042E1,2.956530489E1
1.029547175E1,1.446915436E1,9.577167511E0,-2.385964966E1,2.950188887E1
1.030540275E1,1.442025757E1,9.358238220E0,-2.378323364E1,2.934557298E1
1.031533375E1,1.450407410E1,9.462757111E0,-2.373937988E1,2.938486166E1
1.032526475E1,1.444229889E1,9.348121643E0,-2.375569153E1,2.933087546E1
1.033519575E1,1.444738007E1,9.591220856E0,-2.336676788E1,2.909852487E1
1.034512675E1,1.463591766E1,9.525138855E0,-2.360280609E1,2.936036123E1
1.035505775E1,1.447405243E1,9.507183075E0,-2.374266052E1,2.938704906E1
1.036498875E1,1.440918732E1,9.290321350E0,-2.429161072E1,2.973242508E1
1.037491975E1,1.441946411E1,9.480358124E0,-2.416323090E1,2.969275775E1
1.038485075E1,1.471286774E1,9.479251862E0,-2.437377930E1,3.000676274E1
1.039478175E1,1.439400482E1,9.335666656E0,-2.409746552E1,2.958090416E1
1.040471275E1,1.447837830E1,9.100429535E0,-2.404103088E1,2.950275278E1
1.041464375E1,1.466233826E1,9.135238647E0,-2.377330017E1,2.938718342E1
1.042457475E1,1.468167877E1,9.326755524E0,-2.400479889E1,2.964406230E1
1.043450575E1,1.458271027E1,9.464309692E0,-2.410389709E1,2.971912603E1
1.044443675E1,1.447158051E1,9.354171753E0,-2.398108673E1,2.952997955E1
1.045436775E1,1.443211365E1,9.205841064E0,-2.398777771E1,2.946942303E1
1.046429875E1,1.468725586E1,9.425834656E0,-2.429237366E1,2.991122300E1
1.047422975E1,1.470428467E1,9.114498138E0,-2.429482269E1,2.982496393E1
1.048416075E1,1.472399139E1,9.165615082E0,-2.418674469E1,2.976244347E1
1.049409175E1,1.459951019E1,9.125865936E0,-2.403755951E1,2.956740425E1
1.050402275E1,1.462869263E1,9.461791992E0,-2.420377350E1,2.982191824E1
1.051395375E1,1.470854187E1,9.272296906E0,-2.429784393E1,2.987811764E1
1.052388475E1,1.455923462E1,9.387901306E0,-2.399591827E1,2.959574458E1
1.053381575E1,1.482735443E1,9.459064484E0,-2.430364990E1,2.999986231E1
1.054374675E1,1.474095917E1,9.548763275E0,-2.443033600E1,3.008847079E1
1.055367775E1,1.471450806E1,9.308563232E0,-2.438665009E1,2.996455905E1
1.056360875E1,1.451475525E1,9.428424835E0,-2.411164093E1,2.968070995E1
1.057353975E1,1.442919922E1,9.380702972E0,-2.416806793E1,2.966976383E1
1.058347075E1,1.443013763E1,9.741069794E0,-2.405979156E1,2.969833132E1
1.059340175E1,1.460188293E1,9.498188019E0,-2.367731476E1,2.939465589E1
1.060333275E1,1.463444519E1,9.570739746E0,-2.397257233E1,2.967238226E1
1.061326375E1,1.448461151E1,9.470874786E0,-2.393874359E1,2.953920927E1
1.062319475E1,1.454330444E1,9.603595734E0,-2.384445190E1,2.953463461E1
1.063312575E1,1.458404541E1,9.465305328E0,-2.396726990E1,2.960939736E1
1.064305675E1,1.475205231E1,9.315792084E0,-2.399769592E1,2.966979001E1
1.065298775E1,1.466431427E1,9.389350891E0,-2.414804840E1,2.977129935E1
1.066291875E1,1.480412292E1,9.545494080E0,-2.399053955E1,2.976280398E1
1.067284975E1,1.463112640E1,9.525363922E0,-2.394048309E1,2.963020669E1
1.068278075E1,1.468782806E1,9.589912415E0,-2.395128632E1,2.968775555E1
1.069271175E1,1.448770142E1,9.298759460E0,-2.422813416E1,2.972142164E1
1.070264275E1,1.443907166E1,9.596439362E0,-2.373589325E1,2.939338475E1
1.071257375E1,1.452233124E1,9.402889252E0,-2.394198608E1,2.953863789E1
1.072250475E1,1.460518646E1,9.827495575E0,-2.390196991E1,2.968493400E1
1.073243575E1,1.472791290E1,9.524387360E0,-2.417918396E1,2.987069316E1
1.074236675E1,1.463999176E1,9.648612976E0,-2.404550171E1,2.975922115E1
1.075229775E1,1.436640930E1,9.373703003E0,-2.416294098E1,2.963288277E1
1.076222875E1,1.447467041E1,9.745899200E0,-2.393363190E1,2.961954373E1
1.077216075E1,1.471973419E1,9.304569244E0,-2.412287903E1,2.975161972E1
1.078209175E1,1.487968445E1,9.507007599E0,-2.394158936E1,2.974874625E1
1.079202275E1,1.477416229E1,9.236610413E0,-2.399999237E1,2.965789064E1
1.080195375E1,1.453864288E1,9.632709503E0,-2.417833710E1,2.981196428E1
1.081188475E1,1.445918274E1,9.107673645E0,-2.402958679E1,2.948624639E1
1.082181575E1,1.473145294E1,9.577640533E0,-2.395144653E1,2.970553307E1
1.083174675E1,1.440543365E1,9.478744507E0,-2.434489441E1,2.983348790E1
1.084167775E1,1.441890717E1,9.447998047E0,-2.372473145E1,2.932630957E1
1.085160875E1,1.434948730E1,9.148338318E0,-2.366250610E1,2.914642474E1
1.086153975E1,1.453343201E1,9.200813293E0,-2.347711182E1,2.910413013E1
1.087147075E1,1.452621460E1,9.105056763E0,-2.358785248E1,2.915989976E1
1.088140175E1,1.455253601E1,9.579898834E0,-2.332902527E1,2.911690550E1
1.089133275E1,1.447770691E1,9.158065796E0,-2.375555420E1,2.928823180E1
1.090126375E1,1.463930511E1,9.405677795E0,-2.396748352E1,2.961783745E1
1.091119475E1,1.457129669E1,9.125213623E0,-2.407671356E1,2.958513726E1
1.092112575E1,1.467147827E1,9.351825714E0,-2.375795746E1,2.944740161E1
1.093105675E1,1.474491119E1,9.312377930E0,-2.414540863E1,2.978478717E1
1.094098775E1,1.475328064E1,9.497386932E0,-2.384608459E1,2.960566498E1
1.095091875E1,1.454465485E1,9.330226898E0,-2.370667267E1,2.933609462E1
1.096084975E1,1.477468109E1,9.219928741E0,-2.364032745E1,2.936261857E1
1.097078075E1,1.493976593E1,9.326057434E0,-2.384745789E1,2.964579567E1
1.098071175E1,1.476599121E1,9.552860260E0,-2.409609985E1,2.983142075E1
1.099064275E1,1.452516174E1,9.350719452E0,-2.401287079E1,2.958097770E1
1.100057375E1,1.477506256E1,9.224266052E0,-2.353835297E1,2.928213821E1
1.101050475E1,1.478736877E1,9.258838654E0,-2.371981049E1,2.944523354E1
1.102043575E1,1.471935272E1,9.179985046E0,-2.366219330E1,2.933991925E1
1.103036675E1,1.453218079E1,8.882240295E0,-2.391585541E1,2.936063029E1
1.104029775E1,1.475201416E1,9.471759796E0,-2.399443054E1,2.971647443E1
1.105022875E1,1.477033234E1,9.251247406E0,-2.404560089E1,2.969746148E1
1.106015975E1,1.481758118E1,9.385456085E0,-2.375583649E1,2.952943049E1
1.107009075E1,1.467533112E1,9.082298279E0,-2.380207825E1,2.940055126E1
1.108002175E1,1.471917725E1,9.361419678E0,-2.379467010E1,2.950384183E1
1.108995275E1,1.461916351E1,9.510547638E0,-2.374717712E1,2.946351777E1
1.109988375E1,1.448399353E1,9.334247589E0,-2.368295288E1,2.928816320E1
1.110981475E1,1.467358398E1,9.153633118E0,-2.392936707E1,2.952486536E1
1.111974575E1,1.488117218E1,9.411293030E0,-2.402758026E1,2.978835905E1
1.112967675E1,1.469679260E1,9.316150665E0,-2.416173553E1,2.977542342E1
1.113960775E1,1.487721252E1,9.326839447E0,-2.381706238E1,2.959009711E1
1.114953875E1,1.464228058E1,9.183586121E0,-2.391474152E1,2.950677035E1
1.115946975E1,1.469591522E1,9.199142456E0,-2.355715179E1,2.924950507E1
1.116940075E1,1.478079224E1,9.220279694E0,-2.350743866E1,2.925893110E1
1.117933175E1,1.464220428E1,9.160003662E0,-2.361363983E1,2.925583360E1
1.118926275E1,1.459386444E1,9.145568848E0,-2.389451599E1,2.945454470E1
1.119919375E1,1.479433441E1,9.227420807E0,-2.378224945E1,2.948920166E1
1.120912475E1,1.500477600E1,9.121242523E0,-2.390084839E1,2.965789813E1
1.121905575E1,1.498879242E1,9.421386719E0,-2.378895569E1,2.965368170E1
1.122898675E1,1.484806061E1,9.227710724E0,-2.373076630E1,2.947481668E1
1.123891775E1,1.491790771E1,9.406669617E0,-2.378868866E1,2.961302268E1
1.124884875E1,1.476941681E1,9.292793274E0,-2.370380402E1,2.943402800E1
1.125877975E1,1.472951508E1,9.388298035E0,-2.363255310E1,2.938700938E1
1.126871075E1,1.472127533E1,9.468692780E0,-2.355345154E1,2.934513877E1
1.127864175E1,1.507377625E1,9.530162811E0,-2.382913971E1,2.976357896E1
1.128857275E1,1.489850616E1,9.530750275E0,-2.374440002E1,2.960738454E1
1.129850375E1,1.461552429E1,9.585922241E0,-2.392279816E1,2.962775265E1
1.130843475E1,1.474967957E1,9.243667603E0,-2.362503052E1,2.934519560E1
1.131836575E1,1.475001526E1,9.348052979E0,-2.356585693E1,2.933084823E1
1.132829675E1,1.450408936E1,9.293193817E0,-2.350107574E1,2.913816433E1
1.133822775E1,1.480143738E1,9.146972656E0,-2.377708435E1,2.946352656E1
1.134815875E1,1.505059814E1,9.230419159E0,-2.370333862E1,2.955620754E1
1.135808975E1,1.486042023E1,8.957057953E0,-2.355886841E1,2.925886630E1
1.136802075E1,1.484271240E1,8.997280121E0,-2.386467743E1,2.950898151E1
1.137795175E1,1.485128021E1,9.209384918E0,-2.406047821E1,2.973684425E1
1.138788275E1,1.498434448E1,9.252159119E0,-2.382615662E1,2.962800646E1
1.139781375E1,1.505334473E1,9.243045807E0,-2.357939148E1,2.946226036E1
1.140774475E1,1.479290771E1,9.248344421E0,-2.398315430E1,2.965727033E1
1.141767575E1,1.483537292E1,9.231632233E0,-2.377393341E1,2.950442735E1
1.142760675E1,1.486887360E1,9.130016327E0,-2.366406250E1,2.940116416E1
1.143753775E1,1.490412903E1,9.208194733E0,-2.375437927E1,2.951600323E1
1.144746875E1,1.478964233E1,9.045875549E0,-2.398392487E1,2.959374996E1
1.145739975E1,1.517468262E1,9.289566040E0,-2.373689270E1,2.966491370E1
1.146733075E1,1.509250641E1,9.282783508E0,-2.385476685E1,2.971537852E1
1.147726175E1,1.501728821E1,9.445858002E0,-2.342012024E1,2.938103488E1
1.148719275E1,1.461600494E1,9.282138824E0,-2.381832886E1,2.944653615E1
1.149712375E1,1.487494659E1,9.293167114E0,-2.361070251E1,2.941245084E1
1.150705475E1,1.478388214E1,9.100231171E0,-2.377716827E1,2.944029738E1
1.151698575E1,1.487105560E1,9.342464447E0,-2.358381653E1,2.940452922E1
1.152691675E1,1.484035492E1,9.065513611E0,-2.362914276E1,2.933864446E1
1.153684775E1,1.464081573E1,9.216884613E0,-2.352581024E1,2.920219504E1
1.154677875E1,1.467825317E1,9.068958282E0,-2.401566315E1,2.957108718E1
1.155670983E1,1.486911774E1,9.132633209E0,-2.363594818E1,2.937947750E1
1.156664083E1,1.491645813E1,9.132373810E0,-2.387496185E1,2.959585745E1
1.157657183E1,1.494670868E1,9.272274017E0,-2.373389435E1,2.954110537E1
1.158650283E1,1.497327423E1,9.014499664E0,-2.377024841E1,2.950398032E1
1.159643383E1,1.516474915E1,9.417312622E0,-2.404231262E1,2.994475229E1
1.160636483E1,1.487027740E1,9.122783661E0,-2.381114197E1,2.951814380E1
1.161629583E1,1.489661407E1,9.422206879E0,-2.364064789E1,2.948842698E1
1.162622683E1,1.483213043E1,9.039741516E0,-2.372450256E1,2.940341888E1
1.163615783E1,1.499067688E1,9.374675751E0,-2.359609222E1,2.948525915E1
1.164608883E1,1.491963196E1,9.139289856E0,-2.381825256E1,2.955386932E1
1.165601983E1,1.515658569E1,9.319446564E0,-2.373400879E1,2.966272657E1
1.166595083E1,1.454175568E1,9.234336853E0,-2.371174622E1,2.930840398E1
1.167588183E1,1.497050476E1,9.293743134E0,-2.363232422E1,2.947840603E1
1.168581283E1,1.493840027E1,9.175540924E0,-2.336209106E1,2.920845173E1
1.169574483E1,1.496725464E1,9.481300354E0,-2.363509369E1,2.953864285E1
1.170567583E1,1.480530548E1,9.314731598E0,-2.362580109E1,2.939625439E1
1.171560683E1,1.482211304E1,9.336174011E0,-2.359296417E1,2.938515167E1
1.172553783E1,1.467288208E1,9.021923065E0,-2.381092072E1,2.938789733E1
1.173546783E1,1.509831238E1,9.415103912E0,-2.368163300E1,2.962132610E1
1.174539983E1,1.512251282E1,9.060379028E0,-2.353205872E1,2.940303810E1
1.175533083E1,1.493904877E1,9.345279694E0,-2.358563995E1,2.944132882E1
1.176526183E1,1.486248779E1,9.065887451E0,-2.385528564E1,2.953232994E1
1.177519283E1,1.484754181E1,9.344940186E0,-2.366506958E1,2.945866465E1
1.178512383E1,1.478318787E1,9.006965637E0,-2.373071289E1,2.937370947E1
1.179505483E1,1.504783630E1,9.123996735E0,-2.394039154E1,2.971240551E1
1.180498583E1,1.482089996E1,8.904499054E0,-2.354990387E1,2.921552928E1
1.181491683E1,1.487888336E1,9.223545074E0,-2.356237030E1,2.935370927E1
1.182484783E1,1.463240814E1,9.155681610E0,-2.392491150E1,2.950144512E1
1.183477883E1,1.449885559E1,9.231990814E0,-2.376745605E1,2.933152630E1
1.184470983E1,1.466460419E1,9.075725555E0,-2.380084229E1,2.939216739E1
1.185464083E1,1.459787750E1,9.239200592E0,-2.336954498E1,2.906194226E1
1.186457183E1,1.477891541E1,8.922695160E0,-2.360890198E1,2.924741154E1
1.187450283E1,1.487568665E1,9.065681458E0,-2.377040100E1,2.947040205E1
1.188443383E1,1.479612732E1,8.925170898E0,-2.383959198E1,2.944333889E1
1.189436483E1,1.507497406E1,9.087726593E0,-2.338271332E1,2.926760837E1
1.190429583E1,1.526848602E1,9.178737640E0,-2.366900635E1,2.962427639E1
1.191422683E1,1.522344208E1,9.366859436E0,-2.357946777E1,2.958855429E1
1.192415783E1,1.500048828E1,9.209255219E0,-2.328533173E1,2.918958211E1
1.193408883E1,1.497834778E1,9.202453613E0,-2.320214081E1,2.910971303E1
1.194401983E1,1.489845276E1,8.983341217E0,-2.376402283E1,2.945153807E1
1.195395083E1,1.507809448E1,9.004226685E0,-2.357418823E1,2.939672400E1
1.196388183E1,1.466838074E1,8.901142120E0,-2.377651978E1,2.932089046E1
1.197381283E1,1.482551575E1,9.021503448E0,-2.365536499E1,2.933870710E1
1.198374383E1,1.508917236E1,8.816165924E0,-2.372554016E1,2.946708605E1
1.199367483E1,1.497460938E1,9.157009125E0,-2.392313385E1,2.967163756E1
1.200360583E1,1.516157532E1,9.181556702E0,-2.393760681E1,2.978562354E1
1.201353683E1,1.495229340E1,9.377628326E0,-2.386547089E1,2.968285181E1
1.202346783E1,1.502951050E1,9.138965607E0,-2.385230255E1,2.963678821E1
1.203339883E1,1.504679108E1,9.113830566E0,-2.370449066E1,2.951898892E1
1.204332983E1,1.502896881E1,9.232078552E0,-2.383222198E1,2.964921555E1
1.205326083E1,1.501116943E1,9.474227905E0,-2.359090424E1,2.952332916E1
1.206319183E1,1.495516968E1,9.066402435E0,-2.350062561E1,2.929396111E1
1.207312283E1,1.517350006E1,9.112987518E0,-2.333420563E1,2.928765607E1
1.208305383E1,1.518002319E1,9.179115295E0,-2.353424072E1,2.947116808E1
1.209298483E1,1.514251709E1,8.911323547E0,-2.368096924E1,2.948721444E1
1.210291583E1,1.531038666E1,8.952552795E0,-2.363660431E1,2.955072257E1
1.211284683E1,1.527943420E1,9.087497711E0,-2.376983643E1,2.968246701E1
1.212277783E1,1.510848236E1,9.134307861E0,-2.365616608E1,2.951806248E1
1.213270883E1,1.501304626E1,8.975933075E0,-2.325180817E1,2.909648631E1
1.214263983E1,1.518877411E1,9.019844055E0,-2.334102631E1,2.927217031E1
1.215257083E1,1.506233215E1,9.051902771E0,-2.315302277E1,2.906670358E1
1.216250183E1,1.532157898E1,8.996623993E0,-2.363739014E1,2.957052989E1
1.217243283E1,1.523892212E1,9.171440125E0,-2.325435638E1,2.927635825E1
1.218236383E1,1.524057770E1,9.195598602E0,-2.333960724E1,2.935253836E1
1.219229483E1,1.512142181E1,9.243244171E0,-2.354542542E1,2.947001898E1
1.220222583E1,1.506280518E1,9.178001404E0,-2.345008087E1,2.934331444E1
1.221215683E1,1.499671936E1,9.112842560E0,-2.346094513E1,2.929780602E1
1.222208783E1,1.500759125E1,9.321525574E0,-2.346083832E1,2.936885372E1
1.223201883E1,1.511635590E1,9.523002625E0,-2.353496552E1,2.954803541E1
1.224194983E1,1.498767090E1,9.590309143E0,-2.383623505E1,2.974509051E1
1.225188083E1,1.489190674E1,9.443599701E0,-2.347812653E1,2.936278064E1
1.226181183E1,1.520333862E1,9.647682190E0,-2.334863281E1,2.948521547E1
1.227174283E1,1.509506226E1,9.574928284E0,-2.325547791E1,2.933184973E1
1.228167383E1,1.517829895E1,9.327735901E0,-2.342076111E1,2.942650960E1
1.229160483E1,1.518711090E1,9.114677429E0,-2.306307220E1,2.907973490E1
1.230153583E1,1.530763245E1,9.448116302E0,-2.331723022E1,2.944968146E1
1.231146683E1,1.533568573E1,9.241867065E0,-2.322042084E1,2.932206179E1
1.232139783E1,1.544993591E1,9.340354919E0,-2.342384338E1,2.957396133E1
1.233132883E1,1.545027161E1,9.274848938E0,-2.361714935E1,2.970695978E1
1.234125983E1,1.554422760E1,9.704719543E0,-2.357289886E1,2.985776539E1
1.235119083E1,1.525688934E1,9.412532806E0,-2.331907654E1,2.941339451E1
1.236112183E1,1.536312866E1,9.505283356E0,-2.316844177E1,2.937946269E1
1.237105283E1,1.533908081E1,9.154949188E0,-2.321138000E1,2.928939495E1
1.238098383E1,1.535222626E1,9.377010345E0,-2.307909393E1,2.926198474E1
1.239091483E1,1.537597656E1,9.240623474E0,-2.332199860E1,2.942321186E1
1.240084583E1,1.560231018E1,9.428771973E0,-2.332089233E1,2.960063924E1
1.241077683E1,1.556325531E1,9.296115875E0,-2.315242004E1,2.940522471E1
1.242070783E1,1.541261292E1,9.605545044E0,-2.314588928E1,2.942018564E1
1.243063883E1,1.539190674E1,9.505462646E0,-2.321140289E1,2.942845285E1
1.244056983E1,1.548036957E1,9.285152435E0,-2.306292725E1,2.928744630E1
1.245050083E1,1.526742554E1,9.269321442E0,-2.352424622E1,2.953649882E1
1.246043183E1,1.532224274E1,9.598617554E0,-2.365731812E1,2.977538046E1
1.247036283E1,1.524972534E1,9.668090820E0,-2.320950317E1,2.940590316E1
1.248029383E1,1.525778961E1,9.609149933E0,-2.310235596E1,2.930622386E1
1.249022483E1,1.528560638E1,9.375614166E0,-2.331396484E1,2.941246097E1
1.250015583E1,1.556801605E1,9.444770813E0,-2.322898865E1,2.951529660E1
1.251008683E1,1.565365601E1,9.460163116E0,-2.342943573E1,2.972322478E1
1.252001783E1,1.570311737E1,9.608905792E0,-2.315061951E1,2.957820396E1
1.252994883E1,1.544274139E1,9.590240479E0,-2.340745544E1,2.963713793E1
1.253987983E1,1.558062744E1,9.625701904E0,-2.335108185E1,2.967630557E1
1.254981083E1,1.558863831E1,9.231521606E0,-2.347069550E1,2.964962365E1
1.255974112E1,1.541046906E1,9.537162781E0,-2.308791351E1,2.935118023E1
1.256967212E1,1.533329010E1,9.620429993E0,-2.303958893E1,2.929991666E1
1.257960312E1,1.558080292E1,1.006968689E1,-2.313882446E1,2.965746468E1
1.258953412E1,1.527936554E1,9.931747437E0,-2.333052826E1,2.960425928E1
1.259946512E1,1.537514496E1,9.992969513E0,-2.318611145E1,2.956095882E1
1.260939613E1,1.512077332E1,9.684680939E0,-2.336964417E1,2.947153031E1
1.261932712E1,1.539621735E1,9.707126617E0,-2.300228119E1,2.933217952E1
1.262925813E1,1.529163361E1,9.188323975E0,-2.342478180E1,2.944452000E1
1.263918912E1,1.530130768E1,9.467231750E0,-2.323998260E1,2.939141516E1
1.266067929E1,1.326063538E1,-1.098880768E1,-1.744751740E1,2.451559112E1
1.267061029E1,1.322218323E1,-1.110633850E1,-1.763455200E1,2.468105161E1
1.268054129E1,1.326020813E1,-1.111113739E1,-1.744071198E1,2.456560457E1
1.269047129E1,1.312902069E1,-1.146909332E1,-1.730262756E1,2.456200738E1
1.270040229E1,1.296513367E1,-1.137426758E1,-1.767833710E1,2.469802131E1
1.271033329E1,1.282819366E1,-1.140460968E1,-1.793464661E1,2.482497177E1
1.272026429E1,1.306839752E1,-1.135863495E1,-1.739499664E1,2.454358388E1
1.273019529E1,1.284395599E1,-1.145945740E1,-1.772718048E1,2.470909341E1
1.274012629E1,1.302078247E1,-1.149350739E1,-1.793126678E1,2.496340956E1
1.275005729E1,1.298791504E1,-1.159590912E1,-1.804491425E1,2.507528615E1
1.275998829E1,1.277207184E1,-1.144226837E1,-1.782917023E1,2.473723177E1
1.276991929E1,1.248891449E1,-1.139744568E1,-1.802028656E1,2.471043263E1
1.277985029E1,1.264170837E1,-1.133090973E1,-1.789279938E1,2.466484493E1
1.278978129E1,1.270977783E1,-1.126444244E1,-1.776535797E1,2.457710439E1
1.279971229E1,1.247609711E1,-1.136402130E1,-1.812609863E1,2.476589249E1
1.280964329E1,1.248317719E1,-1.155903625E1,-1.780945587E1,2.462961125E1
1.281957429E1,1.229354095E1,-1.150994873E1,-1.779045105E1,2.449714713E1
1.282950529E1,1.239795685E1,-1.137523651E1,-1.793839264E1,2.459453741E1
1.283943521E1,1.236692047E1,-1.130632019E1,-1.801478577E1,2.460296942E1
1.284936621E1,1.245984650E1,-1.135675812E1,-1.813027954E1,2.475743860E1
1.285929721E1,1.241392517E1,-1.119647980E1,-1.767794800E1,2.433056809E1
1.286922821E1,1.259584045E1,-1.107437134E1,-1.800570679E1,2.460695784E1
1.287915921E1,1.240644836E1,-1.117475891E1,-1.797452545E1,2.453321754E1
1.288909021E1,1.244551849E1,-1.125197601E1,-1.804023743E1,2.463631590E1
1.289902121E1,1.259017181E1,-1.146161652E1,-1.793540192E1,2.472973355E1
1.290895221E1,1.239577484E1,-1.138073730E1,-1.795836639E1,2.461055341E1
1.291888321E1,1.243102264E1,-1.145506287E1,-1.813835907E1,2.479412953E1
1.292881421E1,1.234069061E1,-1.149250031E1,-1.803395844E1,2.468995474E1
1.293874521E1,1.231288147E1,-1.107521820E1,-1.822568512E1,2.462606559E1
1.294867621E1,1.245965576E1,-1.109184265E1,-1.829288483E1,2.475685017E1
1.295860721E1,1.263249969E1,-1.114387512E1,-1.802549744E1,2.467153338E1
1.296853821E1,1.250439453E1,-1.128665161E1,-1.825777435E1,2.484139109E1
1.297846821E1,1.237022400E1,-1.125827789E1,-1.816566467E1,2.469337231E1
1.298839921E1,1.208496857E1,-1.127526093E1,-1.822744751E1,2.460523962E1
1.299833021E1,1.224530792E1,-1.124944305E1,-1.841244507E1,2.480958824E1
1.300826121E1,1.220688629E1,-1.142617035E1,-1.839547729E1,2.485878168E1
1.301819221E1,1.216946411E1,-1.133152008E1,-1.793414307E1,2.445675145E1
1.302812321E1,1.209186554E1,-1.144002533E1,-1.824102020E1,2.469457855E1
1.303805421E1,1.227386475E1,-1.135530853E1,-1.794428253E1,2.452729221E1
1.304798521E1,1.230033875E1,-1.130093384E1,-1.801371002E1,2.456630187E1
1.305791621E1,1.229244995E1,-1.115349579E1,-1.782102203E1,2.435351351E1
1.306784721E1,1.220053864E1,-1.156256104E1,-1.805310822E1,2.466699570E1
1.307777821E1,1.236403656E1,-1.152474213E1,-1.809396362E1,2.476046447E1
1.308770921E1,1.239169312E1,-1.170495605E1,-1.799310303E1,2.478531442E1
1.309764021E1,1.232091522E1,-1.151577759E1,-1.763024902E1,2.439761804E1
1.310757121E1,1.222631073E1,-1.158522797E1,-1.814802551E1,2.475986694E1
1.311750121E1,1.229276276E1,-1.145883179E1,-1.801973724E1,2.463996291E1
1.312743221E1,1.225519562E1,-1.171951294E1,-1.823200226E1,2.489864875E1
1.313736321E1,1.232775116E1,-1.147557831E1,-1.779101562E1,2.449862411E1
1.314729421E1,1.228056335E1,-1.155623627E1,-1.764798737E1,2.440922553E1
1.315722521E1,1.222030640E1,-1.135826111E1,-1.783785248E1,2.442406528E1
1.316715621E1,1.243850708E1,-1.148491669E1,-1.797566986E1,2.469300461E1
1.317708721E1,1.244851685E1,-1.120970154E1,-1.815913391E1,2.470581156E1
1.318701821E1,1.227108765E1,-1.134072113E1,-1.819596863E1,2.470394345E1
1.319694921E1,1.242674255E1,-1.134111786E1,-1.806976318E1,2.468929376E1
1.320688021E1,1.230404663E1,-1.170494843E1,-1.833607483E1,2.499213919E1
1.321681121E1,1.205414581E1,-1.157003784E1,-1.810837555E1,2.463902336E1
1.322674221E1,1.194687653E1,-1.160383606E1,-1.799949646E1,2.452261697E1
1.323667321E1,1.199313354E1,-1.110572052E1,-1.788755798E1,2.423091024E1
1.324660421E1,1.202204895E1,-1.164060211E1,-1.805088043E1,2.461437716E1
1.325653521E1,1.198366547E1,-1.162562561E1,-1.819832611E1,2.469701363E1
1.326646521E1,1.200448608E1,-1.164151764E1,-1.870656586E1,2.509119816E1
1.327639621E1,1.225092316E1,-1.135666656E1,-1.819187927E1,2.469824822E1
1.328632721E1,1.211729431E1,-1.146068573E1,-1.852336121E1,2.492571061E1
1.329625821E1,1.214858246E1,-1.123262024E1,-1.811016083E1,2.453034322E1
1.330618921E1,1.217147064E1,-1.136862946E1,-1.802069092E1,2.453845420E1
1.331612021E1,1.220790100E1,-1.103961182E1,-1.795332336E1,2.435626605E1
1.332605121E1,1.229608917E1,-1.148102570E1,-1.794636536E1,2.459836965E1
1.333598221E1,1.234404755E1,-1.101714325E1,-1.764226532E1,2.418682453E1
1.334591321E1,1.237186432E1,-1.137093353E1,-1.775251770E1,2.444407987E1
1.335584421E1,1.245698547E1,-1.114579010E1,-1.766278076E1,2.431828424E1
1.336577521E1,1.232306671E1,-1.139924622E1,-1.763664246E1,2.434855118E1
1.337570621E1,1.230798340E1,-1.116930389E1,-1.749604797E1,2.413196013E1
1.338563721E1,1.225036621E1,-1.141580963E1,-1.776159668E1,2.441037686E1
1.339556721E1,1.236095428E1,-1.108368683E1,-1.781856537E1,2.435451860E1
1.340549821E1,1.241324615E1,-1.121462250E1,-1.780019379E1,2.442751188E1
1.341542921E1,1.246029663E1,-1.128681183E1,-1.784722900E1,2.451886409E1
1.342536021E1,1.250061035E1,-1.142105865E1,-1.795605469E1,2.468047285E1
1.343529121E1,1.243692780E1,-1.104807281E1,-1.810104370E1,2.458424026E1
1.344522221E1,1.205407715E1,-1.139209747E1,-1.822193146E1,2.463979397E1
1.345515321E1,1.242412567E1,-1.107830811E1,-1.795875549E1,2.448682724E1
1.346508421E1,1.224954224E1,-1.088675690E1,-1.806696320E1,2.439237422E1
1.347501521E1,1.225137329E1,-1.104871368E1,-1.824115753E1,2.459491918E1
1.348494621E1,1.220912933E1,-1.126298523E1,-1.814245605E1,2.459809722E1
1.349487721E1,1.203151703E1,-1.098392487E1,-1.798509979E1,2.426659890E1
1.350480821E1,1.205697632E1,-1.101329803E1,-1.808689117E1,2.436799220E1
1.351473921E1,1.193172455E1,-1.098141479E1,-1.829334259E1,2.444593841E1
1.352467021E1,1.192339325E1,-1.123450470E1,-1.831946564E1,2.457609049E1
1.353460021E1,1.193918610E1,-1.123719025E1,-1.838008118E1,2.463018460E1
1.354453121E1,1.219168091E1,-1.126491547E1,-1.805860901E1,2.452852958E1
1.355446221E1,1.218095398E1,-1.105861664E1,-1.833459473E1,2.463383863E1
1.356439321E1,1.205636597E1,-1.129775238E1,-1.824320221E1,2.461319963E1
1.357432421E1,1.211685181E1,-1.127338409E1,-1.767208862E1,2.421177406E1
1.358425521E1,1.187239075E1,-1.101001740E1,-1.843752289E1,2.453806014E1
1.359418621E1,1.198609161E1,-1.087339020E1,-1.799939728E1,2.420486127E1
1.360411721E1,1.196879578E1,-1.133280945E1,-1.800497437E1,2.441032044E1
1.361404821E1,1.228277588E1,-1.106635284E1,-1.818325043E1,2.457562501E1
1.362397921E1,1.224496460E1,-1.115323639E1,-1.836759186E1,2.473261552E1
1.363391021E1,1.211119843E1,-1.109948730E1,-1.829354858E1,2.458726633E1
1.364384121E1,1.197424316E1,-1.138993835E1,-1.853404236E1,2.483191336E1
1.365377221E1,1.210988617E1,-1.138037872E1,-1.802204132E1,2.451441079E1
1.366370321E1,1.205199432E1,-1.125866699E1,-1.819937134E1,2.456064467E1
1.367363321E1,1.207135010E1,-1.119393921E1,-1.847250366E1,2.474379033E1
1.368356421E1,1.210275269E1,-1.103103638E1,-1.861796570E1,2.479493966E1
1.369349521E1,1.224324036E1,-1.116228485E1,-1.845071411E1,2.479762869E1
1.370342621E1,1.227706146E1,-1.122654724E1,-1.858101654E1,2.494024412E1
1.371335721E1,1.225522614E1,-1.138574982E1,-1.819367218E1,2.471508798E1
1.372328821E1,1.224817657E1,-1.099393463E1,-1.838710022E1,2.467731514E1
1.373321921E1,1.208492279E1,-1.113807678E1,-1.852111053E1,2.476153567E1
1.374315021E1,1.218200684E1,-1.127547455E1,-1.849050140E1,2.484826471E1
1.375308121E1,1.229811859E1,-1.129075623E1,-1.859777069E1,2.499203817E1
1.376301221E1,1.236485291E1,-1.122800446E1,-1.863301086E1,2.502292479E1
1.377294321E1,1.223924255E1,-1.129084778E1,-1.862839508E1,2.498598417E1
1.378287421E1,1.235636902E1,-1.130335999E1,-1.810289001E1,2.466090893E1
1.379280521E1,1.243391418E1,-1.118604279E1,-1.800427246E1,2.457404326E1
1.380273521E1,1.234704590E1,-1.134291840E1,-1.840744019E1,2.489869865E1
1.381266621E1,1.231511688E1,-1.112516785E1,-1.863967133E1,2.495733981E1
1.382259721E1,1.270996094E1,-1.109798431E1,-1.869731903E1,2.518527550E1
1.383252821E1,1.246067047E1,-1.126712799E1,-1.897435760E1,2.534250833E1
1.384245954E1,1.226178741E1,-1.130549622E1,-1.893417358E1,2.523229289E1
1.385239054E1,1.221605682E1,-1.132446289E1,-1.844532776E1,2.485368424E1
1.386232154E1,1.213945007E1,-1.107761383E1,-1.879216766E1,2.496448160E1
1.387225254E1,1.217814636E1,-1.093732452E1,-1.903927612E1,2.510829249E1
1.388218354E1,1.223873901E1,-1.099662018E1,-1.827095795E1,2.458740109E1
1.389211454E1,1.257148743E1,-1.086561584E1,-1.866020203E1,2.498613703E1
1.390204554E1,1.247185516E1,-1.081841278E1,-1.840843201E1,2.472762818E1
1.391197654E1,1.239569092E1,-1.108732605E1,-1.838256836E1,2.478912608E1
1.392190754E1,1.257339478E1,-1.082000732E1,-1.865524292E1,2.496359155E1
1.393183754E1,1.255802155E1,-1.114189148E1,-1.862129211E1,2.507186014E1
1.394176854E1,1.249410248E1,-1.098515320E1,-1.868526459E1,2.501829931E1
1.395169954E1,1.239768982E1,-1.095555115E1,-1.869789124E1,2.496673688E1
1.396163054E1,1.238720703E1,-1.111568451E1,-1.862460327E1,2.497753365E1
1.397156154E1,1.236128235E1,-1.107238007E1,-1.880891418E1,2.508334416E1
1.398149254E1,1.233303070E1,-1.091953278E1,-1.883512878E1,2.502202867E1
1.399142354E1,1.240105438E1,-1.113597870E1,-1.858287811E1,2.496236227E1
1.400135454E1,1.215303040E1,-1.092173767E1,-1.862657166E1,2.477760427E1
1.401128554E1,1.217694855E1,-1.132275391E1,-1.873092651E1,2.504656543E1
1.402121654E1,1.231195068E1,-1.115377045E1,-1.862684631E1,2.495896890E1
1.403114754E1,1.224883270E1,-1.134371948E1,-1.861201477E1,2.500241924E1
1.404107854E1,1.223531342E1,-1.103093719E1,-1.854309845E1,2.480384990E1
1.405100954E1,1.219955444E1,-1.100595856E1,-1.870471191E1,2.489631499E1
1.406093954E1,1.238127136E1,-1.091499329E1,-1.853152466E1,2.481633263E1
1.407087054E1,1.222817230E1,-1.115565491E1,-1.864232635E1,2.493016579E1
1.408080154E1,1.225370789E1,-1.087009430E1,-1.851708984E1,2.472235675E1
1.409073254E1,1.205471039E1,-1.096804047E1,-1.855096436E1,2.469316166E1
1.410066354E1,1.235850525E1,-1.074005890E1,-1.832435608E1,2.457363512E1
1.411059454E1,1.239090729E1,-1.078903961E1,-1.846065521E1,2.471302794E1
1.412052554E1,1.226618958E1,-1.076544952E1,-1.849160004E1,2.466360846E1
1.413045654E1,1.230549622E1,-1.116040039E1,-1.869956207E1,2.501306450E1
1.414038754E1,1.210643005E1,-1.090146637E1,-1.860259247E1,2.472779942E1
1.415031854E1,1.207880402E1,-1.119208527E1,-1.868582916E1,2.490623397E1
1.416024954E1,1.206583405E1,-1.071662903E1,-1.861634827E1,2.463734790E1
1.417018054E1,1.219185638E1,-1.086594391E1,-1.875010681E1,2.486516850E1
1.418011154E1,1.223870087E1,-1.092459869E1,-1.845153809E1,2.468991521E1
1.419004154E1,1.228706360E1,-1.116738892E1,-1.841957092E1,2.479844955E1
1.419997254E1,1.224310303E1,-1.087219238E1,-1.840042114E1,2.463074577E1
1.420990354E1,1.217087555E1,-1.126485443E1,-1.859286499E1,2.491428878E1
1.421983454E1,1.221102142E1,-1.103479004E1,-1.861083984E1,2.484429502E1
1.422976554E1,1.195777893E1,-1.112561798E1,-1.869687653E1,2.482621687E1
1.423969654E1,1.192066193E1,-1.098166656E1,-1.836566162E1,2.449483023E1
1.424962754E1,1.214247131E1,-1.103113556E1,-1.873429871E1,2.490179731E1
1.425955854E1,1.226491547E1,-1.095886230E1,-1.831362152E1,2.461531124E1
1.426948954E1,1.201139832E1,-1.122623444E1,-1.874688721E1,2.493487135E1
1.427942054E1,1.213128662E1,-1.096166229E1,-1.875630188E1,2.488222288E1
1.428935154E1,1.224256134E1,-1.122048950E1,-1.887628174E1,2.514147381E1
1.429928254E1,1.236370087E1,-1.106395721E1,-1.806982422E1,2.453142466E1
1.430921254E1,1.208940125E1,-1.112798309E1,-1.877766418E1,2.495167935E1
1.431914354E1,1.199469757E1,-1.084752655E1,-1.827934265E1,2.440647393E1
1.432907454E1,1.203492737E1,-1.121353912E1,-1.851895142E1,2.476962854E1
1.433900554E1,1.204362488E1,-1.103079224E1,-1.847879791E1,2.466157436E1
1.434893654E1,1.213084412E1,-1.117597961E1,-1.859007263E1,2.485257934E1
1.435886754E1,1.201143646E1,-1.098473358E1,-1.835485840E1,2.453242354E1
1.436879854E1,1.202266693E1,-1.115970612E1,-1.868069458E1,2.486064985E1
1.437872954E1,1.194432831E1,-1.105506897E1,-1.833094788E1,2.451336735E1
1.438866054E1,1.183048248E1,-1.112872314E1,-1.855143738E1,2.465693865E1
1.439859154E1,1.196070862E1,-1.084619141E1,-1.825069427E1,2.436772989E1
1.440852254E1,1.198564911E1,-1.107031250E1,-1.850364685E1,2.466966863E1
1.441845354E1,1.191548920E1,-1.097565460E1,-1.863535309E1,2.469251428E1
1.442838354E1,1.190021515E1,-1.092616272E1,-1.864801788E1,2.467275265E1
1.443831454E1,1.220036316E1,-1.064823914E1,-1.832424164E1,2.445427753E1
1.444824554E1,1.205069733E1,-1.080944824E1,-1.853891754E1,2.461208933E1
1.445817654E1,1.221674347E1,-1.100959015E1,-1.817686462E1,2.451241122E1
1.446810754E1,1.213612366E1,-1.114528656E1,-1.857788849E1,2.483225424E1
1.447803854E1,1.201884460E1,-1.100279999E1,-1.881702423E1,2.489165792E1
1.448796954E1,1.231577301E1,-1.110540009E1,-1.878765869E1,2.505961482E1
1.449790054E1,1.240512848E1,-1.071870422E1,-1.882648468E1,2.496426162E1
1.450783154E1,1.220883942E1,-1.126264191E1,-1.910737610E1,2.531787282E1
1.451776254E1,1.216136169E1,-1.132407379E1,-1.895151520E1,2.520502517E1
1.452769354E1,1.201635742E1,-1.143571472E1,-1.880694580E1,2.507727312E1
1.453762454E1,1.218489838E1,-1.101110077E1,-1.851688385E1,2.475057729E1
1.454755554E1,1.232055664E1,-1.105803680E1,-1.868912506E1,2.496717224E1
1.455748554E1,1.211289978E1,-1.097515106E1,-1.855029297E1,2.472427251E1
1.456741654E1,1.231822968E1,-1.103492737E1,-1.853525543E1,2.484077491E1
1.457734754E1,1.251091003E1,-1.092662811E1,-1.827838135E1,2.469844725E1
1.458727854E1,1.245483398E1,-1.098252106E1,-1.834511566E1,2.474433121E1
1.459720954E1,1.223568726E1,-1.103022766E1,-1.865257263E1,2.488566717E1
1.460714054E1,1.204463196E1,-1.094725037E1,-1.843962097E1,2.459542785E1
1.461707154E1,1.211092377E1,-1.084083557E1,-1.831985474E1,2.449112631E1
1.462700254E1,1.216813660E1,-1.088604736E1,-1.822894287E1,2.447169658E1
1.463693354E1,1.226861572E1,-1.082480621E1,-1.828085327E1,2.453334379E1
1.464686454E1,1.222427368E1,-1.077706146E1,-1.879871368E1,2.487909880E1
1.465679554E1,1.219995117E1,-1.070276642E1,-1.820507812E1,2.438878609E1
1.466672654E1,1.209899902E1,-1.078801727E1,-1.832508087E1,2.446580640E1
1.467665654E1,1.214965057E1,-1.095503235E1,-1.848290253E1,2.468287724E1
1.468658754E1,1.199227905E1,-1.103826904E1,-1.846134186E1,2.462680011E1
1.469651854E1,1.221291351E1,-1.108820343E1,-1.809745789E1,2.448716998E1
1.470644954E1,1.220613098E1,-1.103963470E1,-1.832160187E1,2.462811935E1
1.471638054E1,1.184870148E1,-1.106432343E1,-1.804506683E1,2.425768778E1
1.472631154E1,1.180419922E1,-1.096927643E1,-1.870362854E1,2.468784853E1
1.473624254E1,1.181623840E1,-1.073986816E1,-1.844509888E1,2.439651473E1
1.474617354E1,1.185937500E1,-1.053995514E1,-1.860667419E1,2.445288847E1
1.475610454E1,1.196965027E1,-1.078742981E1,-1.845203400E1,2.449732083E1
1.476603554E1,1.198710632E1,-1.095281982E1,-1.868368530E1,2.475348615E1
1.477596654E1,1.194843292E1,-1.082420349E1,-1.881989288E1,2.478138008E1
1.478589754E1,1.202175140E1,-1.073033905E1,-1.873606873E1,2.471240487E1
1.479582754E1,1.197255707E1,-1.074390411E1,-1.871337891E1,2.467719896E1
1.480575854E1,1.202012634E1,-1.084295654E1,-1.873183441E1,2.475751935E1
1.481568954E1,1.189583588E1,-1.077059174E1,-1.867355347E1,2.462149785E1
1.482562054E1,1.184772491E1,-1.068007660E1,-1.848229980E1,2.441368526E1
1.483555108E1,1.190026855E1,-1.079455566E1,-1.856213379E1,2.454977870E1
1.484548208E1,1.179079437E1,-1.093593597E1,-1.834247589E1,2.439393263E1
1.485541308E1,1.166368103E1,-1.094409180E1,-1.870361328E1,2.460974909E1
1.486534408E1,1.174074554E1,-1.066904449E1,-1.889496613E1,2.467171176E1
1.487527508E1,1.185311890E1,-1.049139404E1,-1.878068542E1,2.456175730E1
1.488520608E1,1.194888306E1,-1.047351837E1,-1.850938416E1,2.439400941E1
1.489513708E1,1.177622223E1,-1.070086670E1,-1.867382812E1,2.453364659E1
1.490506808E1,1.176576996E1,-1.065927887E1,-1.848664856E1,2.436821175E1
1.491499808E1,1.168955231E1,-1.077726746E1,-1.878471375E1,2.461017264E1
1.492492908E1,1.154005432E1,-1.037252808E1,-1.866529083E1,2.427252097E1
1.493486008E1,1.187234497E1,-1.075534821E1,-1.845944977E1,2.444138654E1
1.494479108E1,1.198042297E1,-1.053770447E1,-1.841999817E1,2.436944978E1
1.495472208E1,1.201490784E1,-1.091854858E1,-1.850120544E1,2.461437215E1
1.496465308E1,1.185386658E1,-1.058224487E1,-1.840150452E1,2.431282435E1
1.497458408E1,1.187038422E1,-1.075033569E1,-1.855120087E1,2.450760683E1
1.498451508E1,1.186674500E1,-1.075186157E1,-1.841358185E1,2.440250316E1
1.499444608E1,1.157988739E1,-1.055311584E1,-1.859205627E1,2.431309529E1
1.500437708E1,1.148872375E1,-1.062268066E1,-1.849901581E1,2.422902606E1
1.501430808E1,1.176376343E1,-1.053028107E1,-1.879803467E1,2.454870784E1
1.502423808E1,1.158473969E1,-1.065999603E1,-1.892372894E1,2.461603595E1
1.503416908E1,1.173099518E1,-1.057333374E1,-1.871009064E1,2.448426282E1
1.504410008E1,1.199234009E1,-1.099205780E1,-1.880481720E1,2.486488901E1
1.505403108E1,1.186852264E1,-1.088616180E1,-1.871939087E1,2.469384423E1
1.506396208E1,1.182958984E1,-1.110063934E1,-1.872895050E1,2.477775164E1
1.507389308E1,1.201557922E1,-1.061457062E1,-1.842791748E1,2.442603931E1
1.508382408E1,1.191981506E1,-1.081572723E1,-1.862033081E1,2.461257130E1
1.509375508E1,1.221583557E1,-1.068102264E1,-1.845015717E1,2.457069765E1
1.510368608E1,1.209663391E1,-1.104183960E1,-1.878490448E1,2.492234760E1
1.511361708E1,1.230303192E1,-1.084576416E1,-1.867551422E1,2.485497991E1
1.512354808E1,1.221492004E1,-1.095061493E1,-1.878527832E1,2.494006657E1
1.513347908E1,1.232292175E1,-1.055928802E1,-1.849885559E1,2.460814138E1
1.514340908E1,1.210774231E1,-1.083111572E1,-1.889791870E1,2.492071072E1
1.515334008E1,1.220519257E1,-1.049240112E1,-1.893241119E1,2.484941449E1
1.516327108E1,1.226829529E1,-1.104312134E1,-1.899485016E1,2.516477559E1
1.517320208E1,1.232832336E1,-1.042176819E1,-1.882550049E1,2.479919914E1
1.518313308E1,1.237286377E1,-1.079444885E1,-1.901804352E1,2.512556195E1
1.519306408E1,1.253582001E1,-1.065412903E1,-1.893144989E1,2.508100962E1
1.520299508E1,1.217684174E1,-1.068809509E1,-1.900427246E1,2.497345037E1
1.521292608E1,1.199549103E1,-1.065937805E1,-1.879555511E1,2.471410604E1
1.522285708E1,1.191400909E1,-1.084399414E1,-1.870169067E1,2.468378123E1
1.523278808E1,1.169597626E1,-1.066867065E1,-1.840805817E1,2.427906505E1
1.524271908E1,1.188598633E1,-1.080825043E1,-1.880191803E1,2.473069085E1
1.525264908E1,1.206736755E1,-1.067323303E1,-1.882657623E1,2.477860439E1
1.526258008E1,1.208185577E1,-1.093743896E1,-1.903578186E1,2.505912610E1
1.527251108E1,1.194465637E1,-1.077153015E1,-1.877284241E1,2.472084727E1
1.528244208E1,1.198538208E1,-1.084426117E1,-1.894375610E1,2.490207379E1
1.529237308E1,1.204462433E1,-1.069091034E1,-1.881213379E1,2.476418617E1
1.530230408E1,1.194530487E1,-1.097408295E1,-1.906167603E1,2.502934873E1
1.531223508E1,1.190289307E1,-1.084725189E1,-1.877109528E1,2.473248380E1
1.532216608E1,1.222731781E1,-1.124691772E1,-1.866577911E1,2.498823261E1
1.533209708E1,1.203158569E1,-1.083629608E1,-1.847086334E1,2.456332957E1
1.534202808E1,1.216201019E1,-1.082058716E1,-1.849447632E1,2.463828835E1
1.535195908E1,1.207455444E1,-1.069419861E1,-1.871421814E1,2.470592458E1
1.536189008E1,1.216281891E1,-1.095971680E1,-1.846661377E1,2.467924999E1
1.537182008E1,1.223912811E1,-1.092990875E1,-1.857037354E1,2.478140302E1
1.538175108E1,1.200168610E1,-1.095537567E1,-1.862590790E1,2.471811421E1
1.539168208E1,1.202146149E1,-1.072230530E1,-1.841086578E1,2.446310173E1
1.540161308E1,1.195209503E1,-1.138425446E1,-1.878493500E1,2.500655130E1
1.541154408E1,1.185639954E1,-1.100983429E1,-1.854131317E1,2.460835133E1
1.542147508E1,1.182933807E1,-1.115515137E1,-1.842380524E1,2.457248951E1
1.543140608E1,1.196743011E1,-1.092282867E1,-1.834727478E1,2.447754199E1
1.544133708E1,1.183643341E1,-1.096355438E1,-1.857086945E1,2.460036326E1
1.545126808E1,1.189865112E1,-1.083206177E1,-1.870132446E1,2.467085319E1
1.546119908E1,1.189906311E1,-1.082822418E1,-1.881140900E1,2.475292408E1
1.547113008E1,1.212608337E1,-1.073003387E1,-1.862171173E1,2.467678408E1
1.548106008E1,1.199831390E1,-1.128784180E1,-1.868903351E1,2.491294608E1
1.549099108E1,1.194405365E1,-1.112993622E1,-1.856165314E1,2.471984759E1
1.550092208E1,1.196378326E1,-1.099393463E1,-1.886935425E1,2.490082807E1
1.551085308E1,1.187746429E1,-1.086647034E1,-1.873897552E1,2.470432228E1
1.552078408E1,1.179699707E1,-1.103147125E1,-1.899145508E1,2.493066112E1
1.553071508E1,1.186080933E1,-1.125759888E1,-1.868942261E1,2.483358306E1
1.554064608E1,1.178803253E1,-1.128549194E1,-1.863517761E1,2.477074654E1
1.555057708E1,1.199701691E1,-1.103636932E1,-1.861491394E1,2.474358267E1
1.556050808E1,1.201030731E1,-1.097410583E1,-1.891913605E1,2.495219809E1
1.557043908E1,1.187832642E1,-1.084246063E1,-1.913204956E1,2.499377745E1
1.558037008E1,1.188455963E1,-1.086038208E1,-1.896292114E1,2.487534994E1
1.559030008E1,1.187799072E1,-1.090947723E1,-1.857492065E1,2.459941126E1
1.560023108E1,1.188415527E1,-1.096686554E1,-1.856578827E1,2.462100283E1
1.561016208E1,1.194370270E1,-1.101200104E1,-1.867984772E1,2.475586621E1
1.562009308E1,1.211962128E1,-1.100662231E1,-1.876271057E1,2.490121006E1
1.563002408E1,1.205131531E1,-1.121528625E1,-1.857128143E1,2.481752084E1
1.563995508E1,1.213144684E1,-1.097393036E1,-1.857655334E1,2.475252480E1
1.564988608E1,1.200879669E1,-1.086838531E1,-1.864970398E1,2.470110232E1
1.565981708E1,1.197292328E1,-1.090216064E1,-1.881112671E1,2.482068667E1
1.566974808E1,1.194259644E1,-1.103881073E1,-1.899304962E1,2.500433734E1
1.567967908E1,1.219576263E1,-1.066755676E1,-1.906456757E1,2.501981475E1
1.568961008E1,1.204472351E1,-1.085749817E1,-1.879756165E1,2.482557058E1
1.569954008E1,1.185847473E1,-1.081777954E1,-1.871833801E1,2.465814176E1
1.570947108E1,1.208319855E1,-1.079605865E1,-1.865556335E1,2.471009133E1
1.571940208E1,1.204034424E1,-1.068524170E1,-1.839474487E1,2.444403646E1
1.572933308E1,1.197066498E1,-1.095824432E1,-1.805007935E1,2.427313954E1
1.573926408E1,1.192501831E1,-1.064630127E1,-1.836463165E1,2.434767932E1
1.574919508E1,1.205011749E1,-1.075940704E1,-1.881758881E1,2.480064152E1
1.575912608E1,1.231313324E1,-1.058963776E1,-1.845401001E1,2.458259879E1
1.576905708E1,1.260050964E1,-1.044792938E1,-1.871137238E1,2.486056170E1
1.577898808E1,1.231674957E1,-1.060494232E1,-1.869503021E1,2.477238939E1
1.578891908E1,1.228737640E1,-1.055050659E1,-1.894224548E1,2.492190747E1
1.579885008E1,1.229014587E1,-1.048882294E1,-1.858185577E1,2.462414377E1
1.580878008E1,1.221469116E1,-1.059857178E1,-1.867173004E1,2.470145556E1
1.581871108E1,1.227489471E1,-1.025523376E1,-1.862649536E1,2.455176550E1
1.582864208E1,1.234235382E1,-1.051525879E1,-1.846782684E1,2.457569925E1
1.583857279E1,1.228372192E1,-1.042526245E1,-1.861701202E1,2.462050077E1
1.584850379E1,1.223412323E1,-1.040727997E1,-1.829837799E1,2.434781067E1
1.585843479E1,1.211830902E1,-1.018968201E1,-1.850617218E1,2.435490591E1
1.586836579E1,1.221988678E1,-1.043685913E1,-1.860543060E1,2.458486749E1
1.587829679E1,1.228191376E1,-1.036584473E1,-1.839952087E1,2.443027857E1
1.588822779E1,1.225271606E1,-1.057460785E1,-1.869248199E1,2.472570050E1
1.589815879E1,1.231606293E1,-1.042766571E1,-1.837240601E1,2.445336215E1
1.590808979E1,1.228369904E1,-1.060985565E1,-1.886031342E1,2.488312121E1
1.591801979E1,1.224938202E1,-1.048368073E1,-1.893486786E1,2.486934141E1
1.592795079E1,1.239798737E1,-1.081213379E1,-1.861055756E1,2.483878379E1
1.593788179E1,1.226929474E1,-1.052671814E1,-1.871374512E1,2.472957024E1
1.594781279E1,1.225473022E1,-1.081335449E1,-1.887593079E1,2.496813592E1
1.595774379E1,1.232053375E1,-1.061594391E1,-1.869197083E1,2.477667432E1
1.596767479E1,1.235873413E1,-1.062866211E1,-1.871065521E1,2.481522488E1
1.597760579E1,1.223130035E1,-1.036108398E1,-1.812519836E1,2.419668542E1
1.598753679E1,1.221076202E1,-1.078247833E1,-1.852127075E1,2.466580667E1
1.599746779E1,1.219719696E1,-1.057965088E1,-1.809851074E1,2.425400415E1
1.600739879E1,1.216825104E1,-1.068414307E1,-1.806881714E1,2.426312839E1
1.601732979E1,1.235278320E1,-1.019786072E1,-1.782315826E1,2.396356790E1
1.602725979E1,1.214884949E1,-1.044078827E1,-1.835234070E1,2.436007005E1
1.603719079E1,1.233836365E1,-1.022805023E1,-1.830607605E1,2.433024146E1
1.604712179E1,1.236012268E1,-1.084593964E1,-1.859250641E1,2.482112676E1
1.605705279E1,1.225979614E1,-1.034867096E1,-1.849765778E1,2.448593342E1
1.606698379E1,1.226717377E1,-1.041737366E1,-1.895021057E1,2.486193289E1
1.607691479E1,1.236546326E1,-1.020449829E1,-1.878936005E1,2.469972708E1
1.608684579E1,1.222924042E1,-1.045818329E1,-1.884763336E1,2.478227597E1
1.609677679E1,1.228852081E1,-9.902687073E0,-1.871356201E1,2.447995830E1
1.610670779E1,1.237760162E1,-1.039139557E1,-1.878409576E1,2.477959599E1
1.611663879E1,1.234063721E1,-1.000171661E1,-1.854566956E1,2.441858966E1
1.612656979E1,1.226520538E1,-1.030748749E1,-1.858539581E1,2.453765472E1
1.613649979E1,1.238503265E1,-1.028327942E1,-1.865517426E1,2.464042199E1
1.614643079E1,1.215871429E1,-1.053086090E1,-1.852346039E1,2.453267106E1
1.615636179E1,1.228020477E1,-1.047136688E1,-1.843662262E1,2.450228576E1
1.616629279E1,1.231296539E1,-1.062584686E1,-1.865515137E1,2.474939213E1
1.617622379E1,1.217238617E1,-1.022929382E1,-1.844811249E1,2.435443063E1
1.618615479E1,1.225536346E1,-1.046355438E1,-1.884735107E1,2.479722860E1
1.619608579E1,1.239571381E1,-1.026477051E1,-1.872071075E1,2.468773472E1
1.620601679E1,1.218413544E1,-1.054743195E1,-1.880274200E1,2.476377564E1
1.621594779E1,1.215153503E1,-1.012711334E1,-1.852883911E1,2.436259648E1
1.622587879E1,1.212664795E1,-1.038345337E1,-1.863359070E1,2.453736735E1
1.623580979E1,1.220096588E1,-1.009678650E1,-1.862487793E1,2.444779630E1
1.624573979E1,1.206034088E1,-1.037939453E1,-1.841304779E1,2.433565249E1
1.625567079E1,1.196394348E1,-1.035966492E1,-1.824905396E1,2.415546669E1
1.626560179E1,1.208237457E1,-1.047651672E1,-1.837059021E1,2.435610319E1
1.627553279E1,1.214505005E1,-1.048262787E1,-1.849147034E1,2.448105804E1
1.628546379E1,1.211768341E1,-1.080512238E1,-1.868849945E1,2.475578584E1
1.629539479E1,1.204700470E1,-1.066298676E1,-1.885700226E1,2.478741905E1
1.630532579E1,1.185963440E1,-1.059696960E1,-1.837798309E1,2.430425797E1
1.631525679E1,1.182081604E1,-1.044906616E1,-1.836748505E1,2.421320265E1
1.632518779E1,1.181935120E1,-1.051042175E1,-1.843279266E1,2.428855437E1
1.633511779E1,1.190357971E1,-1.065850067E1,-1.854558563E1,2.447932991E1
1.634504879E1,1.190383911E1,-1.075560760E1,-1.858709717E1,2.455330246E1
1.635497979E1,1.198343658E1,-1.081932068E1,-1.867131805E1,2.468356883E1
1.636491079E1,1.203273773E1,-1.093282318E1,-1.825057220E1,2.444170178E1
1.637484179E1,1.217801666E1,-1.075437164E1,-1.835727692E1,2.451428594E1
1.638477279E1,1.188626862E1,-1.104329681E1,-1.867707062E1,2.474006372E1
1.639470379E1,1.189984131E1,-1.074226379E1,-1.870652008E1,2.463607818E1
1.640463479E1,1.201969910E1,-1.078816223E1,-1.825713348E1,2.437581863E1
1.641456579E1,1.192223358E1,-1.077416992E1,-1.830776978E1,2.435973779E1
1.642449679E1,1.203514099E1,-1.096579742E1,-1.875627136E1,2.483729146E1
1.643442779E1,1.186376953E1,-1.083362579E1,-1.887815094E1,2.478913186E1
1.644435879E1,1.177049255E1,-1.060115814E1,-1.922135162E1,2.490761745E1
1.645428879E1,1.176501465E1,-1.074394226E1,-1.880147552E1,2.464433701E1
1.646421979E1,1.190739441E1,-1.076605988E1,-1.867075348E1,2.462297956E1
1.647415079E1,1.194302368E1,-1.088564301E1,-1.849410248E1,2.455941499E1
1.648408179E1,1.192354584E1,-1.064283752E1,-1.888552094E1,2.474073234E1
1.649401279E1,1.178398895E1,-1.055917358E1,-1.870233154E1,2.449766821E1
1.650394379E1,1.192579651E1,-1.073724365E1,-1.869142914E1,2.463498624E1
1.651387479E1,1.184387970E1,-1.085252380E1,-1.863916016E1,2.460636199E1
1.652380579E1,1.208360291E1,-1.082889557E1,-1.893689728E1,2.493761249E1
1.653373679E1,1.196092987E1,-1.090354156E1,-1.893449402E1,2.490915747E1
1.654366779E1,1.190780640E1,-1.063592529E1,-1.883831787E1,2.469414870E1
1.655359779E1,1.195935059E1,-1.095521545E1,-1.838191223E1,2.451402679E1
1.656352879E1,1.168180847E1,-1.061766815E1,-1.894442749E1,2.465949835E1
1.657345979E1,1.177024078E1,-1.041004944E1,-1.909542084E1,2.472939131E1
1.658339079E1,1.187056732E1,-1.059562683E1,-1.886231232E1,2.467720613E1
1.659332179E1,1.190739441E1,-1.061071014E1,-1.891605377E1,2.474247970E1
1.660325279E1,1.173317719E1,-1.055625153E1,-1.896018982E1,2.466963095E1
1.661318379E1,1.173397827E1,-1.064485931E1,-1.890222168E1,2.466360193E1
1.662311479E1,1.188791656E1,-1.071939087E1,-1.859284973E1,2.453409795E1
1.663304579E1,1.200238800E1,-1.089640808E1,-1.865702820E1,2.471585985E1
1.664297679E1,1.175792694E1,-1.081500244E1,-1.848881531E1,2.443459464E1
1.665290679E1,1.167459106E1,-1.087150574E1,-1.854647827E1,2.446339244E1
1.666283779E1,1.179426575E1,-1.088360596E1,-1.881170654E1,2.472727009E1
1.667276879E1,1.162937927E1,-1.096688080E1,-1.837775421E1,2.435686323E1
1.668269979E1,1.188500214E1,-1.070762634E1,-1.866809845E1,2.458463824E1
1.669263079E1,1.167362976E1,-1.095793915E1,-1.873109436E1,2.464150884E1
1.670256179E1,1.190354156E1,-1.072470856E1,-1.889067841E1,2.477037355E1
1.671249279E1,1.181496429E1,-1.125266266E1,-1.876338959E1,2.486524858E1
1.672242379E1,1.156697845E1,-1.078536224E1,-1.889041138E1,2.463669359E1
1.673235479E1,1.139891815E1,-1.091401672E1,-1.901258087E1,2.470889167E1
1.674228579E1,1.191213989E1,-1.065779877E1,-1.863929749E1,2.455424937E1
1.675221679E1,1.181914520E1,-1.124497223E1,-1.882997131E1,2.491404049E1
1.676214679E1,1.165087128E1,-1.099726868E1,-1.827014160E1,2.429981058E1
1.677207779E1,1.141623688E1,-1.117745209E1,-1.866513062E1,2.456935084E1
1.678200879E1,1.178776550E1,-1.102128601E1,-1.844714355E1,2.450953419E1
1.679193979E1,1.155479431E1,-1.122434235E1,-1.880212402E1,2.475922051E1
1.680187079E1,1.183104706E1,-1.092848969E1,-1.869124603E1,2.467322921E1
1.681180179E1,1.171429443E1,-1.115739441E1,-1.867921448E1,2.471083158E1
1.682173279E1,1.179153442E1,-1.104625702E1,-1.863417053E1,2.466358428E1
1.683166379E1,1.171878052E1,-1.128269958E1,-1.854622650E1,2.466965026E1
1.684159504E1,1.152693939E1,-1.111448669E1,-1.868450928E1,2.460717442E1
1.685152504E1,1.189803314E1,-1.135520172E1,-1.861508942E1,2.483999502E1
1.686145604E1,1.214566040E1,-1.116884613E1,-1.858139038E1,2.485011587E1
1.687138704E1,1.194740295E1,-1.152641296E1,-1.853018951E1,2.487903850E1
1.688131804E1,1.184452057E1,-1.118904877E1,-1.843482971E1,2.460346371E1
1.689124904E1,1.175414276E1,-1.136323547E1,-1.879918671E1,2.491369931E1
1.690118004E1,1.184357452E1,-1.136454010E1,-1.855536652E1,2.477346677E1
1.691111104E1,1.189710999E1,-1.125631714E1,-1.879267120E1,2.492810447E1
1.692104204E1,1.182309723E1,-1.111231995E1,-1.846370697E1,2.458002762E1
1.693097304E1,1.165332794E1,-1.127418518E1,-1.863700104E1,2.470313970E1
1.694090404E1,1.158914948E1,-1.102972412E1,-1.852984619E1,2.448098036E1
1.695083504E1,1.172740936E1,-1.136533356E1,-1.841823578E1,2.461573372E1
1.696076504E1,1.169685364E1,-1.122557831E1,-1.808099365E1,2.428481676E1
1.697069604E1,1.158084106E1,-1.135778046E1,-1.853618622E1,2.463138762E1
1.698062704E1,1.176303101E1,-1.107955170E1,-1.859335327E1,2.463408513E1
1.699055804E1,1.158332062E1,-1.166133118E1,-1.847563934E1,2.472871227E1
1.700048904E1,1.160237122E1,-1.154577637E1,-1.825585938E1,2.451930609E1
1.701042004E1,1.146142578E1,-1.175922394E1,-1.837681580E1,2.464449203E1
1.702035104E1,1.164421844E1,-1.136312103E1,-1.869720459E1,2.478495113E1
1.703028204E1,1.167124939E1,-1.146267700E1,-1.828222656E1,2.453264834E1
1.704021304E1,1.148798370E1,-1.149812317E1,-1.840531921E1,2.455476291E1
1.705014404E1,1.171828461E1,-1.120434570E1,-1.822122955E1,2.438993159E1
1.706007404E1,1.169918823E1,-1.124645233E1,-1.842212677E1,2.455052851E1
1.707000504E1,1.171225739E1,-1.118286896E1,-1.832058716E1,2.445153257E1
1.707993604E1,1.183171844E1,-1.101790619E1,-1.849839020E1,2.456774833E1
1.708986704E1,1.172999573E1,-1.093679810E1,-1.829822540E1,2.433169549E1
1.709979804E1,1.173536682E1,-1.134127045E1,-1.821946716E1,2.446001295E1
1.710972904E1,1.184821320E1,-1.101940918E1,-1.825008392E1,2.439002046E1
1.711966004E1,1.164315033E1,-1.118360138E1,-1.837184143E1,2.445731888E1
1.712959104E1,1.182125092E1,-1.105895996E1,-1.813439178E1,2.430840871E1
1.713952204E1,1.162675476E1,-1.099012756E1,-1.818197632E1,2.421876531E1
1.714945304E1,1.171295929E1,-1.098900604E1,-1.838562775E1,2.441276258E1
1.715938304E1,1.180829620E1,-1.111185455E1,-1.819188690E1,2.436911816E1
1.716931404E1,1.170844269E1,-1.105216217E1,-1.825572205E1,2.434151405E1
1.717924504E1,1.187020874E1,-1.129685211E1,-1.806487274E1,2.438975913E1
1.718917604E1,1.186374664E1,-1.131458282E1,-1.820695496E1,2.450023424E1
1.719910704E1,1.148611450E1,-1.137924194E1,-1.804760742E1,2.423085032E1
1.720903804E1,1.169207764E1,-1.132991028E1,-1.799030304E1,2.426360546E1
1.721896904E1,1.182650757E1,-1.116528320E1,-1.815504456E1,2.437489432E1
1.722890004E1,1.187075043E1,-1.101879883E1,-1.819824219E1,2.436195111E1
1.723883104E1,1.192246246E1,-1.136943817E1,-1.805731201E1,2.444331714E1
1.724876204E1,1.168745422E1,-1.145146179E1,-1.798690033E1,2.431586204E1
1.725869204E1,1.188412476E1,-1.128475952E1,-1.813883209E1,2.444576545E1
1.726862304E1,1.190977478E1,-1.125354767E1,-1.820124817E1,2.449021244E1
1.727855404E1,1.199603271E1,-1.108663177E1,-1.830822754E1,2.453587986E1
1.728848504E1,1.186928558E1,-1.126940155E1,-1.831166077E1,2.456005439E1
1.729841604E1,1.179920959E1,-1.138414764E1,-1.798036957E1,2.433338970E1
1.730834704E1,1.200817108E1,-1.145583344E1,-1.783975983E1,2.436574077E1
1.731827804E1,1.211582947E1,-1.138009644E1,-1.806724548E1,2.455046390E1
1.732820904E1,1.190956879E1,-1.144186401E1,-1.822150421E1,2.459222024E1
1.733814004E1,1.181437683E1,-1.136948395E1,-1.833042145E1,2.459367837E1
1.734807104E1,1.188814545E1,-1.144248199E1,-1.828134155E1,2.462652727E1
1.735800104E1,1.187806702E1,-1.115704346E1,-1.819907379E1,2.442896604E1
1.736793204E1,1.196180725E1,-1.119876862E1,-1.799070740E1,2.433439549E1
1.737786304E1,1.193517303E1,-1.130504608E1,-1.808510590E1,2.444020208E1
1.738779404E1,1.204011536E1,-1.130541992E1,-1.827165985E1,2.462986908E1
1.739772504E1,1.196882629E1,-1.126574707E1,-1.778601074E1,2.421801061E1
1.740765604E1,1.171652222E1,-1.139663696E1,-1.826474762E1,2.451043110E1
1.741758704E1,1.173074341E1,-1.153459930E1,-1.804039001E1,2.441542533E1
1.742751804E1,1.203511047E1,-1.151251984E1,-1.823760223E1,2.469801879E1
1.743744904E1,1.202590942E1,-1.131778717E1,-1.838717651E1,2.471443028E1
1.744738004E1,1.199521637E1,-1.162544250E1,-1.805517578E1,2.459726614E1
1.745731004E1,1.198531342E1,-1.134217072E1,-1.812995911E1,2.451505642E1
1.746724104E1,1.214988708E1,-1.128406525E1,-1.814743805E1,2.458209496E1
1.747717204E1,1.205765533E1,-1.125691986E1,-1.794634247E1,2.437573599E1
1.748710304E1,1.211321259E1,-1.129663086E1,-1.811052704E1,2.454251368E1
1.749703404E1,1.214743805E1,-1.109830475E1,-1.801259613E1,2.439643906E1
1.750696504E1,1.211737823E1,-1.135629272E1,-1.816007233E1,2.460862586E1
1.751689604E1,1.206306458E1,-1.108295441E1,-1.832939148E1,2.458283949E1
1.752682704E1,1.196833801E1,-1.120745087E1,-1.856336975E1,2.476785752E1
1.753675804E1,1.232798004E1,-1.102449036E1,-1.813769531E1,2.454576279E1
1.754668904E1,1.240584564E1,-1.147052002E1,-1.837720490E1,2.496396394E1
1.755661904E1,1.206324005E1,-1.120607758E1,-1.842871857E1,2.471266079E1
1.756655004E1,1.208525085E1,-1.142934418E1,-1.861215973E1,2.496188467E1
1.757648104E1,1.220749664E1,-1.119293976E1,-1.823808289E1,2.463600094E1
1.758641204E1,1.217694092E1,-1.132207489E1,-1.841377258E1,2.480996354E1
1.759634304E1,1.198217773E1,-1.116819000E1,-1.833464050E1,2.458577014E1
1.760627404E1,1.178105164E1,-1.134825897E1,-1.834880066E1,2.458159159E1
1.761620504E1,1.175898743E1,-1.132547760E1,-1.805342102E1,2.434062938E1
1.762613604E1,1.192536163E1,-1.136455536E1,-1.813471985E1,2.449970270E1
1.763606704E1,1.199506378E1,-1.095893097E1,-1.814730072E1,2.435783748E1
1.764599804E1,1.188444519E1,-1.150908661E1,-1.861334991E1,2.490292969E1
1.765592804E1,1.182264709E1,-1.128918457E1,-1.848362732E1,2.467519304E1
1.766585904E1,1.193183136E1,-1.159871674E1,-1.848068237E1,2.486834234E1
1.767579004E1,1.190382385E1,-1.123926544E1,-1.842701721E1,2.464907855E1
1.768572104E1,1.183068848E1,-1.147095490E1,-1.867916870E1,2.490902125E1
1.769565204E1,1.190703583E1,-1.128356934E1,-1.838067627E1,2.463626797E1
1.770558304E1,1.184395599E1,-1.129412842E1,-1.831685638E1,2.456305881E1
1.771551404E1,1.189163971E1,-1.132974243E1,-1.808837128E1,2.443283311E1
1.772544504E1,1.181546021E1,-1.117555237E1,-1.847386169E1,2.461263165E1
1.773537604E1,1.176878357E1,-1.102294159E1,-1.822270966E1,2.433262532E1
1.774530704E1,1.179660034E1,-1.123067474E1,-1.827993011E1,2.448353896E1
1.775523704E1,1.194419861E1,-1.110093689E1,-1.827202606E1,2.449003096E1
1.776516804E1,1.173917389E1,-1.135321045E1,-1.843478394E1,2.462813127E1
1.777509904E1,1.188059235E1,-1.100691986E1,-1.811607361E1,2.430005931E1
1.778503004E1,1.197692871E1,-1.134084320E1,-1.827346802E1,2.461668498E1
1.779496104E1,1.210737610E1,-1.115094757E1,-1.777222443E1,2.422362790E1
1.780489204E1,1.203031921E1,-1.102303314E1,-1.802478790E1,2.431314087E1
1.781482304E1,1.202120209E1,-1.075932312E1,-1.766152191E1,2.392073765E1
1.782475404E1,1.203680420E1,-1.121476746E1,-1.796497345E1,2.435971953E1
1.783468504E1,1.233878326E1,-1.102885437E1,-1.761009216E1,2.416602051E1
1.784461579E1,1.213552094E1,-1.102191925E1,-1.802087402E1,2.436196776E1
1.785454679E1,1.204303741E1,-1.108452606E1,-1.779271698E1,2.417606762E1
1.786447779E1,1.204776001E1,-1.129103851E1,-1.810490417E1,2.450354315E1
1.787440879E1,1.202742004E1,-1.105499268E1,-1.823101044E1,2.447940844E1
1.788433979E1,1.186354828E1,-1.107897949E1,-1.795791626E1,2.420690647E1
1.789427079E1,1.185430908E1,-1.096475983E1,-1.798180389E1,2.416807550E1
1.790420179E1,1.177545166E1,-1.120632172E1,-1.789599609E1,2.417663302E1
1.791413279E1,1.179129791E1,-1.110503387E1,-1.787907410E1,2.412504455E1
1.792406379E1,1.182587433E1,-1.116808319E1,-1.791101837E1,2.419466811E1
1.793399479E1,1.171591187E1,-1.122565460E1,-1.791011047E1,2.416712580E1
1.794392479E1,1.164688110E1,-1.126862335E1,-1.821681213E1,2.438204167E1
1.795385579E1,1.185241699E1,-1.131810760E1,-1.836064911E1,2.461082656E1
1.796378679E1,1.186172485E1,-1.129190826E1,-1.842891693E1,2.465426308E1
1.797371779E1,1.183294678E1,-1.113811493E1,-1.814067841E1,2.435488548E1
1.798364879E1,1.180512238E1,-1.117729187E1,-1.824254608E1,2.443528709E1
1.799357979E1,1.205627441E1,-1.131979370E1,-1.802228546E1,2.446005428E1
1.800351079E1,1.178037262E1,-1.140110016E1,-1.811895752E1,2.443478843E1
1.801344179E1,1.193470764E1,-1.125511169E1,-1.803362274E1,2.437880914E1
1.802337279E1,1.188892365E1,-1.143502045E1,-1.807442474E1,2.447020694E1
1.803330379E1,1.200993347E1,-1.139544678E1,-1.798387909E1,2.444411210E1
1.804323379E1,1.182700348E1,-1.135700989E1,-1.818218994E1,2.448370307E1
1.805316479E1,1.179080200E1,-1.103566742E1,-1.800578308E1,2.418712863E1
1.806309579E1,1.157858276E1,-1.095432281E1,-1.804218292E1,2.407449131E1
1.807302679E1,1.183760834E1,-1.087169647E1,-1.802148438E1,2.414739436E1
1.808295779E1,1.180615234E1,-1.095095825E1,-1.827507782E1,2.435748733E1
1.809288879E1,1.180591583E1,-1.105978394E1,-1.795799255E1,2.416998068E1
1.810281979E1,1.179223633E1,-1.120592499E1,-1.797121429E1,2.424034108E1
1.811275079E1,1.175177002E1,-1.111544037E1,-1.836408234E1,2.447236468E1
1.812268179E1,1.154644775E1,-1.119602966E1,-1.810703278E1,2.421850887E1
1.813261179E1,1.167702484E1,-1.103971100E1,-1.798126221E1,2.411542906E1
1.814254279E1,1.185960388E1,-1.120836639E1,-1.833081055E1,2.454172563E1
1.815247379E1,1.178167725E1,-1.153431702E1,-1.815998840E1,2.452821980E1
1.816240479E1,1.189890289E1,-1.126643372E1,-1.833955383E1,2.459381332E1
1.817233579E1,1.190943909E1,-1.149424744E1,-1.822528076E1,2.461936885E1
1.818226679E1,1.194258118E1,-1.160690308E1,-1.857619476E1,2.494835578E1
1.819219779E1,1.167567444E1,-1.144364929E1,-1.836516571E1,2.458775700E1
1.820212879E1,1.192648315E1,-1.152677155E1,-1.803166199E1,2.449996524E1
1.821205979E1,1.207654572E1,-1.151831055E1,-1.828799438E1,2.475813347E1
1.822199079E1,1.199063110E1,-1.139356995E1,-1.822248077E1,2.460990605E1
1.823192079E1,1.190264893E1,-1.138954926E1,-1.806775665E1,2.445074056E1
1.824185179E1,1.189521790E1,-1.131372833E1,-1.822196960E1,2.452624785E1
1.825178279E1,1.203697205E1,-1.140077972E1,-1.823191071E1,2.464282943E1
1.826171379E1,1.188822174E1,-1.114975739E1,-1.860811615E1,2.473679229E1
1.827164479E1,1.227100372E1,-1.109173584E1,-1.820630646E1,2.459824651E1
1.828157579E1,1.200287628E1,-1.117031097E1,-1.844685364E1,2.468058539E1
1.829150679E1,1.218852997E1,-1.146526337E1,-1.828376007E1,2.478524580E1
1.830143779E1,1.188968658E1,-1.130688477E1,-1.831002045E1,2.458591342E1
1.831136879E1,1.190431213E1,-1.132540131E1,-1.823017120E1,2.454213732E1
1.832129879E1,1.213203430E1,-1.119437408E1,-1.801321411E1,2.443309538E1
1.833122979E1,1.213842010E1,-1.141320801E1,-1.819097900E1,2.466808215E1
1.834116079E1,1.224212646E1,-1.148705292E1,-1.802055359E1,2.462848750E1
1.835109179E1,1.209204102E1,-1.128909302E1,-1.821369934E1,2.460487595E1
1.836102279E1,1.193947601E1,-1.144203949E1,-1.836200714E1,2.471102307E1
1.837095379E1,1.208924103E1,-1.156916809E1,-1.831763458E1,2.480989995E1
1.838088479E1,1.233726501E1,-1.137793732E1,-1.816473389E1,2.473101540E1
1.839081579E1,1.233065796E1,-1.131240082E1,-1.851004791E1,2.495270349E1
1.840074679E1,1.221444702E1,-1.136415100E1,-1.840346527E1,2.483997138E1
1.841067779E1,1.210107422E1,-1.160603333E1,-1.826412201E1,2.479342977E1
1.842060779E1,1.214579773E1,-1.138996887E1,-1.833466339E1,2.476714911E1
1.843053879E1,1.225904846E1,-1.149311829E1,-1.841063690E1,2.492644355E1
1.844046979E1,1.226258850E1,-1.128171539E1,-1.831343842E1,2.475944679E1
1.845040079E1,1.221091461E1,-1.152876282E1,-1.793655396E1,2.457109634E1
1.846033179E1,1.222431183E1,-1.126443481E1,-1.805142975E1,2.453926257E1
1.847026279E1,1.228351593E1,-1.132252502E1,-1.837788391E1,2.483608169E1
1.848019379E1,1.238094330E1,-1.118267822E1,-1.790036774E1,2.446963862E1
1.849012479E1,1.242848969E1,-1.149417877E1,-1.817934418E1,2.484093509E1
1.850005579E1,1.231433868E1,-1.140834808E1,-1.797467804E1,2.459435695E1
1.850998579E1,1.210744476E1,-1.149358368E1,-1.864806366E1,2.502884262E1
1.851991679E1,1.217868805E1,-1.127964020E1,-1.834785461E1,2.474256443E1
1.852984779E1,1.200106049E1,-1.140837097E1,-1.875309753E1,2.501709512E1
1.853977879E1,1.220394135E1,-1.108555603E1,-1.844449615E1,2.473914257E1
1.854970979E1,1.230292511E1,-1.135198975E1,-1.813464355E1,2.467984875E1
1.855964079E1,1.222001648E1,-1.126850891E1,-1.822434235E1,2.466647015E1
1.856957179E1,1.203244781E1,-1.135535431E1,-1.835729980E1,2.471263499E1
1.857950279E1,1.223467255E1,-1.121402740E1,-1.792100525E1,2.442547957E1
1.858943379E1,1.218430328E1,-1.120082092E1,-1.828309631E1,2.466145265E1
1.859936479E1,1.222257233E1,-1.082245636E1,-1.818309784E1,2.443648672E1
1.860929479E1,1.226718140E1,-1.123252869E1,-1.815234375E1,2.462033760E1
1.861922579E1,1.226287842E1,-1.103902435E1,-1.808685303E1,2.448208525E1
1.862915679E1,1.223049927E1,-1.145540619E1,-1.826706696E1,2.478905360E1
1.863908779E1,1.226399231E1,-1.101249695E1,-1.796331787E1,2.437952800E1
1.864901879E1,1.216435242E1,-1.130967712E1,-1.835087585E1,2.475146281E1
1.865894979E1,1.222721863E1,-1.112402344E1,-1.866197968E1,2.493026791E1
1.866888079E1,1.202774811E1,-1.127150726E1,-1.857899475E1,2.483732366E1
1.868787242E1,1.122264099E1,-2.188120270E1,-2.127426910E1,3.251659927E1
1.869780342E1,1.125545502E1,-2.193717194E1,-2.135595703E1,3.261903863E1
1.870773442E1,1.129473877E1,-2.200274658E1,-2.134864807E1,3.267195671E1
1.871766542E1,1.125142670E1,-2.181873322E1,-2.117394257E1,3.241893838E1
1.872759542E1,1.123960114E1,-2.194223785E1,-2.113166809E1,3.247056870E1
1.873752642E1,1.124308014E1,-2.190740204E1,-2.127525330E1,3.254193476E1
1.874745742E1,1.149871826E1,-2.204023743E1,-2.135832977E1,3.277454558E1
1.875738842E1,1.128125763E1,-2.178036499E1,-2.132857513E1,3.250475642E1
1.876731942E1,1.124848175E1,-2.194238281E1,-2.141365814E1,3.265794329E1
1.877725042E1,1.110732269E1,-2.184539032E1,-2.108395386E1,3.232842102E1
1.878718142E1,1.128588104E1,-2.201425171E1,-2.148780823E1,3.276773248E1
1.879711242E1,1.101024628E1,-2.175807190E1,-2.151741791E1,3.252135436E1
1.880704342E1,1.112358093E1,-2.180784607E1,-2.178588867E1,3.277104130E1
1.881697342E1,1.105995178E1,-2.180377960E1,-2.211465454E1,3.296642662E1
1.882690442E1,1.117491913E1,-2.201866150E1,-2.138813782E1,3.266730339E1
1.883683542E1,1.124142456E1,-2.207662964E1,-2.145250702E1,3.277128712E1
1.884676642E1,1.106606293E1,-2.198106384E1,-2.163204193E1,3.276538043E1
1.885669742E1,1.106698608E1,-2.196257782E1,-2.144407654E1,3.262945639E1
1.886662842E1,1.106787872E1,-2.199050140E1,-2.129982758E1,3.255399739E1
1.887655942E1,1.105202484E1,-2.194918060E1,-2.148554993E1,3.264265060E1
1.888649042E1,1.105818939E1,-2.200666046E1,-2.105574799E1,3.240248726E1
1.889642142E1,1.096557617E1,-2.209887695E1,-2.139926147E1,3.265781093E1
1.890635150E1,1.093038177E1,-2.205322266E1,-2.130420685E1,3.255283559E1
1.891628250E1,1.119787598E1,-2.195139313E1,-2.151782227E1,3.271502349E1
1.892621350E1,1.120433044E1,-2.181486511E1,-2.158820343E1,3.267224951E1
1.893614450E1,1.118462372E1,-2.190518951E1,-2.172490692E1,3.281622641E1
1.894607550E1,1.121051025E1,-2.172249603E1,-2.154739380E1,3.258577226E1
1.895600650E1,1.125215149E1,-2.190550232E1,-2.170505524E1,3.282638219E1
1.896593750E1,1.116526031E1,-2.179090881E1,-2.145641327E1,3.255586606E1
1.897586850E1,1.120857239E1,-2.179408264E1,-2.146129608E1,3.257608575E1
1.898579950E1,1.134018707E1,-2.179238892E1,-2.128346252E1,3.250375108E1
1.899572950E1,1.118394470E1,-2.200120544E1,-2.146150970E1,3.270672804E1
1.900566050E1,1.118630981E1,-2.173200989E1,-2.128308868E1,3.240962272E1
1.901559150E1,1.118813324E1,-2.187810516E1,-2.172420502E1,3.279888557E1
1.902552250E1,1.108032990E1,-2.196709442E1,-2.145187378E1,3.264214816E1
1.903545350E1,1.106240845E1,-2.191687775E1,-2.150218964E1,3.263541895E1
1.904538450E1,1.120236206E1,-2.169054413E1,-2.128733063E1,3.239016927E1
1.905531550E1,1.135868835E1,-2.184517670E1,-2.123773956E1,3.251573662E1
1.906524650E1,1.121138000E1,-2.173667145E1,-2.127802277E1,3.241808415E1
1.907517750E1,1.119316101E1,-2.183047485E1,-2.166339874E1,3.272857056E1
1.908510850E1,1.128128815E1,-2.195928955E1,-2.124703217E1,3.257167843E1
1.909503850E1,1.128488159E1,-2.218188477E1,-2.145449829E1,3.285848538E1
1.910496950E1,1.122203064E1,-2.172377014E1,-2.143700409E1,3.251770756E1
1.911490050E1,1.125083923E1,-2.194733429E1,-2.143513489E1,3.267616675E1
1.912483150E1,1.130849457E1,-2.161776733E1,-2.103054047E1,3.221014663E1
1.913476250E1,1.128529358E1,-2.187414551E1,-2.118156433E1,3.247298509E1
1.914469350E1,1.127729034E1,-2.178229523E1,-2.148134613E1,3.260512068E1
1.915462450E1,1.141920471E1,-2.160037231E1,-2.176319885E1,3.272019475E1
1.916455550E1,1.145389557E1,-2.158837128E1,-2.191094971E1,3.282284593E1
1.917448650E1,1.129289246E1,-2.193256378E1,-2.172277069E1,3.287013144E1
1.918441650E1,1.117319489E1,-2.140488434E1,-2.176205444E1,3.250532835E1
1.919434750E1,1.105831909E1,-2.210560608E1,-2.181443787E1,3.296686125E1
1.920427850E1,1.110545349E1,-2.179532623E1,-2.155963135E1,3.260651847E1
1.921420950E1,1.117569733E1,-2.198667145E1,-2.184215546E1,3.294525288E1
1.922414050E1,1.136690521E1,-2.147193146E1,-2.189088440E1,3.270261755E1
1.923407150E1,1.126457214E1,-2.180183411E1,-2.154637909E1,3.265665335E1
1.924400250E1,1.103369904E1,-2.167141724E1,-2.148706055E1,3.245129597E1
1.925393350E1,1.117599487E1,-2.195503998E1,-2.166458130E1,3.280671768E1
1.926386450E1,1.112416077E1,-2.188854218E1,-2.193701172E1,3.292548731E1
1.927379450E1,1.114969635E1,-2.190045929E1,-2.186288452E1,3.289272815E1
1.928372550E1,1.123274994E1,-2.200186920E1,-2.170948792E1,3.288706106E1
1.929365650E1,1.113503265E1,-2.152948761E1,-2.179326630E1,3.259531017E1
1.930358750E1,1.087746429E1,-2.178720093E1,-2.187663269E1,3.273512504E1
1.931351850E1,1.100105286E1,-2.159106445E1,-2.153420258E1,3.241788255E1
1.932344950E1,1.097994995E1,-2.209416962E1,-2.173382568E1,3.287964128E1
1.933338050E1,1.128681183E1,-2.160895538E1,-2.167488098E1,3.262115172E1
1.934331150E1,1.124190521E1,-2.184337616E1,-2.153328705E1,3.266796544E1
1.935324250E1,1.101908112E1,-2.168692780E1,-2.116178131E1,3.224226999E1
1.936317250E1,1.116850281E1,-2.179329681E1,-2.154534912E1,3.261725479E1
1.937310350E1,1.159223938E1,-2.165739441E1,-2.167693329E1,3.276144355E1
1.938303450E1,1.145636749E1,-2.183009338E1,-2.179927826E1,3.290911524E1
1.939296550E1,1.143331909E1,-2.161479950E1,-2.168781281E1,3.268457690E1
1.940289650E1,1.143223572E1,-2.182581329E1,-2.171405792E1,3.284147455E1
1.941282750E1,1.121076202E1,-2.176651001E1,-2.139763641E1,3.251647255E1
1.942275850E1,1.118077087E1,-2.195232391E1,-2.187491608E1,3.294580574E1
1.943268950E1,1.128617859E1,-2.163716888E1,-2.176816559E1,3.270165038E1
1.944262050E1,1.144333649E1,-2.161927795E1,-2.185976410E1,3.280537175E1
1.945255050E1,1.154311371E1,-2.174566650E1,-2.127905273E1,3.254098295E1
1.946248150E1,1.144434357E1,-2.197632599E1,-2.199712372E1,3.313314587E1
1.947241250E1,1.129299164E1,-2.171673584E1,-2.173229218E1,3.273287031E1
1.948234350E1,1.110439301E1,-2.190138245E1,-2.154438782E1,3.266708961E1
1.949227450E1,1.132691193E1,-2.153543854E1,-2.171803284E1,3.261513448E1
1.950220550E1,1.140737915E1,-2.178100586E1,-2.138726044E1,3.258765755E1
1.951213650E1,1.131278229E1,-2.163554382E1,-2.162596130E1,3.261530319E1
1.952206750E1,1.142000580E1,-2.174672699E1,-2.208711243E1,3.303297145E1
1.953199850E1,1.127591705E1,-2.171520996E1,-2.188677979E1,3.282876450E1
1.954192850E1,1.136510468E1,-2.185158539E1,-2.170639038E1,3.283024172E1
1.955185950E1,1.128635406E1,-2.174276733E1,-2.176980591E1,3.277276566E1
1.956179050E1,1.139817047E1,-2.204060364E1,-2.182418060E1,3.304544383E1
1.957172150E1,1.117509460E1,-2.162297058E1,-2.177684021E1,3.265985863E1
1.958165250E1,1.115003204E1,-2.151921082E1,-2.185035706E1,3.263185180E1
1.959158350E1,1.088838959E1,-2.161457062E1,-2.169405365E1,3.250197924E1
1.960151450E1,1.098557281E1,-2.152451324E1,-2.188200378E1,3.260076027E1
1.961144550E1,1.148954773E1,-2.173326874E1,-2.168186188E1,3.277877074E1
1.962137650E1,1.168694305E1,-2.172800446E1,-2.187895203E1,3.297543567E1
1.963130650E1,1.138546753E1,-2.162961578E1,-2.168287659E1,3.267439803E1
1.964123750E1,1.152380371E1,-2.194088745E1,-2.165464020E1,3.291084983E1
1.965116850E1,1.138011932E1,-2.197576904E1,-2.177835083E1,3.296571106E1
1.966109950E1,1.126309204E1,-2.173479462E1,-2.152962494E1,3.260035720E1
1.967103050E1,1.140930176E1,-2.153146362E1,-2.178842163E1,3.268809278E1
1.968096150E1,1.127466583E1,-2.139202881E1,-2.154264069E1,3.238552692E1
1.969089250E1,1.111655426E1,-2.203550720E1,-2.196774292E1,3.304123311E1
1.970082350E1,1.104379272E1,-2.208025360E1,-2.171144867E1,3.287689097E1
1.971075450E1,1.104862976E1,-2.195106506E1,-2.140650177E1,3.259079310E1
1.972068450E1,1.122853851E1,-2.187551880E1,-2.132765198E1,3.254976404E1
1.973061550E1,1.133670044E1,-2.189244080E1,-2.178116608E1,3.289709617E1
1.974054650E1,1.115549469E1,-2.203338623E1,-2.213245392E1,3.316263993E1
1.975047750E1,1.120246887E1,-2.212413788E1,-2.193992615E1,3.311092184E1
1.976040850E1,1.122507477E1,-2.186135864E1,-2.167421722E1,3.276725496E1
1.977033950E1,1.141417694E1,-2.194691467E1,-2.153054810E1,3.279504536E1
1.978027050E1,1.117322540E1,-2.157032013E1,-2.152291107E1,3.245543679E1
1.979020150E1,1.126804352E1,-2.179759979E1,-2.130928802E1,3.249907564E1
1.980013250E1,1.127024078E1,-2.194801331E1,-2.142577362E1,3.267716926E1
1.981006250E1,1.105960846E1,-2.196872711E1,-2.177480316E1,3.284938299E1
1.981999350E1,1.120349884E1,-2.200502014E1,-2.151438141E1,3.275069320E1
1.982992450E1,1.109021759E1,-2.216474915E1,-2.139775848E1,3.274344360E1
1.983985550E1,1.100526428E1,-2.186703491E1,-2.163195801E1,3.266840469E1
1.984978650E1,1.117906952E1,-2.199219513E1,-2.152062988E1,3.273783366E1
1.985971750E1,1.128414917E1,-2.141228485E1,-2.126679230E1,3.221947268E1
1.986964850E1,1.119473267E1,-2.166825104E1,-2.118402863E1,3.230477072E1
1.987957950E1,1.111627197E1,-2.159380341E1,-2.132086182E1,3.231784332E1
1.988951050E1,1.112306213E1,-2.174876404E1,-2.163742828E1,3.263295192E1
1.989944050E1,1.113533020E1,-2.159433746E1,-2.159526062E1,3.250640353E1
1.990937175E1,1.128589630E1,-2.163562012E1,-2.160019684E1,3.258895544E1
1.991930275E1,1.134515381E1,-2.165351868E1,-2.140429688E1,3.249201919E1
1.992923375E1,1.132706451E1,-2.176190948E1,-2.175131226E1,3.278723349E1
1.993916475E1,1.116472626E1,-2.151347351E1,-2.173331451E1,3.255484011E1
1.994909575E1,1.127954865E1,-2.179458618E1,-2.174646759E1,3.278934365E1
1.995902675E1,1.123828888E1,-2.163590240E1,-2.150546265E1,3.250994207E1
1.996895775E1,1.111717224E1,-2.172953796E1,-2.168943787E1,3.265265768E1
1.997888775E1,1.132556152E1,-2.165390778E1,-2.142655182E1,3.250011059E1
1.998881875E1,1.074828339E1,-2.166719055E1,-2.166030884E1,3.246785674E1
1.999874975E1,1.093894958E1,-2.158401489E1,-2.135340118E1,3.227224905E1
2.000868075E1,1.093292236E1,-2.152340698E1,-2.153562927E1,3.235072129E1
2.001861175E1,1.095739746E1,-2.129254150E1,-2.185186768E1,3.241822024E1
2.002854275E1,1.109919739E1,-2.178032684E1,-2.193033600E1,3.284074386E1
2.003847375E1,1.109316254E1,-2.174408722E1,-2.172413635E1,3.267723496E1
2.004840475E1,1.098641968E1,-2.198041534E1,-2.156856537E1,3.269622437E1
2.005833575E1,1.108367157E1,-2.178659058E1,-2.146655273E1,3.253177202E1
2.006826575E1,1.103541565E1,-2.189759827E1,-2.180781555E1,3.281563694E1
2.007819675E1,1.085276794E1,-2.161930847E1,-2.159060669E1,3.242424044E1
2.008812775E1,1.103103638E1,-2.202420044E1,-2.177358246E1,3.287610168E1
2.009805875E1,1.105394745E1,-2.151869965E1,-2.175690460E1,3.253624266E1
2.010798975E1,1.116279602E1,-2.186842346E1,-2.185208893E1,3.286867430E1
2.011792075E1,1.103629303E1,-2.182025909E1,-2.181094360E1,3.276645742E1
2.012785175E1,1.104051208E1,-2.199729156E1,-2.155633545E1,3.271772213E1
2.013778275E1,1.105518341E1,-2.191728973E1,-2.171437073E1,3.277344299E1
2.014771375E1,1.105342102E1,-2.194480133E1,-2.188035583E1,3.290140412E1
2.015764375E1,1.125674438E1,-2.175541687E1,-2.178681946E1,3.278228118E1
2.016757475E1,1.118695831E1,-2.193313599E1,-2.209999084E1,3.308504323E1
2.017750575E1,1.107051086E1,-2.166813660E1,-2.161808777E1,3.254851875E1
2.018743675E1,1.130401611E1,-2.209550476E1,-2.182392883E1,3.304959880E1
2.019736775E1,1.134181976E1,-2.208292389E1,-2.189205170E1,3.309915906E1
2.020729875E1,1.092394257E1,-2.202453613E1,-2.185181427E1,3.289246874E1
2.021722975E1,1.116290283E1,-2.172987366E1,-2.162565613E1,3.262616759E1
2.022716075E1,1.123094177E1,-2.187464905E1,-2.200749207E1,3.299945501E1
2.023709075E1,1.129865265E1,-2.177394104E1,-2.199675751E1,3.294876934E1
2.024702175E1,1.114273071E1,-2.188790131E1,-2.198299408E1,3.296198871E1
2.025695275E1,1.120607758E1,-2.158972168E1,-2.159165955E1,3.252525202E1
2.026688375E1,1.120723724E1,-2.197047424E1,-2.162763214E1,3.280332875E1
2.027681475E1,1.127362061E1,-2.170681763E1,-2.163911438E1,3.265779730E1
2.028674575E1,1.122043610E1,-2.186143494E1,-2.218213654E1,3.310389260E1
2.029667675E1,1.122509003E1,-2.187548065E1,-2.192325592E1,3.294189506E1
2.030660775E1,1.127568817E1,-2.179036713E1,-2.189906311E1,3.288662659E1
2.031653875E1,1.143315887E1,-2.177234650E1,-2.195453644E1,3.296595007E1
2.032646875E1,1.141295624E1,-2.193367767E1,-2.193333435E1,3.305167079E1
2.033639975E1,1.144928741E1,-2.167324066E1,-2.136138916E1,3.251345091E1
2.034633075E1,1.140049744E1,-2.202282715E1,-2.179742432E1,3.301672249E1
2.035626175E1,1.118693542E1,-2.176093292E1,-2.156172180E1,3.261278235E1
2.036619275E1,1.115108490E1,-2.177496338E1,-2.177000427E1,3.274795888E1
2.037612375E1,1.109815979E1,-2.173774719E1,-2.164106750E1,3.261954332E1
2.038605475E1,1.106035614E1,-2.210864258E1,-2.190007782E1,3.302630714E1
2.039598575E1,1.101873016E1,-2.184808350E1,-2.185523224E1,3.280857118E1
2.040591675E1,1.105261993E1,-2.195410156E1,-2.148376465E1,3.264498624E1
2.041584675E1,1.112957001E1,-2.191560364E1,-2.161399078E1,3.273111072E1
2.042577775E1,1.091611481E1,-2.197881317E1,-2.210786438E1,3.303009928E1
2.043570875E1,1.098380280E1,-2.174168396E1,-2.159308624E1,3.255159165E1
2.044563975E1,1.120204926E1,-2.183963013E1,-2.163069153E1,3.271608423E1
2.045557075E1,1.122940826E1,-2.152631378E1,-2.174198914E1,3.259134681E1
2.046550175E1,1.109497070E1,-2.193137360E1,-2.191641998E1,3.293042647E1
2.047543275E1,1.119992065E1,-2.183146667E1,-2.178773499E1,3.281396891E1
2.048536375E1,1.123891449E1,-2.165103149E1,-2.178939819E1,3.270868749E1
2.049529375E1,1.123752594E1,-2.177873230E1,-2.108334351E1,3.232804577E1
2.050522475E1,1.102928925E1,-2.149108887E1,-2.137109375E1,3.225268625E1
2.051515575E1,1.108129883E1,-2.166864014E1,-2.168087006E1,3.259425218E1
2.052508675E1,1.109772491E1,-2.179644012E1,-2.149221802E1,3.256009422E1
2.053501775E1,1.124838257E1,-2.149038696E1,-2.168668365E1,3.253728769E1
2.054494875E1,1.135836029E1,-2.176587677E1,-2.156636810E1,3.267834104E1
2.055487975E1,1.118829346E1,-2.166528320E1,-2.133283234E1,3.239833549E1
2.056481075E1,1.139032745E1,-2.201683044E1,-2.154502869E1,3.284309126E1
2.057474175E1,1.108763123E1,-2.199568939E1,-2.148460388E1,3.268538086E1
2.058467175E1,1.113527679E1,-2.174768066E1,-2.172144318E1,3.269215651E1
2.059460275E1,1.124019623E1,-2.185644531E1,-2.193453217E1,3.294191728E1
2.060453375E1,1.127441406E1,-2.163797760E1,-2.185412598E1,3.275541649E1
2.061446475E1,1.128597260E1,-2.165193176E1,-2.182559967E1,3.274959736E1
2.062439575E1,1.127095795E1,-2.171805573E1,-2.178330994E1,3.276005234E1
2.063432675E1,1.117567444E1,-2.183389282E1,-2.153374481E1,3.263919026E1
2.064425775E1,1.143550873E1,-2.170417023E1,-2.163958740E1,3.271259097E1
2.065418875E1,1.146691132E1,-2.174210358E1,-2.155261230E1,3.269134779E1
2.066411875E1,1.143800354E1,-2.156348419E1,-2.155482483E1,3.256412518E1
2.067404975E1,1.153089905E1,-2.161566162E1,-2.169273376E1,3.272267040E1
2.068398075E1,1.120951080E1,-2.174321747E1,-2.186051941E1,3.280705636E1
2.069391175E1,1.111122894E1,-2.167783356E1,-2.194489288E1,3.278667717E1
2.070384275E1,1.119012451E1,-2.137079620E1,-2.178649902E1,3.250509740E1
2.071377375E1,1.121402740E1,-2.183592987E1,-2.209540558E1,3.302679506E1
2.072370475E1,1.140373993E1,-2.163818359E1,-2.230929565E1,3.310530088E1
2.073363575E1,1.108993530E1,-2.174548340E1,-2.211900330E1,3.294090193E1
2.074356575E1,1.098631287E1,-2.164786530E1,-2.196223450E1,3.273635420E1
2.075349675E1,1.062391663E1,-2.168608093E1,-2.221440125E1,3.281209127E1
2.076342775E1,1.108039093E1,-2.161660767E1,-2.204328918E1,3.280181989E1
2.077335875E1,1.121952820E1,-2.174758148E1,-2.180269623E1,3.277487874E1
2.078328975E1,1.106822205E1,-2.160454559E1,-2.151215363E1,3.243508414E1
2.079322075E1,1.091040802E1,-2.189982605E1,-2.181567383E1,3.278052789E1
2.080315175E1,1.128365326E1,-2.157979584E1,-2.200799561E1,3.282316697E1
2.081308275E1,1.124771118E1,-2.189775848E1,-2.188668060E1,3.294009140E1
2.082301275E1,1.108724976E1,-2.195192719E1,-2.175498962E1,3.283433855E1
2.083294375E1,1.140738678E1,-2.205577087E1,-2.168537140E1,3.296726914E1
2.084287475E1,1.138122559E1,-2.174620819E1,-2.175536346E1,3.279825767E1
2.085280575E1,1.138636780E1,-2.194548798E1,-2.175796509E1,3.293422018E1
2.086273675E1,1.151512146E1,-2.175028992E1,-2.160381317E1,3.274748658E1
2.087266775E1,1.161978149E1,-2.188346863E1,-2.198087311E1,3.312196105E1
2.088259875E1,1.141789246E1,-2.164178467E1,-2.157446289E1,3.262196439E1
2.089252975E1,1.139511108E1,-2.182602692E1,-2.195589447E1,3.298916958E1
2.090245975E1,1.151212311E1,-2.170426941E1,-2.166618347E1,3.275710297E1
2.091239092E1,1.136891174E1,-2.187049103E1,-2.185943604E1,3.294549250E1
2.092232192E1,1.131771851E1,-2.176040649E1,-2.159097290E1,3.267684431E1
2.093225292E1,1.153121185E1,-2.220627594E1,-2.197802734E1,3.330347165E1
2.094218392E1,1.134953308E1,-2.163434601E1,-2.196035004E1,3.284986761E1
2.095211492E1,1.125563049E1,-2.185421753E1,-2.164559937E1,3.275405339E1
2.096204592E1,1.123889923E1,-2.155577850E1,-2.158101654E1,3.250699490E1
2.097197692E1,1.115756989E1,-2.172354889E1,-2.176866150E1,3.271511219E1
2.098190792E1,1.128587341E1,-2.170839691E1,-2.176667023E1,3.274772310E1
2.099183792E1,1.116056061E1,-2.188037872E1,-2.190024567E1,3.290789945E1
2.100176892E1,1.120112610E1,-2.147348785E1,-2.176463318E1,3.256186671E1
2.101169992E1,1.108889008E1,-2.185234833E1,-2.192760468E1,3.288325497E1
2.102163092E1,1.132482147E1,-2.161309052E1,-2.180805206E1,3.272565351E1
2.103156192E1,1.102962494E1,-2.161182404E1,-2.185626984E1,3.265608819E1
2.104149292E1,1.131210327E1,-2.147099304E1,-2.185152435E1,3.265664311E1
2.105142392E1,1.139810181E1,-2.160484314E1,-2.216168976E1,3.298221437E1
2.106135492E1,1.140145111E1,-2.143105316E1,-2.177989960E1,3.261360381E1
2.107128492E1,1.133573151E1,-2.180638123E1,-2.209976959E1,3.305173047E1
2.108121592E1,1.127158356E1,-2.132069397E1,-2.203269196E1,3.266588591E1
2.109114692E1,1.142060089E1,-2.166300201E1,-2.209513855E1,3.298349479E1
2.110107792E1,1.128198242E1,-2.184564972E1,-2.179510498E1,3.285638660E1
2.111100892E1,1.135017395E1,-2.189458466E1,-2.173386383E1,3.287187435E1
2.112093992E1,1.126483154E1,-2.157410431E1,-2.166141510E1,3.258151793E1
2.113087092E1,1.141622925E1,-2.179460907E1,-2.152538300E1,3.269063150E1
2.114080192E1,1.137799835E1,-2.143944550E1,-2.140051270E1,3.235877954E1
2.115073192E1,1.135935974E1,-2.160056305E1,-2.182508850E1,3.274070656E1
2.116066292E1,1.161441040E1,-2.133051300E1,-2.199620056E1,3.276763881E1
2.117059392E1,1.133609772E1,-2.157633209E1,-2.185552216E1,3.273696789E1
2.118052492E1,1.123736572E1,-2.158961487E1,-2.145752716E1,3.244711590E1
2.119045592E1,1.131099701E1,-2.178907776E1,-2.171343994E1,3.277462490E1
2.120038692E1,1.151654816E1,-2.141938019E1,-2.151676178E1,3.247139921E1
2.121031792E1,1.141664124E1,-2.159585571E1,-2.167921448E1,3.266051165E1
2.122024892E1,1.141664124E1,-2.137797546E1,-2.167601013E1,3.251471893E1
2.123017892E1,1.106610870E1,-2.162343597E1,-2.167913818E1,3.255789885E1
2.124010992E1,1.124623871E1,-2.130628204E1,-2.136035156E1,3.219782847E1
2.125004092E1,1.128116608E1,-2.179734802E1,-2.166236115E1,3.273601960E1
2.125997192E1,1.138755035E1,-2.132847595E1,-2.163341522E1,3.244356398E1
2.126990292E1,1.137446594E1,-2.167428589E1,-2.187308502E1,3.282658972E1
2.127983392E1,1.147626495E1,-2.130937195E1,-2.167077637E1,3.248717498E1
2.128976492E1,1.154949188E1,-2.155847168E1,-2.177861023E1,3.274853168E1
2.129969592E1,1.167392731E1,-2.142510223E1,-2.196824646E1,3.283168343E1
2.130962592E1,1.145298004E1,-2.156861115E1,-2.187439728E1,3.278513375E1
2.131955692E1,1.139045715E1,-2.161688995E1,-2.176517487E1,3.272239726E1
2.132948792E1,1.137276459E1,-2.164518738E1,-2.209317017E1,3.295393875E1
2.133941892E1,1.155963135E1,-2.151371002E1,-2.179194641E1,3.273154020E1
2.134934992E1,1.136279297E1,-2.149777222E1,-2.164869690E1,3.255661763E1
2.135928092E1,1.161826324E1,-2.192411041E1,-2.185285187E1,3.306354175E1
2.136921192E1,1.161749268E1,-2.182962036E1,-2.170023346E1,3.289982665E1
2.137914292E1,1.146105194E1,-2.193807983E1,-2.185466003E1,3.301910392E1
2.138907292E1,1.160989380E1,-2.177127838E1,-2.165887451E1,3.283115961E1
2.139900392E1,1.145483398E1,-2.183546448E1,-2.196844482E1,3.302443487E1
2.140893492E1,1.149662018E1,-2.158859253E1,-2.188697052E1,3.282192989E1
2.141886592E1,1.131945038E1,-2.171441650E1,-2.180207825E1,3.278683359E1
2.142879692E1,1.134483337E1,-2.152891541E1,-2.175638580E1,3.264260661E1
2.143872792E1,1.154444122E1,-2.167772675E1,-2.176569366E1,3.281681552E1
2.144865892E1,1.143156433E1,-2.154476166E1,-2.177569580E1,3.269615185E1
2.145858992E1,1.146154022E1,-2.150984955E1,-2.143367767E1,3.245678774E1
2.146851992E1,1.142508698E1,-2.150561523E1,-2.167532349E1,3.260128444E1
2.147845092E1,1.127435303E1,-2.130206299E1,-2.176826477E1,3.247685753E1
2.148838192E1,1.124716949E1,-2.150707245E1,-2.191459656E1,3.270019158E1
2.149831292E1,1.140588379E1,-2.138077545E1,-2.184661865E1,3.262677567E1
2.150824392E1,1.155622864E1,-2.159416962E1,-2.183123016E1,3.280940707E1
2.151817492E1,1.142257690E1,-2.176661682E1,-2.163172913E1,3.274435182E1
2.152810592E1,1.152458954E1,-2.152215576E1,-2.197895813E1,3.284956549E1
2.153803692E1,1.139366913E1,-2.141709137E1,-2.179555511E1,3.261217137E1
2.154796692E1,1.151356506E1,-2.145188141E1,-2.183939362E1,3.270633746E1
2.155789792E1,1.153839874E1,-2.142774963E1,-2.160718536E1,3.254463949E1
2.156782892E1,1.139112854E1,-2.167161560E1,-2.153810883E1,3.260838641E1
2.157775992E1,1.146949768E1,-2.181018829E1,-2.167848969E1,3.282058204E1
2.158769092E1,1.132872772E1,-2.172174835E1,-2.170394897E1,3.272973914E1
2.159762192E1,1.144071198E1,-2.171880341E1,-2.182799530E1,3.284901354E1
2.160755292E1,1.146750641E1,-2.175529480E1,-2.169493866E1,3.279431229E1
2.161748392E1,1.135014343E1,-2.150456238E1,-2.139245605E1,3.238686671E1
2.162741392E1,1.136065674E1,-2.164993286E1,-2.167673492E1,3.267514271E1
2.163734492E1,1.125172424E1,-2.139495087E1,-2.177115631E1,3.253196072E1
2.164727592E1,1.140077972E1,-2.182644653E1,-2.190676880E1,3.295873277E1
2.165720692E1,1.138307190E1,-2.176490784E1,-2.160704041E1,3.271314314E1
2.166713792E1,1.122552490E1,-2.175521088E1,-2.163809967E1,3.267275573E1
2.167706892E1,1.120771790E1,-2.159800720E1,-2.194017029E1,3.276366780E1
2.168699992E1,1.128034973E1,-2.164991760E1,-2.191828156E1,3.280817411E1
2.169693092E1,1.128154755E1,-2.170256805E1,-2.183846283E1,3.279013928E1
2.170686092E1,1.131982422E1,-2.157495880E1,-2.210100555E1,3.289485848E1
2.171679192E1,1.119600677E1,-2.147526550E1,-2.183306122E1,3.260705688E1
2.172672292E1,1.099156952E1,-2.158711243E1,-2.180467224E1,3.259235731E1
2.173665392E1,1.121969604E1,-2.164454651E1,-2.178983307E1,3.269808554E1
2.174658492E1,1.095743561E1,-2.166516876E1,-2.168083954E1,3.255001898E1
2.175651592E1,1.106314850E1,-2.137631226E1,-2.177436829E1,3.245709621E1
2.176644692E1,1.098125458E1,-2.159336090E1,-2.183235931E1,3.261154857E1
2.177637792E1,1.118772888E1,-2.129122925E1,-2.181659698E1,3.247222851E1
2.178630792E1,1.117459869E1,-2.132274628E1,-2.176281738E1,3.245229399E1
2.179623892E1,1.103910065E1,-2.115338135E1,-2.165721893E1,3.222363135E1
2.180616992E1,1.125376892E1,-2.161042786E1,-2.169971466E1,3.262722059E1
2.181610092E1,1.134028625E1,-2.159545898E1,-2.175282288E1,3.268258319E1
2.182603192E1,1.139506531E1,-2.154248047E1,-2.223709106E1,3.299112300E1
2.183596292E1,1.123194885E1,-2.129026031E1,-2.188358307E1,3.253187771E1
2.184589392E1,1.108915710E1,-2.166960907E1,-2.161751556E1,3.255546562E1
2.185582492E1,1.116612244E1,-2.131591034E1,-2.162420654E1,3.235207308E1
2.186575492E1,1.105991364E1,-2.152142334E1,-2.173582458E1,3.252598073E1
2.187568592E1,1.096005249E1,-2.128012085E1,-2.186997986E1,3.242317555E1
2.188561692E1,1.093061066E1,-2.158806610E1,-2.189337921E1,3.263193069E1
2.189554792E1,1.093421936E1,-2.133970642E1,-2.172396088E1,3.235538130E1
2.190547892E1,1.104299927E1,-2.162503052E1,-2.200136566E1,3.276659684E1
2.191540963E1,1.105738831E1,-2.133743286E1,-2.184106445E1,3.247435871E1
2.192534063E1,1.105483246E1,-2.155249786E1,-2.191630554E1,3.266563842E1
2.193527063E1,1.100968933E1,-2.136364746E1,-2.172920990E1,3.240026628E1
2.194520163E1,1.125778961E1,-2.156397247E1,-2.188469696E1,3.272128813E1
2.195513263E1,1.134433746E1,-2.146405029E1,-2.201194763E1,3.277079929E1
2.196506363E1,1.119573975E1,-2.146271515E1,-2.198666382E1,3.270177542E1
2.197499463E1,1.148998260E1,-2.149346924E1,-2.183252716E1,3.272076042E1
2.198492563E1,1.136643982E1,-2.140501404E1,-2.232025146E1,3.294790138E1
2.199485663E1,1.116201782E1,-2.154427338E1,-2.209833527E1,3.281893933E1
2.200478763E1,1.115116882E1,-2.182620239E1,-2.222165680E1,3.308373782E1
2.201471763E1,1.133405304E1,-2.131109619E1,-2.186773682E1,3.257025472E1
2.202464863E1,1.126800537E1,-2.177439880E1,-2.183647919E1,3.283175615E1
2.203457963E1,1.151042938E1,-2.162010956E1,-2.191543579E1,3.286647909E1
2.204451063E1,1.126363373E1,-2.198085022E1,-2.176441956E1,3.291985996E1
2.205444163E1,1.113066864E1,-2.172371674E1,-2.170104980E1,3.266109637E1
2.206437263E1,1.136711121E1,-2.193448639E1,-2.183927155E1,3.297403057E1
2.207430363E1,1.125579071E1,-2.198660278E1,-2.173631287E1,3.290244404E1
2.208423463E1,1.129697418E1,-2.191383362E1,-2.187942505E1,3.296281192E1
2.209416463E1,1.101644897E1,-2.185804749E1,-2.143350983E1,3.253508462E1
2.210409563E1,1.107483673E1,-2.197595978E1,-2.167447662E1,3.279295281E1
2.211402663E1,1.132526398E1,-2.167761230E1,-2.177733612E1,3.274802052E1
2.212395763E1,1.134179688E1,-2.184055328E1,-2.175346375E1,3.284599380E1
2.213388863E1,1.133807373E1,-2.173395538E1,-2.156126404E1,3.264666659E1
2.214381963E1,1.116114807E1,-2.191341400E1,-2.169972992E1,3.279706112E1
2.215375063E1,1.116027832E1,-2.164561462E1,-2.175370789E1,3.265437569E1
2.216368063E1,1.101869965E1,-2.180815887E1,-2.169716644E1,3.267682003E1
2.217361163E1,1.108803558E1,-2.191544342E1,-2.156668854E1,3.268567343E1
2.218354263E1,1.099856567E1,-2.184111786E1,-2.179940796E1,3.275999181E1
2.219347363E1,1.121330261E1,-2.201907349E1,-2.189216614E1,3.301279587E1
2.220340463E1,1.122462463E1,-2.216767883E1,-2.231424713E1,3.339646401E1
2.221333563E1,1.137935638E1,-2.166038513E1,-2.192196655E1,3.285170701E1
2.222326663E1,1.131501007E1,-2.189605713E1,-2.196829987E1,3.301625311E1
2.223319763E1,1.124039459E1,-2.173114014E1,-2.184793854E1,3.280123992E1
2.224312763E1,1.123545837E1,-2.164251709E1,-2.164697266E1,3.260713873E1
2.225305863E1,1.124946594E1,-2.156861115E1,-2.152406311E1,3.248139103E1
2.226298963E1,1.134725189E1,-2.161216736E1,-2.158645630E1,3.258559496E1
2.227292063E1,1.152989197E1,-2.146598816E1,-2.147335815E1,3.247817986E1
2.228285163E1,1.139964294E1,-2.172003937E1,-2.196101379E1,3.292412636E1
2.229278263E1,1.130362701E1,-2.163281250E1,-2.204091644E1,3.288696638E1
2.230271363E1,1.124467468E1,-2.149123383E1,-2.217128754E1,3.286155552E1
2.231264463E1,1.100617218E1,-2.154083252E1,-2.209067535E1,3.275883437E1
2.232257463E1,1.105894470E1,-2.195353699E1,-2.223506927E1,3.314598543E1
2.233250563E1,1.113391876E1,-2.198989105E1,-2.223026276E1,3.319192730E1
2.234243663E1,1.099184418E1,-2.176909637E1,-2.210678864E1,3.291541127E1
2.235236763E1,1.127622986E1,-2.199617004E1,-2.214547729E1,3.318745277E1
2.236229863E1,1.111480713E1,-2.172284698E1,-2.245224762E1,3.315907782E1
2.237222963E1,1.122466278E1,-2.164594269E1,-2.206401062E1,3.288404559E1
2.238216063E1,1.131333923E1,-2.160399628E1,-2.207127380E1,3.289172277E1
2.239209063E1,1.130082703E1,-2.186951447E1,-2.196396637E1,3.299091046E1
2.240202163E1,1.119254303E1,-2.176483154E1,-2.186534882E1,3.281881153E1
2.241195263E1,1.106429291E1,-2.167578125E1,-2.187162781E1,3.272042441E1
2.242188363E1,1.125199890E1,-2.166149902E1,-2.178588867E1,3.271777750E1
2.243181463E1,1.136979675E1,-2.173043823E1,-2.187719727E1,3.286481377E1
2.244174563E1,1.147842407E1,-2.182244110E1,-2.166693878E1,3.282421958E1
2.245167663E1,1.166931915E1,-2.150105286E1,-2.185818481E1,3.280622695E1
2.246160763E1,1.150977325E1,-2.167198181E1,-2.148091125E1,3.261256237E1
2.247153763E1,1.165381622E1,-2.191186523E1,-2.159848022E1,3.290038934E1
2.248146863E1,1.181803131E1,-2.158779907E1,-2.173786926E1,3.283647199E1
2.249139963E1,1.138735962E1,-2.189515686E1,-2.178395844E1,3.291824263E1
2.250133063E1,1.132235718E1,-2.160323334E1,-2.181276703E1,3.272143438E1
2.251126163E1,1.127644348E1,-2.198009491E1,-2.155348969E1,3.278468648E1
2.252119263E1,1.125460815E1,-2.162605286E1,-2.145786285E1,3.247756526E1
2.253112363E1,1.139980316E1,-2.170148468E1,-2.141176605E1,3.254802106E1
2.254105363E1,1.138141632E1,-2.156244659E1,-2.168393707E1,3.262926398E1
2.255098463E1,1.134803009E1,-2.178920746E1,-2.177486420E1,3.282822047E1
2.256091563E1,1.144620514E1,-2.165824890E1,-2.175406647E1,3.276178819E1
2.257084663E1,1.142517853E1,-2.185183716E1,-2.182814026E1,3.293182653E1
2.258077763E1,1.141859436E1,-2.142703247E1,-2.180623627E1,3.263455159E1
2.259070863E1,1.121617889E1,-2.182254791E1,-2.198451996E1,3.294458050E1
2.260063963E1,1.122628021E1,-2.139686584E1,-2.164674377E1,3.244128159E1
2.261057063E1,1.111586761E1,-2.200126648E1,-2.188167572E1,3.296097650E1
2.262050063E1,1.107963562E1,-2.164431763E1,-2.192850494E1,3.274284869E1
2.263043163E1,1.085007477E1,-2.190876007E1,-2.182455444E1,3.277238269E1
2.264036263E1,1.097052765E1,-2.177642822E1,-2.193927765E1,3.280087204E1
2.265029363E1,1.094429016E1,-2.189529419E1,-2.189458466E1,3.284134942E1
2.266022463E1,1.091847229E1,-2.150752258E1,-2.182307434E1,3.252742133E1
2.267015563E1,1.121277618E1,-2.190885162E1,-2.174580383E1,3.284210885E1
2.268008663E1,1.107783508E1,-2.161930847E1,-2.178828430E1,3.263192090E1
2.269001763E1,1.102289581E1,-2.180610657E1,-2.223247528E1,3.303473131E1
2.269994763E1,1.095230865E1,-2.138150024E1,-2.193804169E1,3.253304921E1
2.270987863E1,1.098690796E1,-2.165002441E1,-2.181935120E1,3.264230063E1
2.271980963E1,1.097486877E1,-2.160751343E1,-2.175268555E1,3.256549876E1
2.272974063E1,1.129390717E1,-2.191197968E1,-2.217699432E1,3.315880380E1
2.273967163E1,1.132176208E1,-2.179663086E1,-2.196656799E1,3.295156329E1
2.274960263E1,1.125123596E1,-2.189538574E1,-2.215500641E1,3.311861314E1
2.275953363E1,1.124526215E1,-2.173712158E1,-2.201928711E1,3.292122993E1
2.276946363E1,1.140491486E1,-2.169753265E1,-2.178062439E1,3.279101409E1
2.277939463E1,1.119105530E1,-2.168695831E1,-2.141173553E1,3.246577118E1
2.278932563E1,1.092442322E1,-2.185099030E1,-2.207834625E1,3.292813649E1
2.279925663E1,1.101975250E1,-2.178280640E1,-2.187967682E1,3.278179155E1
2.280918763E1,1.104219055E1,-2.198145294E1,-2.196439362E1,3.297800528E1
2.281911863E1,1.126394653E1,-2.161430359E1,-2.196628571E1,3.281116150E1
2.282904963E1,1.104740906E1,-2.213147736E1,-2.199978638E1,3.310344601E1
2.283898063E1,1.125596619E1,-2.173085022E1,-2.168228912E1,3.269630388E1
2.284891063E1,1.116327667E1,-2.224703217E1,-2.203147125E1,3.324056124E1
2.285884163E1,1.121334076E1,-2.181625366E1,-2.166297913E1,3.272571771E1
2.286877263E1,1.101598358E1,-2.190184784E1,-2.176797485E1,3.278547792E1
2.287870363E1,1.123767090E1,-2.197245026E1,-2.141637421E1,3.267621309E1
2.288863463E1,1.120145416E1,-2.204901123E1,-2.177435303E1,3.295078028E1
2.289856563E1,1.134795380E1,-2.182967377E1,-2.154671478E1,3.270430599E1
2.290849663E1,1.100402069E1,-2.187060547E1,-2.168446350E1,3.270516492E1
2.291842638E1,1.138144684E1,-2.195666504E1,-2.153379822E1,3.279233047E1
2.292835738E1,1.127777100E1,-2.204143524E1,-2.189602661E1,3.305221577E1
2.293828838E1,1.137784576E1,-2.185610199E1,-2.191119385E1,3.297339813E1
2.294821938E1,1.137210083E1,-2.208808136E1,-2.184838867E1,3.308413673E1
2.295815038E1,1.138651276E1,-2.178514862E1,-2.213320160E1,3.307754504E1
2.296808138E1,1.157300568E1,-2.197012329E1,-2.210569000E1,3.324578632E1
2.297801238E1,1.132697296E1,-2.161065674E1,-2.198436737E1,3.284255182E1
2.298794238E1,1.127284241E1,-2.186480713E1,-2.202883911E1,3.302145544E1
2.299787338E1,1.148572540E1,-2.166313171E1,-2.180533600E1,3.281289139E1
2.300780438E1,1.115447235E1,-2.173406982E1,-2.197009277E1,3.285539562E1
2.301773538E1,1.159748077E1,-2.153037262E1,-2.176718903E1,3.273941086E1
2.302766638E1,1.161647034E1,-2.185241699E1,-2.196896362E1,3.309238393E1
2.303759738E1,1.137839508E1,-2.141596985E1,-2.202452850E1,3.275960157E1
2.304752838E1,1.105686951E1,-2.155213928E1,-2.192278290E1,3.267043742E1
2.305745938E1,1.114614105E1,-2.164329529E1,-2.219787598E1,3.294562777E1
2.306738938E1,1.118653870E1,-2.199698639E1,-2.250260925E1,3.339720769E1
2.307732038E1,1.128186798E1,-2.154414368E1,-2.229680634E1,3.299360915E1
2.308725138E1,1.127156830E1,-2.184643555E1,-2.230361938E1,3.319286724E1
2.309718238E1,1.120954895E1,-2.153707123E1,-2.223059845E1,3.291958281E1
2.310711338E1,1.108630371E1,-2.158798218E1,-2.207189941E1,3.280420473E1
2.311704438E1,1.106311798E1,-2.163723755E1,-2.163305664E1,3.253539254E1
2.312697538E1,1.122958374E1,-2.158505249E1,-2.188885498E1,3.272827546E1
2.313690538E1,1.109915924E1,-2.169237518E1,-2.173284912E1,3.265068465E1
2.314683638E1,1.096477509E1,-2.189184570E1,-2.193277740E1,3.287135418E1
2.315676738E1,1.098194885E1,-2.172359467E1,-2.177016449E1,3.265666590E1
2.316669838E1,1.129586792E1,-2.199605560E1,-2.175266266E1,3.293328752E1
2.317662938E1,1.126390839E1,-2.162226105E1,-2.174214935E1,3.266678532E1
2.318656038E1,1.127907562E1,-2.163957214E1,-2.200994873E1,3.286223475E1
2.319649138E1,1.141471100E1,-2.170317078E1,-2.208340454E1,3.300000008E1
2.320642238E1,1.134838104E1,-2.181229401E1,-2.201017761E1,3.300014910E1
2.321635238E1,1.124305725E1,-2.168408203E1,-2.186167908E1,3.278015805E1
2.322628338E1,1.137414551E1,-2.152457428E1,-2.204368591E1,3.284208539E1
2.323621438E1,1.163307190E1,-2.160823822E1,-2.184315491E1,3.285373247E1
2.324614538E1,1.139428711E1,-2.154566956E1,-2.213394928E1,3.292350780E1
2.325607638E1,1.143437958E1,-2.167081451E1,-2.170359802E1,3.273248242E1
2.326600738E1,1.132192993E1,-2.154872894E1,-2.146237946E1,3.245254302E1
2.327593838E1,1.148628998E1,-2.163674164E1,-2.151480103E1,3.260322238E1
2.328586838E1,1.160768127E1,-2.159503174E1,-2.113559723E1,3.236969463E1
2.329579938E1,1.149655914E1,-2.158491516E1,-2.173731232E1,3.271987441E1
2.330573038E1,1.148730469E1,-2.181282806E1,-2.188780212E1,3.296715819E1
2.331566138E1,1.139717865E1,-2.178755951E1,-2.172986603E1,3.281433388E1
2.332559238E1,1.121119690E1,-2.156434631E1,-2.195095825E1,3.274990895E1
2.333552338E1,1.131929016E1,-2.158838654E1,-2.162274170E1,3.258416366E1
2.334545438E1,1.133724976E1,-2.149333954E1,-2.207936096E1,3.283283504E1
2.335538438E1,1.141524506E1,-2.181521606E1,-2.187593842E1,3.293581870E1
2.336531538E1,1.117945099E1,-2.160548401E1,-2.219918060E1,3.293297258E1
2.337524638E1,1.103077698E1,-2.161640167E1,-2.220089722E1,3.289113405E1
2.338517738E1,1.115317535E1,-2.151247406E1,-2.183692932E1,3.261949330E1
2.339510838E1,1.102452850E1,-2.163455963E1,-2.209487152E1,3.282952553E1
2.340503938E1,1.118428802E1,-2.184563446E1,-2.218949890E1,3.308615881E1
2.341497038E1,1.121683502E1,-2.203604126E1,-2.203668213E1,3.312129016E1
2.342490138E1,1.131900024E1,-2.199164581E1,-2.201255035E1,3.311049116E1
2.343483138E1,1.128276062E1,-2.163110352E1,-2.172470856E1,3.266754182E1
2.344476238E1,1.114300537E1,-2.160092926E1,-2.192856598E1,3.273574070E1
2.345469338E1,1.151639557E1,-2.153912354E1,-2.162145233E1,3.261975491E1
2.346462438E1,1.160063171E1,-2.149319458E1,-2.166255188E1,3.264656526E1
2.347455538E1,1.160063171E1,-2.149319458E1,-2.166255188E1,3.264656526E1
2.348448638E1,1.156243896E1,-2.158477783E1,-2.140447235E1,3.252297750E1
2.349441738E1,1.149325562E1,-2.124565887E1,-2.130323792E1,3.220715590E1
2.350434738E1,1.164176941E1,-2.148147583E1,-2.111270142E1,3.229134187E1
2.351427838E1,1.142520905E1,-2.150618744E1,-2.172252655E1,3.263310680E1
2.352420938E1,1.148268890E1,-2.180715942E1,-2.178128815E1,3.289116690E1
2.354018046E1,1.779122925E1,6.739967346E0,-1.298073578E1,2.303159785E1
2.355011146E1,1.784776306E1,6.827766418E0,-1.309003448E1,2.316268645E1
2.356004246E1,1.776472473E1,6.919143677E0,-1.314275360E1,2.315581927E1
2.356997346E1,1.748609161E1,6.887840271E0,-1.284407806E1,2.276348139E1
2.357990446E1,1.748603058E1,7.007938385E0,-1.302293396E1,2.290129417E1
2.358983446E1,1.755058289E1,6.967998505E0,-1.281520081E1,2.282115980E1
2.359976471E1,1.766046143E1,6.927452087E0,-1.281906891E1,2.289563316E1
2.360969571E1,1.746507263E1,6.946327209E0,-1.280173492E1,2.274125416E1
2.361962671E1,1.738021088E1,7.101127625E0,-1.310624695E1,2.289697475E1
2.362955771E1,1.722061157E1,6.745429993E0,-1.295533752E1,2.258076746E1
2.363948871E1,1.724829102E1,6.752262115E0,-1.324488831E1,2.277111444E1
2.364941871E1,1.693537140E1,6.908885956E0,-1.281178284E1,2.233117303E1
2.365934971E1,1.725099182E1,6.466743469E0,-1.280602264E1,2.243679357E1
2.366928071E1,1.735331726E1,6.695587158E0,-1.258033752E1,2.245514194E1
2.367921171E1,1.742791748E1,6.944095612E0,-1.296704102E1,2.280563361E1
2.368914271E1,1.721244812E1,6.596775055E0,-1.276261139E1,2.242030466E1
2.369907371E1,1.726573944E1,6.983345032E0,-1.254737091E1,2.245683377E1
2.370900471E1,1.715709686E1,6.745388031E0,-1.278030396E1,2.243217336E1
2.371893471E1,1.716952515E1,6.796264648E0,-1.267834473E1,2.239915695E1
2.372886571E1,1.733066559E1,6.739463806E0,-1.267552185E1,2.250424841E1
2.373879671E1,1.729188538E1,7.011653900E0,-1.265090179E1,2.254368884E1
2.374872771E1,1.719194794E1,7.000713348E0,-1.322234344E1,2.279042403E1
2.375865871E1,1.738978577E1,6.934593201E0,-1.311522675E1,2.285831150E1
2.376858971E1,1.734835052E1,6.776596069E0,-1.318460083E1,2.281931680E1
2.377851971E1,1.737796783E1,7.066322327E0,-1.310059357E1,2.288126371E1
2.378845071E1,1.707257843E1,6.797798157E0,-1.296976471E1,2.249217176E1
2.379838171E1,1.747409821E1,6.910396576E0,-1.310449982E1,2.290907253E1
2.380831271E1,1.738192749E1,6.642208099E0,-1.341555023E1,2.293964515E1
2.381824371E1,1.742725372E1,7.208168030E0,-1.341373444E1,2.314292830E1
2.382817471E1,1.724905396E1,7.083736420E0,-1.292442322E1,2.268810039E1
2.383810571E1,1.741464233E1,7.264621735E0,-1.278285980E1,2.279135804E1
2.384803571E1,1.765516663E1,6.984050751E0,-1.303800964E1,2.303196841E1
2.385796671E1,1.743369293E1,7.394435883E0,-1.307811737E1,2.301409319E1
2.386789771E1,1.771282959E1,7.050960541E0,-1.307960510E1,2.312004425E1
2.387782871E1,1.760328674E1,7.173007965E0,-1.278004456E1,2.290539863E1
2.388775971E1,1.741425323E1,6.798919678E0,-1.347898865E1,2.304700977E1
2.389769071E1,1.778055573E1,7.162208557E0,-1.311435699E1,2.322567012E1
2.390762071E1,1.765814209E1,6.716377258E0,-1.313620758E1,2.301042492E1
2.391755171E1,1.769805908E1,6.982780457E0,-1.291959381E1,2.299774820E1
2.392748271E1,1.732695007E1,6.994144440E0,-1.330574799E1,2.293870495E1
2.393741371E1,1.738685608E1,7.030815125E0,-1.277117920E1,2.269004504E1
2.394734471E1,1.725115204E1,6.712059021E0,-1.311701202E1,2.268722079E1
2.395727571E1,1.732946014E1,7.157562256E0,-1.281695557E1,2.271156614E1
2.396720671E1,1.746409607E1,6.761184692E0,-1.280097198E1,2.268420494E1
2.397713671E1,1.741526031E1,7.136569977E0,-1.278704071E1,2.275368834E1
2.398706771E1,1.762731171E1,7.029083252E0,-1.295634460E1,2.297818520E1
2.399699871E1,1.739463043E1,7.047492981E0,-1.269310760E1,2.265734552E1
2.400692971E1,1.743506622E1,6.905673981E0,-1.295836639E1,2.279449773E1
2.401686071E1,1.788613129E1,6.940685272E0,-1.279676819E1,2.306174496E1
2.402679171E1,1.747322083E1,6.749694824E0,-1.321965790E1,2.292664784E1
2.403672171E1,1.755810547E1,6.981807709E0,-1.292797089E1,2.289465304E1
2.404665271E1,1.743396759E1,6.654052734E0,-1.283798218E1,2.265024128E1
2.405658371E1,1.766602325E1,6.860652924E0,-1.268952942E1,2.280747888E1
2.406651471E1,1.754488373E1,6.907958984E0,-1.273236847E1,2.275205593E1
2.407644571E1,1.740585327E1,7.196266174E0,-1.268249512E1,2.270673154E1
2.408637671E1,1.744808960E1,6.929206848E0,-1.296978760E1,2.281808775E1
2.409630771E1,1.733841705E1,7.105434418E0,-1.278957367E1,2.268658412E1
2.410623771E1,1.739714813E1,6.833450317E0,-1.309568787E1,2.282222266E1
2.411616871E1,1.756496429E1,6.984718323E0,-1.290806580E1,2.288957019E1
2.412609971E1,1.741365051E1,6.892532349E0,-1.283030701E1,2.270151987E1
2.413603071E1,1.760638428E1,6.900333405E0,-1.279532623E1,2.283242742E1
2.414596171E1,1.771173096E1,7.024494171E0,-1.301477814E1,2.307451802E1
2.415589271E1,1.748648071E1,7.236377716E0,-1.279444122E1,2.284381528E1
2.416582271E1,1.771079254E1,7.035373688E0,-1.323677063E1,2.320303325E1
2.417575371E1,1.772149658E1,7.028522491E0,-1.275838470E1,2.293965889E1
2.418568471E1,1.762815094E1,6.993343353E0,-1.273958588E1,2.284634774E1
2.419561571E1,1.752910614E1,7.095436096E0,-1.252715302E1,2.268356978E1
2.420554671E1,1.749567413E1,6.832798004E0,-1.244841766E1,2.253328303E1
2.421547771E1,1.735730743E1,7.011341095E0,-1.284073639E1,2.270065057E1
2.422540771E1,1.752785492E1,6.949275970E0,-1.297731781E1,2.288949349E1
2.423533871E1,1.757279205E1,7.188735962E0,-1.308023071E1,2.305587519E1
2.424526971E1,1.761415863E1,7.160152435E0,-1.272840118E1,2.288096510E1
2.425520071E1,1.781993866E1,7.102558136E0,-1.231411743E1,2.279548275E1
2.426513171E1,1.772538757E1,7.449127197E0,-1.280165863E1,2.309894639E1
2.427506271E1,1.767387390E1,7.233005524E0,-1.250872803E1,2.282872017E1
2.428499371E1,1.739366913E1,7.252349854E0,-1.236790466E1,2.254110401E1
2.429492371E1,1.753571320E1,7.064338684E0,-1.271590424E1,2.278377359E1
2.430485471E1,1.751343536E1,7.045146942E0,-1.273116302E1,2.276921223E1
2.431478571E1,1.759603119E1,7.057838440E0,-1.282791138E1,2.289079962E1
2.432471671E1,1.738571930E1,7.168830872E0,-1.298001099E1,2.285029665E1
2.433464771E1,1.756666565E1,7.094100952E0,-1.316829681E1,2.307201880E1
2.434457871E1,1.762144470E1,7.243480682E0,-1.280223846E1,2.295388062E1
2.435450871E1,1.777247620E1,7.247798920E0,-1.281011963E1,2.307575923E1
2.436443971E1,1.763280487E1,7.116619110E0,-1.277352142E1,2.290687505E1
2.437437071E1,1.768189240E1,6.990974426E0,-1.270991516E1,2.287061402E1
2.438430171E1,1.751237488E1,7.190727234E0,-1.294265747E1,2.293255796E1
2.439423271E1,1.763951111E1,7.040412903E0,-1.266908264E1,2.283036182E1
2.440416371E1,1.759397125E1,7.035106659E0,-1.255397034E1,2.272977610E1
2.441409371E1,1.759040833E1,6.811218262E0,-1.237767029E1,2.256151327E1
2.442402471E1,1.721491241E1,7.048244476E0,-1.266232300E1,2.250256393E1
2.443395571E1,1.718439484E1,7.100574493E0,-1.287556458E1,2.261640438E1
2.444388671E1,1.729982758E1,7.083568573E0,-1.267678070E1,2.258676043E1
2.445381771E1,1.727410126E1,7.059669495E0,-1.275184631E1,2.260183824E1
2.446374871E1,1.737861633E1,6.988739014E0,-1.273724365E1,2.265162587E1
2.447367971E1,1.730831909E1,7.198791504E0,-1.294506836E1,2.278102947E1
2.448360971E1,1.754793549E1,7.060512543E0,-1.284749603E1,2.286567365E1
2.449354071E1,1.746494293E1,6.944755554E0,-1.242677307E1,2.253172320E1
2.450347171E1,1.741168213E1,7.055324554E0,-1.278245544E1,2.272301578E1
2.451340271E1,1.739518738E1,7.189609528E0,-1.281977081E1,2.277343963E1
2.452333371E1,1.753463745E1,7.104400635E0,-1.295366669E1,2.292887916E1
2.453326471E1,1.756357574E1,6.985572815E0,-1.272301483E1,2.278491885E1
2.454319471E1,1.731466675E1,6.960083008E0,-1.268688202E1,2.256540306E1
2.455312571E1,1.750900269E1,7.006557465E0,-1.253823090E1,2.264650650E1
2.456305671E1,1.748023987E1,7.179050446E0,-1.268778992E1,2.276131728E1
2.457298771E1,1.723535919E1,7.312740326E0,-1.246318817E1,2.249143919E1
2.458291871E1,1.761357117E1,7.206295013E0,-1.268119049E1,2.286878154E1
2.459284971E1,1.766110992E1,7.235687256E0,-1.296603394E1,2.307353484E1
2.460277983E1,1.775888062E1,7.054443359E0,-1.246116638E1,2.281279640E1
2.461271083E1,1.773225403E1,7.078594208E0,-1.228580475E1,2.270419184E1
2.462264183E1,1.764454651E1,6.970840454E0,-1.268519592E1,2.282184992E1
2.463257283E1,1.759446716E1,7.052913666E0,-1.240707397E1,2.265489683E1
2.464250383E1,1.782187653E1,6.797824860E0,-1.239498138E1,2.274786296E1
2.465243483E1,1.763346863E1,7.153011322E0,-1.258475494E1,2.281404926E1
2.466236583E1,1.728111267E1,6.830211639E0,-1.268208313E1,2.249719713E1
2.467229583E1,1.761151886E1,6.887027740E0,-1.261444092E1,2.273149505E1
2.468222683E1,1.736722565E1,6.712821960E0,-1.263437653E1,2.250133275E1
2.469215783E1,1.737123871E1,6.956554413E0,-1.258306122E1,2.254965661E1
2.470208883E1,1.740231323E1,6.927658081E0,-1.288057709E1,2.273196468E1
2.471201983E1,1.733204651E1,7.060108185E0,-1.308296204E1,2.283437889E1
2.472195083E1,1.752110291E1,6.991100311E0,-1.319171143E1,2.301924805E1
2.473188083E1,1.768215942E1,7.300586700E0,-1.309801483E1,2.318437665E1
2.474181183E1,1.742189026E1,7.035713196E0,-1.302983093E1,2.286482046E1
2.475174283E1,1.731118774E1,7.248256683E0,-1.299821472E1,2.282910493E1
2.476167383E1,1.734570312E1,6.880809784E0,-1.279978943E1,2.262860070E1
2.477160483E1,1.757084656E1,7.059371948E0,-1.264011383E1,2.276712232E1
2.478153583E1,1.734501648E1,7.001403809E0,-1.249507141E1,2.249435622E1
2.479146583E1,1.730095673E1,7.504287720E0,-1.283791351E1,2.281336146E1
2.480139683E1,1.728911591E1,7.127243042E0,-1.287844086E1,2.270606441E1
2.481132783E1,1.778736877E1,7.351123810E0,-1.274396515E1,2.308328739E1
2.482125883E1,1.733171082E1,7.112403870E0,-1.309169769E1,2.285535029E1
2.483118983E1,1.768228912E1,7.297046661E0,-1.275640106E1,2.299208574E1
2.484112083E1,1.728347015E1,6.914279938E0,-1.276101685E1,2.256920820E1
2.485105083E1,1.732727051E1,7.034641266E0,-1.300419617E1,2.277783130E1
2.486098183E1,1.747637939E1,7.098773956E0,-1.285956573E1,2.282947348E1
2.487091283E1,1.742478180E1,7.250049591E0,-1.277787781E1,2.279167394E1
2.488084383E1,1.756115723E1,7.102466583E0,-1.282186127E1,2.287442679E1
2.489077483E1,1.763041687E1,7.386764526E0,-1.264912415E1,2.292152331E1
2.490070583E1,1.756307983E1,6.993694305E0,-1.258391571E1,2.270965583E1
2.491063683E1,1.746643829E1,7.335273743E0,-1.236014557E1,2.261981225E1
2.492056683E1,1.760070801E1,7.057201385E0,-1.258673096E1,2.275993871E1
2.493049783E1,1.759719086E1,7.393104553E0,-1.258499146E1,2.286265800E1
2.494042883E1,1.764839172E1,7.051239014E0,-1.296824646E1,2.300784906E1
2.495035983E1,1.727977753E1,7.302856445E0,-1.275006104E1,2.268229442E1
2.496029083E1,1.748744965E1,7.279850006E0,-1.282226562E1,2.287395040E1
2.497022183E1,1.758326721E1,7.389549255E0,-1.272884369E1,2.293033331E1
2.498015183E1,1.759334564E1,7.024726868E0,-1.271340942E1,2.281454312E1
2.499008283E1,1.773371124E1,7.312889099E0,-1.249240875E1,2.289155167E1
2.500001383E1,1.773889923E1,6.791343689E0,-1.266453552E1,2.282939673E1
2.500994483E1,1.765956879E1,7.169300079E0,-1.238867950E1,2.273188539E1
2.501987583E1,1.773501587E1,6.960338593E0,-1.251155853E1,2.279289798E1
2.502980683E1,1.768268585E1,7.259796143E0,-1.260050964E1,2.289442863E1
2.503973683E1,1.755036926E1,7.047321320E0,-1.278082275E1,2.282607345E1
2.504966783E1,1.763502502E1,7.412181854E0,-1.297701263E1,2.311573932E1
2.505959883E1,1.739729309E1,7.064743042E0,-1.304451752E1,2.286341703E1
2.506952983E1,1.743679047E1,7.314189911E0,-1.267810822E1,2.276562021E1
2.507946083E1,1.741783142E1,7.008243561E0,-1.268532562E1,2.265863666E1
2.508939183E1,1.739091492E1,7.260524750E0,-1.265764618E1,2.270187543E1
2.509932183E1,1.750055695E1,6.978759766E0,-1.265790558E1,2.269791081E1
2.510925283E1,1.763040924E1,7.010040283E0,-1.272288513E1,2.284390074E1
2.511918383E1,1.731580353E1,6.906463623E0,-1.285057831E1,2.264229791E1
2.512911483E1,1.749104309E1,7.154708862E0,-1.233374023E1,2.256651492E1
2.513904583E1,1.738471985E1,6.834384918E0,-1.259029388E1,2.252671307E1
2.514897683E1,1.743232727E1,6.902057648E0,-1.248390961E1,2.252492914E1
2.515890683E1,1.732225800E1,6.738189697E0,-1.273049927E1,2.252841393E1
2.516883783E1,1.722141266E1,6.950782776E0,-1.251210022E1,2.239292493E1
2.517876883E1,1.735890198E1,6.698970795E0,-1.287402344E1,2.262627161E1
2.518869983E1,1.750045013E1,6.790061951E0,-1.269153595E1,2.265934202E1
2.519863083E1,1.743455505E1,6.919242859E0,-1.262086487E1,2.260809284E1
2.520856183E1,1.745874786E1,6.959926605E0,-1.271578217E1,2.269228000E1
2.521849283E1,1.746821594E1,6.844345093E0,-1.299487305E1,2.282214612E1
2.522842283E1,1.759540558E1,7.059101105E0,-1.275144196E1,2.284794253E1
2.523835383E1,1.740802002E1,7.003345490E0,-1.302154541E1,2.283958524E1
2.524828483E1,1.752479553E1,7.071571350E0,-1.248245239E1,2.264811687E1
2.525821583E1,1.737464905E1,6.926639557E0,-1.232737732E1,2.240136149E1
2.526814683E1,1.756249237E1,6.681926727E0,-1.243600464E1,2.253316432E1
2.527807683E1,1.764232635E1,6.721080780E0,-1.263645935E1,2.271793809E1
2.528800783E1,1.756596375E1,6.781257629E0,-1.284344482E1,2.279259995E1
2.529793883E1,1.754090118E1,6.534610748E0,-1.252901459E1,2.252466556E1
2.530786983E1,1.763482666E1,6.670703888E0,-1.245261383E1,2.259541973E1
2.531780083E1,1.767646790E1,6.809963226E0,-1.249682617E1,2.269369474E1
2.532773183E1,1.742190552E1,6.722381592E0,-1.242108917E1,2.242758708E1
2.533766283E1,1.725608063E1,6.850158691E0,-1.276679993E1,2.253193674E1
2.534759283E1,1.750794983E1,6.913520813E0,-1.302487183E1,2.289044262E1
2.535752383E1,1.752718353E1,7.065418243E0,-1.286769867E1,2.286263254E1
2.536745483E1,1.756034088E1,6.826580048E0,-1.307654572E1,2.293390100E1
2.537738583E1,1.733740997E1,6.861888885E0,-1.294470215E1,2.269882414E1
2.538731683E1,1.709451294E1,6.812850952E0,-1.292298126E1,2.248645716E1
2.539724783E1,1.730181885E1,6.786155701E0,-1.315089417E1,2.276732004E1
2.540717783E1,1.717851257E1,6.668350220E0,-1.271070862E1,2.238593984E1
2.541710883E1,1.741425323E1,6.793048859E0,-1.275878906E1,2.263158030E1
2.542703983E1,1.737595367E1,6.668651581E0,-1.291796875E1,2.265543195E1
2.543697083E1,1.712887573E1,6.863075256E0,-1.319613647E1,2.268563871E1
2.544690183E1,1.720020294E1,6.842422485E0,-1.278097534E1,2.249486736E1
2.545683283E1,1.721958160E1,6.773284912E0,-1.296566010E1,2.259424088E1
2.546676283E1,1.715337372E1,6.877910614E0,-1.289128876E1,2.253284736E1
2.547669383E1,1.718060303E1,6.969657898E0,-1.327777100E1,2.280457091E1
2.548662483E1,1.733439636E1,6.650714874E0,-1.292837524E1,2.262423904E1
2.549655583E1,1.733769226E1,6.811817169E0,-1.272700500E1,2.256043179E1
2.550648683E1,1.718881989E1,6.731163025E0,-1.294133759E1,2.254422993E1
2.551641783E1,1.704797363E1,6.822551727E0,-1.280722046E1,2.238761964E1
2.552634783E1,1.736676788E1,6.860614777E0,-1.282238770E1,2.265140808E1
2.553627883E1,1.730746460E1,6.914325714E0,-1.269915009E1,2.255270813E1
2.554620983E1,1.729248047E1,6.760379791E0,-1.262387085E1,2.245205405E1
2.555614083E1,1.718590546E1,6.995098114E0,-1.268079376E1,2.247419130E1
2.556607183E1,1.730020142E1,6.589294434E0,-1.272668457E1,2.246517906E1
2.557600283E1,1.738481140E1,6.903823853E0,-1.276879120E1,2.264810102E1
2.558593283E1,1.731005859E1,7.056709290E0,-1.281779480E1,2.266563783E1
2.559586388E1,1.719535065E1,7.204032898E0,-1.284033966E1,2.263741364E1
2.560579488E1,1.721186829E1,6.965812683E0,-1.275911713E1,2.252922604E1
2.561572588E1,1.744919586E1,7.018733978E0,-1.247146606E1,2.256711166E1
2.562565688E1,1.722502136E1,6.802574158E0,-1.254674530E1,2.236955953E1
2.563558788E1,1.705535126E1,6.887565613E0,-1.264526367E1,2.232098250E1
2.564551788E1,1.710173798E1,6.911144257E0,-1.262017059E1,2.234954278E1
2.565544888E1,1.729992676E1,7.059684753E0,-1.221257782E1,2.232204452E1
2.566537988E1,1.689947510E1,7.200958252E0,-1.264157867E1,2.229922801E1
2.567531088E1,1.715850067E1,7.132682800E0,-1.271517181E1,2.251588114E1
2.568524188E1,1.695149231E1,6.762706757E0,-1.281835938E1,2.230241313E1
2.569517288E1,1.713056946E1,6.872596741E0,-1.316393280E1,2.267108561E1
2.570510288E1,1.689718628E1,6.868633270E0,-1.314163208E1,2.248100356E1
2.571503388E1,1.716809082E1,7.276584625E0,-1.257357025E1,2.248970198E1
2.572496488E1,1.723607635E1,6.870349884E0,-1.297725677E1,2.264273016E1
2.573489588E1,1.729953766E1,6.792522430E0,-1.264261627E1,2.247772476E1
2.574482688E1,1.721479034E1,6.703315735E0,-1.288359833E1,2.252266757E1
2.575475788E1,1.712895203E1,7.193172455E0,-1.295307922E1,2.264784733E1
2.576468788E1,1.694944763E1,6.883659363E0,-1.272798920E1,2.228609993E1
2.577461888E1,1.682077026E1,6.873180389E0,-1.274463654E1,2.219469940E1
2.578454988E1,1.704343414E1,6.663295746E0,-1.314662170E1,2.253246147E1
2.579448088E1,1.680963135E1,6.900825500E0,-1.310053253E1,2.240109487E1
2.580441188E1,1.684127808E1,6.910705566E0,-1.252675629E1,2.209764969E1
2.581434288E1,1.690615082E1,7.153232574E0,-1.265969086E1,2.229920277E1
2.582427288E1,1.704412079E1,6.902614594E0,-1.290607452E1,2.246586080E1
2.583420388E1,1.687220001E1,7.111763000E0,-1.270101929E1,2.228372045E1
2.584413488E1,1.667747498E1,6.632541656E0,-1.284127045E1,2.206868839E1
2.585406588E1,1.648768616E1,6.966213226E0,-1.271072388E1,2.195300487E1
2.586399688E1,1.682849121E1,6.690776825E0,-1.270035553E1,2.211930473E1
2.587392788E1,1.700090790E1,6.864162445E0,-1.246036530E1,2.216773102E1
2.588385788E1,1.719656372E1,6.722087860E0,-1.290074921E1,2.252415590E1
2.589378888E1,1.723087311E1,6.999744415E0,-1.269742584E1,2.251941458E1
2.590371988E1,1.706039429E1,6.678619385E0,-1.252869415E1,2.219525146E1
2.591365088E1,1.724814606E1,7.072723389E0,-1.246972656E1,2.242801906E1
2.592358188E1,1.724546814E1,6.667514801E0,-1.264304352E1,2.239884984E1
2.593351288E1,1.687921143E1,6.860088348E0,-1.240045929E1,2.203950955E1
2.594344288E1,1.712465668E1,6.659416199E0,-1.242311096E1,2.217961624E1
2.595337388E1,1.693626404E1,6.858852386E0,-1.249073792E1,2.213367184E1
2.596330488E1,1.704829407E1,6.943122864E0,-1.262477112E1,2.232120363E1
2.597323588E1,1.709580231E1,6.846668243E0,-1.237225342E1,2.218594098E1
2.598316688E1,1.695798492E1,6.863830566E0,-1.267421722E1,2.225581284E1
2.599309788E1,1.684333801E1,7.176296234E0,-1.258313751E1,2.221559391E1
2.600302788E1,1.700904083E1,7.032497406E0,-1.283033752E1,2.243615499E1
2.601295888E1,1.717403412E1,7.097782135E0,-1.265832520E1,2.248464267E1
2.602288988E1,1.687174225E1,7.111221313E0,-1.269085693E1,2.227741019E1
2.603282088E1,1.708335114E1,7.024948120E0,-1.282380676E1,2.248645819E1
2.604275188E1,1.703361511E1,7.059787750E0,-1.302289581E1,2.257388895E1
2.605268288E1,1.709652710E1,7.143089294E0,-1.272547913E1,2.247782869E1
2.606261288E1,1.674214935E1,7.115287781E0,-1.293898773E1,2.232362624E1
2.607254388E1,1.670507050E1,7.262260437E0,-1.286501312E1,2.230041187E1
2.608247488E1,1.677971649E1,7.102951050E0,-1.295192719E1,2.235538452E1
2.609240588E1,1.687194061E1,7.166442871E0,-1.269799042E1,2.229931040E1
2.610233688E1,1.680445099E1,7.265674591E0,-1.277590942E1,2.232495155E1
2.611226788E1,1.652523804E1,7.354740143E0,-1.253288269E1,2.200565480E1
2.612219788E1,1.666497040E1,7.172107697E0,-1.271592712E1,2.215525152E1
2.613212888E1,1.682799530E1,7.207225800E0,-1.288816833E1,2.238817573E1
2.614205988E1,1.679479218E1,7.431591034E0,-1.317933655E1,2.260505477E1
2.615199088E1,1.685889435E1,7.420269012E0,-1.289731598E1,2.248607281E1
2.616192188E1,1.693778992E1,7.046688080E0,-1.282497406E1,2.238357656E1
2.617185288E1,1.694338989E1,7.090709686E0,-1.286757660E1,2.242612656E1
2.618178288E1,1.680049896E1,7.031455994E0,-1.277639771E1,2.224712289E1
2.619171388E1,1.689939117E1,7.173984528E0,-1.252686310E1,2.222561079E1
2.620164488E1,1.690632629E1,7.275386810E0,-1.283263397E1,2.243728185E1
2.621157588E1,1.681515503E1,7.115386963E0,-1.298523712E1,2.240523496E1
2.622150688E1,1.685144806E1,7.200046539E0,-1.284510803E1,2.237875716E1
2.623143788E1,1.693975067E1,7.252490997E0,-1.252205658E1,2.227904126E1
2.624136788E1,1.696781921E1,7.029796600E0,-1.275092316E1,2.235868893E1
2.625129888E1,1.690489197E1,7.290401459E0,-1.287930298E1,2.246779409E1
2.626122988E1,1.682942200E1,7.302547455E0,-1.279587555E1,2.236718747E1
2.627116088E1,1.685984802E1,7.353816986E0,-1.305926514E1,2.255831345E1
2.628109188E1,1.702291107E1,7.401496887E0,-1.281888580E1,2.255849044E1
2.629102288E1,1.674059296E1,7.502544403E0,-1.280429077E1,2.237153297E1
2.630095288E1,1.701599884E1,7.346073151E0,-1.275478363E1,2.249874469E1
2.631088388E1,1.722255707E1,7.448993683E0,-1.275205231E1,2.268741539E1
2.632081488E1,1.698556519E1,7.403041840E0,-1.276026917E1,2.249753147E1
2.633074588E1,1.678723145E1,7.163433075E0,-1.243202209E1,2.208350258E1
2.634067688E1,1.683283997E1,7.437126160E0,-1.278496552E1,2.240782654E1
2.635060688E1,1.673529816E1,7.513168335E0,-1.245937347E1,2.217552458E1
2.636053788E1,1.691175842E1,7.156867981E0,-1.257955933E1,2.225923730E1
2.637046888E1,1.689430237E1,7.222866058E0,-1.231605530E1,2.211950417E1
2.638039988E1,1.708857727E1,7.124500275E0,-1.236284637E1,2.226247847E1
2.639033088E1,1.696942902E1,7.297618866E0,-1.231915283E1,2.220311439E1
2.640026188E1,1.687803650E1,7.147544861E0,-1.251212311E1,2.219253790E1
2.641019288E1,1.693968964E1,7.274990082E0,-1.236872101E1,2.220053659E1
2.642012288E1,1.700754547E1,7.078662872E0,-1.253411102E1,2.228156211E1
2.643005388E1,1.691742706E1,7.283939362E0,-1.257445526E1,2.230183930E1
2.643998488E1,1.702297974E1,7.217159271E0,-1.265190125E1,2.240401375E1
2.644991588E1,1.692517090E1,7.090324402E0,-1.260511017E1,2.226258998E1
2.645984688E1,1.711212158E1,6.877265930E0,-1.246270752E1,2.225849434E1
2.646977788E1,1.715103912E1,7.570682526E0,-1.262512207E1,2.260236900E1
2.647970788E1,1.696564484E1,7.199062347E0,-1.274681854E1,2.240850255E1
2.648963888E1,1.688796234E1,7.355159760E0,-1.262895966E1,2.233365776E1
2.649956988E1,1.705857086E1,7.400894165E0,-1.290805817E1,2.263594575E1
2.650950088E1,1.719178772E1,7.419509888E0,-1.315604401E1,2.288423444E1
2.651943188E1,1.697664642E1,7.315933228E0,-1.288832092E1,2.253526612E1
2.652936188E1,1.717841339E1,7.448020935E0,-1.285434723E1,2.271134398E1
2.653929288E1,1.724532318E1,7.241096497E0,-1.277914429E1,2.265261969E1
2.654922388E1,1.731484985E1,7.645324707E0,-1.247933960E1,2.267132401E1
2.655915488E1,1.710419464E1,7.385288239E0,-1.258311462E1,2.248178664E1
2.656908588E1,1.722103119E1,7.659107208E0,-1.229822540E1,2.250493694E1
2.657901688E1,1.707239532E1,7.328235626E0,-1.274808502E1,2.253183062E1
2.658894688E1,1.705768585E1,7.467887878E0,-1.279940033E1,2.259554480E1
2.659887825E1,1.723170471E1,7.143726349E0,-1.274663544E1,2.259294554E1
2.660880925E1,1.754911041E1,7.504840851E0,-1.240971375E1,2.276609118E1
2.661874025E1,1.737844086E1,7.269886017E0,-1.247943115E1,2.259640793E1
2.662867125E1,1.734294891E1,7.337348938E0,-1.234078979E1,2.251465432E1
2.663860225E1,1.726464081E1,6.923751831E0,-1.257289124E1,2.245180963E1
2.664853225E1,1.714269257E1,7.316417694E0,-1.258932495E1,2.249206480E1
2.665846325E1,1.722564697E1,6.853336334E0,-1.275125885E1,2.250079409E1
2.666839425E1,1.716046906E1,7.010540009E0,-1.269055176E1,2.246507230E1
2.667832525E1,1.725013733E1,7.123069763E0,-1.246701813E1,2.244397250E1
2.668825625E1,1.730309296E1,7.251495361E0,-1.226890564E1,2.241667363E1
2.669818725E1,1.730890656E1,7.168190002E0,-1.253874207E1,2.254331933E1
2.670811725E1,1.734439087E1,7.464187622E0,-1.239976501E1,2.258973581E1
2.671804825E1,1.735556030E1,7.281013489E0,-1.252188873E1,2.260589145E1
2.672797925E1,1.719735718E1,7.267280579E0,-1.224829102E1,2.232897431E1
2.673791025E1,1.724864960E1,6.755733490E0,-1.237661743E1,2.227861097E1
2.674784125E1,1.745687866E1,7.367126465E0,-1.228428650E1,2.258142732E1
2.675777225E1,1.725411224E1,7.298721313E0,-1.217356110E1,2.234214206E1
2.676770225E1,1.732811737E1,7.498271942E0,-1.197197723E1,2.235656442E1
2.677763325E1,1.759814453E1,7.263038635E0,-1.218407440E1,2.260305489E1
2.678756425E1,1.745478821E1,7.260311127E0,-1.214788055E1,2.247115375E1
2.679749525E1,1.738996124E1,7.258964539E0,-1.249356842E1,2.260956811E1
2.680742625E1,1.739215088E1,7.429100037E0,-1.256066895E1,2.270349849E1
2.681735625E1,1.711435699E1,7.203159332E0,-1.251616669E1,2.239288164E1
2.682728725E1,1.728567505E1,7.540126801E0,-1.260563660E1,2.268369785E1
2.683721825E1,1.731989288E1,7.259353638E0,-1.263887787E1,2.263665476E1
2.684714925E1,1.734745026E1,7.276618958E0,-1.232636261E1,2.249049642E1
2.685708025E1,1.721625519E1,7.297981262E0,-1.231756592E1,2.239156992E1
2.686701125E1,1.724291992E1,7.417194366E0,-1.246069336E1,2.253002305E1
2.687694125E1,1.730609894E1,7.084774017E0,-1.238523865E1,2.242965046E1
2.688687225E1,1.747771454E1,7.370147705E0,-1.209176636E1,2.249445257E1
2.689680325E1,1.738488770E1,7.022098541E0,-1.250322723E1,2.253607950E1
2.690673425E1,1.743896484E1,7.106666565E0,-1.212239838E1,2.239586450E1
2.691666525E1,1.746980286E1,6.914184570E0,-1.246042633E1,2.254467087E1
2.692659625E1,1.742011261E1,6.783535004E0,-1.241907501E1,2.244348669E1
2.693652625E1,1.735717773E1,6.546676636E0,-1.282412720E1,2.255191416E1
2.694645725E1,1.719886017E1,6.765243530E0,-1.231860352E1,2.221074748E1
2.695638825E1,1.731804657E1,6.630786896E0,-1.264287567E1,2.244380487E1
2.696631925E1,1.736078644E1,7.091880798E0,-1.214028168E1,2.234005636E1
2.697625025E1,1.719437408E1,6.764007568E0,-1.251007080E1,2.231367675E1
2.698618125E1,1.724456787E1,6.744277954E0,-1.237537384E1,2.227128833E1
2.699611125E1,1.726937103E1,6.543308258E0,-1.279248810E1,2.246539140E1
2.700604225E1,1.753839111E1,6.813549042E0,-1.233203125E1,2.249663548E1
2.701597325E1,1.729103851E1,6.931732178E0,-1.247714233E1,2.242115083E1
2.702590425E1,1.754594421E1,7.115837097E0,-1.218933868E1,2.251833194E1
2.703583525E1,1.715638733E1,6.977706909E0,-1.287083435E1,2.255412150E1
2.704576625E1,1.720167542E1,7.127250671E0,-1.274767303E1,2.256542725E1
2.705569625E1,1.705873871E1,6.951908112E0,-1.264955139E1,2.234593348E1
2.706562725E1,1.705500793E1,6.925678253E0,-1.278092194E1,2.240960242E1
2.707555825E1,1.737748718E1,7.081352234E0,-1.304010773E1,2.285097415E1
2.708548925E1,1.731510162E1,7.229328156E0,-1.306157684E1,2.286221160E1
2.709542025E1,1.753211975E1,7.097606659E0,-1.273575592E1,2.280242799E1
2.710535025E1,1.746233368E1,7.108879089E0,-1.265909576E1,2.270951265E1
2.711528125E1,1.748699951E1,6.899139404E0,-1.241879272E1,2.253041698E1
2.712521225E1,1.762089539E1,6.883655548E0,-1.232671356E1,2.257938297E1
2.713514325E1,1.739752197E1,7.019954681E0,-1.254780579E1,2.256991282E1
2.714507425E1,1.720754242E1,6.905914307E0,-1.238792419E1,2.229914425E1
2.715500525E1,1.737342834E1,6.950141907E0,-1.273024750E1,2.263182905E1
2.716493525E1,1.730422211E1,6.781837463E0,-1.239743805E1,2.234112558E1
2.717486625E1,1.741235352E1,6.937072754E0,-1.237610626E1,2.246065537E1
2.718479725E1,1.731889343E1,7.042274475E0,-1.213066101E1,2.228655730E1
2.719472825E1,1.745793152E1,7.049568176E0,-1.238166809E1,2.253400739E1
2.720465925E1,1.739326477E1,6.995075226E0,-1.260478210E1,2.259064560E1
2.721459025E1,1.736486053E1,7.099029541E0,-1.230899811E1,2.243760317E1
2.722452025E1,1.730927277E1,7.189235687E0,-1.251977539E1,2.253976063E1
2.723445125E1,1.742916107E1,7.050163269E0,-1.257810211E1,2.262054620E1
2.724438225E1,1.749394226E1,7.147193909E0,-1.243807983E1,2.262357679E1
2.725431325E1,1.754803467E1,7.106117249E0,-1.254580688E1,2.271184038E1
2.726424425E1,1.744457245E1,6.873050690E0,-1.249676514E1,2.253266679E1
2.727417525E1,1.745785522E1,6.872703552E0,-1.260761261E1,2.260448316E1
2.728410525E1,1.736232758E1,6.748664856E0,-1.232560730E1,2.233641626E1
2.729403625E1,1.750759125E1,6.672176361E0,-1.233806610E1,2.243349201E1
2.730396725E1,1.725172424E1,6.885154724E0,-1.273013306E1,2.251851755E1
2.731389825E1,1.726094055E1,6.983673096E0,-1.251522827E1,2.243530025E1
2.732382925E1,1.748609161E1,6.952743530E0,-1.280937958E1,2.276366068E1
2.733375925E1,1.774845123E1,7.031803131E0,-1.264888000E1,2.290082841E1
2.734369025E1,1.728190613E1,6.804611206E0,-1.282593536E1,2.257147826E1
2.735362125E1,1.735053253E1,7.113548279E0,-1.273261261E1,2.266634007E1
2.736355225E1,1.722093201E1,7.154636383E0,-1.256867981E1,2.248824211E1
2.737348325E1,1.732697296E1,7.139541626E0,-1.255525970E1,2.255729578E1
2.738341425E1,1.729657745E1,7.339397430E0,-1.274467468E1,2.270385604E1
2.739334425E1,1.732132721E1,7.213771820E0,-1.265619659E1,2.263285648E1
2.740327525E1,1.732103729E1,6.988059998E0,-1.232028198E1,2.237500086E1
2.741320625E1,1.735958862E1,7.128623962E0,-1.256332397E1,2.258339448E1
2.742313725E1,1.719655609E1,6.971740723E0,-1.253264618E1,2.239182731E1
2.743306825E1,1.742999268E1,7.293354034E0,-1.222910309E1,2.250663502E1
2.744299925E1,1.717224121E1,7.290462494E0,-1.256240845E1,2.249112753E1
2.745292925E1,1.714946747E1,7.283779144E0,-1.265847778E1,2.252542414E1
2.746286025E1,1.704880524E1,7.136772156E0,-1.244680786E1,2.228269065E1
2.747279125E1,1.708573914E1,7.324722290E0,-1.215274811E1,2.220953230E1
2.748272225E1,1.703209686E1,7.071521759E0,-1.245285034E1,2.225246560E1
2.749265325E1,1.726364899E1,7.068729401E0,-1.236130524E1,2.237861432E1
2.750258325E1,1.718814850E1,6.993663788E0,-1.256443787E1,2.241001742E1
2.751251425E1,1.722871399E1,7.206031799E0,-1.241311646E1,2.242411515E1
2.752244525E1,1.712091064E1,7.296699524E0,-1.229302216E1,2.230438968E1
2.753237625E1,1.729208374E1,7.325572968E0,-1.228745270E1,2.244240792E1
2.754230725E1,1.722229004E1,7.085308075E0,-1.263591003E1,2.250500138E1
2.755223825E1,1.757031250E1,7.232257843E0,-1.279455566E1,2.290681317E1
2.756216825E1,1.741526031E1,6.936370850E0,-1.275126648E1,2.267155330E1
2.757209925E1,1.745627594E1,7.060565948E0,-1.281470490E1,2.277695815E1
2.758203025E1,1.723670959E1,7.017375946E0,-1.256429291E1,2.245460263E1
2.759196125E1,1.726299286E1,7.217769623E0,-1.245786285E1,2.247900059E1
2.760189221E1,1.734132385E1,6.860496521E0,-1.241665649E1,2.240449250E1
2.761182321E1,1.756489563E1,7.193881989E0,-1.235823822E1,2.264958164E1
2.762175321E1,1.737012482E1,6.999404907E0,-1.262413025E1,2.258498549E1
2.763168421E1,1.759178925E1,7.221614838E0,-1.244149017E1,2.272473207E1
2.764161521E1,1.745929718E1,6.824893951E0,-1.258136749E1,2.257647101E1
2.765154621E1,1.735602570E1,6.960289001E0,-1.277715302E1,2.264802177E1
2.766147721E1,1.732342529E1,6.865200043E0,-1.300669098E1,2.272456921E1
2.767140821E1,1.762624359E1,7.237857819E0,-1.275874329E1,2.293156295E1
2.768133821E1,1.767984772E1,7.226169586E0,-1.262430573E1,2.289470763E1
2.769126921E1,1.762508392E1,7.397018433E0,-1.276416016E1,2.298441319E1
2.770120021E1,1.727217865E1,7.078266144E0,-1.264035797E1,2.254348368E1
2.771113121E1,1.727649689E1,7.358547211E0,-1.254390717E1,2.258262980E1
2.772106221E1,1.718621826E1,7.248924255E0,-1.262996674E1,2.252618611E1
2.773099221E1,1.730962372E1,7.309452057E0,-1.282926941E1,2.275173216E1
2.774092321E1,1.736751556E1,7.099159241E0,-1.279223633E1,2.270836782E1
2.775085421E1,1.745874786E1,7.420570374E0,-1.264991760E1,2.280116569E1
2.776078521E1,1.737965393E1,7.140609741E0,-1.296379089E1,2.282762696E1
2.777071621E1,1.720222473E1,7.346557617E0,-1.263671875E1,2.257377029E1
2.778064721E1,1.755146027E1,7.328258514E0,-1.261302185E1,2.282203870E1
2.779057721E1,1.740766907E1,7.310474396E0,-1.244097137E1,2.261078829E1
2.780050821E1,1.756097412E1,7.157958984E0,-1.257069397E1,2.275184687E1
2.781043921E1,1.736753082E1,7.413192749E0,-1.224095917E1,2.250394710E1
2.782037021E1,1.750476074E1,7.140975952E0,-1.238357544E1,2.260006918E1
2.783030121E1,1.762547302E1,7.369487762E0,-1.253441620E1,2.284903146E1
2.784023221E1,1.732536316E1,7.193550110E0,-1.266800690E1,2.263611651E1
2.785016221E1,1.729589081E1,7.469768524E0,-1.259669495E1,2.266323022E1
2.786009321E1,1.735189819E1,7.234363556E0,-1.272295380E1,2.270017490E1
2.787002421E1,1.740333557E1,7.374942780E0,-1.278835297E1,2.282121473E1
2.787995521E1,1.734841919E1,7.240821838E0,-1.271834564E1,2.269699242E1
2.788988621E1,1.735322571E1,7.639648438E0,-1.291674042E1,2.294211964E1
2.789981621E1,1.735482025E1,7.361938477E0,-1.296470642E1,2.287950036E1
2.790974721E1,1.750953674E1,7.296558380E0,-1.279826355E1,2.288272691E1
2.791967821E1,1.744551086E1,7.244567871E0,-1.283448029E1,2.283754578E1
2.792960921E1,1.722537994E1,7.342380524E0,-1.302980042E1,2.281227663E1
2.793954021E1,1.743079376E1,7.323093414E0,-1.280606842E1,2.283540358E1
2.794947121E1,1.753659821E1,7.426624298E0,-1.294506073E1,2.302741024E1
2.795940121E1,1.741095734E1,7.216690063E0,-1.304840088E1,2.292341197E1
2.796933221E1,1.762765503E1,7.365905762E0,-1.268777466E1,2.293404490E1
2.797926321E1,1.766972351E1,7.186145782E0,-1.275270081E1,2.294539601E1
2.798919421E1,1.766570282E1,7.309432983E0,-1.288534546E1,2.305508608E1
2.799912521E1,1.766306305E1,7.502487183E0,-1.283335876E1,2.308606089E1
2.800905621E1,1.760463715E1,7.411418915E0,-1.256215668E1,2.286176196E1
2.801898621E1,1.742998505E1,7.247982025E0,-1.245185852E1,2.261385422E1
2.802891721E1,1.760971069E1,7.289276123E0,-1.259860992E1,2.284645332E1
2.803884821E1,1.763777924E1,7.108337402E0,-1.279430389E1,2.291972795E1
2.804877921E1,1.729800415E1,7.139518738E0,-1.304511261E1,2.281159000E1
2.805871021E1,1.732309723E1,7.243701935E0,-1.288105774E1,2.277021220E1
2.806864021E1,1.757035828E1,7.454906464E0,-1.257666016E1,2.285750426E1
2.807857121E1,1.767381287E1,7.377006531E0,-1.268450165E1,2.297129663E1
2.808850221E1,1.759667206E1,7.336528778E0,-1.254574585E1,2.282242890E1
2.809843321E1,1.765810394E1,7.306999207E0,-1.267504883E1,2.293158815E1
2.810836421E1,1.740299225E1,7.293636322E0,-1.264290619E1,2.271352784E1
2.811829521E1,1.768820190E1,7.433345795E0,-1.260269165E1,2.295549941E1
2.812822521E1,1.760311890E1,7.473461151E0,-1.249275970E1,2.284275512E1
2.813815621E1,1.747890472E1,7.100524902E0,-1.255512238E1,2.266187684E1
2.814808721E1,1.733234406E1,7.047378540E0,-1.238362122E1,2.243724068E1
2.815801821E1,1.698378754E1,7.183628082E0,-1.277672577E1,2.243431017E1
2.816794921E1,1.713694763E1,7.257934570E0,-1.242901611E1,2.237929914E1
2.817787921E1,1.726288605E1,7.309211731E0,-1.261479187E1,2.259568067E1
2.818781021E1,1.738871002E1,7.160526276E0,-1.262779999E1,2.265174839E1
2.819774121E1,1.738910675E1,7.453754425E0,-1.238460541E1,2.261234043E1
2.820767221E1,1.717237854E1,7.292812347E0,-1.250292206E1,2.245882358E1
2.821760321E1,1.719158173E1,7.184349060E0,-1.243070984E1,2.239839058E1
2.822753421E1,1.721882629E1,7.291511536E0,-1.251544189E1,2.250089788E1
2.823746421E1,1.716492462E1,7.463909149E0,-1.269866943E1,2.261859373E1
2.824739521E1,1.714993286E1,7.274173737E0,-1.244107819E1,2.240121039E1
2.825732621E1,1.743763733E1,7.254146576E0,-1.231638336E1,2.254744192E1
2.826725721E1,1.733863068E1,7.099605560E0,-1.253723907E1,2.254362164E1
2.827718821E1,1.738871002E1,6.943885803E0,-1.272686005E1,2.263973836E1
2.828711921E1,1.728059387E1,6.917961121E0,-1.242987061E1,2.238255557E1
2.829704921E1,1.717366028E1,7.101512909E0,-1.272653961E1,2.252400727E1
2.830698021E1,1.734374237E1,7.124881744E0,-1.278762817E1,2.269565539E1
2.831691121E1,1.747666931E1,7.248180389E0,-1.235064697E1,2.259443670E1
2.832684221E1,1.738803101E1,6.981422424E0,-1.258744049E1,2.257271670E1
2.833677321E1,1.761849213E1,7.364475250E0,-1.266147614E1,2.291199988E1
2.834670321E1,1.755153656E1,7.117527008E0,-1.268514252E1,2.279536065E1
2.835663421E1,1.756493378E1,7.387329102E0,-1.225955200E1,2.265824674E1
2.836656521E1,1.759003448E1,7.324928284E0,-1.255322266E1,2.281769679E1
2.837649621E1,1.738104248E1,7.509475708E0,-1.251904297E1,2.269844268E1
2.838642721E1,1.734908295E1,7.283061981E0,-1.234821320E1,2.250582236E1
2.839635821E1,1.739659119E1,7.329658508E0,-1.215106964E1,2.245025105E1
2.840628821E1,1.744035339E1,7.284030914E0,-1.234766388E1,2.257626710E1
2.841621921E1,1.749658966E1,7.465751648E0,-1.253606415E1,2.278203243E1
2.842615021E1,1.746849823E1,7.429992676E0,-1.262407684E1,2.279738006E1
2.843608121E1,1.750437164E1,7.523471832E0,-1.227337646E1,2.266365868E1
2.844601221E1,1.765693665E1,7.205753326E0,-1.257216644E1,2.284184016E1
2.845594221E1,1.770443726E1,7.416942596E0,-1.234193420E1,2.282063706E1
2.846587321E1,1.770200348E1,7.695461273E0,-1.208048248E1,2.277101465E1
2.847580421E1,1.756507111E1,7.623054504E0,-1.212670135E1,2.266494140E1
2.848573521E1,1.762609863E1,7.694282532E0,-1.211768341E1,2.273146691E1
2.849566621E1,1.743827057E1,7.736854553E0,-1.240651703E1,2.275684213E1
2.850559721E1,1.743925476E1,7.822185516E0,-1.241725922E1,2.279259791E1
2.851552721E1,1.751539612E1,7.284656525E0,-1.249693298E1,2.271626413E1
2.852545821E1,1.736114502E1,7.468223572E0,-1.228959656E1,2.254368877E1
2.855015171E1,2.015643311E1,-2.527690887E1,-2.015142059E1,3.809571721E1
2.856008271E1,2.010866547E1,-2.527343750E1,-2.011186218E1,3.804723473E1
2.857001371E1,2.015296936E1,-2.526165009E1,-2.011656952E1,3.806533211E1
2.857994471E1,2.026438904E1,-2.523474121E1,-1.998381042E1,3.803669684E1
2.858987571E1,2.010258484E1,-2.500377655E1,-1.989675903E1,3.775160631E1
2.859980571E1,1.985894012E1,-2.516210938E1,-2.031037903E1,3.794760529E1
2.860973671E1,1.999523926E1,-2.510470581E1,-2.007939911E1,3.785813143E1
2.861966771E1,1.987059021E1,-2.527304840E1,-2.022727966E1,3.798302480E1
2.862959871E1,1.987634277E1,-2.511408997E1,-2.005984497E1,3.779132039E1
2.863952971E1,1.993198395E1,-2.552111816E1,-2.013689423E1,3.813274138E1
2.864946071E1,1.996044922E1,-2.517523956E1,-2.034146118E1,3.802613921E1
2.865939071E1,2.003551483E1,-2.549707794E1,-2.012609100E1,3.816519851E1
2.866932171E1,1.996913147E1,-2.522846985E1,-2.019355011E1,3.798712109E1
2.867925271E1,2.000787354E1,-2.541212463E1,-2.038488770E1,3.823133176E1
2.868918371E1,1.993278503E1,-2.508332062E1,-2.020751953E1,3.787918608E1
2.869911371E1,1.985156250E1,-2.549098206E1,-2.022505951E1,3.811728915E1
2.870904471E1,2.003976440E1,-2.504795837E1,-2.043601227E1,3.803449715E1
2.871897571E1,2.004297638E1,-2.550920868E1,-2.069570160E1,3.848054956E1
2.872890671E1,2.007926941E1,-2.511649323E1,-2.057500458E1,3.817520275E1
2.873883771E1,1.975324249E1,-2.523364258E1,-2.051187897E1,3.804818636E1
2.874876871E1,1.982608795E1,-2.487030029E1,-2.046956635E1,3.782338888E1
2.875869871E1,1.987853241E1,-2.523070526E1,-2.070996094E1,3.821841207E1
2.876862971E1,2.004647064E1,-2.511223602E1,-2.045652771E1,3.809140204E1
2.877856071E1,2.028556824E1,-2.541538239E1,-2.062976074E1,3.851016708E1
2.878849171E1,2.023369598E1,-2.510704041E1,-2.051146698E1,3.821630815E1
2.879842271E1,1.999713135E1,-2.532096863E1,-2.067498779E1,3.832090597E1
2.880835271E1,2.024038696E1,-2.511994171E1,-2.060327148E1,3.827766362E1
2.881828371E1,2.023402405E1,-2.548731995E1,-2.075052643E1,3.859538255E1
2.882821471E1,2.003847504E1,-2.522805786E1,-2.057598114E1,3.822782213E1
2.883814571E1,2.002339172E1,-2.522249603E1,-2.073651123E1,3.830291660E1
2.884807671E1,1.996191406E1,-2.504589844E1,-2.060303497E1,3.808228055E1
2.885800671E1,1.989172363E1,-2.500435638E1,-2.074594879E1,3.809583834E1
2.886793771E1,1.978337097E1,-2.491632843E1,-2.044461060E1,3.781781712E1
2.887786871E1,1.985370636E1,-2.494495392E1,-2.049889374E1,3.790283666E1
2.888779971E1,1.985590363E1,-2.542405701E1,-2.026239014E1,3.809467204E1
2.889773071E1,1.994303894E1,-2.550814056E1,-2.018375397E1,3.815460603E1
2.890766071E1,1.992187500E1,-2.529251862E1,-2.024182892E1,3.803056980E1
2.891759171E1,1.988690948E1,-2.502814484E1,-2.043903351E1,3.794273703E1
2.892752271E1,2.002239227E1,-2.492159271E1,-2.045267487E1,3.795120400E1
2.893745371E1,2.008732605E1,-2.490350342E1,-2.051779938E1,3.800875217E1
2.894738471E1,2.016492462E1,-2.508143616E1,-2.057495880E1,3.819727156E1
2.895731471E1,2.001041412E1,-2.525367737E1,-2.054392242E1,3.821279423E1
2.896724571E1,1.989730072E1,-2.521081543E1,-2.072180939E1,3.822147531E1
2.897717671E1,1.993167877E1,-2.517482758E1,-2.049219513E1,3.809165031E1
2.898710771E1,2.007357788E1,-2.512642670E1,-2.025363922E1,3.800652246E1
2.899703871E1,2.013969421E1,-2.520792389E1,-2.079467010E1,3.838573973E1
2.900696871E1,1.991567993E1,-2.525991821E1,-2.058956909E1,3.819199040E1
2.901689971E1,1.996055603E1,-2.526129150E1,-2.052523804E1,3.818169774E1
2.902683071E1,1.991419220E1,-2.518226624E1,-2.065663147E1,3.817614448E1
2.903676171E1,1.990442657E1,-2.513430786E1,-2.056708527E1,3.809100452E1
2.904669271E1,1.985423279E1,-2.498822784E1,-2.053882599E1,3.795320096E1
2.905662271E1,1.999575043E1,-2.493991089E1,-2.086328125E1,3.817205385E1
2.906655371E1,1.988074493E1,-2.515892029E1,-2.056345367E1,3.809292475E1
2.907648471E1,1.974484253E1,-2.500486755E1,-2.093448639E1,3.812289244E1
2.908641571E1,1.963572693E1,-2.511955261E1,-2.081435394E1,3.807612146E1
2.909634671E1,1.962868500E1,-2.493683624E1,-2.075921631E1,3.792197435E1
2.910627671E1,1.967651367E1,-2.495918274E1,-2.082809448E1,3.799915148E1
2.911620771E1,1.958300781E1,-2.521526337E1,-2.104666138E1,3.823958233E1
2.912613871E1,1.963838196E1,-2.524601746E1,-2.078002167E1,3.814232221E1
2.913606971E1,1.965683746E1,-2.509596252E1,-2.092412567E1,3.813158309E1
2.914600071E1,1.980291748E1,-2.523344421E1,-2.100891876E1,3.834392931E1
2.915593071E1,1.972431946E1,-2.504588318E1,-2.077069092E1,3.804952882E1
2.916586121E1,1.990866089E1,-2.529609680E1,-2.054655457E1,3.818911096E1
2.917579221E1,1.985752869E1,-2.527504730E1,-2.065818787E1,3.820877108E1
2.918572321E1,1.962878418E1,-2.562917328E1,-2.081203461E1,3.840943212E1
2.919565421E1,1.965235138E1,-2.518911743E1,-2.053057861E1,3.797645599E1
2.920558421E1,1.966346741E1,-2.520684814E1,-2.087472534E1,3.818103328E1
2.921551521E1,1.977126312E1,-2.492926788E1,-2.058383179E1,3.789545321E1
2.922544621E1,1.988769531E1,-2.524278259E1,-2.035813904E1,3.804171819E1
2.923537721E1,1.991617584E1,-2.538439941E1,-2.068716431E1,3.832728220E1
2.924530821E1,1.973659515E1,-2.522911072E1,-2.078022003E1,3.818191667E1
2.925523821E1,1.967076874E1,-2.530625916E1,-2.033197784E1,3.795701804E1
2.926516921E1,1.966761780E1,-2.536656189E1,-2.041248322E1,3.803875817E1
2.927510021E1,1.971760559E1,-2.521737671E1,-2.094112396E1,3.825219904E1
2.928503121E1,1.962110901E1,-2.542887878E1,-2.048102570E1,3.809315173E1
2.929496221E1,1.960337830E1,-2.510742950E1,-2.082881927E1,3.805936375E1
2.930489221E1,1.952819824E1,-2.519938660E1,-2.095482635E1,3.815054861E1
2.931482321E1,1.973023224E1,-2.519833374E1,-2.120541382E1,3.839150508E1
2.932475421E1,1.956513977E1,-2.520067596E1,-2.118408203E1,3.829665906E1
2.933468521E1,1.980052185E1,-2.529137421E1,-2.105618286E1,3.840673263E1
2.934461621E1,1.953797913E1,-2.487850952E1,-2.079113770E1,3.785425037E1
2.935454621E1,1.967425537E1,-2.518412018E1,-2.089146423E1,3.818074792E1
2.936447721E1,1.966133881E1,-2.534817505E1,-2.080638123E1,3.823615726E1
2.937440821E1,1.986736298E1,-2.539361572E1,-2.076255035E1,3.834881130E1
2.938433921E1,1.974249268E1,-2.528649902E1,-2.088113403E1,3.827786316E1
2.939427021E1,1.966515350E1,-2.544822693E1,-2.125804901E1,3.855172063E1
2.940420021E1,1.983621979E1,-2.480927277E1,-2.104169464E1,3.810155566E1
2.941413121E1,1.956356812E1,-2.515072632E1,-2.117136383E1,3.825596526E1
2.942406221E1,1.962980652E1,-2.510403442E1,-2.103906250E1,3.818617550E1
2.943399321E1,1.986521149E1,-2.549757385E1,-2.108953094E1,3.859431584E1
2.944392421E1,1.978800964E1,-2.507324219E1,-2.108322144E1,3.827185683E1
2.945385421E1,1.976640320E1,-2.523295593E1,-2.106817627E1,3.835727847E1
2.946378521E1,1.965878296E1,-2.500085449E1,-2.109432220E1,3.816386907E1
2.947371621E1,1.961519623E1,-2.535362244E1,-2.135406494E1,3.851698565E1
2.948364721E1,1.958898163E1,-2.524243927E1,-2.102135468E1,3.824665075E1
2.949357821E1,1.952552032E1,-2.549980927E1,-2.135489655E1,3.856835261E1
2.950350821E1,1.956248474E1,-2.521612549E1,-2.098021698E1,3.819310538E1
2.951343921E1,1.957231903E1,-2.522924042E1,-2.125882721E1,3.836050024E1
2.952337021E1,1.953170776E1,-2.514585114E1,-2.095194244E1,3.811542115E1
2.953330121E1,1.944554901E1,-2.527886200E1,-2.044812775E1,3.788503885E1
2.954323221E1,1.955812073E1,-2.501956177E1,-2.027928162E1,3.767954114E1
2.955316221E1,1.973032379E1,-2.522898102E1,-2.072161102E1,3.814672101E1
2.956309321E1,1.966999817E1,-2.485836029E1,-2.119622803E1,3.813301702E1
2.957302421E1,1.977411652E1,-2.493302917E1,-2.132263947E1,3.830569907E1
2.958295521E1,1.983102417E1,-2.501570129E1,-2.091070557E1,3.816166189E1
2.959288621E1,1.992922211E1,-2.518180084E1,-2.090208435E1,3.831702125E1
2.960281621E1,1.988174438E1,-2.510010529E1,-2.067411041E1,3.811453642E1
2.961274721E1,1.982781219E1,-2.521225739E1,-2.076011658E1,3.820710011E1
2.962267821E1,1.990814972E1,-2.508074188E1,-2.085274506E1,3.821275985E1
2.963260921E1,1.973992157E1,-2.513631439E1,-2.093807220E1,3.820865965E1
2.964254021E1,2.011896515E1,-2.522282410E1,-2.079000854E1,3.838213216E1
2.965247021E1,1.979459381E1,-2.543259430E1,-2.074375916E1,3.832683578E1
2.966240121E1,1.991859436E1,-2.480614471E1,-2.110010529E1,3.817472541E1
2.967233221E1,1.994302368E1,-2.514973450E1,-2.095989227E1,3.833471564E1
2.968226321E1,1.994343567E1,-2.515000153E1,-2.085690308E1,3.827889247E1
2.969219421E1,1.991161346E1,-2.523251343E1,-2.086687469E1,3.832203732E1
2.970212421E1,1.979230499E1,-2.495120239E1,-2.089014435E1,3.808800295E1
2.971205521E1,1.991480255E1,-2.530833435E1,-2.115254211E1,3.852974417E1
2.972198621E1,1.988263702E1,-2.522878265E1,-2.098300171E1,3.836791746E1
2.973191721E1,1.974002838E1,-2.530857849E1,-2.134355927E1,3.854530306E1
2.974184821E1,1.987175751E1,-2.507386780E1,-2.142652130E1,3.850560229E1
2.975177821E1,1.966246033E1,-2.516654968E1,-2.117517090E1,3.831912619E1
2.976170921E1,1.984614563E1,-2.487325287E1,-2.100590515E1,3.812868023E1
2.977164021E1,1.970001221E1,-2.513275146E1,-2.113796997E1,3.829568450E1
2.978157121E1,1.989145660E1,-2.497847748E1,-2.122309113E1,3.834076134E1
2.979150221E1,1.972069550E1,-2.501089478E1,-2.119380188E1,3.825739048E1
2.980143221E1,1.952239227E1,-2.511444092E1,-2.104706573E1,3.814233761E1
2.981136321E1,1.979826355E1,-2.519731903E1,-2.093919373E1,3.827957628E1
2.982129421E1,1.951255798E1,-2.530471802E1,-2.094416809E1,3.820637185E1
2.983122521E1,1.958556366E1,-2.532206726E1,-2.108953857E1,3.833497139E1
2.984115621E1,1.930582428E1,-2.505388641E1,-2.122732544E1,3.809214382E1
2.985108621E1,1.939260101E1,-2.494560242E1,-2.142291260E1,3.817456271E1
2.986101721E1,1.961879730E1,-2.493895721E1,-2.102081299E1,3.806209891E1
2.987094821E1,1.956537628E1,-2.506818390E1,-2.091946411E1,3.806365421E1
2.988087921E1,1.946294403E1,-2.507920074E1,-2.120622253E1,3.817690892E1
2.989081021E1,1.954341125E1,-2.516497040E1,-2.100668335E1,3.816413767E1
2.990074021E1,1.958810425E1,-2.509708405E1,-2.081590271E1,3.803760325E1
2.991067121E1,1.969015503E1,-2.486096954E1,-2.079660034E1,3.792451183E1
2.992060221E1,1.970759583E1,-2.486844635E1,-2.082064056E1,3.795165386E1
2.993053321E1,1.967414856E1,-2.504921722E1,-2.092033386E1,3.810768655E1
2.994046421E1,1.962577820E1,-2.512506104E1,-2.062956238E1,3.797392139E1
2.995039421E1,1.960821533E1,-2.500245667E1,-2.048179626E1,3.780355706E1
2.996032521E1,1.993592072E1,-2.501222992E1,-2.062338257E1,3.805754181E1
2.997025621E1,1.957973480E1,-2.501405334E1,-2.071857452E1,3.792529776E1
2.998018721E1,1.963189697E1,-2.519686890E1,-2.048560333E1,3.794671955E1
2.999011821E1,1.947911835E1,-2.491320801E1,-2.081431580E1,3.785947341E1
3.000004821E1,1.955184937E1,-2.516252136E1,-2.074697876E1,3.802452396E1
3.000997921E1,1.940798950E1,-2.534629822E1,-2.078968811E1,3.809614182E1
3.001991021E1,1.957702637E1,-2.502803802E1,-2.049796295E1,3.781308152E1
3.002984121E1,1.967821503E1,-2.480040741E1,-2.087068939E1,3.791936220E1
3.003977221E1,1.969039154E1,-2.492031860E1,-2.097546387E1,3.806184287E1
3.004970221E1,1.964250946E1,-2.489555359E1,-2.099588013E1,3.803214100E1
3.005963321E1,1.959434509E1,-2.490963745E1,-2.112470245E1,3.808781237E1
3.006956421E1,1.957059479E1,-2.468228149E1,-2.087508392E1,3.778878576E1
3.007949521E1,1.942561340E1,-2.473186493E1,-2.070171356E1,3.765077082E1
3.008942621E1,1.954489136E1,-2.485238647E1,-2.079564667E1,3.784313428E1
3.009935621E1,1.954635620E1,-2.499490356E1,-2.083245850E1,3.795782623E1
3.010928721E1,1.929074860E1,-2.489652252E1,-2.084381866E1,3.776816903E1
3.011921821E1,1.937460327E1,-2.477846527E1,-2.114002228E1,3.789786452E1
3.012914921E1,1.935233307E1,-2.457861328E1,-2.082616425E1,3.758124723E1
3.013908021E1,1.959120178E1,-2.480429840E1,-2.085781860E1,3.786973730E1
3.014901021E1,1.953775787E1,-2.480737305E1,-2.121818542E1,3.804393687E1
3.015894121E1,1.952728271E1,-2.502246857E1,-2.112357330E1,3.812668426E1
3.016887246E1,1.982523346E1,-2.498686218E1,-2.090689850E1,3.813766600E1
3.017880346E1,1.964604187E1,-2.515034485E1,-2.122977448E1,3.833027695E1
3.018873446E1,1.974390411E1,-2.490527344E1,-2.098638916E1,3.808573125E1
3.019866446E1,1.972116089E1,-2.514668274E1,-2.117731476E1,3.833742949E1
3.020859546E1,1.986764526E1,-2.480895996E1,-2.104570007E1,3.811993329E1
3.021852646E1,1.975437164E1,-2.483245850E1,-2.116138458E1,3.814040366E1
3.022845746E1,1.972689819E1,-2.494183350E1,-2.090007782E1,3.805336809E1
3.023838746E1,1.965426636E1,-2.519635773E1,-2.103678894E1,3.825824248E1
3.024831846E1,1.984137726E1,-2.499089813E1,-2.097078705E1,3.818375506E1
3.025824946E1,1.987451172E1,-2.503963470E1,-2.121499634E1,3.836737666E1
3.026818046E1,1.995583344E1,-2.489114380E1,-2.112429047E1,3.826277532E1
3.027811146E1,1.992188263E1,-2.465442657E1,-2.094809723E1,3.799401183E1
3.028804146E1,1.968027496E1,-2.453614807E1,-2.158737946E1,3.814905945E1
3.029797246E1,1.972544098E1,-2.501997375E1,-2.146962738E1,3.841922707E1
3.030790346E1,1.976207733E1,-2.467958832E1,-2.126556396E1,3.810309687E1
3.031783446E1,1.968769836E1,-2.515850830E1,-2.154490662E1,3.853231122E1
3.032776546E1,1.958187866E1,-2.491915131E1,-2.114917755E1,3.810120451E1
3.033769546E1,1.966154480E1,-2.514087677E1,-2.120892334E1,3.832047048E1
3.034762646E1,1.994144440E1,-2.490570068E1,-2.111569214E1,3.825999981E1
3.035755746E1,1.966104126E1,-2.507946777E1,-2.122129822E1,3.828680902E1
3.036748846E1,1.963774872E1,-2.473830414E1,-2.091261292E1,3.788089552E1
3.037741946E1,1.962784576E1,-2.462131500E1,-2.106961060E1,3.788654078E1
3.038734946E1,1.962796783E1,-2.484052277E1,-2.110296631E1,3.804791558E1
3.039728046E1,1.958219147E1,-2.515488434E1,-2.103218079E1,3.819140031E1
3.040721146E1,1.951761627E1,-2.474099731E1,-2.082057190E1,3.776970356E1
3.041714246E1,1.942207336E1,-2.506376648E1,-2.116329956E1,3.812210084E1
3.042707346E1,1.964108276E1,-2.494589996E1,-2.096376038E1,3.804667274E1
3.043700346E1,1.958219147E1,-2.510520935E1,-2.091617584E1,3.809488379E1
3.044693446E1,1.987455750E1,-2.482974243E1,-2.118150330E1,3.821217380E1
3.045686546E1,1.988994598E1,-2.485030365E1,-2.114945984E1,3.821579770E1
3.046679646E1,1.991220093E1,-2.464196014E1,-2.103651428E1,3.802968418E1
3.047672746E1,1.991478729E1,-2.484561920E1,-2.089660645E1,3.808637167E1
3.048665746E1,1.981549835E1,-2.484443665E1,-2.065973663E1,3.790415182E1
3.049658846E1,1.973936462E1,-2.513573456E1,-2.110169220E1,3.829789918E1
3.050651946E1,1.981564331E1,-2.509693909E1,-2.055984497E1,3.801609260E1
3.051645046E1,1.983530426E1,-2.519694519E1,-2.082877350E1,3.823824195E1
3.052638146E1,1.978425598E1,-2.487439728E1,-2.099735260E1,3.809253524E1
3.053631146E1,1.966972351E1,-2.516695404E1,-2.100042725E1,3.822684323E1
3.054624246E1,1.960469818E1,-2.512849426E1,-2.082597351E1,3.807238615E1
3.055617346E1,1.963846588E1,-2.499790192E1,-2.125361633E1,3.823977837E1
3.056610446E1,1.971155548E1,-2.497388458E1,-2.116021729E1,3.820988257E1
3.057603546E1,1.954620361E1,-2.548820496E1,-2.104859924E1,3.840242437E1
3.058596546E1,1.945041656E1,-2.483264923E1,-2.095424652E1,3.786897965E1
3.059589646E1,1.982771301E1,-2.522782135E1,-2.128658295E1,3.850584095E1
3.060582746E1,1.964120483E1,-2.518132019E1,-2.078712463E1,3.810486012E1
3.061575846E1,1.978111267E1,-2.531568146E1,-2.076161194E1,3.825206761E1
3.062568846E1,1.964295197E1,-2.527434540E1,-2.085391998E1,3.820371809E1
3.063561946E1,1.985713196E1,-2.541624451E1,-2.103177643E1,3.850489312E1
3.064555046E1,1.990091705E1,-2.551555634E1,-2.074504852E1,3.843757475E1
3.065548146E1,1.995216370E1,-2.542100525E1,-2.131958008E1,3.871486586E1
3.066541246E1,2.020791626E1,-2.528022003E1,-2.104022217E1,3.860233611E1
3.067534346E1,1.991153717E1,-2.534252930E1,-2.117111969E1,3.856072370E1
3.068527346E1,1.988496399E1,-2.508157349E1,-2.127820587E1,3.843512933E1
3.069520446E1,1.975520325E1,-2.544078064E1,-2.116592407E1,3.854215506E1
3.070513546E1,1.988316345E1,-2.518673706E1,-2.118706512E1,3.845261553E1
3.071506646E1,1.989362335E1,-2.525314331E1,-2.115219116E1,3.848236854E1
3.072499646E1,1.992230225E1,-2.491928101E1,-2.118015289E1,3.829448484E1
3.073492746E1,1.983330536E1,-2.509982300E1,-2.124358368E1,3.840118440E1
3.074485846E1,1.982817078E1,-2.499953461E1,-2.105720520E1,3.823007949E1
3.075478946E1,1.972496033E1,-2.507105255E1,-2.082143402E1,3.809414457E1
3.076472046E1,1.970330048E1,-2.519768524E1,-2.088032532E1,3.819857820E1
3.077465046E1,1.977887726E1,-2.528743744E1,-2.086107635E1,3.828632895E1
3.078458146E1,1.990313721E1,-2.522837830E1,-2.078789520E1,3.827195486E1
3.079451246E1,1.983281708E1,-2.498121643E1,-2.109932709E1,3.824373689E1
3.080444346E1,1.976914978E1,-2.510985565E1,-2.120806885E1,3.835500382E1
3.081437446E1,1.975851440E1,-2.510472870E1,-2.098155975E1,3.822135717E1
3.082430446E1,1.963323975E1,-2.502328491E1,-2.074814606E1,3.797518210E1
3.083423546E1,1.984031677E1,-2.509664917E1,-2.076458740E1,3.813984870E1
3.084416646E1,1.992933655E1,-2.497946930E1,-2.107365417E1,3.827860031E1
3.085409746E1,1.974399567E1,-2.503144836E1,-2.104951477E1,3.820315228E1
3.086402846E1,1.986540985E1,-2.487326050E1,-2.097048950E1,3.811922122E1
3.087395846E1,1.984558105E1,-2.489601135E1,-2.082408905E1,3.804341143E1
3.088388946E1,1.991851044E1,-2.498908997E1,-2.089493561E1,3.818114730E1
3.089382046E1,1.968582916E1,-2.501728821E1,-2.068695068E1,3.796506957E1
3.090375146E1,1.989456177E1,-2.495283508E1,-2.066367340E1,3.801874492E1
3.091368146E1,1.996612549E1,-2.508911896E1,-2.095442963E1,3.830402300E1
3.092361246E1,1.990632629E1,-2.530390167E1,-2.096466064E1,3.841960778E1
3.093354346E1,1.973304749E1,-2.525946045E1,-2.099905396E1,3.831962646E1
3.094347446E1,1.960412598E1,-2.537220764E1,-2.117484283E1,3.842453181E1
3.095340546E1,1.977321625E1,-2.499275208E1,-2.126840210E1,3.831400090E1
3.096333546E1,1.976306152E1,-2.534817505E1,-2.102160645E1,3.840594377E1
3.097326646E1,1.969433594E1,-2.521958923E1,-2.059626007E1,3.805391541E1
3.098319746E1,1.996646881E1,-2.524598694E1,-2.088191223E1,3.836761645E1
3.099312846E1,1.968215942E1,-2.519512177E1,-2.096662903E1,3.823324591E1
3.100305946E1,1.971118164E1,-2.519423676E1,-2.107418060E1,3.830667482E1
3.101298946E1,1.994039917E1,-2.515234375E1,-2.112512207E1,3.842565156E1
3.102292046E1,1.976210022E1,-2.528795624E1,-2.125726318E1,3.849535782E1
3.103285146E1,1.992338562E1,-2.520706940E1,-2.089255524E1,3.832540289E1
3.104278246E1,1.966983032E1,-2.542435455E1,-2.096013641E1,3.837482701E1
3.105271346E1,1.981964874E1,-2.516951752E1,-2.099978638E1,3.830553636E1
3.106264346E1,1.980813599E1,-2.526983643E1,-2.083447266E1,3.827534631E1
3.107257446E1,2.023448944E1,-2.528009033E1,-2.078469849E1,3.847754178E1
3.108250546E1,1.996121216E1,-2.532926178E1,-2.102239227E1,3.849626566E1
3.109243646E1,1.975805664E1,-2.515654755E1,-2.086508179E1,3.819141690E1
3.110236746E1,1.974285889E1,-2.549450684E1,-2.106863403E1,3.851801781E1
3.111229746E1,1.990931702E1,-2.524388885E1,-2.064113617E1,3.820590702E1
3.112222846E1,1.986862946E1,-2.535906219E1,-2.072193909E1,3.830461110E1
3.113215946E1,1.998954773E1,-2.508761597E1,-2.073970795E1,3.819824576E1
3.114209046E1,1.990258026E1,-2.523455811E1,-2.080269623E1,3.828377978E1
3.115202146E1,1.958807373E1,-2.499744415E1,-2.076750183E1,3.794540788E1
3.116195146E1,1.974979401E1,-2.528350067E1,-2.060011292E1,3.812708252E1
3.117188233E1,1.956447601E1,-2.488062286E1,-2.053563690E1,3.772965013E1
3.118181333E1,1.958688354E1,-2.503714752E1,-2.078392029E1,3.797994346E1
3.119174433E1,1.986925507E1,-2.465134430E1,-2.048892212E1,3.771302165E1
3.120167433E1,1.962769318E1,-2.522164154E1,-2.031852722E1,3.787109835E1
3.121160533E1,1.973226166E1,-2.470650482E1,-2.036888885E1,3.761203483E1
3.122153633E1,1.982232666E1,-2.510737610E1,-2.043517303E1,3.795920528E1
3.123146733E1,1.984789276E1,-2.497612762E1,-2.019890594E1,3.775899362E1
3.124139833E1,1.992671967E1,-2.517283630E1,-2.071822357E1,3.820982377E1
3.125132833E1,1.959036255E1,-2.511105347E1,-2.078222656E1,3.802957076E1
3.126125933E1,1.975416565E1,-2.536363220E1,-2.065664673E1,3.821305998E1
3.127119033E1,1.964847565E1,-2.479936981E1,-2.063332367E1,3.777307750E1
3.128112133E1,1.964027405E1,-2.511879730E1,-2.050342560E1,3.790890138E1
3.129105233E1,1.979254150E1,-2.464787292E1,-2.040306091E1,3.762375890E1
3.130098233E1,1.969779968E1,-2.529549408E1,-2.083126068E1,3.823358150E1
3.131091333E1,1.965826416E1,-2.506223297E1,-2.101997375E1,3.816283752E1
3.132084433E1,1.992767334E1,-2.512056732E1,-2.110834503E1,3.838902574E1
3.133077533E1,1.966533661E1,-2.512558746E1,-2.096378326E1,3.817722905E1
3.134070633E1,1.961025238E1,-2.523019409E1,-2.129089355E1,3.839826612E1
3.135063633E1,1.987404633E1,-2.522187042E1,-2.090724182E1,3.831753157E1
3.136056733E1,1.983203888E1,-2.524138641E1,-2.108779907E1,3.840745532E1
3.137049833E1,1.974430084E1,-2.493132019E1,-2.128820801E1,3.827003975E1
3.138042933E1,1.950902557E1,-2.536403656E1,-2.112369537E1,3.834249517E1
3.139035933E1,1.979757690E1,-2.479214478E1,-2.109886169E1,3.810192198E1
3.140029033E1,1.985514832E1,-2.529029083E1,-2.125591278E1,3.854399503E1
3.141022133E1,1.963333893E1,-2.497194672E1,-2.096644592E1,3.806123980E1
3.142015233E1,1.976156616E1,-2.524806976E1,-2.092148590E1,3.828437144E1
3.143008333E1,1.983446503E1,-2.502062225E1,-2.127391052E1,3.836687125E1
3.144001333E1,1.952444458E1,-2.521913147E1,-2.109761047E1,3.824026276E1
3.144994433E1,1.960569000E1,-2.521562958E1,-2.098045349E1,3.821505573E1
3.145987533E1,1.947988129E1,-2.512623596E1,-2.124582672E1,3.823844481E1
3.146980633E1,1.950171661E1,-2.529447937E1,-2.098641968E1,3.821724020E1
3.147973733E1,1.964553833E1,-2.521073914E1,-2.153940582E1,3.854185449E1
3.148966733E1,1.985720062E1,-2.494489288E1,-2.102903748E1,3.819393296E1
3.149959833E1,1.989813232E1,-2.479012299E1,-2.066724396E1,3.791597078E1
3.150952933E1,1.955152893E1,-2.503444672E1,-2.058226013E1,3.784990407E1
3.151946033E1,1.946090698E1,-2.461315155E1,-2.081966400E1,3.765624170E1
3.152939133E1,1.961011505E1,-2.480381775E1,-2.102990723E1,3.797424107E1
3.153932133E1,1.949416351E1,-2.491474915E1,-2.101914978E1,3.798120316E1
3.154925233E1,1.963607788E1,-2.497473907E1,-2.081135559E1,3.797927945E1
3.155918333E1,1.995995331E1,-2.498715973E1,-2.082598877E1,3.816385326E1
3.156911433E1,1.971462250E1,-2.512403870E1,-2.104689026E1,3.824729076E1
3.157904533E1,1.959315491E1,-2.516071320E1,-2.088092041E1,3.811779171E1
3.158897533E1,1.977005005E1,-2.511377716E1,-2.070327759E1,3.808126029E1
3.159890633E1,1.963652802E1,-2.496857452E1,-2.035279083E1,3.772610556E1
3.160883733E1,1.998065948E1,-2.517740631E1,-2.039796448E1,3.806843176E1
3.161876833E1,1.969836426E1,-2.500296021E1,-2.083868408E1,3.804503026E1
3.162869833E1,1.967740631E1,-2.529050446E1,-2.057432556E1,3.808034673E1
3.163862933E1,1.971553040E1,-2.512870026E1,-2.074132538E1,3.808354361E1
3.164856033E1,1.960672760E1,-2.520545959E1,-2.082659912E1,3.812461399E1
3.165849133E1,1.979914093E1,-2.514880371E1,-2.078454590E1,3.816366934E1
3.166842233E1,1.968416595E1,-2.511491394E1,-2.064333344E1,3.800490109E1
3.167835233E1,1.962052917E1,-2.512480927E1,-2.065904236E1,3.798706671E1
3.168828333E1,1.979479980E1,-2.521096802E1,-2.112359619E1,3.838793201E1
3.169821433E1,1.972372437E1,-2.519902802E1,-2.076512909E1,3.814717423E1
3.170814533E1,1.956322479E1,-2.495956421E1,-2.113968658E1,3.811280570E1
3.171807633E1,1.975329590E1,-2.484815979E1,-2.065409088E1,3.787103397E1
3.172800633E1,1.983945465E1,-2.515633392E1,-2.078190613E1,3.818812276E1
3.173793733E1,1.979357910E1,-2.517858887E1,-2.078569794E1,3.818104700E1
3.174786833E1,1.967850494E1,-2.531160736E1,-2.095349884E1,3.830104617E1
3.175779933E1,1.958126068E1,-2.507731628E1,-2.047196960E1,3.783383540E1
3.176772933E1,1.962977600E1,-2.496830750E1,-2.105008698E1,3.810315796E1
3.177766033E1,1.952672577E1,-2.477944183E1,-2.108941650E1,3.794834970E1
3.178759133E1,1.964226532E1,-2.494093323E1,-2.103530884E1,3.808349977E1
3.179752233E1,1.964064789E1,-2.504673767E1,-2.117552948E1,3.822953264E1
3.180745333E1,1.948577881E1,-2.514514923E1,-2.084583282E1,3.803318093E1
3.181738333E1,1.925546265E1,-2.507857513E1,-2.108180237E1,3.800197579E1
3.182731433E1,1.954914856E1,-2.517543030E1,-2.124513245E1,3.830570653E1
3.183724533E1,1.966589355E1,-2.521226501E1,-2.087389374E1,3.818540449E1
3.184717633E1,1.990737915E1,-2.517517853E1,-2.078012848E1,3.823489372E1
3.185710733E1,1.991553497E1,-2.507874298E1,-2.102587128E1,3.831003975E1
3.186703733E1,1.991674042E1,-2.469816589E1,-2.071485138E1,3.789170114E1
3.187696833E1,1.979213715E1,-2.493823242E1,-2.090586853E1,3.808804889E1
3.188689933E1,1.965875244E1,-2.477834320E1,-2.077894592E1,3.784438443E1
3.189683033E1,1.977922058E1,-2.483969116E1,-2.067040253E1,3.788790525E1
3.190676133E1,2.001254272E1,-2.461909485E1,-2.061344147E1,3.783537586E1
3.191669133E1,1.982852173E1,-2.499039459E1,-2.055208588E1,3.794836399E1
3.192662233E1,1.973548126E1,-2.482938385E1,-2.094701385E1,3.801006331E1
3.193655333E1,1.968582916E1,-2.504256439E1,-2.130786133E1,3.832345046E1
3.194648433E1,1.969091034E1,-2.482540131E1,-2.107718658E1,3.805627799E1
3.195641433E1,1.960099792E1,-2.526335907E1,-2.110424805E1,3.831221368E1
3.196634533E1,1.971453857E1,-2.525657654E1,-2.085517120E1,3.822951550E1
3.197627633E1,1.949282074E1,-2.520380402E1,-2.112037659E1,3.822658897E1
3.198620733E1,1.958763123E1,-2.494523621E1,-2.095235443E1,3.801238302E1
3.199613833E1,1.981782532E1,-2.524111938E1,-2.095590973E1,3.832767226E1
3.200606833E1,1.953353882E1,-2.501553345E1,-2.092511749E1,3.801574140E1
3.201599933E1,1.969698334E1,-2.512969971E1,-2.077979279E1,3.809557387E1
3.202593033E1,1.975878143E1,-2.493674469E1,-2.073431396E1,3.797581408E1
3.203586133E1,1.977159882E1,-2.513983917E1,-2.086294556E1,3.818625578E1
3.204579233E1,1.961168671E1,-2.500650787E1,-2.079271698E1,3.797737183E1
3.205572233E1,1.962166595E1,-2.521672058E1,-2.101850128E1,3.824487113E1
3.206565333E1,1.981294250E1,-2.494906616E1,-2.123779297E1,3.828906428E1
3.207558433E1,2.001222229E1,-2.500769806E1,-2.117304230E1,3.839494398E1
3.208551533E1,1.991925049E1,-2.506101990E1,-2.087810516E1,3.821945229E1
3.209544533E1,1.976881409E1,-2.512966156E1,-2.071617889E1,3.809810978E1
3.210537633E1,1.970782471E1,-2.491703796E1,-2.040236664E1,3.775597569E1
3.211530733E1,1.976873779E1,-2.518450928E1,-2.065950012E1,3.810350964E1
3.212523833E1,1.972735596E1,-2.516319275E1,-2.089856720E1,3.819823233E1
3.213516933E1,1.962939453E1,-2.541873932E1,-2.113414764E1,3.844577525E1
3.214509933E1,1.996514130E1,-2.520860291E1,-2.107249451E1,3.844646345E1
3.215503033E1,1.994627380E1,-2.539948273E1,-2.101377106E1,3.853006794E1
3.216496133E1,1.989285278E1,-2.509124756E1,-2.071097565E1,3.813450941E1
3.217489221E1,1.990333557E1,-2.531138611E1,-2.098619843E1,3.843474415E1
3.218482321E1,1.975183105E1,-2.524360657E1,-2.093625641E1,3.828447903E1
3.219475321E1,1.981523895E1,-2.546733856E1,-2.094593048E1,3.847026166E1
3.220468421E1,1.999758148E1,-2.522305298E1,-2.066754913E1,3.825249343E1
3.221461521E1,2.005431366E1,-2.554336548E1,-2.059835052E1,3.845687274E1
3.222454621E1,1.999153137E1,-2.506559753E1,-2.066223907E1,3.814280574E1
3.223447721E1,1.980876160E1,-2.516456604E1,-2.040370178E1,3.797306238E1
3.224440721E1,1.983265686E1,-2.499357605E1,-2.040664673E1,3.787405910E1
3.225433821E1,1.975386810E1,-2.493605804E1,-2.090634155E1,3.806701214E1
3.226426921E1,1.974425507E1,-2.481866455E1,-2.089802551E1,3.798064229E1
3.227420021E1,1.957019043E1,-2.506941223E1,-2.081371307E1,3.800892573E1
3.228413021E1,1.974183655E1,-2.476764679E1,-2.077600098E1,3.787900018E1
3.229406121E1,1.984765625E1,-2.483391571E1,-2.108582306E1,3.814793261E1
3.230399221E1,1.993302155E1,-2.512075806E1,-2.122058868E1,3.845375427E1
3.231392321E1,1.959596252E1,-2.529088593E1,-2.131429291E1,3.844385179E1
3.232385421E1,1.977622986E1,-2.506961060E1,-2.110055542E1,3.827294190E1
3.233378421E1,1.977902222E1,-2.536356354E1,-2.120281219E1,3.852375008E1
3.234371521E1,1.983618927E1,-2.526575470E1,-2.099085999E1,3.837250276E1
3.235364621E1,1.983873749E1,-2.526093292E1,-2.150724792E1,3.865555523E1
3.236357721E1,1.970793915E1,-2.489117432E1,-2.107394409E1,3.810622710E1
3.237350821E1,1.957666016E1,-2.522693634E1,-2.096096802E1,3.819693862E1
3.238343821E1,1.971580505E1,-2.505084229E1,-2.107841492E1,3.821723752E1
3.239336921E1,1.951858521E1,-2.506402588E1,-2.102551270E1,3.809531134E1
3.240330021E1,1.957719421E1,-2.498659515E1,-2.091902924E1,3.801581585E1
3.241323121E1,1.959294891E1,-2.511466980E1,-2.117453766E1,3.824906968E1
3.242316121E1,1.959603119E1,-2.486341095E1,-2.104000854E1,3.801151933E1
3.243309221E1,1.971896362E1,-2.508608246E1,-2.085146332E1,3.811735277E1
3.244302321E1,1.977066040E1,-2.500648499E1,-2.077458191E1,3.804979051E1
3.245295421E1,1.963592529E1,-2.538021088E1,-2.102123260E1,3.836165907E1
3.246288521E1,1.962533569E1,-2.539055634E1,-2.074971771E1,3.821498315E1
3.247281521E1,1.966734314E1,-2.548474884E1,-2.106117249E1,3.846881589E1
3.248274621E1,1.967606354E1,-2.511225891E1,-2.092980194E1,3.815533558E1
3.249267721E1,1.982910156E1,-2.519650269E1,-2.102864838E1,3.834398348E1
3.250260821E1,1.952392578E1,-2.503958130E1,-2.049595642E1,3.779217563E1
3.251253921E1,1.960488129E1,-2.527040863E1,-2.085063171E1,3.817975596E1
3.252246921E1,1.949106598E1,-2.503693390E1,-2.044315338E1,3.774483054E1
3.253240021E1,1.949122620E1,-2.481112671E1,-2.085121155E1,3.781894935E1
3.254233121E1,1.946198273E1,-2.503750610E1,-2.092883301E1,3.799554625E1
3.255226221E1,1.943832397E1,-2.529915619E1,-2.059359741E1,3.797356972E1
3.256219221E1,1.943409729E1,-2.492927551E1,-2.090022278E1,3.789422419E1
3.257212321E1,1.952441406E1,-2.513472748E1,-2.085006714E1,3.804842401E1
3.258205421E1,1.957991028E1,-2.509567261E1,-2.075285339E1,3.799798145E1
3.259198521E1,1.966437531E1,-2.491135406E1,-2.086411285E1,3.798123777E1
3.260191621E1,1.967997742E1,-2.476028442E1,-2.089163208E1,3.790558649E1
3.261184621E1,1.976109314E1,-2.505545044E1,-2.088341522E1,3.813651046E1
3.262177721E1,1.965428925E1,-2.519485474E1,-2.102890015E1,3.825292711E1
3.263170821E1,1.957691956E1,-2.495835114E1,-2.095145416E1,3.801497734E1
3.264163921E1,1.965149689E1,-2.480641937E1,-2.095422363E1,3.795549051E1
3.265156921E1,1.974465179E1,-2.492349243E1,-2.074414825E1,3.796513448E1
3.266150021E1,1.969058228E1,-2.456031036E1,-2.113579559E1,3.791635176E1
3.267143121E1,1.997618103E1,-2.467173767E1,-2.115424347E1,3.814766657E1
3.268136221E1,1.984180450E1,-2.478318787E1,-2.094853210E1,3.803609607E1
3.269129321E1,1.977073669E1,-2.467999268E1,-2.087059021E1,3.788885857E1
3.270122321E1,1.997343445E1,-2.465058899E1,-2.089401245E1,3.798880595E1
3.271115421E1,1.977725983E1,-2.472849274E1,-2.102814484E1,3.801080418E1
3.272108521E1,1.980601501E1,-2.488478851E1,-2.115244293E1,3.819629265E1
3.273101621E1,1.990545654E1,-2.484564209E1,-2.102404022E1,3.815158448E1
3.274094721E1,1.994546509E1,-2.461392212E1,-2.116782379E1,3.810175198E1
3.275087721E1,1.999559021E1,-2.474952698E1,-2.120398712E1,3.823573961E1
3.276080821E1,1.984925079E1,-2.473616028E1,-2.145635223E1,3.829158437E1
3.277073921E1,1.986497498E1,-2.470584106E1,-2.113948059E1,3.810345723E1
3.278067021E1,1.978325653E1,-2.487813568E1,-2.103831482E1,3.811705084E1
3.279060121E1,1.983358765E1,-2.501634216E1,-2.101090240E1,3.821840648E1
3.280053121E1,1.987332153E1,-2.471556091E1,-2.065216827E1,3.784600262E1
3.281046221E1,1.981478119E1,-2.454276276E1,-2.117791748E1,3.799311709E1
3.282039321E1,1.998264313E1,-2.475460052E1,-2.096117401E1,3.809812449E1
3.283032421E1,2.008743286E1,-2.475209045E1,-2.082398987E1,3.807636399E1
3.284025421E1,1.997180176E1,-2.473704529E1,-2.066706848E1,3.791994191E1
3.285018521E1,1.987523651E1,-2.500521088E1,-2.064128876E1,3.803088743E1
3.286011621E1,1.996551514E1,-2.520057678E1,-2.055555725E1,3.816047430E1
3.287004721E1,1.996207428E1,-2.476900482E1,-2.059561157E1,3.789679703E1
3.287997821E1,2.006871796E1,-2.499136353E1,-2.089424896E1,3.826083286E1
3.288990821E1,2.033938599E1,-2.457668304E1,-2.106278992E1,3.822754362E1
3.289983921E1,2.008087158E1,-2.503242493E1,-2.097294617E1,3.833703395E1
3.290977021E1,2.002973938E1,-2.489610291E1,-2.109635925E1,3.828919917E1
3.291970121E1,2.013594818E1,-2.501850128E1,-2.114464569E1,3.845097992E1
3.292963221E1,2.007428741E1,-2.482650757E1,-2.110403442E1,3.827156598E1
3.293956221E1,1.987600708E1,-2.511375427E1,-2.090371704E1,3.824554480E1
3.294949321E1,1.996289062E1,-2.487390137E1,-2.069581604E1,3.802032053E1
3.295942421E1,2.005558777E1,-2.486278534E1,-2.057749176E1,3.799760338E1
3.296935521E1,2.016670990E1,-2.496669769E1,-2.067771912E1,3.817853127E1
3.297928521E1,2.004759979E1,-2.484754181E1,-2.072578430E1,3.806395574E1
3.298921621E1,1.997111511E1,-2.465171051E1,-2.092586517E1,3.800584301E1
3.299914721E1,2.005146027E1,-2.484698486E1,-2.094737244E1,3.818672711E1
3.300907821E1,1.973216248E1,-2.480683136E1,-2.062865448E1,3.781902304E1
3.301900921E1,1.991387177E1,-2.492877197E1,-2.106862640E1,3.823470909E1
3.302893921E1,1.979524231E1,-2.486632538E1,-2.085181427E1,3.801294404E1
3.303887021E1,1.988977814E1,-2.491531372E1,-2.080926514E1,3.807100797E1
3.304880121E1,2.000846100E1,-2.489288330E1,-2.075234222E1,3.808745014E1
3.305873221E1,1.988481140E1,-2.502377319E1,-2.077081299E1,3.811852071E1
3.306866221E1,2.010494232E1,-2.490041351E1,-2.063999176E1,3.808212913E1
3.307859321E1,1.993882751E1,-2.523713684E1,-2.118862152E1,3.851529048E1
3.308852421E1,1.987245941E1,-2.508649445E1,-2.122927094E1,3.840480167E1
3.309845521E1,1.985533905E1,-2.508637238E1,-2.165189362E1,3.863114113E1
3.310838621E1,1.968114471E1,-2.490464020E1,-2.116067505E1,3.814921663E1
3.311831621E1,1.984199524E1,-2.505771637E1,-2.121316528E1,3.836133869E1
3.312824721E1,1.984577942E1,-2.490561676E1,-2.121571350E1,3.826553549E1
3.314881958E1,-1.189590454E0,-1.361817169E1,-2.324178314E1,2.696386859E1
3.315875058E1,-1.407554626E0,-1.329577637E1,-2.316702271E1,2.674826761E1
3.316868058E1,-1.452743530E0,-1.326049805E1,-2.304111481E1,2.662412898E1
3.317861158E1,-1.526733398E0,-1.309217072E1,-2.264469147E1,2.620148661E1
3.318854258E1,-1.566688538E0,-1.334390259E1,-2.291767120E1,2.656565269E1
3.319847358E1,-1.553367615E0,-1.312627411E1,-2.258743286E1,2.617067340E1
3.320840358E1,-1.880699158E0,-1.307787323E1,-2.294180298E1,2.647440503E1
3.321833458E1,-1.514068604E0,-1.276134491E1,-2.269424438E1,2.608012760E1
3.322826558E1,-1.532241821E0,-1.308587646E1,-2.282209015E1,2.635214843E1
3.323819658E1,-1.452064514E0,-1.298802185E1,-2.276978302E1,2.625376586E1
3.324812658E1,-1.270309448E0,-1.295975494E1,-2.255799866E1,2.604673180E1
3.325805758E1,-1.201309204E0,-1.316844940E1,-2.277066803E1,2.633162597E1
3.326798858E1,-1.378059387E0,-1.311640930E1,-2.292552185E1,2.644841759E1
3.327791958E1,-1.350631714E0,-1.309386444E1,-2.290292358E1,2.641623366E1
3.328784958E1,-1.526687622E0,-1.311472321E1,-2.327393341E1,2.675822708E1
3.329778058E1,-1.268226624E0,-1.306410217E1,-2.284665680E1,2.634860321E1
3.330771158E1,-1.225166321E0,-1.303411102E1,-2.302180481E1,2.648381731E1
3.331764258E1,-1.375137329E0,-1.332934570E1,-2.305098724E1,2.666290443E1
3.332757258E1,-1.532295227E0,-1.316180420E1,-2.274946594E1,2.632715744E1
3.333750358E1,-1.553947449E0,-1.308323669E1,-2.314402008E1,2.663140065E1
3.334743458E1,-1.416969299E0,-1.293544769E1,-2.275259399E1,2.621095463E1
3.335736458E1,-1.413063049E0,-1.314838409E1,-2.277878571E1,2.633913115E1
3.336729558E1,-1.361312866E0,-1.301013184E1,-2.303697205E1,2.649186260E1
3.337722658E1,-1.349304199E0,-1.294434357E1,-2.285823059E1,2.630352368E1
3.338715758E1,-1.254562378E0,-1.291110229E1,-2.296576691E1,2.637606754E1
3.339708758E1,-1.131744385E0,-1.273011017E1,-2.281081390E1,2.614707978E1
3.340701858E1,-1.397003174E0,-1.274620819E1,-2.271875000E1,2.608752657E1
3.341694958E1,-1.499603271E0,-1.279283142E1,-2.275510406E1,2.614765968E1
3.342688058E1,-1.652503967E0,-1.295435333E1,-2.295085144E1,2.640620422E1
3.343681058E1,-1.613586426E0,-1.317832947E1,-2.314749908E1,2.668480359E1
3.344674158E1,-1.291404724E0,-1.313452911E1,-2.336826324E1,2.683764722E1
3.345667258E1,-1.571594238E0,-1.326087952E1,-2.302433014E1,2.661654772E1
3.346660358E1,-1.527145386E0,-1.320540619E1,-2.285262299E1,2.643780065E1
3.347653358E1,-1.554382324E0,-1.323027039E1,-2.280126190E1,2.640745545E1
3.348646458E1,-1.380973816E0,-1.328734589E1,-2.279254150E1,2.641894392E1
3.349639558E1,-1.500236511E0,-1.320915222E1,-2.270236206E1,2.630835713E1
3.350632658E1,-1.353828430E0,-1.309247589E1,-2.283236694E1,2.635455855E1
3.351625658E1,-1.395812988E0,-1.322997284E1,-2.309114838E1,2.664923280E1
3.352618758E1,-1.374305725E0,-1.279826355E1,-2.299980164E1,2.635669064E1
3.353611858E1,-1.344573975E0,-1.291436005E1,-2.299895477E1,2.641099194E1
3.354604958E1,-1.504623413E0,-1.298905945E1,-2.304226685E1,2.649387888E1
3.355597958E1,-1.499046326E0,-1.296430969E1,-2.310732269E1,2.653806375E1
3.356591058E1,-1.255615234E0,-1.309173584E1,-2.276383972E1,2.628996987E1
3.357584158E1,-1.373771667E0,-1.317616272E1,-2.286944580E1,2.642934097E1
3.358577158E1,-1.319511414E0,-1.300185394E1,-2.300475311E1,2.645766396E1
3.359570258E1,-1.279586792E0,-1.294909668E1,-2.302096558E1,2.644392753E1
3.360563358E1,-1.449111938E0,-1.305242920E1,-2.312213898E1,2.659133589E1
3.361556458E1,-1.505310059E0,-1.324346161E1,-2.292792511E1,2.652065202E1
3.362549458E1,-1.555587769E0,-1.295293427E1,-2.266004944E1,2.614720253E1
3.363542558E1,-1.559295654E0,-1.316498566E1,-2.286582184E1,2.643092996E1
3.364535658E1,-1.301918030E0,-1.308207703E1,-2.251024628E1,2.606812071E1
3.365528758E1,-1.273124695E0,-1.322407532E1,-2.296383667E1,2.652988521E1
3.366521758E1,-1.299079895E0,-1.307840729E1,-2.244721222E1,2.601172201E1
3.367514858E1,-1.487579346E0,-1.355692291E1,-2.271351624E1,2.649352508E1
3.368507958E1,-1.141250610E0,-1.309867859E1,-2.265073395E1,2.619033375E1
3.369501058E1,-1.169578552E0,-1.325518799E1,-2.260390472E1,2.622983857E1
3.370494042E1,-1.067337036E0,-1.298236847E1,-2.276660919E1,2.622974635E1
3.371487142E1,-1.316246033E0,-1.351471710E1,-2.307034302E1,2.676977417E1
3.372480242E1,-1.557022095E0,-1.339839935E1,-2.291144562E1,2.658713530E1
3.373473342E1,-1.438865662E0,-1.362073517E1,-2.321654510E1,2.695556951E1
3.374466342E1,-1.352134705E0,-1.323916626E1,-2.304480743E1,2.661140622E1
3.375459442E1,-1.316337585E0,-1.334776306E1,-2.307752991E1,2.669209452E1
3.376452542E1,-1.228439331E0,-1.312158203E1,-2.250452423E1,2.607946681E1
3.377445642E1,-1.442687988E0,-1.308337402E1,-2.263462830E1,2.618362890E1
3.378438642E1,-1.229652405E0,-1.294971466E1,-2.260587311E1,2.608127017E1
3.379431742E1,-1.481346130E0,-1.312958527E1,-2.279940033E1,2.635133869E1
3.380424842E1,-1.473991394E0,-1.287357330E1,-2.285038757E1,2.626864581E1
3.381417942E1,-1.552963257E0,-1.314483643E1,-2.273638916E1,2.630858817E1
3.382410942E1,-1.405807495E0,-1.285021210E1,-2.262174225E1,2.605470146E1
3.383404042E1,-1.589042664E0,-1.319189453E1,-2.265590668E1,2.626482905E1
3.384397142E1,-1.186424255E0,-1.297063446E1,-2.245848083E1,2.596205543E1
3.385390142E1,-1.263084412E0,-1.314266205E1,-2.265689850E1,2.622327206E1
3.386383242E1,-9.719848633E-1,-1.306259155E1,-2.261502838E1,2.613456641E1
3.387376342E1,-9.128417969E-1,-1.342559814E1,-2.297077179E1,2.662210214E1
3.388369442E1,-9.291305542E-1,-1.282613373E1,-2.275479889E1,2.613721222E1
3.389362442E1,-1.048744202E0,-1.323712158E1,-2.301055145E1,2.656702336E1
3.390355542E1,-1.415458679E0,-1.341031647E1,-2.303524017E1,2.669199132E1
3.391348642E1,-1.041908264E0,-1.293926239E1,-2.251866150E1,2.599231040E1
3.392341742E1,-1.175254822E0,-1.326216888E1,-2.280942535E1,2.641091124E1
3.393334742E1,-1.151420593E0,-1.303332520E1,-2.265502930E1,2.616187469E1
3.394327842E1,-1.195800781E0,-1.315258789E1,-2.273005676E1,2.628832418E1
3.395320942E1,-1.161994934E0,-1.293436432E1,-2.261634064E1,2.607962569E1
3.396314042E1,-1.452346802E0,-1.344379425E1,-2.279019165E1,2.649976888E1
3.397307042E1,-1.283691406E0,-1.330950928E1,-2.272733307E1,2.636896982E1
3.398300142E1,-1.209342957E0,-1.331565857E1,-2.287489319E1,2.649584896E1
3.399293242E1,-1.370140076E0,-1.332569885E1,-2.275925446E1,2.640899841E1
3.400286342E1,-1.535148621E0,-1.348233795E1,-2.319168854E1,2.686976991E1
3.401279342E1,-1.323669434E0,-1.325656128E1,-2.297029877E1,2.655415491E1
3.402272442E1,-1.365524292E0,-1.337632751E1,-2.276279449E1,2.643739033E1
3.403265542E1,-1.218711853E0,-1.307752991E1,-2.242620087E1,2.598925802E1
3.404258642E1,-1.054946899E0,-1.293787384E1,-2.286803436E1,2.629540812E1
3.405251642E1,-1.212432861E0,-1.285447693E1,-2.247462463E1,2.591941980E1
3.406244742E1,-1.163230896E0,-1.327612305E1,-2.297145844E1,2.655741802E1
3.407237842E1,-1.374778748E0,-1.318610382E1,-2.280662537E1,2.638002106E1
3.408230842E1,-1.474830627E0,-1.321180725E1,-2.239612579E1,2.604445098E1
3.409223942E1,-1.202308655E0,-1.305314636E1,-2.270729828E1,2.621929769E1
3.410217042E1,-1.252830505E0,-1.319267273E1,-2.311083221E1,2.664069751E1
3.411210142E1,-1.325057983E0,-1.301532745E1,-2.279058838E1,2.627861195E1
3.412203142E1,-1.264968872E0,-1.275168610E1,-2.301562500E1,2.634244937E1
3.413196242E1,-1.205947876E0,-1.305899048E1,-2.261491394E1,2.614241525E1
3.414189342E1,-1.212738037E0,-1.304354095E1,-2.279357910E1,2.628976878E1
3.415182442E1,-1.268722534E0,-1.306322479E1,-2.255266571E1,2.609368179E1
3.416175442E1,-1.487815857E0,-1.327170563E1,-2.276841736E1,2.639607159E1
3.417168542E1,-1.098487854E0,-1.311540222E1,-2.282620239E1,2.634873748E1
3.418161642E1,-1.318458557E0,-1.335314941E1,-2.290917206E1,2.654948392E1
3.419154742E1,-1.177116394E0,-1.316207886E1,-2.249320984E1,2.608774447E1
3.420147742E1,-1.345008850E0,-1.320747375E1,-2.283740997E1,2.641578517E1
3.421140842E1,-1.202636719E0,-1.297209930E1,-2.245576477E1,2.596118385E1
3.422133942E1,-1.470108032E0,-1.293547821E1,-2.261336517E1,2.609314275E1
3.423127042E1,-1.329551697E0,-1.314279175E1,-2.248078156E1,2.607462794E1
3.424120042E1,-1.481216431E0,-1.320866394E1,-2.257504272E1,2.619723953E1
3.425113142E1,-1.711578369E0,-1.319861603E1,-2.259528351E1,2.622364968E1
3.426106242E1,-1.340980530E0,-1.313273621E1,-2.280311584E1,2.634860682E1
3.427099242E1,-1.183601379E0,-1.304996490E1,-2.267614746E1,2.618988660E1
3.428092342E1,-1.476791382E0,-1.309471893E1,-2.262915802E1,2.618647302E1
3.429085442E1,-1.270774841E0,-1.296629333E1,-2.261248016E1,2.609720082E1
3.430078542E1,-1.285964966E0,-1.310186768E1,-2.271505737E1,2.625426582E1
3.431071542E1,-1.444664001E0,-1.315250397E1,-2.268138885E1,2.625872836E1
3.432064642E1,-1.281845093E0,-1.294058990E1,-2.244634247E1,2.594109258E1
3.433057742E1,-1.279617310E0,-1.301589203E1,-2.260144806E1,2.611276163E1
3.434050842E1,-1.273712158E0,-1.300195312E1,-2.265026093E1,2.614780005E1
3.435043842E1,-1.195404053E0,-1.307593536E1,-2.264913940E1,2.618000367E1
3.436036942E1,-1.076225281E0,-1.285045624E1,-2.269496155E1,2.610275399E1
3.437030042E1,-1.402343750E0,-1.294054413E1,-2.291892242E1,2.635718603E1
3.438023142E1,-1.327384949E0,-1.312126160E1,-2.262588501E1,2.618893142E1
3.439016142E1,-9.628601074E-1,-1.306957245E1,-2.272613525E1,2.623391025E1
3.440009242E1,-1.027656555E0,-1.310751343E1,-2.288221741E1,2.639050700E1
3.441002342E1,-1.195602417E0,-1.322093964E1,-2.266535187E1,2.626672582E1
3.441995442E1,-1.204902649E0,-1.304834747E1,-2.323986053E1,2.667962293E1
3.442988442E1,-1.162948608E0,-1.304538727E1,-2.290651703E1,2.638641887E1
3.443981542E1,-1.249862671E0,-1.325191498E1,-2.295816803E1,2.653776341E1
3.444974642E1,-1.298461914E0,-1.325184631E1,-2.292086029E1,2.650779641E1
3.445967642E1,-1.254196167E0,-1.300253296E1,-2.272819519E1,2.621468535E1
3.446960742E1,-1.291336060E0,-1.286190796E1,-2.300765228E1,2.639030672E1
3.447953842E1,-1.158531189E0,-1.314215851E1,-2.292605591E1,2.645113541E1
3.448946942E1,-1.413597107E0,-1.314517975E1,-2.310266876E1,2.661817633E1
3.449939942E1,-1.178710938E0,-1.317774963E1,-2.290258789E1,2.644940409E1
3.450933042E1,-1.399772644E0,-1.338879395E1,-2.285829926E1,2.652774042E1
3.451926142E1,-1.339653015E0,-1.294771576E1,-2.267060852E1,2.614181524E1
3.452919242E1,-1.312576294E0,-1.319905853E1,-2.272801208E1,2.631540492E1
3.453912242E1,-1.052459717E0,-1.290274048E1,-2.253388977E1,2.598777735E1
3.454905342E1,-1.063148499E0,-1.315750122E1,-2.310380554E1,2.660894499E1
3.455898442E1,-1.041137695E0,-1.294956970E1,-2.282756805E1,2.626543711E1
3.456891442E1,-1.156707764E0,-1.321823120E1,-2.300347137E1,2.655596551E1
3.457884542E1,-1.070198059E0,-1.293398285E1,-2.292684174E1,2.634527108E1
3.458877642E1,-1.190902710E0,-1.332062531E1,-2.312870026E1,2.671692504E1
3.459870742E1,-9.804840088E-1,-1.297878265E1,-2.290743256E1,2.634692799E1
3.460863742E1,-1.194938660E0,-1.306610870E1,-2.275586700E1,2.626748100E1
3.461856842E1,-1.287307739E0,-1.309609222E1,-2.295704651E1,2.646111821E1
3.462849942E1,-1.313941956E0,-1.322326660E1,-2.296800995E1,2.653508440E1
3.463843042E1,-1.265853882E0,-1.326128387E1,-2.277629089E1,2.638604675E1
3.464836042E1,-1.579437256E0,-1.334645081E1,-2.296288300E1,2.660669778E1
3.465829142E1,-1.076286316E0,-1.291629028E1,-2.268421173E1,2.612589537E1
3.466822242E1,-1.221336365E0,-1.334701538E1,-2.306078339E1,2.667272413E1
3.467815342E1,-1.274230957E0,-1.309593201E1,-2.293520355E1,2.644145725E1
3.468808342E1,-1.264572144E0,-1.299727631E1,-2.304807281E1,2.649041326E1
3.469801442E1,-1.180740356E0,-1.271361542E1,-2.238264465E1,2.576844866E1
3.470794508E1,-1.180023193E0,-1.307405853E1,-2.280541229E1,2.631369018E1
3.471787608E1,-1.246940613E0,-1.287982941E1,-2.265016174E1,2.608590986E1
3.472780608E1,-1.259040833E0,-1.318122101E1,-2.271998596E1,2.629691110E1
3.473773708E1,-1.189643860E0,-1.278953552E1,-2.270343018E1,2.608511478E1
3.474766808E1,-1.095458984E0,-1.329566956E1,-2.261907959E1,2.626019080E1
3.475759808E1,-1.046798706E0,-1.310477448E1,-2.261257172E1,2.615643900E1
3.476752908E1,-1.062896729E0,-1.331103516E1,-2.244652557E1,2.611819130E1
3.477746008E1,-1.229179382E0,-1.328571320E1,-2.250169373E1,2.616003206E1
3.478739108E1,-1.147186279E0,-1.326300812E1,-2.285168457E1,2.644660486E1
3.479732108E1,-1.282302856E0,-1.303102112E1,-2.306374359E1,2.652146452E1
3.480725208E1,-1.339767456E0,-1.325220490E1,-2.292412567E1,2.651285441E1
3.481718308E1,-1.335411072E0,-1.259955597E1,-2.262712097E1,2.593296622E1
3.482711408E1,-1.553024292E0,-1.319254303E1,-2.286945343E1,2.644743799E1
3.483704408E1,-1.319923401E0,-1.282508087E1,-2.251692963E1,2.594681131E1
3.484697508E1,-1.237411499E0,-1.312389374E1,-2.302836609E1,2.653438182E1
3.485690608E1,-1.077751160E0,-1.323553467E1,-2.290382385E1,2.647500845E1
3.486683708E1,-1.334602356E0,-1.325512695E1,-2.267915344E1,2.630253894E1
3.487676708E1,-1.400573730E0,-1.295729828E1,-2.302381897E1,2.645655732E1
3.488669808E1,-1.506645203E0,-1.321209717E1,-2.307063293E1,2.662862361E1
3.489662908E1,-1.456489563E0,-1.320928955E1,-2.278101349E1,2.637387472E1
3.490655908E1,-1.417106628E0,-1.318628693E1,-2.263801575E1,2.623673210E1
3.491649008E1,-1.481918335E0,-1.306723785E1,-2.278083801E1,2.630428421E1
3.492642108E1,-1.298385620E0,-1.295160675E1,-2.268730164E1,2.615613844E1
3.493635208E1,-1.505607605E0,-1.282207489E1,-2.281442261E1,2.621393404E1
3.494628208E1,-1.556587219E0,-1.318035889E1,-2.282345581E1,2.640179841E1
3.495621308E1,-1.830932617E0,-1.303914642E1,-2.277346802E1,2.630594038E1
3.496614408E1,-1.567176819E0,-1.327378845E1,-2.291307831E1,2.652656519E1
3.497607508E1,-1.441230774E0,-1.328897858E1,-2.272624207E1,2.636581454E1
3.498600508E1,-1.630355835E0,-1.337592316E1,-2.297018433E1,2.663086083E1
3.499593608E1,-1.195518494E0,-1.321967316E1,-2.251602173E1,2.613733455E1
3.500586708E1,-1.206901550E0,-1.310273743E1,-2.275969696E1,2.628958245E1
3.501579808E1,-1.160621643E0,-1.301235962E1,-2.269685364E1,2.618808337E1
3.502572808E1,-1.314010620E0,-1.320206451E1,-2.238754272E1,2.602351246E1
3.503565908E1,-1.602920532E0,-1.308114624E1,-2.262919617E1,2.618713922E1
3.504559008E1,-1.579818726E0,-1.304980469E1,-2.276545715E1,2.628800618E1
3.505552008E1,-1.266952515E0,-1.299265289E1,-2.241659546E1,2.594066209E1
3.506545108E1,-1.447219849E0,-1.290898895E1,-2.277763367E1,2.622130883E1
3.507538208E1,-1.296554565E0,-1.290380096E1,-2.270264435E1,2.614572993E1
3.508531308E1,-1.252861023E0,-1.301718903E1,-2.307167053E1,2.652015935E1
3.509524308E1,-1.230972290E0,-1.279006958E1,-2.290525818E1,2.626313052E1
3.510517408E1,-1.414970398E0,-1.306352997E1,-2.298471069E1,2.647555254E1
3.511510508E1,-1.330619812E0,-1.275969696E1,-2.272751617E1,2.609828360E1
3.512503608E1,-1.149368286E0,-1.311768341E1,-2.295862579E1,2.646683139E1
3.513496608E1,-1.202117920E0,-1.306532288E1,-2.292613220E1,2.641505796E1
3.514489708E1,-1.265869141E0,-1.322950745E1,-2.268361664E1,2.629008855E1
3.515482808E1,-1.116821289E0,-1.336521912E1,-2.238665009E1,2.609671385E1
3.516475908E1,-1.178604126E0,-1.328952026E1,-2.267504883E1,2.630890146E1
3.517468908E1,-1.231590271E0,-1.320864868E1,-2.300641632E1,2.655711593E1
3.518462008E1,-1.241638184E0,-1.303909302E1,-2.299507141E1,2.646380398E1
3.519455108E1,-1.307922363E0,-1.336570740E1,-2.282968140E1,2.648673532E1
3.520448108E1,-1.197265625E0,-1.293403625E1,-2.262382507E1,2.608754875E1
3.521441208E1,-1.250129700E0,-1.321017456E1,-2.266065216E1,2.625979232E1
3.522434308E1,-1.053283691E0,-1.317919159E1,-2.288190460E1,2.642691915E1
3.523427408E1,-1.035621643E0,-1.311669922E1,-2.264131927E1,2.618682205E1
3.524420408E1,-9.357604980E-1,-1.295251465E1,-2.287055206E1,2.630029344E1
3.525413508E1,-1.009902954E0,-1.310772705E1,-2.267335510E1,2.620903363E1
3.526406608E1,-1.094490051E0,-1.328387451E1,-2.291359711E1,2.650834138E1
3.527399708E1,-1.333175659E0,-1.332532501E1,-2.270658875E1,2.636154048E1
3.528392708E1,-1.282958984E0,-1.317140961E1,-2.220864105E1,2.585257728E1
3.529385808E1,-1.500587463E0,-1.326061249E1,-2.244367218E1,2.611156884E1
3.530378908E1,-1.352859497E0,-1.325460052E1,-2.259924316E1,2.623433734E1
3.531371908E1,-1.285385132E0,-1.322248840E1,-2.242167664E1,2.606181110E1
3.532365008E1,-1.281906128E0,-1.289225006E1,-2.240669250E1,2.588268270E1
3.533358108E1,-1.497085571E0,-1.315515900E1,-2.224684143E1,2.588863509E1
3.534351208E1,-1.310905457E0,-1.278886414E1,-2.241323853E1,2.583847480E1
3.535344208E1,-1.387550354E0,-1.337425232E1,-2.240438080E1,2.612952736E1
3.536337308E1,-1.365615845E0,-1.318396759E1,-2.252933502E1,2.613910566E1
3.537330408E1,-1.365051270E0,-1.348143005E1,-2.260773468E1,2.635757934E1
3.538323508E1,-1.274917603E0,-1.328771973E1,-2.274530029E1,2.637304677E1
3.539316508E1,-1.254409790E0,-1.324354553E1,-2.244644928E1,2.609230016E1
3.540309608E1,-9.228363037E-1,-1.303934479E1,-2.274359131E1,2.623255773E1
3.541302708E1,-1.305603027E0,-1.325042725E1,-2.247695160E1,2.612454353E1
3.542295708E1,-1.188514709E0,-1.316791534E1,-2.236803436E1,2.598337012E1
3.543288808E1,-1.333160400E0,-1.335608673E1,-2.240079498E1,2.611432529E1
3.544281908E1,-1.479728699E0,-1.333489990E1,-2.241357422E1,2.612235559E1
3.545275008E1,-1.346588135E0,-1.339203644E1,-2.238537598E1,2.612020285E1
3.546268008E1,-1.137329102E0,-1.284046173E1,-2.268237305E1,2.608948106E1
3.547261108E1,-1.443748474E0,-1.311557007E1,-2.250173187E1,2.608506326E1
3.548254208E1,-1.409965515E0,-1.276837921E1,-2.221485901E1,2.566163423E1
3.549247308E1,-1.236152649E0,-1.324054718E1,-2.253184509E1,2.616341351E1
3.550240308E1,-1.170051575E0,-1.343225098E1,-2.300098419E1,2.666157649E1
3.551233408E1,-1.287269592E0,-1.365241241E1,-2.324258423E1,2.698635117E1
3.552226508E1,-1.154747009E0,-1.315627289E1,-2.313090515E1,2.663568528E1
3.553219608E1,-1.277954102E0,-1.343369293E1,-2.258585358E1,2.631003714E1
3.554212608E1,-1.265731812E0,-1.294324493E1,-2.276792145E1,2.622037211E1
3.555205708E1,-1.285499573E0,-1.318550110E1,-2.270346069E1,2.628606239E1
3.556198808E1,-1.170669556E0,-1.315872192E1,-2.278479004E1,2.633759835E1
3.557191808E1,-1.143501282E0,-1.330316925E1,-2.303517914E1,2.662520207E1
3.558184908E1,-1.325195312E0,-1.305622864E1,-2.273931122E1,2.625447626E1
3.559178008E1,-1.341590881E0,-1.322837067E1,-2.295671082E1,2.652923346E1
3.560171108E1,-8.999710083E-1,-1.291453552E1,-2.300692749E1,2.639912665E1
3.561164108E1,-1.346809387E0,-1.320851135E1,-2.312155151E1,2.666242322E1
3.562157208E1,-1.295288086E0,-1.306137848E1,-2.253032684E1,2.607475804E1
3.563150308E1,-1.127998352E0,-1.333365631E1,-2.276163483E1,2.640361322E1
3.564143408E1,-1.107559204E0,-1.292289734E1,-2.292272186E1,2.633778921E1
3.565136408E1,-1.297225952E0,-1.335447693E1,-2.276147461E1,2.642176329E1
3.566129508E1,-1.186714172E0,-1.314636993E1,-2.277539825E1,2.632402132E1
3.567122608E1,-1.169212341E0,-1.316975403E1,-2.305959320E1,2.658108947E1
3.568115608E1,-9.718475342E-1,-1.299230957E1,-2.278108978E1,2.624352582E1
3.569108708E1,-1.016296387E0,-1.303700256E1,-2.284407806E1,2.632200974E1
3.570101892E1,-1.143798828E0,-1.296323395E1,-2.272444153E1,2.618690423E1
3.571094992E1,-1.230690002E0,-1.331156158E1,-2.304004669E1,2.663749277E1
3.572087992E1,-1.222816467E0,-1.318202972E1,-2.313165283E1,2.665210218E1
3.573081092E1,-1.143157959E0,-1.319647980E1,-2.297288513E1,2.651805688E1
3.574074192E1,-9.255828857E-1,-1.301279449E1,-2.305909729E1,2.649361229E1
3.575067292E1,-1.264778137E0,-1.343315887E1,-2.312122345E1,2.677013999E1
3.576060292E1,-1.270256042E0,-1.329060364E1,-2.281703949E1,2.643616815E1
3.577053392E1,-1.175376892E0,-1.346913147E1,-2.299115753E1,2.667193915E1
3.578046492E1,-1.195709229E0,-1.330535126E1,-2.255426788E1,2.621368140E1
3.579039492E1,-1.367897034E0,-1.359603119E1,-2.273444366E1,2.652504732E1
3.580032592E1,-1.076507568E0,-1.323934174E1,-2.282579041E1,2.640938746E1
3.581025692E1,-1.115753174E0,-1.330710602E1,-2.290648651E1,2.651473364E1
3.582018792E1,-1.101150513E0,-1.323822784E1,-2.303078461E1,2.658721965E1
3.583011792E1,-1.163101196E0,-1.360196686E1,-2.309250641E1,2.682592327E1
3.584004892E1,-1.151298523E0,-1.320056152E1,-2.280014038E1,2.637094451E1
3.584997992E1,-1.374885559E0,-1.357713318E1,-2.266181946E1,2.645348591E1
3.585991092E1,-1.269203186E0,-1.320404053E1,-2.261595917E1,2.621906123E1
3.586984092E1,-1.189399719E0,-1.332264709E1,-2.232809448E1,2.602789658E1
3.587977192E1,-1.426170349E0,-1.332407379E1,-2.223320770E1,2.595920702E1
3.588970292E1,-1.478805542E0,-1.360960388E1,-2.277018738E1,2.656858327E1
3.589963292E1,-1.291824341E0,-1.336797333E1,-2.261950684E1,2.630615157E1
3.590956392E1,-1.361968994E0,-1.339295959E1,-2.263626099E1,2.633679247E1
3.591949492E1,-1.343902588E0,-1.325986481E1,-2.261987305E1,2.625430908E1
3.592942592E1,-1.251686096E0,-1.332381439E1,-2.319893646E1,2.678210972E1
3.593935592E1,-1.097740173E0,-1.315991211E1,-2.297084808E1,2.649619184E1
3.594928692E1,-1.158996582E0,-1.350965881E1,-2.299494934E1,2.669497798E1
3.595921792E1,-1.222099304E0,-1.319491577E1,-2.277745056E1,2.635169033E1
3.596914892E1,-1.376846313E0,-1.366867828E1,-2.279458618E1,2.661431252E1
3.597907892E1,-1.097373962E0,-1.351486969E1,-2.242062378E1,2.620191411E1
3.598900992E1,-1.028923035E0,-1.345742035E1,-2.291717529E1,2.659619838E1
3.599894092E1,-1.187049866E0,-1.363419342E1,-2.298682404E1,2.675246525E1
3.600887092E1,-1.241943359E0,-1.339030457E1,-2.305977631E1,2.669449312E1
3.601880192E1,-1.185432434E0,-1.313185120E1,-2.312142944E1,2.661674784E1
3.602873292E1,-1.204605103E0,-1.333615112E1,-2.294976807E1,2.657058250E1
3.603866392E1,-1.096092224E0,-1.337382507E1,-2.298799133E1,2.661782036E1
3.604859392E1,-1.242744446E0,-1.343837738E1,-2.287914276E1,2.656293609E1
3.605852492E1,-1.344673157E0,-1.344542694E1,-2.304958344E1,2.671836350E1
3.606845592E1,-1.025321960E0,-1.358436584E1,-2.273846436E1,2.650705645E1
3.607838692E1,-1.285598755E0,-1.346421051E1,-2.271408081E1,2.643609646E1
3.608831692E1,-1.262794495E0,-1.335080719E1,-2.264015198E1,2.631378316E1
3.609824792E1,-1.196601868E0,-1.351529694E1,-2.312750244E1,2.681373671E1
3.610817892E1,-1.213943481E0,-1.330941772E1,-2.297645569E1,2.658066543E1
3.611810892E1,-1.177581787E0,-1.330624390E1,-2.305471039E1,2.664512144E1
3.612803992E1,-1.310989380E0,-1.325318909E1,-2.323847961E1,2.678418655E1
3.613797092E1,-1.186538696E0,-1.321401978E1,-2.289207458E1,2.645874660E1
3.614790192E1,-1.463272095E0,-1.339105225E1,-2.313720703E1,2.677296761E1
3.615783192E1,-1.172958374E0,-1.330731964E1,-2.347505188E1,2.700997312E1
3.616776292E1,-1.208534241E0,-1.328012848E1,-2.331748199E1,2.686126084E1
3.617769392E1,-1.168731689E0,-1.307627106E1,-2.311987305E1,2.658727756E1
3.618762392E1,-1.370712280E0,-1.337500763E1,-2.280941772E1,2.647714520E1
3.619755492E1,-1.010551453E0,-1.337774658E1,-2.277646637E1,2.643393157E1
3.620748592E1,-1.129837036E0,-1.339694977E1,-2.267576599E1,2.636181250E1
3.621741692E1,-1.045761108E0,-1.341279602E1,-2.273506927E1,2.641742017E1
3.622734692E1,-1.306861877E0,-1.330265808E1,-2.303993225E1,2.663657407E1
3.623727792E1,-1.265869141E0,-1.321202850E1,-2.313433838E1,2.667129045E1
3.624720892E1,-1.094856262E0,-1.323348999E1,-2.311775970E1,2.665998465E1
3.625713992E1,-9.212951660E-1,-1.308625793E1,-2.275251007E1,2.626358022E1
3.626706992E1,-8.281402588E-1,-1.329903412E1,-2.302995300E1,2.660693256E1
3.627700092E1,-9.888763428E-1,-1.312461853E1,-2.290049744E1,2.641337295E1
3.628693192E1,-1.089836121E0,-1.310364532E1,-2.287623596E1,2.638589463E1
3.629686192E1,-1.164810181E0,-1.335060120E1,-2.278058624E1,2.643010489E1
3.630679292E1,-1.349769592E0,-1.339347076E1,-2.297363281E1,2.662695517E1
3.631672392E1,-1.168449402E0,-1.323004913E1,-2.321724701E1,2.674771079E1
3.632665492E1,-1.377677917E0,-1.323657990E1,-2.333115387E1,2.685978006E1
3.633658492E1,-1.135253906E0,-1.336688232E1,-2.295525360E1,2.658770416E1
3.634651592E1,-1.407691956E0,-1.343460846E1,-2.273466492E1,2.644494829E1
3.635644692E1,-1.187721252E0,-1.334757233E1,-2.279354858E1,2.644076825E1
3.636637792E1,-1.305610657E0,-1.342605591E1,-2.302565002E1,2.668602922E1
3.637630792E1,-1.097831726E0,-1.332668304E1,-2.295664215E1,2.656714389E1
3.638623892E1,-7.944564819E-1,-1.338079071E1,-2.283984375E1,2.648273369E1
3.639616992E1,-9.400558472E-1,-1.311380005E1,-2.278244019E1,2.630389776E1
3.640609992E1,-1.098350525E0,-1.349491882E1,-2.274388123E1,2.646891273E1
3.641603092E1,-1.197830200E0,-1.319226837E1,-2.299891663E1,2.654092892E1
3.642596192E1,-1.362876892E0,-1.335736084E1,-2.317126465E1,2.678029177E1
3.643589292E1,-9.154052734E-1,-1.302939606E1,-2.263967133E1,2.613728842E1
3.644582292E1,-1.270828247E0,-1.324864197E1,-2.291572571E1,2.650041515E1
3.645575392E1,-1.096313477E0,-1.298908997E1,-2.270290375E1,2.617900304E1
3.646568492E1,-1.465713501E0,-1.350505066E1,-2.304656982E1,2.675217916E1
3.647561592E1,-1.538055420E0,-1.306779480E1,-2.294068146E1,2.644631810E1
3.648554592E1,-1.425827026E0,-1.325744629E1,-2.310281372E1,2.667457341E1
3.649547692E1,-1.206428528E0,-1.304549408E1,-2.294691467E1,2.642349861E1
3.650540792E1,-1.109794617E0,-1.337798309E1,-2.289936829E1,2.654398507E1
3.651533792E1,-1.228683472E0,-1.300122833E1,-2.254749298E1,2.605630521E1
3.652526892E1,-1.170783997E0,-1.338100433E1,-2.261380768E1,2.630221112E1
3.653519992E1,-1.180931091E0,-1.316996765E1,-2.262174225E1,2.620278360E1
3.654513092E1,-1.360580444E0,-1.345705414E1,-2.289226532E1,2.658945838E1
3.655506092E1,-1.232231140E0,-1.297827911E1,-2.280768585E1,2.627060441E1
3.656499192E1,-1.394653320E0,-1.312054443E1,-2.315740204E1,2.665256110E1
3.657492292E1,-1.526428223E0,-1.303801727E1,-2.283078766E1,2.633561738E1
3.658485292E1,-1.356575012E0,-1.297936249E1,-2.258227539E1,2.608185784E1
3.659478392E1,-1.311271667E0,-1.285678864E1,-2.245298004E1,2.590661615E1
3.660471492E1,-1.502998352E0,-1.309609222E1,-2.269323730E1,2.624404037E1
3.661464592E1,-1.436080933E0,-1.322246552E1,-2.269360352E1,2.630390776E1
3.662457592E1,-1.359573364E0,-1.340202332E1,-2.298576355E1,2.664222203E1
3.663450692E1,-1.325851440E0,-1.296030426E1,-2.276228333E1,2.622687383E1
3.664443792E1,-1.150810242E0,-1.300242615E1,-2.253492737E1,2.604247303E1
3.665436892E1,-1.324066162E0,-1.301176453E1,-2.279668427E1,2.628208479E1
3.666429892E1,-1.647483826E0,-1.322399139E1,-2.276351929E1,2.637737594E1
3.667422992E1,-1.567344666E0,-1.298666382E1,-2.244536591E1,2.597892332E1
3.668416092E1,-1.361755371E0,-1.312967682E1,-2.277004242E1,2.631952931E1
3.669409092E1,-1.235565186E0,-1.286796570E1,-2.266998291E1,2.609672944E1
3.670402204E1,-1.436035156E0,-1.329584503E1,-2.288117981E1,2.650264292E1
3.671395304E1,-1.633972168E0,-1.303722382E1,-2.267642212E1,2.620799859E1
3.672388404E1,-1.421035767E0,-1.316477966E1,-2.278598022E1,2.635396860E1
3.673381404E1,-1.423675537E0,-1.315039825E1,-2.248842621E1,2.609001992E1
3.674374504E1,-1.304374695E0,-1.311945343E1,-2.263780975E1,2.619717317E1
3.675367604E1,-1.238624573E0,-1.324090576E1,-2.247675323E1,2.611628251E1
3.676360604E1,-1.266845703E0,-1.329248810E1,-2.288920593E1,2.649926199E1
3.677353704E1,-1.274047852E0,-1.304241180E1,-2.292816925E1,2.640887443E1
3.678346804E1,-1.120124817E0,-1.318762970E1,-2.290715790E1,2.645573926E1
3.679339904E1,-1.178985596E0,-1.323056030E1,-2.282402039E1,2.640783292E1
3.680332904E1,-1.246574402E0,-1.324972534E1,-2.283944702E1,2.643387050E1
3.681326004E1,-1.462509155E0,-1.302590942E1,-2.260019684E1,2.612627311E1
3.682319104E1,-1.470535278E0,-1.301239777E1,-2.306675720E1,2.652471032E1
3.683312204E1,-1.293487549E0,-1.321461487E1,-2.301882935E1,2.657377769E1
3.684305204E1,-1.233436584E0,-1.325909424E1,-2.295475006E1,2.653762416E1
3.685298304E1,-1.099708557E0,-1.336576843E1,-2.288091278E1,2.652148741E1
3.686291404E1,-1.285232544E0,-1.317535400E1,-2.293006897E1,2.647696808E1
3.687284504E1,-1.364021301E0,-1.286952972E1,-2.285557556E1,2.626523717E1
3.688277504E1,-1.362457275E0,-1.288407898E1,-2.288400269E1,2.629702188E1
3.689270604E1,-1.140327454E0,-1.302563477E1,-2.278460693E1,2.626986526E1
3.690263704E1,-1.115577698E0,-1.329263306E1,-2.307948303E1,2.665710307E1
3.691256704E1,-1.173210144E0,-1.320661926E1,-2.292849731E1,2.648598126E1
3.692249804E1,-1.465744019E0,-1.325426483E1,-2.310371399E1,2.667593563E1
3.693242904E1,-1.330612183E0,-1.314398193E1,-2.296499634E1,2.649388319E1
3.694236004E1,-1.201728821E0,-1.317113495E1,-2.295801544E1,2.649515845E1
3.695229004E1,-1.311485291E0,-1.313604736E1,-2.282128143E1,2.636449545E1
3.696222104E1,-1.385437012E0,-1.328526306E1,-2.283367920E1,2.645363030E1
3.697215204E1,-1.168678284E0,-1.302019501E1,-2.288922882E1,2.635921249E1
3.698208204E1,-1.260604858E0,-1.328353119E1,-2.261094666E1,2.625445170E1
3.699201304E1,-1.114295959E0,-1.326964569E1,-2.264002228E1,2.626586684E1
3.700194404E1,-1.144691467E0,-1.329345703E1,-2.281680298E1,2.643166314E1
3.701187504E1,-1.214973450E0,-1.324261475E1,-2.273423767E1,2.633796819E1
3.702180504E1,-1.346244812E0,-1.324369812E1,-2.262965393E1,2.625469771E1
3.703173604E1,-1.397918701E0,-1.307373047E1,-2.306601715E1,2.655028724E1
3.704166704E1,-1.320739746E0,-1.317446899E1,-2.300806427E1,2.654584729E1
3.705159704E1,-1.217285156E0,-1.327292633E1,-2.309986877E1,2.666938871E1
3.706152804E1,-1.149772644E0,-1.322435760E1,-2.306534576E1,2.661232396E1
3.707145904E1,-1.129302979E0,-1.338043213E1,-2.266762543E1,2.634639504E1
3.708139004E1,-1.158676147E0,-1.312329102E1,-2.281832123E1,2.634841705E1
3.709132004E1,-1.129104614E0,-1.313739014E1,-2.286421204E1,2.639390249E1
3.710125104E1,-1.110359192E0,-1.324977875E1,-2.263478851E1,2.625115589E1
3.711118204E1,-1.284553528E0,-1.350672150E1,-2.250286102E1,2.627661237E1
3.712111304E1,-1.121673584E0,-1.316867828E1,-2.258181763E1,2.616506692E1
3.713104304E1,-1.218795776E0,-1.322060394E1,-2.269358063E1,2.629198421E1
3.714097404E1,-1.081581116E0,-1.299913788E1,-2.272409058E1,2.620174986E1
3.715090504E1,-1.139312744E0,-1.306908417E1,-2.270841217E1,2.622538804E1
3.716083504E1,-1.256340027E0,-1.298257446E1,-2.297383118E1,2.641822380E1
3.717076604E1,-1.114669800E0,-1.308319092E1,-2.343997955E1,2.686717355E1
3.718069704E1,-1.110412598E0,-1.289618683E1,-2.308615112E1,2.646724437E1
3.719062804E1,-9.491271973E-1,-1.316828156E1,-2.305158234E1,2.656463683E1
3.720055804E1,-9.829788208E-1,-1.289209747E1,-2.270842743E1,2.613130500E1
3.721048904E1,-1.019325256E0,-1.321900940E1,-2.272882843E1,2.631313123E1
3.722042004E1,-9.319458008E-1,-1.308314514E1,-2.288829041E1,2.638012599E1
3.723035004E1,-9.288101196E-1,-1.329710388E1,-2.267194366E1,2.630005113E1
3.724028104E1,-1.035461426E0,-1.337144470E1,-2.293520355E1,2.656861449E1
3.725021204E1,-1.059913635E0,-1.352722931E1,-2.296282196E1,2.667209295E1
3.726014304E1,-8.467178345E-1,-1.345177460E1,-2.309487152E1,2.674023675E1
3.727007304E1,-9.547271729E-1,-1.361995697E1,-2.273928070E1,2.652337872E1
3.728000404E1,-9.675064087E-1,-1.359339905E1,-2.281770325E1,2.657751207E1
3.728993504E1,-1.180191040E0,-1.366545105E1,-2.269522858E1,2.651812217E1
3.729986604E1,-1.105995178E0,-1.337920380E1,-2.288373566E1,2.653095696E1
3.730979604E1,-1.205291748E0,-1.363035583E1,-2.313235474E1,2.687647976E1
3.731972704E1,-1.130699158E0,-1.337780762E1,-2.270046997E1,2.637338723E1
3.732965804E1,-1.121597290E0,-1.352677155E1,-2.323394775E1,2.690813738E1
3.733958804E1,-1.149513245E0,-1.311735535E1,-2.334082794E1,2.679889253E1
3.734951904E1,-1.077354431E0,-1.333636475E1,-2.327676392E1,2.684822258E1
3.735945004E1,-1.218032837E0,-1.299443817E1,-2.263868713E1,2.613138310E1
3.736938104E1,-1.252639771E0,-1.328271484E1,-2.238669586E1,2.606077074E1
3.737931104E1,-1.384277344E0,-1.315045929E1,-2.258173370E1,2.616840653E1
3.738924204E1,-1.217208862E0,-1.325851440E1,-2.273402405E1,2.634588490E1
3.739917304E1,-1.100349426E0,-1.308457184E1,-2.273780823E1,2.625689837E1
3.740910304E1,-1.211730957E0,-1.323511505E1,-2.306732178E1,2.662213170E1
3.741903404E1,-1.212265015E0,-1.303811646E1,-2.283937836E1,2.632677859E1
3.742896504E1,-1.219367981E0,-1.333723450E1,-2.317932129E1,2.677031225E1
3.743889604E1,-1.114456177E0,-1.326123047E1,-2.306467438E1,2.662858333E1
3.744882604E1,-1.085830688E0,-1.332398224E1,-2.341625977E1,2.696347070E1
3.745875704E1,-1.091194153E0,-1.306016541E1,-2.304447937E1,2.651050084E1
3.746868804E1,-1.052032471E0,-1.315556335E1,-2.299218750E1,2.651068286E1
3.747861804E1,-9.831771851E-1,-1.302472687E1,-2.287023926E1,2.633738770E1
3.748854904E1,-1.103042603E0,-1.338475800E1,-2.292375183E1,2.656815476E1
3.749848004E1,-1.085914612E0,-1.311210632E1,-2.266440582E1,2.620652274E1
3.750841104E1,-1.224693298E0,-1.320106506E1,-2.274974823E1,2.633095207E1
3.751834104E1,-1.219161987E0,-1.293336487E1,-2.278585815E1,2.622886987E1
3.752827204E1,-1.263793945E0,-1.336016083E1,-2.328683472E1,2.687689981E1
3.753820304E1,-1.026710510E0,-1.322197723E1,-2.309545898E1,2.663221812E1
3.754813404E1,-1.151092529E0,-1.339112854E1,-2.315276337E1,2.677121195E1
3.755806404E1,-1.044784546E0,-1.284865570E1,-2.311018372E1,2.646242845E1
3.756799504E1,-9.686660767E-1,-1.325006104E1,-2.297254181E1,2.653752265E1
3.757792604E1,-1.002677917E0,-1.302333069E1,-2.266732025E1,2.616142031E1
3.758785604E1,-1.091606140E0,-1.351600647E1,-2.307428741E1,2.676372124E1
3.759778704E1,-1.083793640E0,-1.307820129E1,-2.286485291E1,2.636314579E1
3.760771804E1,-1.050910950E0,-1.321785736E1,-2.278058624E1,2.635851431E1
3.761764904E1,-1.073295593E0,-1.302720642E1,-2.274148560E1,2.623042580E1
3.762757904E1,-1.212898254E0,-1.325965881E1,-2.313423920E1,2.669237152E1
3.763751004E1,-1.198242188E0,-1.324976349E1,-2.275131989E1,2.635554161E1
3.764744104E1,-1.266540527E0,-1.320115662E1,-2.275485992E1,2.633739378E1
3.765737104E1,-8.898620605E-1,-1.316313934E1,-2.240711212E1,2.600266843E1
3.766730204E1,-1.147071838E0,-1.342119598E1,-2.273202515E1,2.642327086E1
3.767723304E1,-1.204681396E0,-1.306108856E1,-2.273307800E1,2.624568778E1
3.768716404E1,-1.263931274E0,-1.320223236E1,-2.283467865E1,2.640679857E1
3.769709404E1,-1.282752991E0,-1.318946075E1,-2.294029236E1,2.649272247E1
3.770702454E1,-1.132339478E0,-1.338204193E1,-2.256941986E1,2.626290067E1
3.771695554E1,-1.020050049E0,-1.330921173E1,-2.280776215E1,2.642668411E1
3.772688554E1,-1.212783813E0,-1.307688904E1,-2.276191711E1,2.627890299E1
3.773681654E1,-1.218612671E0,-1.290633392E1,-2.261366272E1,2.606599727E1
3.774674754E1,-1.169837952E0,-1.305784607E1,-2.259462738E1,2.612265399E1
3.775667854E1,-1.178825378E0,-1.311433411E1,-2.265412903E1,2.620276608E1
3.776660854E1,-1.175613403E0,-1.304935455E1,-2.240737915E1,2.595685577E1
3.777653954E1,-1.042015076E0,-1.300913239E1,-2.247968292E1,2.599345043E1
3.778647054E1,-1.316612244E0,-1.294648743E1,-2.257746124E1,2.605929317E1
3.779640154E1,-1.215141296E0,-1.291318512E1,-2.268407440E1,2.613033007E1
3.780633154E1,-1.208091736E0,-1.295634460E1,-2.275355530E1,2.621165065E1
3.781626254E1,-1.151237488E0,-1.299810028E1,-2.243328857E1,2.595242561E1
3.782619354E1,-1.192825317E0,-1.307295990E1,-2.258558655E1,2.612343455E1
3.783612354E1,-1.207298279E0,-1.317548370E1,-2.220692444E1,2.584953448E1
3.784605454E1,-1.115432739E0,-1.317208862E1,-2.276063538E1,2.632099222E1
3.785598554E1,-8.712844849E-1,-1.323051453E1,-2.210180664E1,2.577393078E1
3.786591654E1,-1.135040283E0,-1.332293701E1,-2.210067749E1,2.583077453E1
3.787584654E1,-8.062362671E-1,-1.306098175E1,-2.229646301E1,2.585288232E1
3.788577754E1,-1.009651184E0,-1.283310699E1,-2.274358368E1,2.613385982E1
3.789570854E1,-9.450225830E-1,-1.296477509E1,-2.254154968E1,2.602114376E1
3.790563854E1,-1.047599792E0,-1.321694183E1,-2.253807068E1,2.614860697E1
3.791556954E1,-1.075531006E0,-1.294504547E1,-2.263176727E1,2.609459444E1
3.793923004E1,6.337692261E0,-3.129468536E1,-3.508747101E1,4.744106130E1
3.794916104E1,6.350257874E0,-3.099152374E1,-3.493939209E1,4.713344289E1
3.795909204E1,6.357452393E0,-3.103417206E1,-3.501676178E1,4.721981196E1
3.796902204E1,6.261817932E0,-3.067386627E1,-3.478466797E1,4.679817904E1
3.797895304E1,6.475952148E0,-3.082677460E1,-3.531666565E1,4.732330146E1
3.798888404E1,6.336524963E0,-3.060372925E1,-3.486755371E1,4.682399058E1
3.799881404E1,6.191619873E0,-3.079781342E1,-3.526451111E1,4.722739895E1
3.800874504E1,5.981201172E0,-3.075562286E1,-3.511231232E1,4.705908607E1
3.801867604E1,6.063301086E0,-3.091088104E1,-3.532787323E1,4.733185834E1
3.802860704E1,6.403320312E0,-3.059960938E1,-3.534114838E1,4.718405847E1
3.803853704E1,6.367469788E0,-3.078477478E1,-3.509825897E1,4.711830656E1
3.804846804E1,6.324195862E0,-3.077325439E1,-3.506452942E1,4.707982437E1
3.805839904E1,6.140388489E0,-3.100484467E1,-3.542720795E1,4.747727695E1
3.806832904E1,6.143218994E0,-3.068677521E1,-3.531391144E1,4.718569331E1
3.807826004E1,6.260192871E0,-3.073806000E1,-3.506121826E1,4.704580080E1
3.808819104E1,6.586921692E0,-3.075141144E1,-3.519674683E1,4.720008294E1
3.809812204E1,6.214462280E0,-3.088562012E1,-3.497325897E1,4.707090306E1
3.810805204E1,6.461875916E0,-3.069660187E1,-3.465750122E1,4.674590461E1
3.811798304E1,6.428314209E0,-3.069070435E1,-3.494992065E1,4.695465377E1
3.812791404E1,6.477859497E0,-3.081615448E1,-3.501414490E1,4.709127715E1
3.813784404E1,6.354835510E0,-3.090311432E1,-3.506130981E1,4.716653321E1
3.814777504E1,6.525764465E0,-3.076666260E1,-3.488174438E1,4.696710786E1
3.815770604E1,6.343124390E0,-3.095829010E1,-3.532819366E1,4.739970697E1
3.816763704E1,6.258331299E0,-3.067491913E1,-3.490118408E1,4.688507251E1
3.817756704E1,6.084732056E0,-3.096767426E1,-3.513421631E1,4.722747049E1
3.818749804E1,6.371826172E0,-3.068744659E1,-3.491047668E1,4.691546578E1
3.819742904E1,6.395416260E0,-3.084001923E1,-3.512625122E1,4.717903835E1
3.820735904E1,6.457946777E0,-3.080828857E1,-3.525289154E1,4.726121119E1
3.821729004E1,6.513816833E0,-3.070709991E1,-3.497071075E1,4.699262076E1
3.822722104E1,6.313919067E0,-3.056359100E1,-3.489331818E1,4.681391163E1
3.823715204E1,6.241271973E0,-3.068712616E1,-3.519492340E1,4.710982722E1
3.824708204E1,6.029808044E0,-3.081742096E1,-3.505879211E1,4.706581481E1
3.825701304E1,6.195526123E0,-3.102949524E1,-3.518333435E1,4.731892998E1
3.826694404E1,6.217720032E0,-3.065637207E1,-3.484040070E1,4.682228862E1
3.827687404E1,6.204116821E0,-3.087839508E1,-3.532773590E1,4.732879961E1
3.828680504E1,6.198745728E0,-3.090780640E1,-3.504734039E1,4.713844517E1
3.829673604E1,6.132575989E0,-3.091998291E1,-3.517414093E1,4.723212912E1
3.830666704E1,6.271697998E0,-3.085511780E1,-3.507302856E1,4.713268317E1
3.831659704E1,6.009757996E0,-3.125535583E1,-3.537616730E1,4.758663334E1
3.832652804E1,6.243484497E0,-3.089196777E1,-3.513711548E1,4.720075906E1
3.833645904E1,5.875732422E0,-3.104348755E1,-3.511641693E1,4.723753898E1
3.834638904E1,6.034469604E0,-3.078305817E1,-3.488878632E1,4.691736250E1
3.835632004E1,5.989997864E0,-3.091603851E1,-3.517097473E1,4.720888661E1
3.836625104E1,6.152114868E0,-3.076628113E1,-3.459222412E1,4.670154753E1
3.837618204E1,6.065803528E0,-3.107324219E1,-3.478130341E1,4.703274837E1
3.838611204E1,6.314399719E0,-3.098152924E1,-3.489127350E1,4.708638618E1
3.839604304E1,6.402778625E0,-3.094784546E1,-3.509599304E1,4.722810011E1
3.840597404E1,6.104644775E0,-3.085387421E1,-3.504837036E1,4.709157575E1
3.841590404E1,5.979309082E0,-3.123239899E1,-3.526666260E1,4.748633882E1
3.842583504E1,6.067192078E0,-3.078360748E1,-3.517886353E1,4.713802868E1
3.843576604E1,6.118568420E0,-3.090612030E1,-3.527294159E1,4.729487879E1
3.844569604E1,6.366157532E0,-3.075360107E1,-3.523078156E1,4.719660909E1
3.845562704E1,6.201103210E0,-3.082876587E1,-3.533164215E1,4.729895795E1
3.846555804E1,6.086753845E0,-3.104312134E1,-3.528504944E1,4.738943626E1
3.847548904E1,6.211547852E0,-3.089653778E1,-3.559030151E1,4.753786844E1
3.848541904E1,6.331871033E0,-3.079647064E1,-3.522499084E1,4.721562427E1
3.849535004E1,6.149406433E0,-3.074974060E1,-3.531794739E1,4.723048967E1
3.850528104E1,6.130157471E0,-3.078872681E1,-3.518609619E1,4.715491379E1
3.851521104E1,6.342987061E0,-3.073519135E1,-3.517252350E1,4.713800888E1
3.852514204E1,6.328956604E0,-3.088693237E1,-3.522743988E1,4.727611240E1
3.853507304E1,6.259605408E0,-3.086560059E1,-3.515096283E1,4.719595478E1
3.854500404E1,6.077957153E0,-3.064355469E1,-3.495997620E1,4.688463440E1
3.855493404E1,6.308952332E0,-3.074874878E1,-3.518736267E1,4.715335537E1
3.856486504E1,6.212272644E0,-3.057366943E1,-3.535500336E1,4.715207160E1
3.857479604E1,6.491050720E0,-3.069845581E1,-3.542961121E1,4.732638037E1
3.858472604E1,6.290618896E0,-3.079869080E1,-3.535874176E1,4.731143477E1
3.859465704E1,6.129028320E0,-3.100017548E1,-3.527935028E1,4.736252130E1
3.860458804E1,6.169448853E0,-3.106536865E1,-3.547403717E1,4.755551011E1
3.861451904E1,6.327308655E0,-3.078580475E1,-3.504006195E1,4.707022998E1
3.862444904E1,6.353324890E0,-3.099407196E1,-3.505237579E1,4.721934225E1
3.863438004E1,6.521514893E0,-3.117137909E1,-3.537526703E1,4.759826203E1
3.864431104E1,6.359718323E0,-3.100765991E1,-3.534219360E1,4.744461654E1
3.865424104E1,6.330062866E0,-3.100784302E1,-3.499930573E1,4.718588164E1
3.866417204E1,6.450859070E0,-3.127143860E1,-3.497142792E1,4.735522384E1
3.867410304E1,6.376091003E0,-3.114113617E1,-3.533390808E1,4.752799132E1
3.868403404E1,6.410591125E0,-3.118601227E1,-3.501412201E1,4.732495937E1
3.869396404E1,6.467849731E0,-3.103884125E1,-3.486946106E1,4.712878166E1
3.870389504E1,6.472793579E0,-3.101467133E1,-3.525007629E1,4.739593625E1
3.871382604E1,6.280258179E0,-3.088103485E1,-3.515291595E1,4.721024737E1
3.872375633E1,6.112457275E0,-3.097889709E1,-3.535608673E1,4.740366091E1
3.873368733E1,6.215583801E0,-3.090821838E1,-3.546377563E1,4.745135222E1
3.874361833E1,6.108436584E0,-3.105662537E1,-3.507529449E1,4.724514007E1
3.875354933E1,6.122215271E0,-3.077349091E1,-3.464945984E1,4.674477863E1
3.876347933E1,6.007637024E0,-3.088371277E1,-3.495578003E1,4.702979879E1
3.877341033E1,6.032302856E0,-3.099603271E1,-3.503530884E1,4.716583072E1
3.878334133E1,5.803298950E0,-3.124267578E1,-3.479801178E1,4.712414129E1
3.879327133E1,5.872650146E0,-3.094237518E1,-3.483615112E1,4.696249596E1
3.880320233E1,6.086952209E0,-3.107089233E1,-3.493640900E1,4.714874347E1
3.881313333E1,5.926567078E0,-3.105438232E1,-3.487631989E1,4.707288548E1
3.882306433E1,6.042274475E0,-3.080461121E1,-3.508311462E1,4.707715034E1
3.883299433E1,6.201499939E0,-3.092146301E1,-3.492609406E1,4.705770418E1
3.884292533E1,5.871086121E0,-3.087950897E1,-3.532355499E1,4.728390068E1
3.885285633E1,6.041580200E0,-3.092851257E1,-3.490512085E1,4.702596137E1
3.886278633E1,6.057441711E0,-3.106834412E1,-3.467584991E1,4.695049705E1
3.887271733E1,6.205337524E0,-3.092288208E1,-3.481494141E1,4.697670694E1
3.888264833E1,5.908119202E0,-3.111476898E1,-3.472867584E1,4.700123027E1
3.889257833E1,6.104042053E0,-3.097309875E1,-3.507521820E1,4.718965043E1
3.890250933E1,6.200988770E0,-3.118282318E1,-3.530619049E1,4.751155449E1
3.891244033E1,6.080902100E0,-3.106204987E1,-3.513887787E1,4.729237835E1
3.892237133E1,5.853294373E0,-3.098870850E1,-3.518562317E1,4.725028240E1
3.893230133E1,6.074653625E0,-3.108238220E1,-3.475173950E1,4.701807417E1
3.894223233E1,6.233421326E0,-3.121824646E1,-3.489849854E1,4.723705805E1
3.895216333E1,6.351242065E0,-3.088104248E1,-3.471476746E1,4.689447878E1
3.896209333E1,6.117095947E0,-3.117655182E1,-3.470467377E1,4.705114906E1
3.897202433E1,6.004333496E0,-3.103404236E1,-3.506100464E1,4.720633275E1
3.898195533E1,5.910972595E0,-3.126512909E1,-3.489904022E1,4.722701454E1
3.899188633E1,6.126144409E0,-3.123167419E1,-3.484471893E1,4.719217685E1
3.900181633E1,6.030807495E0,-3.151277924E1,-3.484226227E1,4.736464012E1
3.901174733E1,5.868560791E0,-3.127339935E1,-3.491744995E1,4.724080677E1
3.902167833E1,6.095863342E0,-3.133927917E1,-3.500588226E1,4.737849472E1
3.903160833E1,6.144241333E0,-3.107955170E1,-3.482090759E1,4.707638305E1
3.904153933E1,6.114921570E0,-3.147648621E1,-3.520297241E1,4.761733630E1
3.905147033E1,6.085823059E0,-3.122968292E1,-3.498329163E1,4.728806436E1
3.906140133E1,6.193557739E0,-3.140574646E1,-3.504280090E1,4.746239525E1
3.907133133E1,6.170448303E0,-3.094817352E1,-3.503446960E1,4.715164830E1
3.908126233E1,6.040367126E0,-3.126505280E1,-3.527599335E1,4.752247119E1
3.909119333E1,6.042098999E0,-3.108572388E1,-3.504859161E1,4.723592873E1
3.910112333E1,5.910942078E0,-3.141779327E1,-3.514385223E1,4.750902357E1
3.911105433E1,5.894607544E0,-3.106997681E1,-3.480152893E1,4.702378412E1
3.912098533E1,5.987701416E0,-3.139530182E1,-3.486618805E1,4.729871683E1
3.913091633E1,6.157402039E0,-3.099835205E1,-3.469279480E1,4.692975006E1
3.914084633E1,5.780845642E0,-3.110408020E1,-3.490540314E1,4.710911960E1
3.915077733E1,6.126159668E0,-3.086437225E1,-3.488188934E1,4.697750005E1
3.916070833E1,5.834098816E0,-3.100607300E1,-3.500240326E1,4.712304644E1
3.917063833E1,5.981689453E0,-3.075332642E1,-3.488363647E1,4.688726680E1
3.918056933E1,5.799247742E0,-3.118460083E1,-3.512628174E1,4.732828195E1
3.919050033E1,5.999572754E0,-3.120115662E1,-3.476588440E1,4.709749214E1
3.920043133E1,5.715209961E0,-3.126387787E1,-3.476483154E1,4.710294255E1
3.921036133E1,5.733474731E0,-3.122721100E1,-3.502225494E1,4.727123629E1
3.922029233E1,5.914733887E0,-3.112104034E1,-3.500627136E1,4.721167508E1
3.923022333E1,6.052810669E0,-3.107354736E1,-3.506142426E1,4.723881173E1
3.924015333E1,5.978355408E0,-3.138967896E1,-3.489617920E1,4.731591699E1
3.925008433E1,5.926605225E0,-3.089817047E1,-3.488665771E1,4.697765931E1
3.926001533E1,5.738464355E0,-3.111105347E1,-3.473625183E1,4.698334612E1
3.926994533E1,6.012092590E0,-3.093003082E1,-3.493682861E1,4.704672207E1
3.927987633E1,6.118499756E0,-3.101600647E1,-3.520830536E1,4.731863758E1
3.928980733E1,6.111030579E0,-3.093087006E1,-3.506304932E1,4.715379989E1
3.929973833E1,5.825759888E0,-3.116989899E1,-3.536698151E1,4.750079433E1
3.930966833E1,5.821838379E0,-3.104017639E1,-3.504062653E1,4.717236331E1
3.931959933E1,5.866783142E0,-3.108261108E1,-3.509545898E1,4.724657763E1
3.932953033E1,5.836746216E0,-3.108958435E1,-3.535488129E1,4.744046261E1
3.933946033E1,5.668762207E0,-3.100807190E1,-3.524231720E1,4.728272739E1
3.934939133E1,5.755813599E0,-3.111322021E1,-3.521295166E1,4.734040375E1
3.935932233E1,5.603111267E0,-3.123027802E1,-3.559871674E1,4.768641058E1
3.936925333E1,5.775588989E0,-3.146799469E1,-3.521299744E1,4.757675174E1
3.937918333E1,5.872535706E0,-3.118758392E1,-3.502655029E1,4.726532865E1
3.938911433E1,5.867004395E0,-3.126064301E1,-3.539344025E1,4.758513585E1
3.939904533E1,5.896278381E0,-3.133998871E1,-3.498605347E1,4.733904232E1
3.940897533E1,6.065544128E0,-3.128898621E1,-3.505329895E1,4.737642083E1
3.941890633E1,6.130607605E0,-3.121485138E1,-3.504486847E1,4.732963239E1
3.942883733E1,6.140533447E0,-3.097465515E1,-3.520456696E1,4.729161604E1
3.943876833E1,6.022064209E0,-3.109483337E1,-3.498033142E1,4.718874343E1
3.944869833E1,5.821907043E0,-3.116685486E1,-3.507775879E1,4.728336499E1
3.945862933E1,6.014106750E0,-3.104845428E1,-3.490016174E1,4.709774181E1
3.946856033E1,5.720664978E0,-3.111347961E1,-3.499227905E1,4.717238827E1
3.947849033E1,5.728485107E0,-3.102915955E1,-3.486052704E1,4.702000244E1
3.948842133E1,5.907615662E0,-3.137654114E1,-3.465821838E1,4.712302365E1
3.949835233E1,5.982566833E0,-3.139238739E1,-3.460783386E1,4.710600022E1
3.950828333E1,5.986938477E0,-3.136286163E1,-3.496189880E1,4.734772318E1
3.951821333E1,5.861724854E0,-3.119577789E1,-3.503466034E1,4.727540377E1
3.952814433E1,5.973495483E0,-3.110463715E1,-3.535563660E1,4.746790642E1
3.953807533E1,6.100318909E0,-3.092586517E1,-3.534105682E1,4.735623850E1
3.954800533E1,6.114746094E0,-3.106949615E1,-3.515511322E1,4.731369460E1
3.955793633E1,6.108642578E0,-3.125318146E1,-3.487724304E1,4.722815842E1
3.956786733E1,6.055732727E0,-3.126621246E1,-3.499275208E1,4.731533196E1
3.957779733E1,6.106697083E0,-3.115641022E1,-3.492697906E1,4.720071518E1
3.958772833E1,6.135139465E0,-3.117293549E1,-3.516691589E1,4.739307773E1
3.959765933E1,5.938362122E0,-3.094619751E1,-3.516872406E1,4.722044512E1
3.960759033E1,6.081924438E0,-3.103694916E1,-3.499060822E1,4.716592712E1
3.961752033E1,5.886375427E0,-3.130735779E1,-3.504435730E1,4.735933958E1
3.962745133E1,6.061912537E0,-3.131259918E1,-3.548571014E1,4.771227594E1
3.963738233E1,6.201034546E0,-3.142165375E1,-3.533275604E1,4.768832984E1
3.964731233E1,6.004211426E0,-3.120170593E1,-3.507135010E1,4.732437644E1
3.965724333E1,5.900192261E0,-3.150788116E1,-3.506105804E1,4.750617471E1
3.966717433E1,5.974128723E0,-3.111339569E1,-3.494923401E1,4.717184079E1
3.967710533E1,5.837402344E0,-3.136114502E1,-3.537869263E1,4.763663060E1
3.968703533E1,5.780265808E0,-3.116056061E1,-3.530799866E1,4.744519764E1
3.969696633E1,5.799949646E0,-3.121305847E1,-3.480709076E1,4.711080558E1
3.970689733E1,5.659164429E0,-3.135463715E1,-3.484857178E1,4.721824189E1
3.971682733E1,5.911453247E0,-3.135769653E1,-3.475208282E1,4.718005587E1
3.972675892E1,6.017433167E0,-3.118083191E1,-3.518104553E1,4.739366778E1
3.973668992E1,5.880531311E0,-3.125058746E1,-3.514643860E1,4.739675106E1
3.974661992E1,5.862022400E0,-3.088735962E1,-3.494652557E1,4.700693503E1
3.975655092E1,5.744781494E0,-3.125881195E1,-3.485695648E1,4.717121213E1
3.976648192E1,5.669090271E0,-3.108160400E1,-3.488361359E1,4.706454280E1
3.977641292E1,5.809379578E0,-3.109142303E1,-3.509384155E1,4.724408103E1
3.978634292E1,5.759399414E0,-3.112051392E1,-3.520831299E1,4.734218385E1
3.979627392E1,5.657676697E0,-3.126169586E1,-3.545112610E1,4.760341664E1
3.980620492E1,5.830940247E0,-3.090110779E1,-3.508705139E1,4.711665843E1
3.981613492E1,5.822792053E0,-3.103905487E1,-3.540690613E1,4.744446054E1
3.982606592E1,5.826118469E0,-3.098614502E1,-3.529306793E1,4.732531546E1
3.983599692E1,5.824989319E0,-3.127896118E1,-3.521565247E1,4.745994197E1
3.984592792E1,6.162780762E0,-3.089874268E1,-3.511546326E1,4.717846888E1
3.985585792E1,5.981697083E0,-3.122351074E1,-3.524832916E1,4.746717847E1
3.986578892E1,5.904998779E0,-3.104530334E1,-3.548839569E1,4.751953387E1
3.987571992E1,5.678024292E0,-3.112110901E1,-3.543951416E1,4.750497395E1
3.988564992E1,5.673530579E0,-3.102214050E1,-3.548238373E1,4.747169373E1
3.989558092E1,5.810791016E0,-3.131721497E1,-3.544989777E1,4.765740758E1
3.990551192E1,5.815582275E0,-3.102878571E1,-3.549349976E1,4.750152697E1
3.991544292E1,5.511932373E0,-3.108940125E1,-3.518854523E1,4.727754206E1
3.992537292E1,5.671722412E0,-3.104821777E1,-3.520562744E1,4.728209456E1
3.993530392E1,5.719459534E0,-3.120933533E1,-3.552907562E1,4.763454674E1
3.994523492E1,5.680450439E0,-3.105366516E1,-3.535494232E1,4.739799135E1
3.995516492E1,5.797210693E0,-3.130659485E1,-3.527396393E1,4.751802883E1
3.996509592E1,5.944389343E0,-3.079113770E1,-3.540081787E1,4.729321126E1
3.997502692E1,5.755599976E0,-3.118508148E1,-3.547509766E1,4.758275730E1
3.998495692E1,5.674125671E0,-3.075207520E1,-3.537632751E1,4.721620886E1
3.999488792E1,5.714355469E0,-3.106534576E1,-3.545357513E1,4.748331871E1
4.000481892E1,6.000892639E0,-3.094675446E1,-3.511609650E1,4.718953864E1
4.001474992E1,5.811363220E0,-3.122872162E1,-3.540568542E1,4.756645411E1
4.002467992E1,5.811317444E0,-3.110346222E1,-3.517428589E1,4.731201919E1
4.003461092E1,5.622062683E0,-3.132752228E1,-3.486685181E1,4.720930624E1
4.004454192E1,5.542259216E0,-3.105019379E1,-3.501533508E1,4.712647730E1
4.005447192E1,5.564117432E0,-3.127294922E1,-3.512339020E1,4.735619595E1
4.006440292E1,5.612770081E0,-3.098950958E1,-3.482055664E1,4.695022957E1
4.007433392E1,5.734764099E0,-3.128050995E1,-3.500811005E1,4.729614774E1
4.008426492E1,5.604751587E0,-3.100463104E1,-3.517530823E1,4.722290435E1
4.009419492E1,5.770263672E0,-3.121794128E1,-3.542160797E1,4.756622869E1
4.010412592E1,5.707061768E0,-3.099518585E1,-3.538922882E1,4.738849667E1
4.011405692E1,5.402442932E0,-3.135087585E1,-3.516886902E1,4.742270716E1
4.012398692E1,5.576820374E0,-3.102707672E1,-3.492077637E1,4.704509579E1
4.013391792E1,5.555419922E0,-3.110847473E1,-3.503811646E1,4.718336037E1
4.014384892E1,5.737838745E0,-3.128320312E1,-3.486895752E1,4.719540009E1
4.015377892E1,5.721336365E0,-3.128176880E1,-3.496936798E1,4.726668431E1
4.016370992E1,5.688278198E0,-3.099746704E1,-3.512943268E1,4.719403047E1
4.017364092E1,5.661674500E0,-3.158030701E1,-3.538959503E1,4.776812520E1
4.018357192E1,5.905532837E0,-3.144425201E1,-3.517861176E1,4.755156178E1
4.019350192E1,5.785209656E0,-3.156403351E1,-3.552402496E1,4.787184153E1
4.020343292E1,5.803840637E0,-3.142035675E1,-3.533304596E1,4.763766914E1
4.021336392E1,5.957771301E0,-3.139208221E1,-3.553004456E1,4.778432725E1
4.022329392E1,6.088790894E0,-3.132151794E1,-3.538891602E1,4.764961949E1
4.023322492E1,6.121284485E0,-3.131636810E1,-3.539435577E1,4.765443794E1
4.024315592E1,6.007827759E0,-3.099992371E1,-3.512047577E1,4.722856215E1
4.025308692E1,5.839828491E0,-3.136296082E1,-3.505005646E1,4.739457106E1
4.026301692E1,5.931884766E0,-3.127230072E1,-3.514825439E1,4.741881310E1
4.027294792E1,5.819534302E0,-3.119329834E1,-3.500925446E1,4.724972739E1
4.028287892E1,5.660026550E0,-3.137490082E1,-3.526787567E1,4.754201675E1
4.029280892E1,5.752685547E0,-3.107953644E1,-3.521204376E1,4.731721676E1
4.030273992E1,5.912254333E0,-3.106336975E1,-3.493619537E1,4.712139046E1
4.031267092E1,5.728088379E0,-3.122650146E1,-3.537247467E1,4.753017310E1
4.032260092E1,5.848220825E0,-3.119565582E1,-3.558845520E1,4.768551953E1
4.033253192E1,5.916671753E0,-3.125653076E1,-3.586418915E1,4.793973074E1
4.034246292E1,5.748168945E0,-3.119055176E1,-3.583522034E1,4.785451893E1
4.035239392E1,5.621589661E0,-3.143431854E1,-3.540922546E1,4.768156772E1
4.036232392E1,5.410598755E0,-3.151412201E1,-3.557733917E1,4.783473139E1
4.037225492E1,5.544136047E0,-3.159059143E1,-3.561309052E1,4.792697703E1
4.038218592E1,5.676406860E0,-3.140167236E1,-3.526967621E1,4.756297596E1
4.039211592E1,5.812789917E0,-3.136676788E1,-3.525482941E1,4.754540620E1
4.040204692E1,5.773742676E0,-3.135140991E1,-3.519013214E1,4.748254846E1
4.041197792E1,5.889656067E0,-3.148408508E1,-3.525601959E1,4.763320879E1
4.042190892E1,5.774314880E0,-3.135189819E1,-3.538418579E1,4.762693394E1
4.043183892E1,5.821968079E0,-3.137388611E1,-3.529989624E1,4.758464791E1
4.044176992E1,5.783393860E0,-3.147829437E1,-3.568649292E1,4.793596185E1
4.045170092E1,5.858306885E0,-3.118941498E1,-3.564440918E1,4.772445151E1
4.046163092E1,5.842170715E0,-3.111708832E1,-3.536331940E1,4.746544536E1
4.047156192E1,5.774856567E0,-3.119267273E1,-3.526479340E1,4.743350560E1
4.048149292E1,5.658157349E0,-3.110590363E1,-3.534542084E1,4.742247104E1
4.049142292E1,5.675102234E0,-3.130023956E1,-3.530090332E1,4.751910729E1
4.050135392E1,5.910652161E0,-3.097441864E1,-3.562176514E1,4.757373824E1
4.051128492E1,5.843940735E0,-3.120528412E1,-3.530375671E1,4.747922323E1
4.052121592E1,5.795249939E0,-3.136087799E1,-3.558717346E1,4.778636317E1
4.053114592E1,5.954254150E0,-3.130457306E1,-3.573601532E1,4.787997732E1
4.054107692E1,5.826057434E0,-3.147434998E1,-3.546875000E1,4.777666667E1
4.055100792E1,5.813293457E0,-3.134535217E1,-3.545176697E1,4.767759710E1
4.056093792E1,5.631347656E0,-3.146504974E1,-3.532649994E1,4.764161028E1
4.057086892E1,6.004371643E0,-3.116770935E1,-3.512131500E1,4.733904681E1
4.058079992E1,5.880226135E0,-3.109359741E1,-3.523108673E1,4.735629136E1
4.059072992E1,5.754554749E0,-3.111994171E1,-3.523769379E1,4.736307355E1
4.060066092E1,5.642112732E0,-3.112036896E1,-3.562053680E1,4.763542214E1
4.061059192E1,5.582756042E0,-3.098631287E1,-3.576267242E1,4.764753392E1
4.062052292E1,5.786750793E0,-3.135150146E1,-3.584918976E1,4.797465513E1
4.063045292E1,5.880882263E0,-3.105847931E1,-3.523775482E1,4.733828554E1
4.064038392E1,5.782196045E0,-3.106534576E1,-3.573844910E1,4.770457255E1
4.065031492E1,5.913795471E0,-3.095410919E1,-3.545455933E1,4.743580536E1
4.066024492E1,5.844963074E0,-3.124440765E1,-3.537295532E1,4.755651975E1
4.067017592E1,5.771194458E0,-3.093265533E1,-3.546227264E1,4.741000562E1
4.068010692E1,5.709777832E0,-3.115334320E1,-3.564994049E1,4.768700675E1
4.069003792E1,5.751182556E0,-3.103389740E1,-3.549513245E1,4.749824540E1
4.069996792E1,5.766304016E0,-3.124072266E1,-3.547036743E1,4.761701355E1
4.070989892E1,5.801185608E0,-3.100483704E1,-3.540323639E1,4.741669348E1
4.071982954E1,5.620040894E0,-3.119343567E1,-3.542786407E1,4.753681564E1
4.072975954E1,5.846054077E0,-3.111660004E1,-3.551531219E1,4.757895067E1
4.073969054E1,5.710433960E0,-3.118441010E1,-3.542143250E1,4.753687378E1
4.074962154E1,5.517570496E0,-3.085826111E1,-3.546067047E1,4.733006458E1
4.075955154E1,5.657257080E0,-3.098936462E1,-3.593921661E1,4.779092559E1
4.076948254E1,5.654121399E0,-3.084253693E1,-3.549905396E1,4.736469154E1
4.077941354E1,5.570030212E0,-3.130043030E1,-3.528855896E1,4.749762696E1
4.078934454E1,5.708473206E0,-3.111801147E1,-3.556604004E1,4.760105575E1
4.079927454E1,5.815071106E0,-3.142890167E1,-3.548823547E1,4.775987614E1
4.080920554E1,5.556205750E0,-3.111845398E1,-3.542301941E1,4.747651951E1
4.081913654E1,5.286758423E0,-3.133644104E1,-3.543025208E1,4.759438112E1
4.082906654E1,5.470268250E0,-3.097198486E1,-3.517948151E1,4.718880800E1
4.083899754E1,5.580047607E0,-3.116490936E1,-3.514519501E1,4.730299397E1
4.084892854E1,5.649131775E0,-3.102054596E1,-3.522893524E1,4.727858754E1
4.085885954E1,5.811065674E0,-3.138319397E1,-3.534664154E1,4.762413691E1
4.086878954E1,5.841041565E0,-3.110443878E1,-3.518917084E1,4.732738766E1
4.087872054E1,5.898574829E0,-3.130290985E1,-3.543729401E1,4.764941927E1
4.088865154E1,5.846199036E0,-3.106896973E1,-3.544026184E1,4.749180016E1
4.089858154E1,5.734443665E0,-3.135166931E1,-3.520625305E1,4.748990700E1
4.090851254E1,5.642997742E0,-3.095053101E1,-3.505957031E1,4.710575616E1
4.091844354E1,5.440498352E0,-3.102273560E1,-3.517432404E1,4.721485166E1
4.092837354E1,5.715507507E0,-3.085380554E1,-3.529731750E1,4.722843387E1
4.093830454E1,5.816192627E0,-3.084947968E1,-3.524797058E1,4.720103731E1
4.094823554E1,5.714408875E0,-3.075194550E1,-3.530748749E1,4.716943177E1
4.095816654E1,5.419418335E0,-3.136894226E1,-3.568796539E1,4.782270912E1
4.096809654E1,5.632980347E0,-3.131326294E1,-3.540278625E1,4.759840521E1
4.097802754E1,5.403709412E0,-3.146208954E1,-3.513289642E1,4.746981741E1
4.098795854E1,5.464859009E0,-3.118686676E1,-3.537527466E1,4.747520826E1
4.099788854E1,5.363456726E0,-3.112557220E1,-3.550059509E1,4.751694608E1
4.100781954E1,5.421478271E0,-3.073148346E1,-3.526028442E1,4.708613554E1
4.101775054E1,5.633743286E0,-3.113324738E1,-3.547218323E1,4.753203066E1
4.102768054E1,5.798957825E0,-3.062195587E1,-3.515170288E1,4.697844515E1
4.103761154E1,5.895011902E0,-3.118232727E1,-3.544659424E1,4.757677734E1
4.104754254E1,5.692451477E0,-3.096127319E1,-3.505469513E1,4.711513655E1
4.105747354E1,5.765899658E0,-3.108302307E1,-3.496062469E1,4.713433145E1
4.106740354E1,6.045646667E0,-3.082852173E1,-3.487401581E1,4.693766690E1
4.107733454E1,5.770996094E0,-3.086834717E1,-3.507760620E1,4.708075732E1
4.108726554E1,5.753807068E0,-3.078878784E1,-3.520335388E1,4.712039768E1
4.109719554E1,5.769836426E0,-3.095013428E1,-3.511026764E1,4.715859114E1
4.110712654E1,5.903526306E0,-3.093400574E1,-3.480899811E1,4.694071456E1
4.111705754E1,5.894363403E0,-3.102108002E1,-3.478620911E1,4.698011568E1
4.112698854E1,5.702674866E0,-3.096509552E1,-3.481513214E1,4.694093168E1
4.113691854E1,5.791099548E0,-3.119383240E1,-3.513842773E1,4.734238183E1
4.114684954E1,6.005279541E0,-3.109735870E1,-3.541997528E1,4.751508970E1
4.115678054E1,5.812767029E0,-3.138907623E1,-3.552594757E1,4.776144175E1
4.116671054E1,5.560035706E0,-3.119051361E1,-3.544992828E1,4.754429042E1
4.117664154E1,5.753440857E0,-3.111943054E1,-3.534132385E1,4.743975348E1
4.118657254E1,5.725776672E0,-3.116843414E1,-3.500213623E1,4.721657914E1
4.119650254E1,5.687652588E0,-3.122574615E1,-3.536355591E1,4.751818285E1
4.120643354E1,5.723770142E0,-3.110803986E1,-3.570134735E1,4.769756693E1
4.121636454E1,5.642272949E0,-3.117238617E1,-3.551406097E1,4.758992993E1
4.122629554E1,5.719535828E0,-3.104375458E1,-3.536721039E1,4.740535159E1
4.123622554E1,5.676856995E0,-3.124181366E1,-3.521243286E1,4.741511419E1
4.124615654E1,5.648887634E0,-3.116969299E1,-3.531076050E1,4.743742720E1
4.125608754E1,5.821693420E0,-3.125546265E1,-3.509627533E1,4.735551289E1
4.126601754E1,5.680969238E0,-3.133367157E1,-3.522074127E1,4.748234410E1
4.127594854E1,5.913330078E0,-3.111386871E1,-3.540050507E1,4.749985324E1
4.128587954E1,5.791091919E0,-3.131960297E1,-3.527603149E1,4.752738867E1
4.129580954E1,5.715332031E0,-3.129675293E1,-3.568974304E1,4.781118617E1
4.130574054E1,5.772697449E0,-3.112462616E1,-3.546615601E1,4.753855920E1
4.131567154E1,6.035491943E0,-3.111631012E1,-3.547238159E1,4.757038758E1
4.132560254E1,6.036376953E0,-3.097235107E1,-3.535391235E1,4.738801005E1
4.133553254E1,5.798004150E0,-3.093143463E1,-3.531407166E1,4.730173525E1
4.134546354E1,5.816093445E0,-3.077814484E1,-3.517362213E1,4.709888360E1
4.135539454E1,5.815498352E0,-3.091726685E1,-3.476519775E1,4.688620677E1
4.136532454E1,5.696388245E0,-3.080226898E1,-3.506500244E1,4.701896436E1
4.137525554E1,5.714134216E0,-3.087719727E1,-3.519374847E1,4.716622279E1
4.138518654E1,5.812675476E0,-3.105796051E1,-3.530955505E1,4.738300102E1
4.139511654E1,5.794342041E0,-3.099393463E1,-3.535974884E1,4.737626222E1
4.140504754E1,6.015754700E0,-3.106948090E1,-3.526062012E1,4.737946052E1
4.141497854E1,5.910766602E0,-3.130045319E1,-3.539138031E1,4.761517964E1
4.142490954E1,5.701362610E0,-3.101509857E1,-3.540734100E1,4.741436145E1
4.143483954E1,5.616455078E0,-3.139652252E1,-3.531977081E1,4.758962497E1
4.144477054E1,5.731552124E0,-3.104011536E1,-3.545962524E1,4.747340807E1
4.145470154E1,5.737403870E0,-3.119606781E1,-3.515568542E1,4.735012849E1
4.146463154E1,5.661895752E0,-3.072177124E1,-3.485749817E1,4.680736556E1
4.147456254E1,5.691947937E0,-3.088938141E1,-3.526052094E1,4.722135631E1
4.148449354E1,5.770462036E0,-3.051795197E1,-3.567247009E1,4.729871824E1
4.149442354E1,5.787101746E0,-3.100696564E1,-3.555804443E1,4.753206274E1
4.150435454E1,5.918930054E0,-3.073265839E1,-3.538636017E1,4.724113155E1
4.151428554E1,5.886215210E0,-3.082696533E1,-3.541758728E1,4.732182171E1
4.152421654E1,5.702507019E0,-3.087046051E1,-3.517289734E1,4.714484729E1
4.153414654E1,5.569175720E0,-3.095134735E1,-3.535327911E1,4.731655065E1
4.154407754E1,5.733032227E0,-3.076856995E1,-3.528878784E1,4.716853933E1
4.155400854E1,5.818855286E0,-3.066507721E1,-3.546212006E1,4.724159180E1
4.156393854E1,5.849258423E0,-3.076934814E1,-3.531246185E1,4.720102299E1
4.157386954E1,5.869445801E0,-3.064151764E1,-3.535816956E1,4.715456660E1
4.158380054E1,5.874076843E0,-3.049959564E1,-3.545577240E1,4.713641808E1
4.159373154E1,5.489654541E0,-3.063217163E1,-3.549066162E1,4.720225957E1
4.160366154E1,5.619979858E0,-3.056589508E1,-3.527733612E1,4.701434419E1
4.161359254E1,5.687789917E0,-3.085610962E1,-3.536012268E1,4.727355213E1
4.162352354E1,5.635162354E0,-3.050724792E1,-3.548263550E1,4.713241615E1
4.163345354E1,5.582023621E0,-3.095404816E1,-3.570723724E1,4.758485974E1
4.164338454E1,5.714294434E0,-3.064710236E1,-3.548315430E1,4.723295759E1
4.165331554E1,5.803413391E0,-3.083182526E1,-3.570907593E1,4.753334786E1
4.166324554E1,5.726829529E0,-3.090312958E1,-3.545174408E1,4.737748571E1
4.167317654E1,5.906196594E0,-3.081558228E1,-3.553666687E1,4.740609625E1
4.168310754E1,5.885681152E0,-3.057519531E1,-3.538208771E1,4.713147506E1
4.169303854E1,5.615455627E0,-3.095114899E1,-3.534441376E1,4.731526761E1
4.170296854E1,5.887954712E0,-3.057229614E1,-3.537758636E1,4.712649912E1
4.171289954E1,5.573333740E0,-3.063147736E1,-3.591743469E1,4.753326802E1
4.172283042E1,5.788009644E0,-3.051622772E1,-3.550924683E1,4.717677204E1
4.173276042E1,5.704177856E0,-3.111694336E1,-3.582719421E1,4.779528904E1
4.174269142E1,5.813545227E0,-3.078812408E1,-3.543650818E1,4.730171249E1
4.175262242E1,5.467864990E0,-3.079302216E1,-3.549292755E1,4.730597919E1
4.176255242E1,5.444915771E0,-3.046692657E1,-3.512467957E1,4.681478225E1
4.177248342E1,5.343673706E0,-3.097684479E1,-3.543527985E1,4.736854251E1
4.178241442E1,5.688728333E0,-3.072902679E1,-3.507225037E1,4.697549854E1
4.179234442E1,5.513000488E0,-3.091967773E1,-3.522556305E1,4.719385487E1
4.180227542E1,5.802841187E0,-3.074562836E1,-3.504958344E1,4.698340056E1
4.181220642E1,5.717018127E0,-3.097497559E1,-3.561995697E1,4.754907721E1
4.182213742E1,5.809066772E0,-3.082946014E1,-3.553111267E1,4.739895397E1
4.183206742E1,5.580711365E0,-3.094286346E1,-3.543656158E1,4.737462439E1
4.184199842E1,5.623580933E0,-3.088411713E1,-3.516682434E1,4.713978031E1
4.185192942E1,5.544258118E0,-3.106314850E1,-3.520758057E1,4.727823730E1
4.186185942E1,5.779472351E0,-3.088521576E1,-3.540018463E1,4.733362362E1
4.187179042E1,5.812393188E0,-3.099392700E1,-3.536987305E1,4.738602479E1
4.188172142E1,5.702415466E0,-3.076742554E1,-3.523481750E1,4.712371357E1
4.189165242E1,5.617660522E0,-3.110154724E1,-3.532385254E1,4.739872265E1
4.190158242E1,5.621429443E0,-3.091781616E1,-3.532807159E1,4.728196768E1
4.191151342E1,5.878379822E0,-3.083849335E1,-3.519368744E1,4.716103961E1
4.192144442E1,5.869354248E0,-3.050392914E1,-3.527992249E1,4.700650958E1
4.193137442E1,5.697601318E0,-3.075627136E1,-3.527915192E1,4.714901323E1
4.194130542E1,5.735351562E0,-3.072959900E1,-3.503586578E1,4.695438641E1
4.195123642E1,5.668151855E0,-3.091763306E1,-3.530433655E1,4.726969598E1
4.196116642E1,5.807769775E0,-3.073081970E1,-3.496464539E1,4.691097842E1
4.197109742E1,5.721580505E0,-3.081376648E1,-3.508481598E1,4.704433016E1
4.198102842E1,5.577789307E0,-3.072792816E1,-3.509688568E1,4.697987534E1
4.199095942E1,5.635742188E0,-3.098059082E1,-3.529958344E1,4.730347966E1
4.200088942E1,5.750389099E0,-3.072148132E1,-3.488458252E1,4.683813070E1
4.201082042E1,5.778320312E0,-3.098061371E1,-3.522486115E1,4.726497915E1
4.202075142E1,5.660064697E0,-3.054937744E1,-3.486736298E1,4.670153954E1
4.203068142E1,5.851684570E0,-3.081996918E1,-3.526456451E1,4.719854047E1
4.204061242E1,6.117088318E0,-3.061689758E1,-3.502888489E1,4.692372495E1
4.205054342E1,5.746574402E0,-3.073965454E1,-3.526099396E1,4.713053335E1
4.206047342E1,5.984649658E0,-3.086352539E1,-3.517012787E1,4.717320347E1
4.207040442E1,5.848976135E0,-3.111167145E1,-3.529568481E1,4.741236114E1
4.208033542E1,6.066230774E0,-3.106845856E1,-3.531098175E1,4.742271297E1
4.209026642E1,6.085510254E0,-3.095494080E1,-3.541641998E1,4.742957515E1
4.210019642E1,6.083007812E0,-3.097650909E1,-3.568955994E1,4.764757904E1
4.211012742E1,5.829895020E0,-3.104969025E1,-3.555620575E1,4.756379619E1
4.212005842E1,6.064491272E0,-3.092079163E1,-3.534795380E1,4.735347133E1
4.212998842E1,5.954910278E0,-3.110444641E1,-3.535081482E1,4.746185470E1
4.213991942E1,6.084243774E0,-3.111845398E1,-3.522460175E1,4.739355197E1
4.214985042E1,5.878204346E0,-3.106014252E1,-3.536288452E1,4.743226055E1
4.215978042E1,5.868949890E0,-3.112786865E1,-3.534363556E1,4.746115627E1
4.216971142E1,5.765502930E0,-3.109991455E1,-3.536322021E1,4.744473683E1
4.217964242E1,6.033393860E0,-3.094692993E1,-3.534541321E1,4.736467617E1
4.218957342E1,5.793342590E0,-3.078013611E1,-3.550131989E1,4.734261622E1
4.219950342E1,5.863647461E0,-3.078516388E1,-3.527626801E1,4.718605473E1
4.220943442E1,5.915237427E0,-3.117531586E1,-3.509267426E1,4.731158567E1
4.221936542E1,5.777763367E0,-3.112838745E1,-3.528450012E1,4.740627599E1
4.222929542E1,5.813346863E0,-3.081884003E1,-3.524839783E1,4.718098613E1
4.223922642E1,5.806793213E0,-3.093743896E1,-3.517712402E1,4.720459757E1
4.224915742E1,6.039970398E0,-3.072391510E1,-3.534305573E1,4.721834166E1
4.225908742E1,6.066467285E0,-3.110079956E1,-3.484838867E1,4.710065766E1
4.226901842E1,6.087623596E0,-3.093273163E1,-3.542887115E1,4.742465560E1
4.227894942E1,5.855369568E0,-3.095885468E1,-3.543766022E1,4.741902358E1
4.228888042E1,5.784126282E0,-3.065447235E1,-3.562786865E1,4.735501892E1
4.229881042E1,6.064880371E0,-3.070420837E1,-3.558873749E1,4.739292586E1
4.230874142E1,6.072845459E0,-3.085723114E1,-3.547524261E1,4.740823772E1
4.231867242E1,5.963630676E0,-3.096883392E1,-3.565019226E1,4.759800178E1
4.232860242E1,6.110191345E0,-3.057801056E1,-3.555461884E1,4.729143779E1
4.233853342E1,5.842689514E0,-3.059448242E1,-3.572325134E1,4.739525358E1
4.234846442E1,6.121337891E0,-3.066301727E1,-3.527835083E1,4.714078323E1
4.235839442E1,6.009666443E0,-3.075601196E1,-3.544608307E1,4.731250540E1
4.236832542E1,5.984954834E0,-3.071388245E1,-3.543899536E1,4.727668190E1
4.237825642E1,5.992424011E0,-3.079808044E1,-3.557752228E1,4.743617813E1
4.238818742E1,5.931320190E0,-3.056286621E1,-3.544934845E1,4.717971657E1
4.239811742E1,5.892417908E0,-3.076161957E1,-3.546144104E1,4.731291185E1
4.240804842E1,5.789138794E0,-3.053274536E1,-3.514366150E1,4.691310703E1
4.241797942E1,5.739524841E0,-3.082075500E1,-3.529779816E1,4.721012221E1
4.242790942E1,5.752807617E0,-3.045841217E1,-3.565584564E1,4.724562409E1
4.243784042E1,5.890953064E0,-3.075998688E1,-3.567475128E1,4.747176002E1
4.244777142E1,6.189453125E0,-3.073355103E1,-3.551741791E1,4.737454447E1
4.245770142E1,5.974037170E0,-3.061735535E1,-3.537545776E1,4.716497197E1
4.246763242E1,6.021614075E0,-3.055272675E1,-3.540899658E1,4.715427856E1
4.247756342E1,6.075340271E0,-3.086755371E1,-3.546243286E1,4.740569350E1
4.248749442E1,6.445388794E0,-3.070939636E1,-3.542687225E1,4.732518716E1
4.249742442E1,6.239151001E0,-3.093090820E1,-3.544161224E1,4.745267080E1
4.250735542E1,6.124267578E0,-3.037729645E1,-3.543441010E1,4.707317932E1
4.251728642E1,6.087471008E0,-3.054013062E1,-3.569584656E1,4.737035299E1
4.252721642E1,5.915481567E0,-3.045182800E1,-3.530703735E1,4.699886847E1
4.253714742E1,6.100723267E0,-3.083106232E1,-3.540965271E1,4.734571504E1
4.254707842E1,6.228919983E0,-3.065175629E1,-3.565155792E1,4.742745186E1
4.255700842E1,6.109733582E0,-3.082575989E1,-3.555931854E1,4.745546810E1
4.256693942E1,6.165573120E0,-3.033680725E1,-3.501331329E1,4.673615596E1
4.257687042E1,6.136756897E0,-3.072018433E1,-3.544966888E1,4.730822903E1
4.258680142E1,6.103393555E0,-3.059175110E1,-3.571014404E1,4.741646376E1
4.259673142E1,6.132415771E0,-3.069459534E1,-3.552401733E1,4.734681102E1
4.260666242E1,5.986839294E0,-3.057573700E1,-3.548348999E1,4.722071579E1
4.261659342E1,6.136688232E0,-3.085943604E1,-3.534633636E1,4.732153029E1
4.262652342E1,6.074684143E0,-3.041298676E1,-3.512333679E1,4.685616649E1
4.263645442E1,6.054275513E0,-3.083109283E1,-3.493981934E1,4.698937659E1
4.264638542E1,6.180976868E0,-3.041233063E1,-3.517313385E1,4.690696829E1
4.265631542E1,6.200988770E0,-3.044795227E1,-3.548914337E1,4.717000484E1
4.266624642E1,6.242973328E0,-3.047546387E1,-3.539656830E1,4.712372716E1
4.267617742E1,6.280181885E0,-3.077885437E1,-3.530294037E1,4.725543524E1
4.268610842E1,6.277191162E0,-3.072930908E1,-3.502328491E1,4.701408355E1
4.270614758E1,1.808406067E1,-1.716016388E1,-2.780423737E1,3.734407704E1
4.271607758E1,1.808444977E1,-1.693481445E1,-2.771751404E1,3.717654971E1
4.272600858E1,1.815468597E1,-1.710054779E1,-2.772766876E1,3.729403401E1
4.273593958E1,1.811519623E1,-1.688751984E1,-2.756933594E1,3.705964037E1
4.274586958E1,1.800296021E1,-1.697970581E1,-2.782221222E1,3.723563452E1
4.275580058E1,1.822711945E1,-1.681861115E1,-2.779915619E1,3.725435074E1
4.276573158E1,1.789765930E1,-1.722013092E1,-2.764613342E1,3.716406612E1
4.277566158E1,1.831343079E1,-1.688797760E1,-2.748718262E1,3.709623624E1
4.278559258E1,1.805538940E1,-1.724095917E1,-2.771990967E1,3.730470683E1
4.279552358E1,1.802463531E1,-1.723168945E1,-2.747052002E1,3.710051307E1
4.280545458E1,1.809940338E1,-1.724355316E1,-2.753285217E1,3.718852615E1
4.281538458E1,1.809791565E1,-1.715632629E1,-2.782795715E1,3.736668680E1
4.282531629E1,1.793119812E1,-1.727936554E1,-2.783846283E1,3.735082800E1
4.283524729E1,1.794531250E1,-1.716693115E1,-2.805876160E1,3.747041324E1
4.284517729E1,1.793846893E1,-1.746691895E1,-2.804484558E1,3.759514980E1
4.285510829E1,1.779044342E1,-1.717073059E1,-2.793669891E1,3.730674218E1
4.286503929E1,1.796854401E1,-1.702213287E1,-2.762808990E1,3.709356997E1
4.287496929E1,1.809560394E1,-1.713423920E1,-2.783110809E1,3.735777848E1
4.288490029E1,1.833531189E1,-1.715770721E1,-2.791145325E1,3.754490380E1
4.289483129E1,1.820280457E1,-1.723212433E1,-2.808215332E1,3.764167289E1
4.290476229E1,1.828807831E1,-1.726144409E1,-2.769813538E1,3.741120105E1
4.291469229E1,1.811687469E1,-1.706727600E1,-2.775798035E1,3.728295229E1
4.292462329E1,1.811813354E1,-1.733455658E1,-2.787584686E1,3.749421893E1
4.293455429E1,1.804448700E1,-1.717488861E1,-2.822643280E1,3.764720200E1
4.294448429E1,1.805425262E1,-1.713690948E1,-2.792280579E1,3.740738948E1
4.295441529E1,1.791889191E1,-1.713687897E1,-2.789736938E1,3.732321699E1
4.296434629E1,1.794687653E1,-1.725445557E1,-2.804333496E1,3.749980333E1
4.297427629E1,1.795013428E1,-1.672903442E1,-2.799158478E1,3.722360450E1
4.298420729E1,1.816531372E1,-1.682402039E1,-2.804827881E1,3.741299545E1
4.299413829E1,1.799153137E1,-1.674317932E1,-2.789132690E1,3.717466034E1
4.300406829E1,1.796800995E1,-1.681493378E1,-2.796208954E1,3.724875610E1
4.301399929E1,1.803444672E1,-1.689080811E1,-2.792156219E1,3.728477306E1
4.302393029E1,1.792762756E1,-1.660742188E1,-2.770350647E1,3.694171845E1
4.303386129E1,1.789340973E1,-1.673124695E1,-2.764899445E1,3.694016283E1
4.304379129E1,1.814981079E1,-1.703396606E1,-2.790555573E1,3.739373841E1
4.305372229E1,1.785300446E1,-1.718965912E1,-2.790743256E1,3.732343688E1
4.306365329E1,1.794279480E1,-1.717724609E1,-2.740893555E1,3.698988262E1
4.307358329E1,1.798194885E1,-1.704715729E1,-2.737030029E1,3.692004055E1
4.308351429E1,1.823352814E1,-1.688179016E1,-2.757559204E1,3.711966681E1
4.309344529E1,1.816674805E1,-1.711328125E1,-2.741873169E1,3.707670397E1
4.310337529E1,1.797187805E1,-1.703289032E1,-2.739599609E1,3.692760966E1
4.311330629E1,1.786489105E1,-1.735442352E1,-2.748722839E1,3.709283048E1
4.312323729E1,1.787000275E1,-1.702110291E1,-2.772284698E1,3.711618498E1
4.313316829E1,1.778078461E1,-1.741263580E1,-2.779538727E1,3.730870864E1
4.314309829E1,1.783094025E1,-1.722078705E1,-2.756877899E1,3.707472875E1
4.315302929E1,1.794539642E1,-1.721810150E1,-2.761529541E1,3.716321855E1
4.316296029E1,1.798095703E1,-1.692713928E1,-2.782578278E1,3.720372357E1
4.317289029E1,1.795164490E1,-1.734966278E1,-2.772691345E1,3.731024099E1
4.318282129E1,1.769830322E1,-1.701756287E1,-2.776886749E1,3.706666136E1
4.319275229E1,1.771355438E1,-1.720692444E1,-2.787004852E1,3.723691531E1
4.320268229E1,1.783245850E1,-1.708161163E1,-2.777282715E1,3.716326089E1
4.321261329E1,1.791646576E1,-1.733020020E1,-2.758303833E1,3.717740695E1
4.322254429E1,1.807252502E1,-1.719348145E1,-2.743105316E1,3.707687477E1
4.323247429E1,1.789501953E1,-1.743514252E1,-2.770191956E1,3.730431967E1
4.324240529E1,1.775192261E1,-1.731515503E1,-2.782740784E1,3.727344868E1
4.325233629E1,1.765643311E1,-1.748008728E1,-2.755815125E1,3.710464636E1
4.326226729E1,1.796315002E1,-1.715747833E1,-2.732288361E1,3.692687084E1
4.327219729E1,1.799016571E1,-1.721996307E1,-2.742439270E1,3.704416966E1
4.328212829E1,1.795305634E1,-1.708811951E1,-2.727921295E1,3.685744863E1
4.329205929E1,1.795263672E1,-1.738280487E1,-2.746908569E1,3.713502039E1
4.330198929E1,1.807331085E1,-1.727467346E1,-2.750965118E1,3.717310609E1
4.331192029E1,1.817602539E1,-1.737500000E1,-2.760250092E1,3.733840624E1
4.332185129E1,1.815534973E1,-1.698019409E1,-2.769203186E1,3.721279812E1
4.333178129E1,1.808618927E1,-1.728056335E1,-2.771712494E1,3.733586917E1
4.334171229E1,1.819538879E1,-1.691132355E1,-2.764062500E1,3.716273924E1
4.335164329E1,1.798486328E1,-1.735261536E1,-2.728242493E1,3.699863885E1
4.336157429E1,1.805973816E1,-1.700088501E1,-2.751223755E1,3.704196874E1
4.337150429E1,1.761068726E1,-1.728249359E1,-2.784547424E1,3.720472183E1
4.338143529E1,1.785564423E1,-1.695380402E1,-2.754028320E1,3.694215343E1
4.339136629E1,1.773233032E1,-1.741634369E1,-2.740284729E1,3.699568361E1
4.340129629E1,1.776351929E1,-1.711347198E1,-2.711178589E1,3.665327373E1
4.341122729E1,1.771414948E1,-1.739165497E1,-2.766218567E1,3.716796026E1
4.342115829E1,1.766381836E1,-1.691027069E1,-2.718765259E1,3.656687281E1
4.343108829E1,1.774313354E1,-1.714131927E1,-2.752414703E1,3.696244424E1
4.344101929E1,1.767765808E1,-1.694807434E1,-2.722393799E1,3.661802314E1
4.345095029E1,1.784832764E1,-1.736085510E1,-2.738855743E1,3.701479660E1
4.346088029E1,1.793409729E1,-1.694632721E1,-2.729281616E1,3.679276648E1
4.347081129E1,1.785990143E1,-1.726977539E1,-2.749108887E1,3.705376078E1
4.348074229E1,1.767931366E1,-1.717566681E1,-2.727015686E1,3.675898689E1
4.349067329E1,1.772777557E1,-1.741710663E1,-2.751398468E1,3.707625902E1
4.350060329E1,1.783482361E1,-1.734105682E1,-2.758429718E1,3.714413326E1
4.351053429E1,1.784503174E1,-1.728302765E1,-2.776106262E1,3.725352064E1
4.352046529E1,1.790060425E1,-1.676703644E1,-2.786336517E1,3.712050999E1
4.353039529E1,1.816532898E1,-1.720798492E1,-2.800848389E1,3.755754374E1
4.354032629E1,1.795254517E1,-1.690486908E1,-2.791820526E1,3.724908941E1
4.355025729E1,1.778238678E1,-1.711283112E1,-2.793772125E1,3.727705108E1
4.356018729E1,1.816049194E1,-1.706853485E1,-2.772444153E1,3.727979356E1
4.357011829E1,1.810332489E1,-1.705233765E1,-2.774214935E1,3.725774338E1
4.358004929E1,1.793096924E1,-1.706562805E1,-2.755445099E1,3.704056004E1
4.358998029E1,1.799263000E1,-1.709458160E1,-2.755921936E1,3.708732973E1
4.359991029E1,1.794461823E1,-1.694030762E1,-2.762610626E1,3.704301679E1
4.360984129E1,1.816648865E1,-1.721098328E1,-2.776568604E1,3.737877173E1
4.361977229E1,1.830810547E1,-1.702429962E1,-2.762844849E1,3.726049744E1
4.362970229E1,1.793860626E1,-1.712982178E1,-2.770179749E1,3.718351749E1
4.363963329E1,1.788762665E1,-1.706199646E1,-2.756560516E1,3.702622717E1
4.364956429E1,1.801692963E1,-1.706860352E1,-2.781969452E1,3.728112635E1
4.365949429E1,1.775231171E1,-1.710128021E1,-2.794287872E1,3.726127785E1
4.366942529E1,1.799827576E1,-1.720893097E1,-2.790223694E1,3.739812912E1
4.367935629E1,1.811257935E1,-1.702770233E1,-2.745345306E1,3.703647206E1
4.368928629E1,1.773142242E1,-1.718982697E1,-2.753224182E1,3.698537322E1
4.369921729E1,1.798812103E1,-1.712660217E1,-2.746669769E1,3.703123658E1
4.370914829E1,1.788027954E1,-1.726296997E1,-2.726969910E1,3.689649059E1
4.371907929E1,1.791585541E1,-1.700675201E1,-2.752466583E1,3.698397921E1
4.372900929E1,1.795736694E1,-1.707309723E1,-2.742586517E1,3.696127375E1
4.373894029E1,1.792178345E1,-1.701469421E1,-2.772898865E1,3.714279139E1
4.374887129E1,1.811343384E1,-1.688658142E1,-2.732665253E1,3.687816503E1
4.375880129E1,1.814520264E1,-1.693747711E1,-2.741764832E1,3.698450958E1
4.376873229E1,1.794818115E1,-1.717469025E1,-2.771509552E1,3.721872797E1
4.377866329E1,1.799758911E1,-1.733589935E1,-2.782069397E1,3.739569003E1
4.378859329E1,1.778696442E1,-1.746212006E1,-2.767604065E1,3.724600604E1
4.379852429E1,1.794390106E1,-1.719445038E1,-2.748191833E1,3.705251064E1
4.380845529E1,1.795738983E1,-1.706006622E1,-2.757366180E1,3.706508511E1
4.381838629E1,1.773947144E1,-1.699917603E1,-2.760374451E1,3.695439816E1
4.382831558E1,1.795844269E1,-1.697875977E1,-2.793636322E1,3.729911979E1
4.383824658E1,1.796273041E1,-1.696534729E1,-2.788643646E1,3.725769761E1
4.384817758E1,1.796097565E1,-1.682975769E1,-2.750268555E1,3.690846925E1
4.385810758E1,1.809761810E1,-1.671733856E1,-2.739887238E1,3.684686414E1
4.386803858E1,1.811266327E1,-1.681563568E1,-2.743060303E1,3.692251558E1
4.387796958E1,1.804088593E1,-1.714703369E1,-2.732010651E1,3.695784827E1
4.388789958E1,1.772541809E1,-1.688262177E1,-2.742826080E1,3.676306373E1
4.389783058E1,1.778800964E1,-1.733326721E1,-2.776244354E1,3.725062027E1
4.390776158E1,1.782261658E1,-1.711611938E1,-2.789183044E1,3.726340578E1
4.391769158E1,1.757924652E1,-1.713964081E1,-2.733573914E1,3.674288815E1
4.392762258E1,1.754542542E1,-1.703931427E1,-2.714698792E1,3.653955578E1
4.393755358E1,1.781524658E1,-1.741378784E1,-2.742153168E1,3.704812299E1
4.394748458E1,1.803259277E1,-1.701155853E1,-2.756085968E1,3.706977896E1
4.395741458E1,1.790023804E1,-1.715452576E1,-2.776081085E1,3.722040966E1
4.396734558E1,1.789280701E1,-1.704055786E1,-2.753938293E1,3.699933469E1
4.397727658E1,1.797080231E1,-1.720634460E1,-2.765222931E1,3.719749744E1
4.398720658E1,1.829167175E1,-1.697209167E1,-2.759482574E1,3.720364981E1
4.399713758E1,1.824142456E1,-1.719332123E1,-2.776633453E1,3.740760883E1
4.400706858E1,1.808535767E1,-1.690044403E1,-2.749497223E1,3.699565742E1
4.401699858E1,1.811067200E1,-1.711347961E1,-2.744963837E1,3.707223046E1
4.402692958E1,1.809656525E1,-1.706504822E1,-2.773071289E1,3.725176481E1
4.403686058E1,1.796459961E1,-1.713071442E1,-2.782151794E1,3.728572215E1
4.404679058E1,1.795636749E1,-1.680863953E1,-2.775589752E1,3.708572965E1
4.405672158E1,1.818697357E1,-1.723050690E1,-2.782585907E1,3.744241991E1
4.406665258E1,1.805784607E1,-1.689138794E1,-2.790725708E1,3.728565125E1
4.407658358E1,1.804566193E1,-1.706386566E1,-2.793273163E1,3.737725140E1
4.408651358E1,1.806240082E1,-1.691017151E1,-2.773850250E1,3.717026695E1
4.409644458E1,1.777657318E1,-1.715032959E1,-2.763967133E1,3.706874411E1
4.410637558E1,1.813977814E1,-1.712287140E1,-2.747888947E1,3.711244592E1
4.411630558E1,1.778238678E1,-1.725684357E1,-2.756410980E1,3.706470125E1
4.412623658E1,1.785060883E1,-1.682143402E1,-2.772995758E1,3.702101330E1
4.413616758E1,1.795446014E1,-1.715389252E1,-2.786968231E1,3.732744111E1
4.414609758E1,1.818143463E1,-1.687355804E1,-2.782144165E1,3.727350456E1
4.415602858E1,1.803026581E1,-1.709698486E1,-2.799351501E1,3.743039219E1
4.416595958E1,1.795884705E1,-1.694754028E1,-2.773457336E1,3.713416040E1
4.417588958E1,1.788899231E1,-1.713700104E1,-2.778580475E1,3.722557986E1
4.418582058E1,1.794228363E1,-1.681634521E1,-2.782749176E1,3.713602437E1
4.419575158E1,1.792864227E1,-1.725408173E1,-2.794377136E1,3.741649246E1
4.420568258E1,1.799818420E1,-1.690110016E1,-2.796861267E1,3.730717245E1
4.421561258E1,1.821136475E1,-1.708293152E1,-2.803212738E1,3.754038520E1
4.422554358E1,1.810070801E1,-1.685446167E1,-2.725451660E1,3.680376589E1
4.423547458E1,1.794332886E1,-1.706850433E1,-2.762621307E1,3.710127409E1
4.424540458E1,1.806546783E1,-1.653918457E1,-2.757503510E1,3.688208664E1
4.425533558E1,1.823044586E1,-1.640740204E1,-2.781836700E1,3.708656820E1
4.426526658E1,1.793347168E1,-1.609152222E1,-2.788893127E1,3.685565060E1
4.427519658E1,1.780242157E1,-1.668598938E1,-2.795900726E1,3.710868554E1
4.428512758E1,1.797077179E1,-1.643769073E1,-2.790543365E1,3.703862231E1
4.429505858E1,1.775230408E1,-1.683570862E1,-2.788221741E1,3.709452025E1
4.430498858E1,1.796943665E1,-1.683353424E1,-2.797905731E1,3.727058058E1
4.431491958E1,1.801177979E1,-1.689614868E1,-2.794342041E1,3.729261047E1
4.432485058E1,1.796549225E1,-1.672734070E1,-2.757965088E1,3.692153817E1
4.433478158E1,1.807585907E1,-1.685643768E1,-2.782477570E1,3.721685525E1
4.434471158E1,1.794721985E1,-1.658217621E1,-2.752112579E1,3.680331008E1
4.435464258E1,1.773125458E1,-1.700965881E1,-2.745719147E1,3.684593933E1
4.436457358E1,1.762673187E1,-1.685768127E1,-2.752404022E1,3.677575131E1
4.437450358E1,1.769036865E1,-1.700474548E1,-2.762181854E1,3.694692642E1
4.438443458E1,1.789554596E1,-1.674304199E1,-2.727711487E1,3.666907438E1
4.439436558E1,1.776067352E1,-1.703112793E1,-2.778793335E1,3.711697836E1
4.440429558E1,1.795862579E1,-1.675734711E1,-2.787268066E1,3.715114063E1
4.441422658E1,1.770275116E1,-1.693292999E1,-2.823361206E1,3.737978554E1
4.442415758E1,1.788754272E1,-1.708938599E1,-2.788849640E1,3.727974691E1
4.443408758E1,1.776839447E1,-1.698500061E1,-2.761304474E1,3.696872093E1
4.444401858E1,1.783058929E1,-1.699677277E1,-2.766856384E1,3.704550748E1
4.445394958E1,1.794850159E1,-1.717546844E1,-2.787748718E1,3.734032294E1
4.446388058E1,1.790866089E1,-1.676313782E1,-2.775837708E1,3.704389858E1
4.447381058E1,1.818206024E1,-1.701137543E1,-2.776011658E1,3.729072647E1
4.448374158E1,1.797290802E1,-1.678278351E1,-2.758438873E1,3.695383264E1
4.449367258E1,1.791917419E1,-1.707161713E1,-2.735157013E1,3.688692592E1
4.450360258E1,1.780544281E1,-1.695581055E1,-2.749575806E1,3.688563428E1
4.451353358E1,1.789270020E1,-1.704735565E1,-2.757527924E1,3.702913826E1
4.452346458E1,1.776196289E1,-1.674160004E1,-2.757946777E1,3.682927559E1
4.453339458E1,1.784176636E1,-1.698036194E1,-2.778843689E1,3.713298457E1
4.454332558E1,1.787813568E1,-1.671170044E1,-2.782952881E1,3.705929493E1
4.455325658E1,1.796311188E1,-1.700692749E1,-2.780481720E1,3.721581425E1
4.456318658E1,1.784874725E1,-1.665167999E1,-2.758777618E1,3.683668850E1
4.457311758E1,1.786011505E1,-1.706488037E1,-2.795921326E1,3.730832960E1
4.458304858E1,1.773598480E1,-1.698210907E1,-2.784442902E1,3.712505101E1
4.459297958E1,1.798987579E1,-1.701251984E1,-2.800692749E1,3.738247517E1
4.460290958E1,1.784312439E1,-1.681744385E1,-2.799150085E1,3.721192854E1
4.461284058E1,1.768395996E1,-1.673036194E1,-2.815710449E1,3.722163328E1
4.462277158E1,1.782282257E1,-1.669132996E1,-2.775999451E1,3.697121576E1
4.463270158E1,1.787962341E1,-1.684084320E1,-2.751851654E1,3.688581957E1
4.464263258E1,1.796237946E1,-1.691050720E1,-2.810825348E1,3.739901393E1
4.465256358E1,1.773487091E1,-1.687803650E1,-2.816929626E1,3.732161591E1
4.466249358E1,1.810330200E1,-1.711837006E1,-2.783943176E1,3.736043492E1
4.467242458E1,1.802938843E1,-1.701082611E1,-2.763895416E1,3.712598604E1
4.468235558E1,1.787653351E1,-1.682095337E1,-2.785779572E1,3.712912206E1
4.469228558E1,1.805067444E1,-1.668024445E1,-2.765363312E1,3.699703808E1
4.470221658E1,1.770727539E1,-1.672945404E1,-2.779598999E1,3.695996880E1
4.471214758E1,1.783642578E1,-1.681629944E1,-2.773545837E1,3.701596497E1
4.472207858E1,1.772052002E1,-1.669026947E1,-2.796484375E1,3.707579279E1
4.473200858E1,1.773564911E1,-1.672457886E1,-2.797308350E1,3.710469226E1
4.474193958E1,1.793901062E1,-1.647496033E1,-2.787028503E1,3.701331122E1
4.475187058E1,1.807518005E1,-1.664353943E1,-2.761489105E1,3.696351913E1
4.476180058E1,1.809050751E1,-1.653439331E1,-2.782118225E1,3.707655332E1
4.477173158E1,1.798204041E1,-1.679929352E1,-2.820843506E1,3.743375279E1
4.478166258E1,1.796269989E1,-1.682982635E1,-2.790583801E1,3.721071670E1
4.479159258E1,1.772773743E1,-1.698546600E1,-2.803388977E1,3.726496619E1
4.480152358E1,1.755250549E1,-1.661360931E1,-2.807219696E1,3.704255263E1
4.481145458E1,1.771927643E1,-1.684561920E1,-2.777545929E1,3.700302396E1
4.482138458E1,1.783444214E1,-1.699177551E1,-2.761011505E1,3.700143530E1
4.483131542E1,1.794619751E1,-1.718605042E1,-2.753662872E1,3.709032563E1
4.484124642E1,1.771585846E1,-1.706118011E1,-2.768568420E1,3.703285862E1
4.485117742E1,1.786778259E1,-1.732862091E1,-2.783201599E1,3.733845031E1
4.486110742E1,1.787953186E1,-1.715486145E1,-2.794171906E1,3.734577077E1
4.487103842E1,1.773159027E1,-1.726292419E1,-2.787604523E1,3.727588688E1
4.488096942E1,1.762956238E1,-1.729772949E1,-2.791020203E1,3.726918690E1
4.489089942E1,1.761896515E1,-1.726467133E1,-2.782864380E1,3.718776983E1
4.490083042E1,1.771309662E1,-1.708255768E1,-2.789055634E1,3.719476712E1
4.491076142E1,1.774044800E1,-1.754362488E1,-2.812799835E1,3.759902340E1
4.492069142E1,1.779223633E1,-1.727085114E1,-2.801265717E1,3.741062595E1
4.493062242E1,1.766471863E1,-1.756381226E1,-2.802536011E1,3.749600771E1
4.494055342E1,1.766588593E1,-1.712155914E1,-2.767486572E1,3.702876592E1
4.495048342E1,1.781900024E1,-1.761713409E1,-2.793240356E1,3.752464993E1
4.496041442E1,1.773284149E1,-1.726975250E1,-2.766412354E1,3.712144596E1
4.497034542E1,1.753509521E1,-1.730278778E1,-2.809435272E1,3.736520686E1
4.498027642E1,1.778050995E1,-1.713988495E1,-2.799405670E1,3.733081034E1
4.499020642E1,1.790686798E1,-1.736994934E1,-2.820784760E1,3.765705415E1
4.500013742E1,1.793733215E1,-1.724665833E1,-2.793336487E1,3.740946379E1
4.501006842E1,1.778471375E1,-1.728392792E1,-2.839093781E1,3.769715582E1
4.501999842E1,1.781793976E1,-1.718404388E1,-2.816397095E1,3.749639451E1
4.502992942E1,1.787548065E1,-1.752339172E1,-2.791919708E1,3.749778169E1
4.503986042E1,1.787346649E1,-1.699574280E1,-2.792338562E1,3.725629534E1
4.504979042E1,1.766350555E1,-1.716339874E1,-2.802927399E1,3.731248967E1
4.505972142E1,1.788377380E1,-1.694589996E1,-2.762693024E1,3.701675520E1
4.506965242E1,1.774012756E1,-1.732997894E1,-2.770277405E1,3.718176954E1
4.507958242E1,1.789824677E1,-1.695999146E1,-2.741905975E1,3.687537641E1
4.508951342E1,1.775227356E1,-1.730188751E1,-2.767270660E1,3.715208229E1
4.509944442E1,1.788153839E1,-1.681365967E1,-2.780668640E1,3.708989587E1
4.510937442E1,1.786039734E1,-1.719953156E1,-2.759447479E1,3.709814979E1
4.511930542E1,1.791042328E1,-1.700243378E1,-2.758253479E1,3.702245591E1
4.512923642E1,1.768969727E1,-1.710458374E1,-2.794364929E1,3.723358309E1
4.513916742E1,1.752158356E1,-1.690686035E1,-2.801988983E1,3.712091113E1
4.514909742E1,1.771658325E1,-1.711910248E1,-2.782964325E1,3.716759388E1
4.515902842E1,1.784490204E1,-1.711782837E1,-2.784429169E1,3.723929586E1
4.516895942E1,1.767678070E1,-1.722893524E1,-2.809624481E1,3.739924809E1
4.517888942E1,1.780531311E1,-1.687818146E1,-2.792694855E1,3.717279435E1
4.518882042E1,1.782933044E1,-1.710824585E1,-2.800864410E1,3.735051867E1
4.519875142E1,1.786637115E1,-1.697613525E1,-2.771259308E1,3.708617265E1
4.520868142E1,1.791726685E1,-1.721541595E1,-2.797534180E1,3.741682438E1
4.521861242E1,1.772035217E1,-1.680825043E1,-2.776358795E1,3.697762809E1
4.522854342E1,1.776485443E1,-1.677005768E1,-2.785352325E1,3.704920573E1
4.523847342E1,1.764069366E1,-1.655335236E1,-2.778789520E1,3.684256597E1
4.524840442E1,1.787464905E1,-1.701025391E1,-2.804136658E1,3.735197526E1
4.525833542E1,1.775373077E1,-1.671453094E1,-2.806177521E1,3.717571424E1
4.526826542E1,1.783586884E1,-1.704444122E1,-2.789912415E1,3.724234582E1
4.527819642E1,1.780154419E1,-1.672990417E1,-2.777542114E1,3.698998093E1
4.528812742E1,1.768045044E1,-1.696334076E1,-2.755424500E1,3.687261416E1
4.529805842E1,1.780682373E1,-1.688891602E1,-2.763470459E1,3.695937436E1
4.530798842E1,1.777689362E1,-1.717240143E1,-2.794728851E1,3.730898354E1
4.531791942E1,1.797655487E1,-1.677216339E1,-2.785874939E1,3.715604806E1
4.532785042E1,1.793917084E1,-1.693548584E1,-2.777081299E1,3.714623245E1
4.533778042E1,1.805175018E1,-1.672316742E1,-2.775141144E1,3.709003707E1
4.534771142E1,1.768730164E1,-1.690857697E1,-2.786792755E1,3.708587332E1
4.535764242E1,1.788433838E1,-1.682411957E1,-2.758521271E1,3.693026562E1
4.536757242E1,1.768741608E1,-1.706758118E1,-2.744868469E1,3.684531593E1
4.537750342E1,1.785976410E1,-1.693469238E1,-2.747425842E1,3.688617432E1
4.538743442E1,1.790830994E1,-1.716702271E1,-2.763468170E1,3.713609923E1
4.539736442E1,1.794490814E1,-1.708630371E1,-2.757179260E1,3.706973496E1
4.540729542E1,1.793444824E1,-1.719867706E1,-2.780653381E1,3.729131600E1
4.541722642E1,1.774686432E1,-1.681429291E1,-2.754061127E1,3.682603574E1
4.542715642E1,1.759906006E1,-1.696096802E1,-2.748945618E1,3.678412092E1
4.543708742E1,1.759279633E1,-1.676178741E1,-2.757361603E1,3.675279990E1
4.544701842E1,1.761832428E1,-1.683438110E1,-2.785169983E1,3.700701178E1
4.545694942E1,1.760017395E1,-1.685210419E1,-2.769351196E1,3.688753371E1
4.546687942E1,1.768734741E1,-1.688764954E1,-2.784469604E1,3.705889992E1
4.547681042E1,1.784207153E1,-1.674494934E1,-2.776308441E1,3.700704934E1
4.548674142E1,1.780556488E1,-1.704903412E1,-2.762145233E1,3.702232210E1
4.549667142E1,1.780850983E1,-1.713576508E1,-2.736220551E1,3.687096089E1
4.550660242E1,1.787644196E1,-1.724488068E1,-2.742152405E1,3.699855494E1
4.551653342E1,1.785839081E1,-1.737326050E1,-2.746869659E1,3.708478927E1
4.552646342E1,1.783665466E1,-1.710102081E1,-2.742972565E1,3.691857272E1
4.553639442E1,1.792723846E1,-1.718509674E1,-2.773014832E1,3.722464982E1
4.554632542E1,1.792640686E1,-1.712844086E1,-2.798841858E1,3.739105673E1
4.555625542E1,1.776007843E1,-1.688043976E1,-2.803765869E1,3.723546612E1
4.556618642E1,1.791822052E1,-1.692281342E1,-2.808990479E1,3.736959983E1
4.557611742E1,1.788497925E1,-1.683562469E1,-2.805078888E1,3.728481592E1
4.558604842E1,1.803187561E1,-1.697595978E1,-2.794775391E1,3.734178219E1
4.559597842E1,1.791487885E1,-1.707327271E1,-2.775881195E1,3.718858919E1
4.560590942E1,1.778598022E1,-1.714322662E1,-2.789263153E1,3.725896141E1
4.561584042E1,1.763011932E1,-1.721010590E1,-2.785464478E1,3.718723017E1
4.562577042E1,1.773233032E1,-1.734445953E1,-2.784777069E1,3.729295037E1
4.563570142E1,1.780451965E1,-1.717407227E1,-2.781797028E1,3.722618901E1
4.564563242E1,1.765709686E1,-1.710730743E1,-2.786685944E1,3.716173963E1
4.565556242E1,1.775722504E1,-1.721443939E1,-2.752672577E1,3.700508879E1
4.566549342E1,1.777224731E1,-1.701151276E1,-2.721996307E1,3.669019938E1
4.567542442E1,1.786554718E1,-1.704742432E1,-2.748776245E1,3.695090711E1
4.568535442E1,1.777139282E1,-1.712684631E1,-2.783987427E1,3.720497099E1
4.569528542E1,1.757828522E1,-1.701382446E1,-2.801686096E1,3.719423117E1
4.570521642E1,1.767604065E1,-1.683057404E1,-2.768950653E1,3.691096595E1
4.571514642E1,1.783715820E1,-1.702363586E1,-2.798231506E1,3.729582211E1
4.572507742E1,1.787319946E1,-1.680331421E1,-2.811478424E1,3.731278226E1
4.573500842E1,1.767336273E1,-1.699639130E1,-2.778272247E1,3.705542788E1
4.574493942E1,1.775177765E1,-1.696121979E1,-2.783271027E1,3.711426070E1
4.575486942E1,1.778470612E1,-1.699633789E1,-2.800553131E1,3.727574355E1
4.576480042E1,1.772068787E1,-1.688718414E1,-2.758483887E1,3.687984683E1
4.577473142E1,1.789928436E1,-1.713402557E1,-2.793798828E1,3.734287619E1
4.578466142E1,1.804664612E1,-1.707980347E1,-2.802889252E1,3.745690775E1
4.579459242E1,1.809572601E1,-1.715805817E1,-2.805957794E1,3.753923513E1
4.580452342E1,1.802842712E1,-1.723433685E1,-2.759408569E1,3.719516254E1
4.581445342E1,1.776714325E1,-1.721842194E1,-2.790847015E1,3.729648964E1
4.582438442E1,1.781511688E1,-1.689324188E1,-2.768125153E1,3.700015807E1
4.583431529E1,1.794735718E1,-1.721396637E1,-2.783773041E1,3.732783817E1
4.584424529E1,1.804189301E1,-1.724325562E1,-2.795207214E1,3.747209768E1
4.585417629E1,1.795953369E1,-1.735440826E1,-2.790779114E1,3.745083634E1
4.586410729E1,1.774900055E1,-1.710792542E1,-2.824004364E1,3.748610672E1
4.587403729E1,1.786631775E1,-1.743890381E1,-2.779851532E1,3.736412892E1
4.588396829E1,1.810602570E1,-1.704470062E1,-2.776029968E1,3.726907866E1
4.589389929E1,1.780092621E1,-1.747320557E1,-2.766725922E1,3.725135057E1
4.590383029E1,1.769934845E1,-1.700822449E1,-2.784712982E1,3.712154732E1
4.591376029E1,1.791677094E1,-1.702679443E1,-2.806262207E1,3.739563032E1
4.592369129E1,1.794570160E1,-1.681523895E1,-2.801020813E1,3.727428371E1
4.593362229E1,1.804672241E1,-1.701831055E1,-2.798262024E1,3.739430597E1
4.594355229E1,1.781262970E1,-1.680293274E1,-2.778700256E1,3.703708732E1
4.595348329E1,1.788227844E1,-1.702198029E1,-2.759151459E1,3.702452393E1
4.596341429E1,1.795920563E1,-1.685975647E1,-2.782089996E1,3.715894145E1
4.597334429E1,1.803675842E1,-1.717002869E1,-2.760884857E1,3.718041230E1
4.598327529E1,1.786547852E1,-1.707415009E1,-2.754263306E1,3.700403437E1
4.599320629E1,1.770248413E1,-1.735360718E1,-2.779016113E1,3.724001453E1
4.600313629E1,1.787767792E1,-1.713558960E1,-2.796780396E1,3.735555992E1
4.601306729E1,1.801095581E1,-1.741814423E1,-2.806269836E1,3.762049065E1
4.602299829E1,1.790544128E1,-1.710549164E1,-2.770666504E1,3.715995101E1
4.603292829E1,1.766815948E1,-1.723249054E1,-2.786269379E1,3.722166432E1
4.604285929E1,1.787889099E1,-1.726024628E1,-2.790586853E1,3.736720946E1
4.605279029E1,1.792639923E1,-1.728050995E1,-2.775564575E1,3.728736629E1
4.606272129E1,1.781556702E1,-1.682782745E1,-2.777335358E1,3.703956498E1
4.607265129E1,1.750421143E1,-1.702587891E1,-2.782752991E1,3.702228236E1
4.608258229E1,1.785350037E1,-1.680850220E1,-2.749703979E1,3.684237260E1
4.609251329E1,1.797959137E1,-1.717891693E1,-2.776802063E1,3.727524463E1
4.610244329E1,1.769698334E1,-1.699632263E1,-2.807286835E1,3.728463678E1
4.611237429E1,1.773991394E1,-1.713308716E1,-2.788393402E1,3.722581092E1
4.612230529E1,1.782736969E1,-1.721580505E1,-2.737490845E1,3.692674730E1
4.613223529E1,1.764646149E1,-1.733229828E1,-2.750038147E1,3.698752692E1
4.614216629E1,1.749765015E1,-1.710112000E1,-2.769525909E1,3.695461327E1
4.615209729E1,1.746643829E1,-1.722503662E1,-2.792086792E1,3.716656049E1
4.616202729E1,1.772235870E1,-1.711017609E1,-2.788718414E1,3.720934242E1
4.617195829E1,1.785371399E1,-1.724478149E1,-2.807366180E1,3.747356507E1
4.618188929E1,1.786716461E1,-1.736417389E1,-2.790920258E1,3.741221317E1
4.619181929E1,1.788832855E1,-1.766443634E1,-2.802906036E1,3.765173083E1
4.620175029E1,1.777663422E1,-1.716635895E1,-2.765351868E1,3.708651640E1
4.621168129E1,1.768336487E1,-1.719613647E1,-2.807918549E1,3.737444528E1
4.622161229E1,1.791179657E1,-1.714663696E1,-2.788398743E1,3.731429177E1
4.623154229E1,1.779831696E1,-1.708791351E1,-2.777967834E1,3.715491090E1
4.624147329E1,1.764702606E1,-1.709693146E1,-2.767817688E1,3.701086421E1
4.625140429E1,1.749582672E1,-1.719345093E1,-2.777571869E1,3.705683818E1
4.626133429E1,1.773342896E1,-1.724951935E1,-2.762641907E1,3.708422105E1
4.627126529E1,1.772035980E1,-1.727691650E1,-2.764990234E1,3.710822139E1
4.628119629E1,1.769749451E1,-1.706106567E1,-2.766539764E1,3.700885706E1
4.629112629E1,1.763880157E1,-1.747543335E1,-2.797667694E1,3.740604957E1
4.630105729E1,1.757255554E1,-1.723672485E1,-2.795767975E1,3.724958052E1
4.631098829E1,1.782744598E1,-1.695943451E1,-2.797772217E1,3.725846463E1
4.632091829E1,1.801153564E1,-1.696495056E1,-2.763766479E1,3.709535657E1
4.633084929E1,1.795218658E1,-1.720336914E1,-2.823851776E1,3.762513519E1
4.634078029E1,1.776548767E1,-1.667549133E1,-2.775949097E1,3.693607860E1
4.635071029E1,1.784118652E1,-1.701366425E1,-2.796886444E1,3.728310724E1
4.636064129E1,1.747763062E1,-1.692005920E1,-2.783438873E1,3.696632483E1
4.637057229E1,1.764929199E1,-1.707680511E1,-2.822772217E1,3.741549251E1
4.638050329E1,1.779634094E1,-1.701084137E1,-2.797595215E1,3.726569969E1
4.639043329E1,1.782771301E1,-1.732604218E1,-2.794378662E1,3.740152804E1
4.640036429E1,1.760059357E1,-1.723273468E1,-2.783050537E1,3.716564365E1
4.641029529E1,1.786948395E1,-1.723780060E1,-2.797041321E1,3.740059145E1
4.642022529E1,1.790966034E1,-1.731484222E1,-2.766056824E1,3.722454472E1
4.643015629E1,1.786444855E1,-1.706409454E1,-2.779376984E1,3.718622710E1
4.644008729E1,1.788625336E1,-1.704785919E1,-2.773070526E1,3.714215363E1
4.645001729E1,1.817534637E1,-1.686875916E1,-2.780981445E1,3.725968372E1
4.645994829E1,1.811996460E1,-1.714971924E1,-2.800876617E1,3.750915848E1
4.646987929E1,1.827925873E1,-1.700138855E1,-2.788994598E1,3.743030322E1
4.647980929E1,1.798910522E1,-1.705844879E1,-2.783075714E1,3.727129760E1
4.648974029E1,1.795658875E1,-1.708815002E1,-2.753405762E1,3.704818861E1
4.649967129E1,1.793448639E1,-1.712628174E1,-2.795463562E1,3.736866309E1
4.650960129E1,1.810929108E1,-1.711810303E1,-2.769146729E1,3.725309698E1
4.651953229E1,1.825028992E1,-1.704643250E1,-2.762942505E1,3.724297345E1
4.652946329E1,1.837560272E1,-1.712983704E1,-2.782983398E1,3.749124900E1
4.653939429E1,1.821321106E1,-1.719555664E1,-2.756362152E1,3.724461648E1
4.654932429E1,1.824648285E1,-1.704183197E1,-2.754134369E1,3.717369750E1
4.655925529E1,1.831293488E1,-1.717002869E1,-2.747386932E1,3.721541300E1
4.656918629E1,1.806111908E1,-1.714693451E1,-2.760133362E1,3.717600036E1
4.657911629E1,1.824504852E1,-1.712583160E1,-2.755155182E1,3.721913367E1
4.658904729E1,1.800020599E1,-1.693878937E1,-2.751287842E1,3.698497641E1
4.659897829E1,1.802069092E1,-1.709937286E1,-2.795015717E1,3.739445332E1
4.660890829E1,1.803552246E1,-1.709602356E1,-2.753734589E1,3.709258026E1
4.661883929E1,1.820014954E1,-1.722303772E1,-2.760702515E1,3.728305659E1
4.662877029E1,1.810254669E1,-1.687149048E1,-2.788793945E1,3.728386453E1
4.663870029E1,1.818849182E1,-1.723912811E1,-2.718140411E1,3.697076551E1
4.664863129E1,1.828153992E1,-1.726368713E1,-2.742031097E1,3.720380423E1
4.665856229E1,1.816284180E1,-1.733380890E1,-2.747058868E1,3.721535967E1
4.666849229E1,1.808533478E1,-1.707720947E1,-2.778707886E1,3.729386235E1
4.667842329E1,1.794914246E1,-1.737617493E1,-2.729737091E1,3.700337321E1
4.668835429E1,1.803713989E1,-1.705660248E1,-2.744743347E1,3.700848157E1
4.669828429E1,1.794316101E1,-1.702587128E1,-2.754891205E1,3.702404455E1
4.670821529E1,1.794932556E1,-1.689559174E1,-2.757888794E1,3.698965218E1
4.671814629E1,1.792083740E1,-1.702861023E1,-2.772483063E1,3.714560826E1
4.672807729E1,1.800200653E1,-1.678820038E1,-2.739794159E1,3.683155053E1
4.673800729E1,1.816677094E1,-1.700353241E1,-2.777672577E1,3.729206585E1
4.674793829E1,1.813996887E1,-1.741323090E1,-2.784540558E1,3.751860462E1
4.675786929E1,1.813996887E1,-1.741323090E1,-2.784540558E1,3.751860462E1
4.676779929E1,1.851835632E1,-1.700276947E1,-2.762183380E1,3.734955680E1
4.677773029E1,1.841368103E1,-1.685873413E1,-2.747778320E1,3.712558599E1
4.678766129E1,1.822841644E1,-1.706014252E1,-2.745886230E1,3.711216442E1
4.679759129E1,1.835656738E1,-1.677759552E1,-2.753076935E1,3.709979162E1
4.680752229E1,1.824943542E1,-1.715766144E1,-2.740724182E1,3.712928956E1
4.681745329E1,1.865898132E1,-1.677114868E1,-2.752665710E1,3.724440714E1
4.682738421E1,1.864846039E1,-1.678900146E1,-2.746071625E1,3.719847553E1
4.683731521E1,1.859665680E1,-1.643124390E1,-2.687616730E1,3.658072975E1
4.684724621E1,1.864687347E1,-1.674749756E1,-2.716977692E1,3.696459580E1
4.685717621E1,1.883359528E1,-1.644226837E1,-2.711311340E1,3.688052899E1
4.686710721E1,1.862042236E1,-1.680873108E1,-2.712413025E1,3.694552762E1
4.687703821E1,1.876744080E1,-1.680980682E1,-2.709585571E1,3.699961941E1
4.688696921E1,1.866719818E1,-1.675044250E1,-2.757826996E1,3.727737365E1
4.689689921E1,1.859736633E1,-1.659490967E1,-2.734934235E1,3.700323754E1
4.690683021E1,1.866812134E1,-1.675492096E1,-2.760388184E1,3.729879922E1
4.691676121E1,1.841709900E1,-1.661673737E1,-2.722723389E1,3.683242812E1