"Time (s)","Magnetic Field x (µT)","Magnetic Field y (µT)","Magnetic Field z (µT)","Absolute field (µT)"
1.339891668E-2,1.293830872E1,-1.573131561E1,-5.008173370E1,5.406527697E1
2.333091668E-2,1.303862762E1,-1.569812012E1,-4.993008423E1,5.393931865E1
3.326391667E-2,1.302493286E1,-1.573285675E1,-4.987418365E1,5.389439537E1
4.319591667E-2,1.297527313E1,-1.565266418E1,-5.017514038E1,5.413786402E1
5.312891667E-2,1.283093262E1,-1.581404114E1,-5.056632996E1,5.451303013E1
6.306091667E-2,1.256977844E1,-1.556977081E1,-5.078655243E1,5.458654597E1
7.299291667E-2,1.240805817E1,-1.583734131E1,-5.086094666E1,5.469567791E1
8.292591668E-2,1.235657501E1,-1.582108307E1,-5.069699097E1,5.452684209E1
9.285791668E-2,1.255854797E1,-1.568257141E1,-5.072409821E1,5.455817365E1
1.027909167E-1,1.267500305E1,-1.575505066E1,-5.050460052E1,5.440213229E1
1.127229167E-1,1.251678467E1,-1.595025635E1,-5.055830383E1,5.447221918E1
1.226559167E-1,1.249735260E1,-1.581188965E1,-5.044008636E1,5.431760294E1
1.325879167E-1,1.233063507E1,-1.580612183E1,-5.066435242E1,5.448627950E1
1.425209167E-1,1.232096100E1,-1.576927185E1,-5.021898651E1,5.405943600E1
1.524529167E-1,1.246221161E1,-1.570745850E1,-5.040334320E1,5.424507329E1
1.623849167E-1,1.257270050E1,-1.584562683E1,-5.039275360E1,5.430088676E1
1.723179167E-1,1.224372101E1,-1.569940186E1,-5.084252167E1,5.460166602E1
1.822499167E-1,1.228126526E1,-1.579577637E1,-5.051368713E1,5.433202201E1
1.921829167E-1,1.223365784E1,-1.576651764E1,-5.041471863E1,5.422074619E1
2.021149167E-1,1.242697906E1,-1.582831573E1,-5.041876221E1,5.428643449E1
2.120479167E-1,1.236748505E1,-1.593309784E1,-5.059626007E1,5.446833783E1
2.219799167E-1,1.233704376E1,-1.609988403E1,-5.065052032E1,5.456082957E1
2.319129167E-1,1.229988861E1,-1.579381561E1,-5.033462524E1,5.416923823E1
2.418449167E-1,1.230464172E1,-1.565505219E1,-5.049710083E1,5.428113907E1
2.517769167E-1,1.245209503E1,-1.573382568E1,-5.044143677E1,5.428578529E1
2.617099167E-1,1.217765808E1,-1.588021088E1,-5.048720551E1,5.430869519E1
2.716419167E-1,1.222708893E1,-1.574246216E1,-5.051988983E1,5.431009194E1
2.815749167E-1,1.218599701E1,-1.602252960E1,-5.048419189E1,5.434955022E1
2.915069167E-1,1.230939484E1,-1.583802032E1,-5.050832367E1,5.434569761E1
3.014399167E-1,1.219524384E1,-1.603083038E1,-5.034107208E1,5.422116776E1
3.113719167E-1,1.233946228E1,-1.595121765E1,-5.035533142E1,5.424355332E1
3.213049167E-1,1.221913910E1,-1.609075165E1,-5.057499695E1,5.446145394E1
3.312369167E-1,1.231795502E1,-1.575509644E1,-5.044039917E1,5.426038102E1
3.411699167E-1,1.212487030E1,-1.607927704E1,-5.049783325E1,5.436530873E1
3.511019167E-1,1.229595184E1,-1.588998413E1,-5.060500336E1,5.444766654E1
3.610339167E-1,1.192160797E1,-1.623061371E1,-5.024835968E1,5.413367906E1
3.709669167E-1,1.214473724E1,-1.596488190E1,-5.015829468E1,5.402061293E1
3.808989167E-1,1.206355286E1,-1.583627319E1,-5.024964142E1,5.404945253E1
3.908319167E-1,1.195851135E1,-1.581383514E1,-5.037059021E1,5.413205828E1
4.007639167E-1,1.204555511E1,-1.608171082E1,-5.066880798E1,5.450729239E1
4.106969167E-1,1.207770538E1,-1.587244415E1,-5.049290466E1,5.428939926E1
4.206289167E-1,1.208147430E1,-1.622293854E1,-5.063219452E1,5.452306739E1
4.305619167E-1,1.210241699E1,-1.571788788E1,-5.057112885E1,5.432273529E1
4.404939167E-1,1.228479004E1,-1.620020294E1,-5.074829865E1,5.466948378E1
4.504259167E-1,1.224858093E1,-1.598168945E1,-5.082109833E1,5.466467020E1
4.603589167E-1,1.218766785E1,-1.625046539E1,-5.062197876E1,5.454540867E1
4.702909167E-1,1.223027039E1,-1.571892548E1,-5.052681732E1,5.431043547E1
4.802239167E-1,1.244474792E1,-1.589801025E1,-5.072479248E1,5.459508268E1
4.901559167E-1,1.243618011E1,-1.579968262E1,-5.071659088E1,5.455695315E1
5.000889167E-1,1.228862000E1,-1.609500122E1,-5.058738708E1,5.448984289E1
5.100209167E-1,1.259911346E1,-1.574499512E1,-5.032061768E1,5.421076549E1
5.199539167E-1,1.233426666E1,-1.612386322E1,-5.069947052E1,5.461272206E1
5.298859167E-1,1.254599762E1,-1.608246613E1,-5.059706879E1,5.455374545E1
5.398179167E-1,1.251043701E1,-1.623397064E1,-5.078663635E1,5.476618728E1
5.497509167E-1,1.230913544E1,-1.603991699E1,-5.054386139E1,5.443781477E1
5.596829167E-1,1.230111694E1,-1.599444580E1,-5.067120361E1,5.454090804E1
5.696159167E-1,1.218204498E1,-1.571743774E1,-5.072437286E1,5.448304389E1
5.795479167E-1,1.216421509E1,-1.599396515E1,-5.084025574E1,5.466723565E1
5.894809167E-1,1.221501923E1,-1.591615295E1,-5.057652283E1,5.441061735E1
5.994129167E-1,1.213214111E1,-1.623119354E1,-5.101346588E1,5.489092997E1
6.093459167E-1,1.259593964E1,-1.573701477E1,-5.078852844E1,5.464234576E1
6.192779167E-1,1.241660309E1,-1.593270111E1,-5.081813049E1,5.468551347E1
6.292109167E-1,1.238159943E1,-1.560829163E1,-5.073228455E1,5.450401331E1
6.391429167E-1,1.216601562E1,-1.579186249E1,-5.066352844E1,5.444435665E1
6.490749167E-1,1.224082184E1,-1.552220154E1,-5.046125031E1,5.419514962E1
6.590079167E-1,1.234722900E1,-1.581813049E1,-5.089913177E1,5.471187195E1
6.689399167E-1,1.245470428E1,-1.564114380E1,-5.022430420E1,5.405780027E1
6.788729167E-1,1.213832092E1,-1.573597717E1,-5.048298645E1,5.425395592E1
6.888049167E-1,1.211374664E1,-1.550339508E1,-5.065990448E1,5.434633418E1
6.987379167E-1,1.219387817E1,-1.594218445E1,-5.094583893E1,5.475693941E1
7.086699167E-1,1.230996704E1,-1.580484772E1,-5.098937225E1,5.478361601E1
7.186029167E-1,1.237934113E1,-1.589773560E1,-5.074638367E1,5.460019724E1
7.285349167E-1,1.250849152E1,-1.557299042E1,-5.028701019E1,5.410881430E1
7.384669167E-1,1.236130524E1,-1.605107880E1,-5.037953186E1,5.430042567E1
7.483999167E-1,1.244705200E1,-1.540467834E1,-5.038780212E1,5.414022369E1
7.583319167E-1,1.239292145E1,-1.550009155E1,-5.021970367E1,5.399866644E1
7.682649167E-1,1.219183350E1,-1.544328308E1,-5.022834015E1,5.394461929E1
7.781969167E-1,1.225536346E1,-1.584100342E1,-5.061082458E1,5.442965082E1
7.881299167E-1,1.229166412E1,-1.583270264E1,-5.031775665E1,5.416305119E1
7.980619167E-1,1.232144928E1,-1.595351410E1,-5.045343018E1,5.433121884E1
8.079949167E-1,1.254120636E1,-1.593303680E1,-5.020967865E1,5.414937995E1
8.179269167E-1,1.232696533E1,-1.607794952E1,-5.007826233E1,5.402117079E1
8.278589167E-1,1.238407898E1,-1.585050201E1,-5.040731812E1,5.427247503E1
8.377919167E-1,1.235948181E1,-1.597229004E1,-5.036691284E1,5.426506011E1
8.477239167E-1,1.223368835E1,-1.563892365E1,-5.002271271E1,5.381924238E1
8.576569167E-1,1.211570740E1,-1.576166534E1,-5.031567383E1,5.410071620E1
8.675889167E-1,1.188812256E1,-1.587974548E1,-5.012239838E1,5.390499600E1
8.775219167E-1,1.174271393E1,-1.575622559E1,-5.026559448E1,5.397017661E1
8.874539167E-1,1.212602234E1,-1.590779114E1,-4.970594025E1,5.357964849E1
8.973869167E-1,1.222657776E1,-1.579720306E1,-4.982774353E1,5.368281712E1
9.073189167E-1,1.235472870E1,-1.590991974E1,-5.016857910E1,5.406155007E1
9.172519167E-1,1.249525452E1,-1.591748810E1,-5.052438354E1,5.442619907E1
9.271839167E-1,1.265414429E1,-1.603433228E1,-5.040506744E1,5.438656087E1
9.371159167E-1,1.257761383E1,-1.610689545E1,-5.023880768E1,5.423620790E1
9.470489167E-1,1.238278198E1,-1.600651550E1,-5.002857971E1,5.396666208E1
9.569809167E-1,1.227620697E1,-1.599758148E1,-5.009749603E1,5.400358303E1
9.669141250E-1,1.212915039E1,-1.596324158E1,-5.021986389E1,5.407380235E1
9.768461250E-1,1.226725769E1,-1.591654968E1,-5.027801514E1,5.414518419E1
9.867791250E-1,1.263314056E1,-1.584946442E1,-5.003222656E1,5.398171410E1
9.967111250E-1,1.243537140E1,-1.555410004E1,-5.012198639E1,5.393312534E1
1.006644125E0,1.251992035E1,-1.593688202E1,-4.998220825E1,5.393471754E1
1.016576125E0,1.238368225E1,-1.582067871E1,-4.993318176E1,5.382352740E1
1.026508125E0,1.219659424E1,-1.588269043E1,-5.007723236E1,5.393279121E1
1.036441125E0,1.239673615E1,-1.567676544E1,-5.033896637E1,5.416134763E1
1.046373125E0,1.230416107E1,-1.594212341E1,-5.033250427E1,5.421166540E1
1.056306125E0,1.227183533E1,-1.575831604E1,-5.023458099E1,5.405955599E1
1.066238125E0,1.228136444E1,-1.590717316E1,-5.022483063E1,5.409624462E1
1.076171125E0,1.236351013E1,-1.571395111E1,-5.021807098E1,5.405219048E1
1.086103125E0,1.239969635E1,-1.590517426E1,-5.030401611E1,5.419613524E1
1.096036125E0,1.245626831E1,-1.580886078E1,-5.052397156E1,5.438520388E1
1.105968125E0,1.233078766E1,-1.604020691E1,-5.059853363E1,5.449356079E1
1.115900125E0,1.254082489E1,-1.582379150E1,-5.047837830E1,5.436663813E1
1.125833125E0,1.260884857E1,-1.613836670E1,-5.022509766E1,5.424011778E1
1.135765125E0,1.243499756E1,-1.557661438E1,-4.983078766E1,5.366905513E1
1.145698125E0,1.248139954E1,-1.579087067E1,-4.997535706E1,5.387646280E1
1.155630125E0,1.250229645E1,-1.581874847E1,-5.030886078E1,5.419890859E1
1.165563125E0,1.249247742E1,-1.608181000E1,-5.023448181E1,5.420507142E1
1.175495125E0,1.246154022E1,-1.564258575E1,-5.013062286E1,5.397276927E1
1.185428125E0,1.243688965E1,-1.597155762E1,-5.041050720E1,5.432297961E1
1.195360125E0,1.258419037E1,-1.559687042E1,-5.001762390E1,5.388308561E1
1.205292125E0,1.247952271E1,-1.611807251E1,-5.029372406E1,5.426775680E1
1.215225125E0,1.249766541E1,-1.578426361E1,-5.020365906E1,5.409012850E1
1.225157125E0,1.259524536E1,-1.579469299E1,-4.997771454E1,5.390625644E1
1.235090125E0,1.244779968E1,-1.601220703E1,-5.025399017E1,5.419226900E1
1.245022125E0,1.232756042E1,-1.585845184E1,-5.013562775E1,5.400963257E1
1.254955125E0,1.228674316E1,-1.582484436E1,-5.029479218E1,5.413830323E1
1.264887125E0,1.233538818E1,-1.577190399E1,-5.035794830E1,5.419259834E1
1.274820125E0,1.229935455E1,-1.593129730E1,-5.084997559E1,5.468821055E1
1.284752125E0,1.247190094E1,-1.577220917E1,-5.076271820E1,5.460004079E1
1.294684125E0,1.258603668E1,-1.622541046E1,-5.058599854E1,5.459501362E1
1.304617125E0,1.234032440E1,-1.580818176E1,-5.047618866E1,5.431415873E1
1.314549125E0,1.230104065E1,-1.610265350E1,-5.039365387E1,5.431511209E1
1.324482125E0,1.227352142E1,-1.590744019E1,-5.037036133E1,5.422969004E1
1.334414125E0,1.224102020E1,-1.591118622E1,-5.045964813E1,5.430639476E1
1.344347125E0,1.207978821E1,-1.567502594E1,-5.038586426E1,5.413282773E1
1.354279125E0,1.228813934E1,-1.592379761E1,-5.049922943E1,5.435750060E1
1.364212125E0,1.228804779E1,-1.582054901E1,-5.038590240E1,5.422199785E1
1.374144125E0,1.237606049E1,-1.603227234E1,-5.087808228E1,5.476111655E1
1.384076125E0,1.245351410E1,-1.588822937E1,-5.025579834E1,5.415875841E1
1.394009125E0,1.232636261E1,-1.602758026E1,-5.029679108E1,5.420876070E1
1.403941125E0,1.232462311E1,-1.592599487E1,-5.034403229E1,5.422227618E1
1.413874125E0,1.208415222E1,-1.604137421E1,-5.091986084E1,5.473741544E1
1.423806125E0,1.220471191E1,-1.582727814E1,-5.041018677E1,5.422771115E1
1.433739125E0,1.225544739E1,-1.602095032E1,-5.024065399E1,5.413861979E1
1.443671125E0,1.242530060E1,-1.597467041E1,-5.045316315E1,5.436083021E1
1.453604125E0,1.223866272E1,-1.608698273E1,-5.036151123E1,5.426654302E1
1.463536125E0,1.239399719E1,-1.571430206E1,-5.043088531E1,5.425702396E1
1.473468125E0,1.230647278E1,-1.597876740E1,-5.040374756E1,5.428911537E1
1.483401125E0,1.251768494E1,-1.581211090E1,-5.019042206E1,5.409060689E1
1.493333125E0,1.236956787E1,-1.597294617E1,-5.069071198E1,5.456820960E1
1.503266125E0,1.228316498E1,-1.599827576E1,-5.015406036E1,5.405784624E1
1.513198125E0,1.241897583E1,-1.606406403E1,-5.039119720E1,5.432824191E1
1.523131125E0,1.235800171E1,-1.582882690E1,-5.028139496E1,5.414324193E1
1.533063125E0,1.231079102E1,-1.603388977E1,-5.048130798E1,5.437833808E1
1.542996125E0,1.218691254E1,-1.600218201E1,-4.998012543E1,5.387581650E1
1.552928125E0,1.204999542E1,-1.610827637E1,-5.041384888E1,5.427923282E1
1.562860125E0,1.221264648E1,-1.595101166E1,-5.055551147E1,5.440076514E1
1.572793125E0,1.224172974E1,-1.590679169E1,-5.046065521E1,5.430620308E1
1.582725125E0,1.241449738E1,-1.599666595E1,-5.037783813E1,5.429493201E1
1.592658125E0,1.261293030E1,-1.591432953E1,-5.071537781E1,5.462967546E1
1.602590125E0,1.236495972E1,-1.604637909E1,-5.056895447E1,5.447566123E1
1.612523125E0,1.226167297E1,-1.599382782E1,-5.046046448E1,5.433608035E1
1.622455125E0,1.229359436E1,-1.591679382E1,-5.045919037E1,5.431948712E1
1.632388125E0,1.229588318E1,-1.562167358E1,-5.025254822E1,5.404205798E1
1.642320125E0,1.218544769E1,-1.556071472E1,-5.028088379E1,5.402581099E1
1.652252125E0,1.227831268E1,-1.562594604E1,-5.020497131E1,5.399505808E1
1.662185125E0,1.233042145E1,-1.595198822E1,-5.011103058E1,5.401500354E1
1.672117125E0,1.242601013E1,-1.588633728E1,-5.042803192E1,5.431176524E1
1.682050125E0,1.230166626E1,-1.594477844E1,-5.038553619E1,5.426112061E1
1.691982125E0,1.230990601E1,-1.575405121E1,-5.026369476E1,5.409401932E1
1.701915125E0,1.222782898E1,-1.585485840E1,-5.029553986E1,5.413444066E1
1.711847125E0,1.211277771E1,-1.548900604E1,-5.005785370E1,5.378119940E1
1.721780125E0,1.210485077E1,-1.597391510E1,-5.037691498E1,5.421740439E1
1.731712125E0,1.206372833E1,-1.583472443E1,-5.029032135E1,5.408686033E1
1.741644125E0,1.227593231E1,-1.602201080E1,-5.041256714E1,5.430313315E1
1.751577125E0,1.250057983E1,-1.572642517E1,-5.034700012E1,5.420706011E1
1.761509125E0,1.226358032E1,-1.606472015E1,-5.030100250E1,5.420942251E1
1.771442125E0,1.253226471E1,-1.606693268E1,-5.046474457E1,5.442328940E1
1.781374125E0,1.255949402E1,-1.620532227E1,-5.038466644E1,5.439639668E1
1.791307125E0,1.260979462E1,-1.620527649E1,-5.054724884E1,5.455861318E1
1.801239125E0,1.252308655E1,-1.642741394E1,-5.024621582E1,5.432651130E1
1.811172125E0,1.237382507E1,-1.603873444E1,-5.036922455E1,5.429006659E1
1.821104125E0,1.234985352E1,-1.613514709E1,-5.042230988E1,5.436240601E1
1.831036125E0,1.256707001E1,-1.599246979E1,-5.005992889E1,5.403412643E1
1.840969125E0,1.225695038E1,-1.613448334E1,-5.038334656E1,5.430502735E1
1.850901125E0,1.249893951E1,-1.585994720E1,-4.979066467E1,5.372961663E1
1.860834125E0,1.204367065E1,-1.596222687E1,-5.051329041E1,5.432711291E1
1.870766125E0,1.239112854E1,-1.581915283E1,-5.055930328E1,5.440614682E1
1.880699125E0,1.237047577E1,-1.584463501E1,-5.073775482E1,5.457472761E1
1.890631125E0,1.265226746E1,-1.578509521E1,-5.049137878E1,5.439327563E1
1.900564125E0,1.235756683E1,-1.605905151E1,-5.041010284E1,5.433029599E1
1.910496125E0,1.257405090E1,-1.569500732E1,-5.049777985E1,5.435499775E1
1.920428125E0,1.248754120E1,-1.584341431E1,-5.087377167E1,5.472744381E1
1.930361125E0,1.254672241E1,-1.555657959E1,-5.043938446E1,5.425457508E1
1.940293125E0,1.225366974E1,-1.603855896E1,-5.010276031E1,5.401550136E1
1.950226125E0,1.216688538E1,-1.577558899E1,-5.033832550E1,5.413731912E1
1.960158125E0,1.225174713E1,-1.612045288E1,-5.040682220E1,5.432146936E1
1.970090542E0,1.239121246E1,-1.583450317E1,-4.991558075E1,5.381299879E1
1.980022542E0,1.212310791E1,-1.586140442E1,-4.992572021E1,5.376924246E1
1.989955542E0,1.215429688E1,-1.572242737E1,-5.048052216E1,5.425131125E1
1.999887542E0,1.199255371E1,-1.590612793E1,-5.077915192E1,5.454675535E1
2.009819542E0,1.210189056E1,-1.565567780E1,-4.990099335E1,5.368114324E1
2.019752542E0,1.213515472E1,-1.581417084E1,-5.023809814E1,5.404827920E1
2.029684542E0,1.223447418E1,-1.580778503E1,-5.037518311E1,5.419619451E1
2.039617542E0,1.211773682E1,-1.617362976E1,-5.051892090E1,5.441127837E1
2.049549542E0,1.229090881E1,-1.575312805E1,-5.037850189E1,5.419613396E1
2.059482542E0,1.205253601E1,-1.587613678E1,-5.064682007E1,5.442807847E1
2.069414542E0,1.222001648E1,-1.559593201E1,-5.019882965E1,5.396743830E1
2.079346542E0,1.223501587E1,-1.583566284E1,-5.037782288E1,5.420690794E1
2.089279542E0,1.247703552E1,-1.555079651E1,-5.016300964E1,5.397991501E1
2.099211542E0,1.213977814E1,-1.580907440E1,-5.042402649E1,5.422069249E1
2.109144542E0,1.209888458E1,-1.562551117E1,-5.011114502E1,5.386711857E1
2.119076542E0,1.218444824E1,-1.586602020E1,-5.066506195E1,5.447145930E1
2.129009542E0,1.219613647E1,-1.566419220E1,-5.015296173E1,5.393915306E1
2.138941542E0,1.200347137E1,-1.573813629E1,-5.048037720E1,5.422214253E1
2.148874542E0,1.215055084E1,-1.562421417E1,-5.033721161E1,5.408869408E1
2.158806542E0,1.214528656E1,-1.580422211E1,-5.030941772E1,5.411394399E1
2.168738542E0,1.231829834E1,-1.546743011E1,-5.023789215E1,5.398914406E1
2.178671542E0,1.221488190E1,-1.574254608E1,-5.038597107E1,5.418281257E1
2.188603542E0,1.228799438E1,-1.549068451E1,-5.037255859E1,5.411423816E1
2.198536542E0,1.224807739E1,-1.584589386E1,-5.043077850E1,5.426206016E1
2.208468542E0,1.202626801E1,-1.557749176E1,-5.045857239E1,5.416047359E1
2.218401542E0,1.207125854E1,-1.572407532E1,-5.058216858E1,5.432787135E1
2.228333542E0,1.215287781E1,-1.569464874E1,-5.013711548E1,5.392350866E1
2.238266542E0,1.229113770E1,-1.578569031E1,-5.038350677E1,5.421031119E1
2.248198542E0,1.204362488E1,-1.565712738E1,-5.050605011E1,5.423150040E1
2.258130542E0,1.217765045E1,-1.571462250E1,-5.068728638E1,5.444672195E1
2.268063542E0,1.246047974E1,-1.587747955E1,-4.999172211E1,5.391224528E1
2.277995542E0,1.230871582E1,-1.585873413E1,-5.053544617E1,5.437678965E1
2.287928542E0,1.230872345E1,-1.571054077E1,-5.049025726E1,5.429172905E1
2.297860542E0,1.238131714E1,-1.581718445E1,-5.041393280E1,5.426826843E1
2.307793542E0,1.231961823E1,-1.568500519E1,-5.037946320E1,5.418378625E1
2.317725542E0,1.228911591E1,-1.577085114E1,-5.034629822E1,5.417095033E1
2.327657542E0,1.238526154E1,-1.581089020E1,-5.046530151E1,5.431505877E1
2.337590542E0,1.200737000E1,-1.597423553E1,-5.033263397E1,5.415465980E1
2.347522542E0,1.184730530E1,-1.587883759E1,-5.024594879E1,5.401066095E1
2.357455542E0,1.184990692E1,-1.560058594E1,-5.006600189E1,5.376246945E1
2.367387542E0,1.184853363E1,-1.559996033E1,-5.031704712E1,5.399584931E1
2.377320542E0,1.216651154E1,-1.568623352E1,-5.049431610E1,5.425640869E1
2.387252542E0,1.239670563E1,-1.570336914E1,-5.064017487E1,5.444907183E1
2.397185542E0,1.207855225E1,-1.564692688E1,-5.049758148E1,5.422843793E1
2.407117542E0,1.205048370E1,-1.553807068E1,-5.044312286E1,5.414013707E1
2.417049542E0,1.217833710E1,-1.569364166E1,-5.025413513E1,5.403776810E1
2.426982542E0,1.238369751E1,-1.572457886E1,-5.044133759E1,5.426736479E1
2.436914542E0,1.234780884E1,-1.585559845E1,-4.997563934E1,5.386495069E1
2.446847542E0,1.222061920E1,-1.574683380E1,-5.027941132E1,5.408627840E1
2.456779542E0,1.229128265E1,-1.589192963E1,-5.025780487E1,5.412463401E1
2.466712542E0,1.217590332E1,-1.615584564E1,-5.017816925E1,5.410279696E1
2.476644542E0,1.205627441E1,-1.588726044E1,-5.049684143E1,5.429263110E1
2.486577542E0,1.225349426E1,-1.598778534E1,-5.034751892E1,5.422757659E1
2.496509542E0,1.222228241E1,-1.588326263E1,-5.033007050E1,5.417359334E1
2.506441542E0,1.221208954E1,-1.585630798E1,-5.053225708E1,5.435132601E1
2.516374542E0,1.202441406E1,-1.559159851E1,-5.037700653E1,5.408814348E1
2.526306542E0,1.222645569E1,-1.569477081E1,-5.052572632E1,5.430157520E1
2.536239542E0,1.201605988E1,-1.585533142E1,-5.034746552E1,5.413542752E1
2.546171542E0,1.203273773E1,-1.609055328E1,-5.054180145E1,5.438902809E1
2.556104542E0,1.192817688E1,-1.571017456E1,-5.027227783E1,5.400363790E1
2.566036542E0,1.186447144E1,-1.592487335E1,-5.052678680E1,5.428925730E1
2.575968542E0,1.183090210E1,-1.574731445E1,-5.076482391E1,5.445195592E1
2.585901542E0,1.210890198E1,-1.605992889E1,-5.081530762E1,5.465109616E1
2.595833542E0,1.187162018E1,-1.593599701E1,-5.063323212E1,5.439315730E1
2.605766542E0,1.178296661E1,-1.635414124E1,-5.053427887E1,5.440597006E1
2.615698542E0,1.174914551E1,-1.597592926E1,-5.062818146E1,5.437357349E1
2.625631542E0,1.186325836E1,-1.625257111E1,-5.037854004E1,5.424832037E1
2.635563542E0,1.199522400E1,-1.607678986E1,-5.024689484E1,5.410267102E1
2.645496542E0,1.164231110E1,-1.613764954E1,-5.072575378E1,5.448916624E1
2.655428542E0,1.205480957E1,-1.563938141E1,-5.073355103E1,5.444081083E1
2.665360542E0,1.205220032E1,-1.579972839E1,-5.064652252E1,5.440548863E1
2.675293542E0,1.196881104E1,-1.566939545E1,-5.037374115E1,5.409525107E1
2.685225542E0,1.191331482E1,-1.583415222E1,-5.052441406E1,5.427120657E1
2.695158542E0,1.200833893E1,-1.589276886E1,-5.062404633E1,5.440197030E1
2.705090542E0,1.196228027E1,-1.607822418E1,-5.068338776E1,5.450147922E1
2.715023542E0,1.199678802E1,-1.589167023E1,-5.082214355E1,5.458349916E1
2.724955542E0,1.186873627E1,-1.607901001E1,-5.080317688E1,5.459271238E1
2.734887542E0,1.210520172E1,-1.590485382E1,-5.036936951E1,5.419016210E1
2.744820542E0,1.209504700E1,-1.604566193E1,-5.036525726E1,5.422557116E1
2.754752542E0,1.221403503E1,-1.562473297E1,-5.036794281E1,5.413173372E1
2.764685542E0,1.182741547E1,-1.582552338E1,-5.047560883E1,5.420444662E1
2.774617542E0,1.193634033E1,-1.590960693E1,-5.022025299E1,5.401542024E1
2.784550542E0,1.216080475E1,-1.614137268E1,-5.068646240E1,5.456689981E1
2.794482542E0,1.213810730E1,-1.594097900E1,-5.041938782E1,5.425461389E1
2.804415542E0,1.211970520E1,-1.627719879E1,-5.032323456E1,5.426105778E1
2.814347542E0,1.223229218E1,-1.588726044E1,-5.012892914E1,5.399021719E1
2.824279542E0,1.198552704E1,-1.620827484E1,-5.026864624E1,5.415992824E1
2.834212542E0,1.217873383E1,-1.604012299E1,-5.018579102E1,5.407606423E1
2.844144542E0,1.214896393E1,-1.592579651E1,-5.023590088E1,5.408210477E1
2.854077542E0,1.217178345E1,-1.572271729E1,-5.000555420E1,5.381367486E1
2.864009542E0,1.219621277E1,-1.579356384E1,-5.001051331E1,5.384455131E1
2.873942542E0,1.240270233E1,-1.587028503E1,-5.036242676E1,5.424082412E1
2.883874542E0,1.232055664E1,-1.598569489E1,-5.025592804E1,5.415714967E1
2.893806542E0,1.245761871E1,-1.612716675E1,-5.006459045E1,5.405313116E1
2.903739542E0,1.220652008E1,-1.627919769E1,-5.042651367E1,5.437687644E1
2.913671542E0,1.210061646E1,-1.597191620E1,-5.044689178E1,5.428089826E1
2.923604542E0,1.214998627E1,-1.607559967E1,-5.065729523E1,5.451796613E1
2.933536542E0,1.209969330E1,-1.607630157E1,-5.037649536E1,5.424611816E1
2.943469542E0,1.200097656E1,-1.611025238E1,-5.039439392E1,5.425088579E1
2.953401542E0,1.219616699E1,-1.608859253E1,-5.021276855E1,5.411941819E1
2.963334625E0,1.223559570E1,-1.622692871E1,-5.038255310E1,5.432701607E1
2.973266625E0,1.233963776E1,-1.609584045E1,-5.056637573E1,5.448211720E1
2.983198625E0,1.228324127E1,-1.593796539E1,-5.039914703E1,5.426758497E1
2.993131625E0,1.224400330E1,-1.593284607E1,-5.065427399E1,5.449428111E1
3.003063625E0,1.261186981E1,-1.600297546E1,-5.077248383E1,5.470831379E1
3.012996625E0,1.234215546E1,-1.593830109E1,-5.076883698E1,5.462447300E1
3.022928625E0,1.222261047E1,-1.601992035E1,-5.086244202E1,5.470848255E1
3.032861625E0,1.223432159E1,-1.590431213E1,-5.054499054E1,5.438218309E1
3.042793625E0,1.231315613E1,-1.596442413E1,-5.044333649E1,5.432317045E1
3.052725625E0,1.214158630E1,-1.618621826E1,-5.044098663E1,5.434799823E1
3.062658625E0,1.222525787E1,-1.606330872E1,-5.033003998E1,5.422729701E1
3.072590625E0,1.229773712E1,-1.618997192E1,-5.037562561E1,5.432359694E1
3.082523625E0,1.221369171E1,-1.604404449E1,-5.044706726E1,5.432763776E1
3.092455625E0,1.226455688E1,-1.593838501E1,-5.044011688E1,5.430153647E1
3.102388625E0,1.216636658E1,-1.609633636E1,-5.019866943E1,5.410193095E1
3.112320625E0,1.211855316E1,-1.590165710E1,-5.036278534E1,5.418608840E1
3.122252625E0,1.214786530E1,-1.610935974E1,-5.025605774E1,5.415490229E1
3.132185625E0,1.249810791E1,-1.589375305E1,-5.056438446E1,5.445705706E1
3.142117625E0,1.229572296E1,-1.579849243E1,-5.033097839E1,5.416626766E1
3.152050625E0,1.233381653E1,-1.593061066E1,-5.039939117E1,5.427712241E1
3.161982625E0,1.232209015E1,-1.618191528E1,-5.039916229E1,5.434854044E1
3.171915625E0,1.256936646E1,-1.587705994E1,-5.023058319E1,5.415885424E1
3.181847625E0,1.247851562E1,-1.603459167E1,-5.054685211E1,5.447757099E1
3.191780625E0,1.247593689E1,-1.592644501E1,-5.031673431E1,5.423167344E1
3.201712625E0,1.225591278E1,-1.590164185E1,-5.018220520E1,5.404926762E1
3.211644625E0,1.223760986E1,-1.601206970E1,-5.025387573E1,5.414422866E1
3.221577625E0,1.232511139E1,-1.619508362E1,-5.038307953E1,5.433823522E1
3.231509625E0,1.243978882E1,-1.590634155E1,-5.045228577E1,5.434329017E1
3.241442625E0,1.226843262E1,-1.599828339E1,-5.033428955E1,5.422176883E1
3.251374625E0,1.232323456E1,-1.574496460E1,-5.021195221E1,5.404633350E1
3.261307625E0,1.216647339E1,-1.582986450E1,-5.033044434E1,5.414574140E1
3.271239625E0,1.223423767E1,-1.553941345E1,-5.000666809E1,5.377561525E1
3.281171625E0,1.213817596E1,-1.565441895E1,-5.024201202E1,5.400607300E1
3.291104625E0,1.222579193E1,-1.590474701E1,-5.011668396E1,5.398252474E1
3.301036625E0,1.231540680E1,-1.612233734E1,-5.032245636E1,5.425816639E1
3.310969625E0,1.207537842E1,-1.590015411E1,-5.030879974E1,5.412582560E1
3.320901625E0,1.225168610E1,-1.593016052E1,-5.036683655E1,5.422814814E1
3.330834625E0,1.224082184E1,-1.567599487E1,-5.003373718E1,5.384189253E1
3.340766625E0,1.202555084E1,-1.580415344E1,-5.022241211E1,5.400625720E1
3.350698625E0,1.239043427E1,-1.588047028E1,-5.024558258E1,5.413252965E1
3.360631625E0,1.231847382E1,-1.596974182E1,-5.035955811E1,5.424815705E1
3.370563625E0,1.229184723E1,-1.568444824E1,-5.024700928E1,5.405417066E1
3.380496625E0,1.219334412E1,-1.584120941E1,-5.044475555E1,5.426135751E1
3.390428625E0,1.227643585E1,-1.565419769E1,-5.039859009E1,5.418286321E1
3.400361625E0,1.232054138E1,-1.602013397E1,-5.036961365E1,5.427281466E1
3.410293625E0,1.255358887E1,-1.587775421E1,-5.008173370E1,5.401736501E1
3.420226625E0,1.240043640E1,-1.607543182E1,-5.026948547E1,5.421449530E1
3.430158625E0,1.219636536E1,-1.591120148E1,-5.014008331E1,5.399949643E1
3.440090625E0,1.226808167E1,-1.615847015E1,-5.048307800E1,5.440719759E1
3.450023625E0,1.238542938E1,-1.585647583E1,-5.031399536E1,5.418786595E1
3.459955625E0,1.212773132E1,-1.585770416E1,-5.037178802E1,5.418362924E1
3.469888625E0,1.187653351E1,-1.557711029E1,-5.022740173E1,5.391187530E1
3.479820625E0,1.189223480E1,-1.592692566E1,-4.989365387E1,5.370725189E1
3.489753625E0,1.209868622E1,-1.558571625E1,-5.021298981E1,5.395032071E1
3.499685625E0,1.203337097E1,-1.585330963E1,-5.038693237E1,5.417538553E1
3.509617625E0,1.223207855E1,-1.601287842E1,-5.029871368E1,5.418483754E1
3.519550625E0,1.228518677E1,-1.616751862E1,-5.036811829E1,5.430710646E1
3.529482625E0,1.222208405E1,-1.587178040E1,-5.026493835E1,5.410967362E1
3.539415625E0,1.227216339E1,-1.605771637E1,-5.040747070E1,5.430809656E1
3.549347625E0,1.223890686E1,-1.576430511E1,-5.009693909E1,5.392594425E1
3.559280625E0,1.220317841E1,-1.611090088E1,-5.029704285E1,5.420582265E1
3.569212625E0,1.225586700E1,-1.571227264E1,-5.039790344E1,5.419437664E1
3.579144625E0,1.227766418E1,-1.575962830E1,-5.062060547E1,5.442014902E1
3.589077625E0,1.228010559E1,-1.580046844E1,-5.034403229E1,5.417543155E1
3.599009625E0,1.229187012E1,-1.600698853E1,-5.060866547E1,5.448440853E1
3.608942625E0,1.243569183E1,-1.578765869E1,-5.037821960E1,5.423893075E1
3.618874625E0,1.227854919E1,-1.579182434E1,-5.035255432E1,5.418047815E1
3.628807625E0,1.232793427E1,-1.558348846E1,-5.018306732E1,5.397372807E1
3.638739625E0,1.233802795E1,-1.542823792E1,-5.045450592E1,5.418408093E1
3.648671625E0,1.208239746E1,-1.543807983E1,-5.027864075E1,5.396536253E1
3.658604625E0,1.239071655E1,-1.545651245E1,-5.045562744E1,5.420520247E1
3.668536625E0,1.244528198E1,-1.546294403E1,-5.063703156E1,5.438838705E1
3.678469625E0,1.225821686E1,-1.566538239E1,-5.070972443E1,5.447149931E1
3.688401625E0,1.226349640E1,-1.575040436E1,-5.057192993E1,5.436900476E1
3.698334625E0,1.221660614E1,-1.562647247E1,-5.039427948E1,5.415732187E1
3.708266625E0,1.217580414E1,-1.558560181E1,-5.073634338E1,5.445491465E1
3.718198625E0,1.214808655E1,-1.569860840E1,-5.045713043E1,5.422125343E1
3.728131625E0,1.189463806E1,-1.558329010E1,-5.078099823E1,5.443373151E1
3.738063625E0,1.196280670E1,-1.576428986E1,-5.088813019E1,5.460058033E1
3.747996625E0,1.183674622E1,-1.555935669E1,-5.038857269E1,5.404822291E1
3.757928625E0,1.215134430E1,-1.579586029E1,-5.092288971E1,5.468368191E1
3.767861625E0,1.221818542E1,-1.584286499E1,-5.068264771E1,5.448863372E1
3.777793625E0,1.220182037E1,-1.580444336E1,-5.057501221E1,5.437367663E1
3.787725625E0,1.211008453E1,-1.564492035E1,-5.034452820E1,5.409241351E1
3.797658625E0,1.207484436E1,-1.550967407E1,-5.057154083E1,5.425709722E1
3.807590625E0,1.197875977E1,-1.577381134E1,-5.038803101E1,5.414108863E1
3.817523625E0,1.185459900E1,-1.579577637E1,-5.057518005E1,5.429444636E1
3.827455625E0,1.211798859E1,-1.572316742E1,-5.032006836E1,5.409411170E1
3.837388625E0,1.216045380E1,-1.557282257E1,-5.018859100E1,5.393777995E1
3.847320625E0,1.216305542E1,-1.553398132E1,-5.023845673E1,5.397357712E1
3.857252625E0,1.222737122E1,-1.554597473E1,-5.035625458E1,5.410118587E1
3.867185625E0,1.240304565E1,-1.577162170E1,-5.000077820E1,5.387631588E1
3.877117625E0,1.232348633E1,-1.574365997E1,-5.032334900E1,5.414952077E1
3.887050625E0,1.229792023E1,-1.602319336E1,-5.001239014E1,5.393719250E1
3.896982625E0,1.218849182E1,-1.585056305E1,-4.985605621E1,5.371616166E1
3.906915625E0,1.211368561E1,-1.557235718E1,-5.023027039E1,5.396591285E1
3.916847625E0,1.226086426E1,-1.561737061E1,-5.020404816E1,5.398775332E1
3.926780625E0,1.226258850E1,-1.581372070E1,-5.030271912E1,5.413694108E1
3.936712625E0,1.227630615E1,-1.555503082E1,-5.014511108E1,5.391844622E1
3.946644625E0,1.255430603E1,-1.571165466E1,-5.028768921E1,5.416011797E1
3.956577625E0,1.254264832E1,-1.551996613E1,-5.002740479E1,5.386026926E1
3.966509750E0,1.251561737E1,-1.580776978E1,-5.003354645E1,5.394332242E1
3.976442750E0,1.250196838E1,-1.556935883E1,-5.022231293E1,5.404613643E1
3.986374750E0,1.237579346E1,-1.573004150E1,-5.015280151E1,5.399905526E1
3.996307750E0,1.257625580E1,-1.579241943E1,-5.026661682E1,5.416913778E1
4.006239750E0,1.261972046E1,-1.591955566E1,-5.048954010E1,5.442318675E1
4.016171750E0,1.245835876E1,-1.558480835E1,-5.038758850E1,5.419415125E1
4.026104750E0,1.234761810E1,-1.597103119E1,-5.029368591E1,5.419402507E1
4.036036750E0,1.250631714E1,-1.587609100E1,-5.040574646E1,5.430651444E1
4.045969750E0,1.237001801E1,-1.579660034E1,-5.043641663E1,5.428058631E1
4.055901750E0,1.229938507E1,-1.569545746E1,-5.051577759E1,5.430898676E1
4.065834750E0,1.229370117E1,-1.556016541E1,-5.038333893E1,5.414549545E1
4.075766750E0,1.233921814E1,-1.552636719E1,-5.034542847E1,5.411087275E1
4.085698750E0,1.216333771E1,-1.591667175E1,-5.051592255E1,5.434285284E1
4.095631750E0,1.247802734E1,-1.553703308E1,-5.053774261E1,5.432461681E1
4.105563750E0,1.234609985E1,-1.565808868E1,-5.075224304E1,5.452881895E1
4.115496750E0,1.253328705E1,-1.522164917E1,-5.075622559E1,5.445159615E1
4.125428750E0,1.247289276E1,-1.573599243E1,-5.062079620E1,5.445786922E1
4.135361750E0,1.263787079E1,-1.558019257E1,-5.040751648E1,5.425288837E1
4.145293750E0,1.234186554E1,-1.576071930E1,-5.073722839E1,5.454345298E1
4.155225750E0,1.245776367E1,-1.565413666E1,-5.050358582E1,5.432181928E1
4.165158750E0,1.225988007E1,-1.590707397E1,-5.034221649E1,5.420035445E1
4.175090750E0,1.240605164E1,-1.586251831E1,-5.053300476E1,5.439774053E1
4.185023750E0,1.227240753E1,-1.592203522E1,-5.067208862E1,5.451406935E1
4.194955750E0,1.271878052E1,-1.561827850E1,-5.042063141E1,5.429491756E1
4.204888750E0,1.248236084E1,-1.586000061E1,-5.029740906E1,5.419574069E1
4.214820750E0,1.233110809E1,-1.579817963E1,-5.047436523E1,5.430746037E1
4.224752750E0,1.229329681E1,-1.590561676E1,-5.074563599E1,5.458235395E1
4.234685750E0,1.241805267E1,-1.574106598E1,-5.016112518E1,5.401969706E1
4.244617750E0,1.233255005E1,-1.575847626E1,-5.056109619E1,5.437688675E1
4.254550750E0,1.229581451E1,-1.582595062E1,-5.061420441E1,5.443753719E1
4.264482750E0,1.233216095E1,-1.587693024E1,-5.077606964E1,5.461106441E1
4.274415750E0,1.254656982E1,-1.564509583E1,-5.041532898E1,5.425763388E1
4.284347750E0,1.251477051E1,-1.571477509E1,-5.076564026E1,5.459600597E1
4.294279750E0,1.257254028E1,-1.541555786E1,-5.035868835E1,5.414522773E1
4.304212750E0,1.228852844E1,-1.593324280E1,-5.070053864E1,5.454741768E1
4.314144750E0,1.231768799E1,-1.564757538E1,-5.069156647E1,5.446289529E1
4.324077750E0,1.254940033E1,-1.597687531E1,-5.077579498E1,5.468938973E1
4.334009750E0,1.250228119E1,-1.568046570E1,-5.052490997E1,5.435945702E1
4.343942750E0,1.229230499E1,-1.611405182E1,-5.071690369E1,5.461655196E1
4.353874750E0,1.229187012E1,-1.580893707E1,-5.060737610E1,5.442535326E1
4.363806750E0,1.222505188E1,-1.578238678E1,-5.070697021E1,5.449525167E1
4.373739750E0,1.240301514E1,-1.559637451E1,-5.042102814E1,5.421588108E1
4.383671750E0,1.212432098E1,-1.604397583E1,-5.067805481E1,5.452222995E1
4.393604750E0,1.232568359E1,-1.583487701E1,-5.050759888E1,5.434779987E1
4.403536750E0,1.198693085E1,-1.594251251E1,-5.071174622E1,5.449340713E1
4.413468750E0,1.235599518E1,-1.591696930E1,-5.047153473E1,5.434515937E1
4.423401750E0,1.224464417E1,-1.583922577E1,-5.058358765E1,5.440139449E1
4.433333750E0,1.247412109E1,-1.560955048E1,-5.053248596E1,5.433961631E1
4.443266750E0,1.236840820E1,-1.561398315E1,-5.061683655E1,5.439520322E1
4.453198750E0,1.236485291E1,-1.565917206E1,-5.044770813E1,5.425007385E1
4.463131750E0,1.232980347E1,-1.589977264E1,-5.063287354E1,5.448407755E1
4.473063750E0,1.218325806E1,-1.579886627E1,-5.041275787E1,5.421699096E1
4.482996750E0,1.221685791E1,-1.577440643E1,-5.040052032E1,5.420605100E1
4.492928750E0,1.236935425E1,-1.584191895E1,-5.065691376E1,5.449853422E1
4.502860750E0,1.218626404E1,-1.575884247E1,-5.080814362E1,5.457392789E1
4.512793750E0,1.233073425E1,-1.582138062E1,-5.038894653E1,5.423475845E1
4.522725750E0,1.254681396E1,-1.577550507E1,-5.050255585E1,5.437644019E1
4.532658750E0,1.243159485E1,-1.548680115E1,-5.039030457E1,5.416242567E1
4.542590750E0,1.253858185E1,-1.566464233E1,-5.066153717E1,5.449025970E1
4.552522750E0,1.256325531E1,-1.559283447E1,-5.035165405E1,5.418727652E1
4.562455750E0,1.244599915E1,-1.595793915E1,-5.017043304E1,5.409834626E1
4.572387750E0,1.230718231E1,-1.591328430E1,-5.037979126E1,5.424779001E1
4.582320750E0,1.248703003E1,-1.587358856E1,-5.031463623E1,5.421678109E1
4.592252750E0,1.232077026E1,-1.595979309E1,-5.043837738E1,5.431893121E1
4.602185750E0,1.232895660E1,-1.618440247E1,-5.047031403E1,5.441682324E1
4.612117750E0,1.220467377E1,-1.572750854E1,-5.053084564E1,5.431091003E1
4.622049750E0,1.236144257E1,-1.580955505E1,-5.058193970E1,5.441764343E1
4.631982750E0,1.238932800E1,-1.595139313E1,-5.067322540E1,5.455014357E1
4.641914750E0,1.220928955E1,-1.578482819E1,-5.071392822E1,5.449889970E1
4.651847750E0,1.225025940E1,-1.585858917E1,-5.073641205E1,5.455040984E1
4.661779750E0,1.238736725E1,-1.592288208E1,-5.072274780E1,5.458738120E1
4.671712750E0,1.226621246E1,-1.585084534E1,-5.067134094E1,5.449122919E1
4.681644750E0,1.225895691E1,-1.590084839E1,-5.061685181E1,5.445350944E1
4.691576750E0,1.248065186E1,-1.578424835E1,-5.069696808E1,5.454440154E1
4.701509750E0,1.257066345E1,-1.580532837E1,-5.051031494E1,5.439781154E1
4.711441750E0,1.249111938E1,-1.614474487E1,-5.038260651E1,5.436072009E1
4.721374750E0,1.265200043E1,-1.590483856E1,-5.022717285E1,5.418307759E1
4.731306750E0,1.249834442E1,-1.589358521E1,-5.029240417E1,5.420461771E1
4.741239750E0,1.265166473E1,-1.576036835E1,-5.027080536E1,5.418124862E1
4.751171750E0,1.246923065E1,-1.623656464E1,-5.036541748E1,5.436711343E1
4.761103750E0,1.236370850E1,-1.592964935E1,-5.067386627E1,5.453857111E1
4.771036750E0,1.234481049E1,-1.608889008E1,-5.079896545E1,5.469718111E1
4.780968750E0,1.235192108E1,-1.573719025E1,-5.041976929E1,5.424373002E1
4.790901750E0,1.198685455E1,-1.596451569E1,-5.096197510E1,5.473274476E1
4.800833750E0,1.206387329E1,-1.583358765E1,-5.042070770E1,5.420781587E1
4.810766750E0,1.211903381E1,-1.621008301E1,-5.061063385E1,5.450755939E1
4.820698750E0,1.208599091E1,-1.599964142E1,-5.047443390E1,5.431140008E1
4.830630750E0,1.217846680E1,-1.598014832E1,-5.071215057E1,5.454724933E1
4.840563750E0,1.233626556E1,-1.552039337E1,-5.021309662E1,5.398537886E1
4.850495750E0,1.232637787E1,-1.561331940E1,-5.045694733E1,5.423669300E1
4.860428750E0,1.230619049E1,-1.593924713E1,-5.073938751E1,5.458926056E1
4.870360750E0,1.229951477E1,-1.569037628E1,-5.051509857E1,5.430691627E1
4.880293750E0,1.219554138E1,-1.597856140E1,-5.037210846E1,5.423462883E1
4.890225750E0,1.232598877E1,-1.583149719E1,-5.014813232E1,5.401297509E1
4.900157750E0,1.222282410E1,-1.575382233E1,-5.026026917E1,5.407101815E1
4.910090750E0,1.200986481E1,-1.572472382E1,-5.032446289E1,5.407453520E1
4.920022750E0,1.210938263E1,-1.589017487E1,-5.029179382E1,5.411468683E1
4.929955750E0,1.218283081E1,-1.550186920E1,-5.009719086E1,5.383732764E1
4.939887750E0,1.207418060E1,-1.584097290E1,-5.058009338E1,5.436053814E1
4.949819750E0,1.217845917E1,-1.550154877E1,-5.011185455E1,5.384989182E1
4.959752750E0,1.213572693E1,-1.552797699E1,-5.062674713E1,5.432735464E1
4.969684792E0,1.235109711E1,-1.540489960E1,-5.025463104E1,5.399433741E1
4.979617792E0,1.216519165E1,-1.552024841E1,-5.070424652E1,5.440395770E1
4.989549792E0,1.215731049E1,-1.533594513E1,-5.042943573E1,5.409361699E1
4.999482792E0,1.229454041E1,-1.580986023E1,-5.109035492E1,5.487560269E1
5.009414792E0,1.262633514E1,-1.553516388E1,-5.086811829E1,5.466563010E1
5.019346792E0,1.235726166E1,-1.583291626E1,-5.081073761E1,5.463619871E1
5.029279792E0,1.231569672E1,-1.563677979E1,-5.073453522E1,5.449934249E1
5.039211792E0,1.253649902E1,-1.598078918E1,-5.094334412E1,5.484317406E1
5.049144792E0,1.242131042E1,-1.568563843E1,-5.071743011E1,5.452142627E1
5.059076792E0,1.206861115E1,-1.587798309E1,-5.055224609E1,5.434419295E1
5.069009792E0,1.218141937E1,-1.532498169E1,-5.036119080E1,5.403231977E1
5.078941792E0,1.227257538E1,-1.574100494E1,-5.014350891E1,5.397005493E1
5.088873792E0,1.230036163E1,-1.560909271E1,-5.016343689E1,5.395658507E1
5.098806792E0,1.221728516E1,-1.557011414E1,-5.029393005E1,5.404784835E1
5.108738792E0,1.247000122E1,-1.531452179E1,-5.030463409E1,5.404249920E1
5.118671792E0,1.228775024E1,-1.560909271E1,-5.043330383E1,5.420471121E1
5.128603792E0,1.265262604E1,-1.555537415E1,-5.036221313E1,5.420711321E1
5.138535792E0,1.260751343E1,-1.595672607E1,-5.035140228E1,5.430313263E1
5.148468792E0,1.245289612E1,-1.583754730E1,-4.993823242E1,5.384913726E1
5.158400792E0,1.224216461E1,-1.592702484E1,-5.029274750E1,5.415626617E1
5.168333792E0,1.222103882E1,-1.570162201E1,-5.028732300E1,5.408058411E1
5.178265792E0,1.229522705E1,-1.582375336E1,-5.047071838E1,5.430338104E1
5.188198792E0,1.260893250E1,-1.580170441E1,-5.024823761E1,5.416238938E1
5.198130792E0,1.246605682E1,-1.610669708E1,-5.032814026E1,5.429318526E1
5.208062792E0,1.228495789E1,-1.597558594E1,-5.031265259E1,5.419873197E1
5.217995792E0,1.241056061E1,-1.619820404E1,-5.019544983E1,5.418474889E1
5.227927792E0,1.229735565E1,-1.603230286E1,-5.025006866E1,5.416021687E1
5.237860792E0,1.215167999E1,-1.608406067E1,-5.040619659E1,5.428761359E1
5.247792792E0,1.208215332E1,-1.572335815E1,-5.030942535E1,5.407624894E1
5.257725792E0,1.212416840E1,-1.586711884E1,-5.061251068E1,5.440943996E1
5.267657792E0,1.219026947E1,-1.583389282E1,-5.008858490E1,5.392755482E1
5.277589792E0,1.208074188E1,-1.589766693E1,-5.046812439E1,5.427441126E1
5.287522792E0,1.216189575E1,-1.597282410E1,-5.039295197E1,5.424474560E1
5.297454792E0,1.222003174E1,-1.596675873E1,-5.064537048E1,5.449055066E1
5.307387792E0,1.237770081E1,-1.598885345E1,-5.051721191E1,5.441359767E1
5.317319792E0,1.251032257E1,-1.617034149E1,-5.042854309E1,5.441531102E1
5.327251792E0,1.225092316E1,-1.633472443E1,-5.053467560E1,5.450377765E1
5.337184792E0,1.232133484E1,-1.617431641E1,-5.058851624E1,5.452175509E1
5.347116792E0,1.229206085E1,-1.610074615E1,-5.056462860E1,5.447118919E1
5.357049792E0,1.230513000E1,-1.592869568E1,-5.042481995E1,5.429366480E1
5.366981792E0,1.222436523E1,-1.614966583E1,-5.058637238E1,5.449062196E1
5.376914792E0,1.228325653E1,-1.614540863E1,-5.046788788E1,5.439264948E1
5.386846792E0,1.227764893E1,-1.623553467E1,-5.056600189E1,5.450920836E1
5.396778792E0,1.228632355E1,-1.622865295E1,-5.065383911E1,5.459060670E1
5.406711792E0,1.223657227E1,-1.629795074E1,-5.055049133E1,5.450421152E1
5.416643792E0,1.228088379E1,-1.598634338E1,-5.048766327E1,5.436347509E1
5.426576792E0,1.225598145E1,-1.620063782E1,-5.048302460E1,5.441695985E1
5.436508792E0,1.211939240E1,-1.594843292E1,-5.029428864E1,5.413638013E1
5.446441792E0,1.193811798E1,-1.605004120E1,-5.073583221E1,5.453665881E1
5.456373792E0,1.217490387E1,-1.598567200E1,-5.049814606E1,5.434917431E1
5.466305792E0,1.224766541E1,-1.617603302E1,-5.057536316E1,5.449345567E1
5.476238792E0,1.220957184E1,-1.585116577E1,-5.020615387E1,5.404619309E1
5.486170792E0,1.216387177E1,-1.609277344E1,-5.055374146E1,5.442993577E1
5.496103792E0,1.222168732E1,-1.596341705E1,-5.037482452E1,5.423857733E1
5.506035792E0,1.212122345E1,-1.627616882E1,-5.016467285E1,5.411406593E1
5.515967792E0,1.228386688E1,-1.600227356E1,-5.029257202E1,5.418771951E1
5.525900792E0,1.231960297E1,-1.614831543E1,-5.029943085E1,5.424549246E1
5.535832792E0,1.229219818E1,-1.598914337E1,-5.062132263E1,5.449100060E1
5.545765792E0,1.232707214E1,-1.606632996E1,-5.083226776E1,5.471748451E1
5.555697792E0,1.218897247E1,-1.558338165E1,-5.085076904E1,5.456384834E1
5.565630792E0,1.242824554E1,-1.607428741E1,-5.039717102E1,5.433892574E1
5.575562792E0,1.255632019E1,-1.593901825E1,-5.020353699E1,5.414894833E1
5.585494792E0,1.232062531E1,-1.598227692E1,-5.056233215E1,5.444061366E1
5.595427792E0,1.254623413E1,-1.597544098E1,-5.036378479E1,5.430592531E1
5.605359792E0,1.220713806E1,-1.633887482E1,-5.049077606E1,5.445449033E1
5.615292792E0,1.211011505E1,-1.609899902E1,-5.027558899E1,5.416149466E1
5.625224792E0,1.230605316E1,-1.613145447E1,-5.035221100E1,5.428635114E1
5.635157792E0,1.237407684E1,-1.588701630E1,-5.034807587E1,5.422585922E1
5.645089792E0,1.226159668E1,-1.624107361E1,-5.035565186E1,5.431216161E1
5.655021792E0,1.239216614E1,-1.599126434E1,-5.037806702E1,5.428845138E1
5.664954792E0,1.229367828E1,-1.620554352E1,-5.031926727E1,5.427506633E1
5.674886792E0,1.240410614E1,-1.605267334E1,-5.035758209E1,5.429029605E1
5.684819792E0,1.229832458E1,-1.616889954E1,-5.058845520E1,5.451489612E1
5.694751792E0,1.257774353E1,-1.588637543E1,-5.031898499E1,5.424552338E1
5.704683792E0,1.243804169E1,-1.614084625E1,-5.079348755E1,5.472851337E1
5.714616792E0,1.265367889E1,-1.595748138E1,-5.044036865E1,5.439657702E1
5.724548792E0,1.262969208E1,-1.610952759E1,-5.085489655E1,5.482012864E1
5.734481792E0,1.254588318E1,-1.595333862E1,-5.081044769E1,5.471389031E1
5.744413792E0,1.230216217E1,-1.632255554E1,-5.052526855E1,5.450295199E1
5.754346792E0,1.254455566E1,-1.588580322E1,-5.038302612E1,5.429708963E1
5.764278792E0,1.224308777E1,-1.614389801E1,-5.044213867E1,5.435924940E1
5.774210792E0,1.248125458E1,-1.600961304E1,-5.032470703E1,5.426477276E1
5.784143792E0,1.247427368E1,-1.595201111E1,-5.041459656E1,5.432960251E1
5.794075792E0,1.233429718E1,-1.577978516E1,-5.008472443E1,5.394085768E1
5.804008792E0,1.226997375E1,-1.629740143E1,-5.044927216E1,5.441770493E1
5.813940792E0,1.258361053E1,-1.598295593E1,-5.036339569E1,5.431642256E1
5.823872792E0,1.239821625E1,-1.595172119E1,-5.066023254E1,5.454019010E1
5.833805792E0,1.227825165E1,-1.588797760E1,-5.065234375E1,5.448709226E1
5.843737792E0,1.225860596E1,-1.626503754E1,-5.034554291E1,5.430928610E1
5.853670792E0,1.222505188E1,-1.608010864E1,-5.028504944E1,5.419047873E1
5.863602792E0,1.214680481E1,-1.601267242E1,-5.037135315E1,5.423305047E1
5.873535792E0,1.226670837E1,-1.565053558E1,-5.004969788E1,5.385521011E1
5.883467792E0,1.229024506E1,-1.590048981E1,-5.025767517E1,5.412679201E1
5.893399792E0,1.251196289E1,-1.569828033E1,-5.026075745E1,5.412142792E1
5.903332792E0,1.236798859E1,-1.601702881E1,-5.018555450E1,5.411194170E1
5.913264792E0,1.227827454E1,-1.593062592E1,-4.984667969E1,5.375157992E1
5.923197792E0,1.244405365E1,-1.621788788E1,-5.042099762E1,5.440727304E1
5.933129792E0,1.267524719E1,-1.589026642E1,-5.025775146E1,5.421258194E1
5.943061792E0,1.263520813E1,-1.595865631E1,-5.043932343E1,5.439165877E1
5.952994792E0,1.260198212E1,-1.599392700E1,-5.033476257E1,5.429736621E1
5.962926792E0,1.246118164E1,-1.602999115E1,-5.069252014E1,5.460744695E1
5.972859250E0,1.257169342E1,-1.588933563E1,-5.077899933E1,5.467197852E1
5.982791250E0,1.258554077E1,-1.591146088E1,-5.062290955E1,5.453667935E1
5.992724250E0,1.233862305E1,-1.585865784E1,-5.066007233E1,5.449937225E1
6.002656250E0,1.232744598E1,-1.603529358E1,-5.016374207E1,5.408786909E1
6.012588250E0,1.235398865E1,-1.629663849E1,-5.021795654E1,5.422217831E1
6.022521250E0,1.261456299E1,-1.619934082E1,-4.997821045E1,5.403117028E1
6.032453250E0,1.260234833E1,-1.604373169E1,-5.016607666E1,5.415584694E1
6.042386250E0,1.292098999E1,-1.604153442E1,-5.047225189E1,5.451358565E1
6.052318250E0,1.281945038E1,-1.596247864E1,-5.061073303E1,5.459473720E1
6.062250250E0,1.271660614E1,-1.613416290E1,-5.067510986E1,5.468080142E1
6.072183250E0,1.256364441E1,-1.596937561E1,-5.054418945E1,5.447551015E1
6.082115250E0,1.249396515E1,-1.595728302E1,-5.078386688E1,5.467847092E1
6.092048250E0,1.228636932E1,-1.580126953E1,-5.048545837E1,5.430853061E1
6.101980250E0,1.252391052E1,-1.583536530E1,-5.059385681E1,5.447334647E1
6.111913250E0,1.258686066E1,-1.586100769E1,-5.054863739E1,5.445333202E1
6.121845250E0,1.255380249E1,-1.564999390E1,-5.023307037E1,5.409141914E1
6.131777250E0,1.234811401E1,-1.575412750E1,-5.060577393E1,5.442070201E1
6.141710250E0,1.244664001E1,-1.583511353E1,-5.006229401E1,5.396205101E1
6.151642250E0,1.230171967E1,-1.580332947E1,-5.042893219E1,5.426006571E1
6.161575250E0,1.253529358E1,-1.567796326E1,-5.024754333E1,5.410866593E1
6.171507250E0,1.229615784E1,-1.594281006E1,-5.031176758E1,5.419079855E1
6.181439250E0,1.259628296E1,-1.596114349E1,-5.017002869E1,5.413368844E1
6.191372250E0,1.262010956E1,-1.613786316E1,-5.048278809E1,5.448127830E1
6.201304250E0,1.267605591E1,-1.601535034E1,-5.066074371E1,5.462311593E1
6.211237250E0,1.257502747E1,-1.629488373E1,-5.042105865E1,5.446042331E1
6.221169250E0,1.249589539E1,-1.592819214E1,-5.028739166E1,5.420956066E1
6.231102250E0,1.236232758E1,-1.633554077E1,-5.051563263E1,5.451152333E1
6.241034250E0,1.236991882E1,-1.604930878E1,-5.029136658E1,5.422007706E1
6.250966250E0,1.229268646E1,-1.625304413E1,-5.057788086E1,5.452883289E1
6.260899250E0,1.234253693E1,-1.605628204E1,-5.033959961E1,5.426064596E1
6.270831250E0,1.229551697E1,-1.604875946E1,-5.072077179E1,5.460164016E1
6.280764250E0,1.228623962E1,-1.587776947E1,-5.044150543E1,5.428996885E1
6.290696250E0,1.213359070E1,-1.615268707E1,-5.031925964E1,5.422325344E1
6.300628250E0,1.239135742E1,-1.612861633E1,-5.019683075E1,5.416086983E1
6.310561250E0,1.237052917E1,-1.610815430E1,-5.029129028E1,5.423759310E1
6.320493250E0,1.225749207E1,-1.582008362E1,-5.037527466E1,5.420506853E1
6.330426250E0,1.243961334E1,-1.588712311E1,-5.030088043E1,5.419707772E1
6.340358250E0,1.257582855E1,-1.565179443E1,-5.004958344E1,5.392671819E1
6.350290250E0,1.274960327E1,-1.585977173E1,-5.087660217E1,5.479519497E1
6.360223250E0,1.258947754E1,-1.567090607E1,-5.039655304E1,5.425757827E1
6.370155250E0,1.243857574E1,-1.608296204E1,-5.055683136E1,5.449195382E1
6.380088250E0,1.259903717E1,-1.564630890E1,-4.993620300E1,5.382533874E1
6.390020250E0,1.247019196E1,-1.590604401E1,-5.049927521E1,5.439379303E1
6.399953250E0,1.232135010E1,-1.546955872E1,-5.049118805E1,5.422622046E1
6.409885250E0,1.240563202E1,-1.601679230E1,-5.028550720E1,5.421318637E1
6.419817250E0,1.251445007E1,-1.554832458E1,-5.030903625E1,5.412357145E1
6.429750250E0,1.226299286E1,-1.594239807E1,-5.062361908E1,5.447285433E1
6.439682250E0,1.243511200E1,-1.593210602E1,-5.059906006E1,5.448604309E1
6.449615250E0,1.220149231E1,-1.613095093E1,-5.043386078E1,5.433836863E1
6.459547250E0,1.217921448E1,-1.579743195E1,-5.057048798E1,5.436236175E1
6.469479250E0,1.241168213E1,-1.604143524E1,-5.071859741E1,5.462374595E1
6.479412250E0,1.247664642E1,-1.594554901E1,-5.074932098E1,5.463900456E1
6.489344250E0,1.231128693E1,-1.588690948E1,-5.066681671E1,5.450768748E1
6.499277250E0,1.228347778E1,-1.577766418E1,-5.031465912E1,5.414225185E1
6.509209250E0,1.222093201E1,-1.618344116E1,-5.078271484E1,5.468216413E1
6.519141250E0,1.221142578E1,-1.603179932E1,-5.053287506E1,5.440320736E1
6.529074250E0,1.217997742E1,-1.613291168E1,-5.088729858E1,5.475527232E1
6.539006250E0,1.236259460E1,-1.580265808E1,-5.063190460E1,5.446234948E1
6.548939250E0,1.242264557E1,-1.614756775E1,-5.053024292E1,5.448276348E1
6.558871250E0,1.232553101E1,-1.572463226E1,-5.006067657E1,5.390040921E1
6.568804250E0,1.212602997E1,-1.592781067E1,-5.036756134E1,5.419987999E1
6.578736250E0,1.239725494E1,-1.559810638E1,-5.024882507E1,5.405494681E1
6.588668250E0,1.220721436E1,-1.568834686E1,-5.060826874E1,5.437220958E1
6.598601250E0,1.242899323E1,-1.576718140E1,-5.051316071E1,5.435681453E1
6.608533250E0,1.237436676E1,-1.612015533E1,-5.061530304E1,5.454258210E1
6.618466250E0,1.259487152E1,-1.607769012E1,-5.051654816E1,5.448893967E1
6.628398250E0,1.242241669E1,-1.607450104E1,-5.052169800E1,5.445317244E1
6.638330250E0,1.227520752E1,-1.578770447E1,-5.020316315E1,5.403970690E1
6.648263250E0,1.225070953E1,-1.584980774E1,-5.036225128E1,5.420011664E1
6.658195250E0,1.221418762E1,-1.603182983E1,-5.018656921E1,5.408232314E1
6.668128250E0,1.229061127E1,-1.612299347E1,-5.052484894E1,5.444052171E1
6.678060250E0,1.224534607E1,-1.597719574E1,-5.012709808E1,5.401800854E1
6.687992250E0,1.217115784E1,-1.583425903E1,-5.021273041E1,5.403868186E1
6.697925250E0,1.234032440E1,-1.615058899E1,-4.997286224E1,5.394823530E1
6.707857250E0,1.252324677E1,-1.610025024E1,-4.995076752E1,5.395487877E1
6.717790250E0,1.232117462E1,-1.612802887E1,-5.017038727E1,5.412016646E1
6.727722250E0,1.229146576E1,-1.587323761E1,-5.051284027E1,5.435611129E1
6.737655250E0,1.234108734E1,-1.575310516E1,-5.050523376E1,5.432532924E1
6.747587250E0,1.241684723E1,-1.571270752E1,-5.031446075E1,5.415359853E1
6.757519250E0,1.254831696E1,-1.578623962E1,-5.045304108E1,5.433392102E1
6.767452250E0,1.268162537E1,-1.592972565E1,-5.034580231E1,5.430727015E1
6.777384250E0,1.240113831E1,-1.572284698E1,-5.026195526E1,5.410416153E1
6.787317250E0,1.231887817E1,-1.582246399E1,-5.026390076E1,5.411621610E1
6.797249250E0,1.228928375E1,-1.595280457E1,-5.020954132E1,5.409728744E1
6.807181250E0,1.196307373E1,-1.599353027E1,-5.020931244E1,5.403594359E1
6.817114250E0,1.216498566E1,-1.590399170E1,-5.051343536E1,5.433719702E1
6.827046250E0,1.232968903E1,-1.616454315E1,-5.005587769E1,5.402688754E1
6.836979250E0,1.234726715E1,-1.592378998E1,-5.007713318E1,5.397908262E1
6.846911250E0,1.234894562E1,-1.613823700E1,-5.026744843E1,5.421951238E1
6.856843250E0,1.254750061E1,-1.597760010E1,-5.022573090E1,5.417884754E1
6.866776250E0,1.261161804E1,-1.578697205E1,-5.026374817E1,5.417310934E1
6.876708250E0,1.236132812E1,-1.581151581E1,-5.033172607E1,5.418569105E1
6.886641250E0,1.226786804E1,-1.609747314E1,-5.040112305E1,5.431300427E1
6.896573250E0,1.204605865E1,-1.610762787E1,-5.017229462E1,5.405388378E1
6.906506250E0,1.217541504E1,-1.602924347E1,-5.044882202E1,5.431630530E1
6.916438250E0,1.227223206E1,-1.608306885E1,-5.038431549E1,5.429412519E1
6.926370250E0,1.221514893E1,-1.600531769E1,-5.057413483E1,5.443457698E1
6.936303250E0,1.260581207E1,-1.591538239E1,-5.073912048E1,5.465038190E1
6.946235250E0,1.226622009E1,-1.597842407E1,-5.076367950E1,5.461429619E1
6.956168250E0,1.237142944E1,-1.597637939E1,-5.046289062E1,5.435807479E1
6.966100250E0,1.214723969E1,-1.575180054E1,-5.045915222E1,5.423836921E1
6.976032250E0,1.224174500E1,-1.585568237E1,-5.064237976E1,5.446020209E1
6.985965250E0,1.227443695E1,-1.600585938E1,-5.066994476E1,5.453707582E1
6.995897250E0,1.216853333E1,-1.588677216E1,-5.071254730E1,5.451811797E1
7.005830250E0,1.217121124E1,-1.627850342E1,-5.053126526E1,5.446592352E1
7.015762250E0,1.227901459E1,-1.600895691E1,-5.061918640E1,5.449186116E1
7.025694250E0,1.223620605E1,-1.590646362E1,-5.067213440E1,5.450142685E1
7.035627250E0,1.223533630E1,-1.587981415E1,-5.072180939E1,5.453965438E1
7.045559250E0,1.238481140E1,-1.605942535E1,-5.059638214E1,5.450947241E1
7.055492250E0,1.232827759E1,-1.584162140E1,-5.033049011E1,5.418580655E1
7.065424250E0,1.214719391E1,-1.615629578E1,-5.042279053E1,5.432345734E1
7.075356250E0,1.248962402E1,-1.554578400E1,-5.062126923E1,5.440749035E1
7.085289250E0,1.240477753E1,-1.566716766E1,-5.048028564E1,5.429178471E1
7.095221250E0,1.238692474E1,-1.551284790E1,-5.075411987E1,5.449830308E1
7.105154250E0,1.216143036E1,-1.584304047E1,-5.066825104E1,5.446259251E1
7.115086250E0,1.237018585E1,-1.581825256E1,-5.070836639E1,5.453968312E1
7.125019250E0,1.227568817E1,-1.591774750E1,-5.035179901E1,5.421596508E1
7.134951250E0,1.235037994E1,-1.568617249E1,-5.072196960E1,5.450968806E1
7.144883250E0,1.240895081E1,-1.606900024E1,-5.084272766E1,5.474648651E1
7.154816250E0,1.248157501E1,-1.584654999E1,-5.071927643E1,5.458340281E1
7.164748250E0,1.239253998E1,-1.595786285E1,-5.068241119E1,5.456129799E1
7.174681250E0,1.249990082E1,-1.585039520E1,-5.059680939E1,5.447494533E1
7.184613250E0,1.232717133E1,-1.620892334E1,-5.067480469E1,5.461340659E1
7.194545250E0,1.238954163E1,-1.596067810E1,-5.013069916E1,5.404933843E1
7.204478250E0,1.238220978E1,-1.621687317E1,-5.081642151E1,5.475960910E1
7.214410250E0,1.235588837E1,-1.595510101E1,-5.045738983E1,5.434318186E1
7.224343250E0,1.217736053E1,-1.618453217E1,-5.025736237E1,5.418514246E1
7.234275250E0,1.250911713E1,-1.585095978E1,-4.985781860E1,5.379157009E1
7.244207250E0,1.235376740E1,-1.606718445E1,-5.008463287E1,5.402999570E1
7.254140250E0,1.256000519E1,-1.585771942E1,-5.003413391E1,5.396883871E1
7.264072250E0,1.247862244E1,-1.623654938E1,-5.017622375E1,5.419404934E1
7.274005250E0,1.262354279E1,-1.603259277E1,-5.013207245E1,5.412598776E1
7.283937250E0,1.253073120E1,-1.614468384E1,-5.090229034E1,5.485173838E1
7.293869250E0,1.242115784E1,-1.613174438E1,-5.077678680E1,5.470649337E1
7.303802250E0,1.220021820E1,-1.624031830E1,-5.073603821E1,5.465106436E1
7.313734250E0,1.242613220E1,-1.609451294E1,-5.025421906E1,5.421188653E1
7.323667250E0,1.251377869E1,-1.626376343E1,-5.008682251E1,5.412757566E1
7.333599250E0,1.239982605E1,-1.592713928E1,-5.033444977E1,5.423086100E1
7.343531250E0,1.200056458E1,-1.613385010E1,-5.040946198E1,5.427180231E1
7.353464250E0,1.224297333E1,-1.575939178E1,-5.005114746E1,5.388289327E1
7.363396250E0,1.230068207E1,-1.582727051E1,-5.032148743E1,5.416697673E1
7.373329250E0,1.223709869E1,-1.571340179E1,-5.033370972E1,5.413076680E1
7.383261250E0,1.224201965E1,-1.594298553E1,-5.024452972E1,5.411615840E1
7.393193250E0,1.259230042E1,-1.577567291E1,-5.028362274E1,5.418376696E1
7.403126250E0,1.261261749E1,-1.589948273E1,-5.037436676E1,5.430882523E1
7.413058250E0,1.266838074E1,-1.586052704E1,-5.029285431E1,5.423481707E1
7.422991250E0,1.256147003E1,-1.585021973E1,-5.037870026E1,5.428658614E1
7.432923250E0,1.258218384E1,-1.579208374E1,-5.060823059E1,5.448756062E1
7.442855250E0,1.232481384E1,-1.576933289E1,-5.073191071E1,5.453714019E1
7.452788250E0,1.230238342E1,-1.573654938E1,-5.043573761E1,5.424713128E1
7.462720250E0,1.253560638E1,-1.589260101E1,-5.038756561E1,5.430122432E1
7.472653250E0,1.256488037E1,-1.580294037E1,-5.023291779E1,5.413829673E1
7.482585250E0,1.259916687E1,-1.595561981E1,-5.007337952E1,5.404316928E1
7.492518250E0,1.272821808E1,-1.625538635E1,-5.016340637E1,5.424585201E1
7.502450250E0,1.272098541E1,-1.606697083E1,-5.020649719E1,5.422788380E1
7.512382250E0,1.249484253E1,-1.581768799E1,-5.035357666E1,5.423839070E1
7.522315250E0,1.251560211E1,-1.604089355E1,-5.035339355E1,5.430851503E1
7.532247250E0,1.224062347E1,-1.601016235E1,-5.074716949E1,5.460250336E1
7.542180250E0,1.236716461E1,-1.630944824E1,-5.049866486E1,5.448908161E1
7.552112250E0,1.251335907E1,-1.603842163E1,-5.018292999E1,5.414925287E1
7.562044250E0,1.231557465E1,-1.600529480E1,-5.040663910E1,5.430167682E1
7.571977250E0,1.248536682E1,-1.593641663E1,-5.055033875E1,5.445356285E1
7.581909250E0,1.234143829E1,-1.588935089E1,-5.042937469E1,5.429460749E1
7.591842250E0,1.253665161E1,-1.594950104E1,-5.040917206E1,5.433818956E1
7.601774250E0,1.230202484E1,-1.587134552E1,-5.027156830E1,5.413381571E1
7.611706250E0,1.260888672E1,-1.589897156E1,-5.085738373E1,5.475613939E1
7.621639250E0,1.259477997E1,-1.581369019E1,-5.063969421E1,5.452595629E1
7.631571250E0,1.234019470E1,-1.582954407E1,-5.082996368E1,5.464924591E1
7.641504250E0,1.226144409E1,-1.569588470E1,-5.077314758E1,5.454004330E1
7.651436250E0,1.245355225E1,-1.609618378E1,-5.054447174E1,5.448781258E1
7.661368250E0,1.252616882E1,-1.567649841E1,-5.049306488E1,5.433421674E1
7.671301250E0,1.235277557E1,-1.575458527E1,-5.043237305E1,5.426068809E1
7.681233250E0,1.233576202E1,-1.554153442E1,-5.053964996E1,5.429517967E1
7.691166250E0,1.225029755E1,-1.576239014E1,-5.052829742E1,5.432892023E1
7.701098250E0,1.233984375E1,-1.544687653E1,-5.043096161E1,5.416788372E1
7.711030250E0,1.229100800E1,-1.588076782E1,-5.063361359E1,5.447045519E1
7.720963250E0,1.253117371E1,-1.557163239E1,-5.041335297E1,5.423110000E1
7.730895250E0,1.232467651E1,-1.577129364E1,-5.090889740E1,5.470235085E1
7.740828250E0,1.252944183E1,-1.544360352E1,-5.063705444E1,5.440223419E1
7.750760250E0,1.240201569E1,-1.581432343E1,-5.041637421E1,5.427442866E1
7.760692250E0,1.234088898E1,-1.529605103E1,-5.086618805E1,5.453105358E1
7.770625250E0,1.231875610E1,-1.574942017E1,-5.056914520E1,5.437862111E1
7.780557250E0,1.232787323E1,-1.555436707E1,-5.006135559E1,5.385215053E1
7.790490250E0,1.228890991E1,-1.593997192E1,-5.059493256E1,5.445132884E1
7.800422250E0,1.219586945E1,-1.579389954E1,-5.042319489E1,5.422808384E1
7.810354250E0,1.227020264E1,-1.584953308E1,-5.065333557E1,5.447500322E1
7.820287250E0,1.243888855E1,-1.567617035E1,-5.057228851E1,5.438772500E1
7.830219250E0,1.244192505E1,-1.609527588E1,-5.048347473E1,5.442830721E1
7.840152250E0,1.238578033E1,-1.558991241E1,-5.052488708E1,5.430669515E1
7.850084250E0,1.230975342E1,-1.595106506E1,-5.064080048E1,5.450190069E1
7.860016250E0,1.229800415E1,-1.564661407E1,-5.061047363E1,5.438269467E1
7.869949250E0,1.217720032E1,-1.596002197E1,-5.113816833E1,5.493740774E1
7.879881250E0,1.221170807E1,-1.570143127E1,-5.047704315E1,5.425488589E1
7.889814250E0,1.205104828E1,-1.638075256E1,-5.038386536E1,5.433314557E1
7.899746250E0,1.210837555E1,-1.596164703E1,-5.037467957E1,5.421250110E1
7.909678250E0,1.210507202E1,-1.618019867E1,-5.068421173E1,5.456391588E1
7.919611250E0,1.232233429E1,-1.588674164E1,-5.037805176E1,5.424183423E1
7.929543250E0,1.200599670E1,-1.627989960E1,-5.068338776E1,5.457091608E1
7.939476250E0,1.220696259E1,-1.558036041E1,-5.043743896E1,5.418203407E1
7.949408250E0,1.212758636E1,-1.596748352E1,-5.072512817E1,5.454427109E1
7.959340250E0,1.236561584E1,-1.562301636E1,-5.061251068E1,5.439313682E1
7.969273625E0,1.230310822E1,-1.578657532E1,-5.082736206E1,5.462603011E1
7.979205625E0,1.210954285E1,-1.581836700E1,-5.089287567E1,5.465296476E1
7.989138625E0,1.215916443E1,-1.605025482E1,-5.116748810E1,5.498697844E1
7.999070625E0,1.237767029E1,-1.583518982E1,-5.081072235E1,5.464146287E1
8.009002625E0,1.230967712E1,-1.608340454E1,-5.086621094E1,5.475011843E1
8.018935625E0,1.219531250E1,-1.591938782E1,-5.056141663E1,5.439310073E1
8.028867625E0,1.209658051E1,-1.617565918E1,-5.097483063E1,5.483076296E1
8.038800625E0,1.218472290E1,-1.592887878E1,-5.103382874E1,5.483291281E1
8.048732625E0,1.231214905E1,-1.615389252E1,-5.079653168E1,5.470671703E1
8.058664625E0,1.222368622E1,-1.579007721E1,-5.018659210E1,5.401332308E1
8.068597625E0,1.215377808E1,-1.601935577E1,-5.041523743E1,5.427734560E1
8.078529625E0,1.227209473E1,-1.568431091E1,-5.056716919E1,5.434740580E1
8.088462625E0,1.218989563E1,-1.572096252E1,-5.080294037E1,5.455896781E1
8.098394625E0,1.214506531E1,-1.565151978E1,-5.050316620E1,5.424981547E1
8.108326625E0,1.217370605E1,-1.587526703E1,-5.047583008E1,5.429578846E1
8.118259625E0,1.200576019E1,-1.577781677E1,-5.029711914E1,5.406364743E1
8.128191625E0,1.202490997E1,-1.613795471E1,-5.060222626E1,5.445748199E1
8.138124625E0,1.210628510E1,-1.594009399E1,-5.043361664E1,5.426046832E1
8.148056625E0,1.222212982E1,-1.604972076E1,-5.066590118E1,5.453446192E1
8.157988625E0,1.222368622E1,-1.596868134E1,-5.034836578E1,5.421600525E1
8.167921625E0,1.207294464E1,-1.597741699E1,-5.092598724E1,5.472193365E1
8.177853625E0,1.208319092E1,-1.579927063E1,-5.055417633E1,5.432628461E1
8.187786625E0,1.198303986E1,-1.560241699E1,-5.075738525E1,5.443657610E1
8.197718625E0,1.207372284E1,-1.548462677E1,-5.080138397E1,5.446401622E1
8.207650625E0,1.228801727E1,-1.553959656E1,-5.100065613E1,5.471326489E1
8.217583625E0,1.231346893E1,-1.523050690E1,-5.087556458E1,5.451525409E1
8.227515625E0,1.208509064E1,-1.545461273E1,-5.086769104E1,5.451987218E1
8.237448625E0,1.207672119E1,-1.575061035E1,-5.101285553E1,5.473792424E1
8.247380625E0,1.215988922E1,-1.564672089E1,-5.091866302E1,5.463875021E1
8.257313625E0,1.220191193E1,-1.575167847E1,-5.092520142E1,5.468435031E1
8.267245625E0,1.213315582E1,-1.580166626E1,-5.078007507E1,5.454834692E1
8.277177625E0,1.203125000E1,-1.578845978E1,-5.054657745E1,5.430453877E1
8.287110625E0,1.213465881E1,-1.581048584E1,-5.070077515E1,5.447742659E1
8.297042625E0,1.214447021E1,-1.583560181E1,-5.072684479E1,5.451116604E1
8.306974625E0,1.181781769E1,-1.551593018E1,-5.065436554E1,5.427955096E1
8.316907625E0,1.189326477E1,-1.575457001E1,-5.072688293E1,5.443227788E1
8.326839625E0,1.208333588E1,-1.571887207E1,-5.076309967E1,5.449754337E1
8.336772625E0,1.207982635E1,-1.588858795E1,-5.036473083E1,5.417541457E1
8.346704625E0,1.201071167E1,-1.569666290E1,-5.039913177E1,5.413607766E1
8.356636625E0,1.191706085E1,-1.598745728E1,-5.083319855E1,5.460429657E1
8.366569625E0,1.241336060E1,-1.579711914E1,-5.080371094E1,5.463201936E1
8.376501625E0,1.209472656E1,-1.577371216E1,-5.076168060E1,5.451459092E1
8.386434625E0,1.221342468E1,-1.539269257E1,-5.077439880E1,5.444393723E1
8.396366625E0,1.222364044E1,-1.597949982E1,-5.098049927E1,5.480668851E1
8.406298625E0,1.191984558E1,-1.568669128E1,-5.077996826E1,5.446797388E1
8.416231625E0,1.209835815E1,-1.580931854E1,-5.075293732E1,5.451757028E1
8.426163625E0,1.218096924E1,-1.540227509E1,-5.085876465E1,5.451807068E1
8.436096625E0,1.229416656E1,-1.582283783E1,-5.049686432E1,5.432717584E1
8.446028625E0,1.199305725E1,-1.556015778E1,-5.049642944E1,5.418340446E1
8.455960625E0,1.194391632E1,-1.605035400E1,-5.050176239E1,5.432033694E1
8.465893625E0,1.215235901E1,-1.608824921E1,-5.049355316E1,5.437012510E1
8.475825625E0,1.213269043E1,-1.603742218E1,-5.085647583E1,5.468804459E1
8.485758625E0,1.216925049E1,-1.561796570E1,-5.047603607E1,5.422030734E1
8.495690625E0,1.211471558E1,-1.599275208E1,-5.077804565E1,5.459802536E1
8.505622625E0,1.216674805E1,-1.590538788E1,-5.063507080E1,5.445109289E1
8.515555625E0,1.210385895E1,-1.582581329E1,-5.067930603E1,5.445504410E1
8.525487625E0,1.215567017E1,-1.603634644E1,-5.042449188E1,5.429138151E1
8.535420625E0,1.243476868E1,-1.589032745E1,-5.066022491E1,5.453058194E1
8.545352625E0,1.223384094E1,-1.603530121E1,-5.051322174E1,5.439102242E1
8.555284625E0,1.219187164E1,-1.569277191E1,-5.034304047E1,5.412325330E1
8.565217625E0,1.201846313E1,-1.595030975E1,-5.040930176E1,5.422133843E1
8.575149625E0,1.212387848E1,-1.560338593E1,-5.030683136E1,5.404841684E1
8.585082625E0,1.190721130E1,-1.607561493E1,-5.028921509E1,5.412219721E1
8.595014625E0,1.210594940E1,-1.566667175E1,-5.013544464E1,5.390325987E1
8.604946625E0,1.201560211E1,-1.591650391E1,-5.051845551E1,5.431228349E1
8.614879625E0,1.200225830E1,-1.557765198E1,-5.054427338E1,5.423505339E1
8.624811625E0,1.196035004E1,-1.578182220E1,-5.052079010E1,5.426293502E1
8.634744625E0,1.210437012E1,-1.551883698E1,-5.028959656E1,5.400364431E1
8.644676625E0,1.199090576E1,-1.582588959E1,-5.049613190E1,5.425956081E1
8.654608625E0,1.222165680E1,-1.578522491E1,-5.047038269E1,5.427524067E1
8.664541625E0,1.213708496E1,-1.612516022E1,-5.039691162E1,5.428792061E1
8.674473625E0,1.219999695E1,-1.556523895E1,-5.062341309E1,5.434930121E1
8.684406625E0,1.213533783E1,-1.615142822E1,-5.053833008E1,5.442662827E1
8.694338625E0,1.234092712E1,-1.590040588E1,-5.050522614E1,5.436818239E1
8.704270625E0,1.214205170E1,-1.605344391E1,-5.052164459E1,5.438362854E1
8.714203625E0,1.206758881E1,-1.590504456E1,-5.043794250E1,5.424558218E1
8.724135625E0,1.181288910E1,-1.601331329E1,-5.076669312E1,5.452731133E1
8.734067625E0,1.204397583E1,-1.580367279E1,-5.020771027E1,5.399655172E1
8.744000625E0,1.243354797E1,-1.615007019E1,-5.048046875E1,5.443983475E1
8.753932625E0,1.237927246E1,-1.593998718E1,-5.052119446E1,5.440331486E1
8.763865625E0,1.222854614E1,-1.606588745E1,-5.050656891E1,5.439267950E1
8.773797625E0,1.204689026E1,-1.555904388E1,-5.044935608E1,5.415116749E1
8.783729625E0,1.211499786E1,-1.588033295E1,-5.025193787E1,5.407601508E1
8.793662625E0,1.209465790E1,-1.548242188E1,-5.003995514E1,5.375856441E1
8.803594625E0,1.226229858E1,-1.606010437E1,-5.025384521E1,5.416400906E1
8.813527625E0,1.210255432E1,-1.584588623E1,-5.052063751E1,5.431297033E1
8.823459625E0,1.229418182E1,-1.600801849E1,-5.060028839E1,5.447745174E1
8.833391625E0,1.213913727E1,-1.580050659E1,-5.066041565E1,5.443796815E1
8.843324625E0,1.214254761E1,-1.622598267E1,-5.069277954E1,5.459378970E1
8.853256625E0,1.225102997E1,-1.602214050E1,-5.024774170E1,5.414454975E1
8.863189625E0,1.220204163E1,-1.594760132E1,-5.032841492E1,5.418639272E1
8.873121625E0,1.196381378E1,-1.594436646E1,-5.027688599E1,5.408438708E1
8.883053625E0,1.234349060E1,-1.625946045E1,-5.027860260E1,5.426481082E1
8.892986625E0,1.225109863E1,-1.627333069E1,-5.007033539E1,5.405505707E1
8.902918625E0,1.219625854E1,-1.627394867E1,-5.023551941E1,5.419591809E1
8.912851625E0,1.251461029E1,-1.617240906E1,-5.014678955E1,5.415591184E1
8.922783625E0,1.209339142E1,-1.612036896E1,-5.047003174E1,5.434464569E1
8.932715625E0,1.226148987E1,-1.614160156E1,-5.020390320E1,5.414173373E1
8.942648625E0,1.241428375E1,-1.631390381E1,-5.049805450E1,5.450056337E1
8.952580625E0,1.234400177E1,-1.628437042E1,-5.043191528E1,5.441445744E1
8.962513625E0,1.239375305E1,-1.623004913E1,-5.051607513E1,5.448755323E1
8.972446000E0,1.229761505E1,-1.594170380E1,-5.038764954E1,5.426126133E1
8.982378000E0,1.240583038E1,-1.595396423E1,-5.063289642E1,5.451718814E1
8.992311000E0,1.232453156E1,-1.579164886E1,-5.046618652E1,5.429646613E1
9.002243000E0,1.217498779E1,-1.574679565E1,-5.034206390E1,5.413423408E1
9.012176000E0,1.212990570E1,-1.563543701E1,-5.035359192E1,5.410254820E1
9.022108000E0,1.220282745E1,-1.583667755E1,-5.039174652E1,5.421289027E1
9.032040000E0,1.228289795E1,-1.605204010E1,-5.035553741E1,5.426064616E1
9.041973000E0,1.192869568E1,-1.591773987E1,-5.022853088E1,5.402382380E1
9.051905000E0,1.200182343E1,-1.608088684E1,-5.030793762E1,5.416204644E1
9.061837000E0,1.223863220E1,-1.589871216E1,-5.045235443E1,5.429542554E1
9.071770000E0,1.213367462E1,-1.622032166E1,-5.049821472E1,5.440950822E1
9.081702000E0,1.208301544E1,-1.631671906E1,-5.046023560E1,5.439181886E1
9.091635000E0,1.213296509E1,-1.636622620E1,-5.053145599E1,5.448385308E1
9.101567000E0,1.247872925E1,-1.647799683E1,-5.058294678E1,5.464318409E1
9.111499000E0,1.228121185E1,-1.604634094E1,-5.065213013E1,5.453394822E1
9.121432000E0,1.219795227E1,-1.592882538E1,-5.040406036E1,5.425022413E1
9.131364000E0,1.216564941E1,-1.589730835E1,-5.030271912E1,5.413955106E1
9.141297000E0,1.234885406E1,-1.579038239E1,-5.044537354E1,5.428228149E1
9.151229000E0,1.218747711E1,-1.584081268E1,-5.063680267E1,5.443851330E1
9.161161000E0,1.219469452E1,-1.562590027E1,-5.049700165E1,5.424782492E1
9.171094000E0,1.210299683E1,-1.584863281E1,-5.056889343E1,5.435875897E1
9.181026000E0,1.217288971E1,-1.555135345E1,-5.038020325E1,5.411274080E1
9.190959000E0,1.204074860E1,-1.585374451E1,-5.053289795E1,5.431293232E1
9.200891000E0,1.214138031E1,-1.577902222E1,-5.026304626E1,5.406259777E1
9.210823000E0,1.225314331E1,-1.607938385E1,-5.018799591E1,5.410657113E1
9.220756000E0,1.225578308E1,-1.588117981E1,-5.002586365E1,5.389808090E1
9.230688000E0,1.192745972E1,-1.617324066E1,-5.033408356E1,5.419739824E1
9.240620000E0,1.224787903E1,-1.603337097E1,-5.033542633E1,5.422854109E1
9.250553000E0,1.223857117E1,-1.614706421E1,-5.054797363E1,5.445739569E1
9.260485000E0,1.249209595E1,-1.559255981E1,-5.040323639E1,5.421869254E1
9.270418000E0,1.225587463E1,-1.593103790E1,-5.047082520E1,5.432594801E1
9.280350000E0,1.220996094E1,-1.578514862E1,-5.047553253E1,5.427737510E1
9.290282000E0,1.215531921E1,-1.601506042E1,-5.034449768E1,5.421072212E1
9.300215000E0,1.215053558E1,-1.567813110E1,-5.058782959E1,5.433753594E1
9.310147000E0,1.226500702E1,-1.611155701E1,-5.070052338E1,5.459446618E1
9.320080000E0,1.253166962E1,-1.589422607E1,-5.066348267E1,5.455692112E1
9.330012000E0,1.223662567E1,-1.615943909E1,-5.067631531E1,5.457977109E1
9.339944000E0,1.251097107E1,-1.586678314E1,-5.032034302E1,5.422560397E1
9.349877000E0,1.230797577E1,-1.635936737E1,-5.027976227E1,5.428784083E1
9.359809000E0,1.231179810E1,-1.598766327E1,-5.003632355E1,5.395201037E1
9.369742000E0,1.208760834E1,-1.609986115E1,-5.027491760E1,5.415609979E1
9.379674000E0,1.211692047E1,-1.570465851E1,-5.013282013E1,5.391433682E1
9.389606000E0,1.205760956E1,-1.603795624E1,-5.042307281E1,5.426866739E1
9.399539000E0,1.236489105E1,-1.552177429E1,-5.024817657E1,5.402495032E1
9.409471000E0,1.224935913E1,-1.583404541E1,-5.003296661E1,5.388934534E1
9.419403000E0,1.227289581E1,-1.585506439E1,-5.004712677E1,5.391402356E1
9.429336000E0,1.228479767E1,-1.606459808E1,-5.029459381E1,5.420824413E1
9.439268000E0,1.218636322E1,-1.591445923E1,-5.027622986E1,5.412464087E1
9.449201000E0,1.213484192E1,-1.595536804E1,-5.038229370E1,5.422364499E1
9.459133000E0,1.222003174E1,-1.568114471E1,-5.005736542E1,5.386062855E1
9.469065000E0,1.215309143E1,-1.610790253E1,-5.023693085E1,5.413789224E1
9.478998000E0,1.228637695E1,-1.581388092E1,-5.021789551E1,5.406358218E1
9.488930000E0,1.197026825E1,-1.581073761E1,-5.008811188E1,5.387100980E1
9.498863000E0,1.187968445E1,-1.568959045E1,-5.022650146E1,5.394433798E1
9.508795000E0,1.191265106E1,-1.572350311E1,-5.005614471E1,5.380295000E1
9.518727000E0,1.199048615E1,-1.576288605E1,-5.000301361E1,5.378235496E1
9.528660000E0,1.213012695E1,-1.583518982E1,-5.002091217E1,5.385150760E1
9.538592000E0,1.213092041E1,-1.582566833E1,-5.019922638E1,5.401456597E1
9.548525000E0,1.213383484E1,-1.588917542E1,-5.046327209E1,5.427925639E1
9.558457000E0,1.214820862E1,-1.571916199E1,-5.039862061E1,5.417279746E1
9.568389000E0,1.223233795E1,-1.586881256E1,-5.027439117E1,5.411990125E1
9.578322000E0,1.225064087E1,-1.567658997E1,-5.033399963E1,5.412342555E1
9.588254000E0,1.223305511E1,-1.617359924E1,-5.070203400E1,5.460704351E1
9.598186000E0,1.248251343E1,-1.592823792E1,-5.063851166E1,5.453238274E1
9.608119000E0,1.236077881E1,-1.625611877E1,-5.078125000E1,5.473377021E1
9.618051000E0,1.221758270E1,-1.617350006E1,-5.051970673E1,5.443429249E1
9.627984000E0,1.225972748E1,-1.604828644E1,-5.036589813E1,5.426391167E1
9.637916000E0,1.234280396E1,-1.588224030E1,-5.036202240E1,5.423028367E1
9.647848000E0,1.252371216E1,-1.596122742E1,-5.042117310E1,5.434978237E1
9.657781000E0,1.252485657E1,-1.576487732E1,-5.028579712E1,5.416700823E1
9.667713000E0,1.237342072E1,-1.587729645E1,-5.024856567E1,5.413047603E1
9.677646000E0,1.236193085E1,-1.587728882E1,-4.997579956E1,5.387472669E1
9.687578000E0,1.246785736E1,-1.609564972E1,-5.035092163E1,5.431144185E1
9.697510000E0,1.248690796E1,-1.579590607E1,-5.013940430E1,5.403141107E1
9.707443000E0,1.248353577E1,-1.584205627E1,-4.996137238E1,5.387901393E1
9.717375000E0,1.261758423E1,-1.582840729E1,-5.016930389E1,5.409899225E1
9.727307000E0,1.234304810E1,-1.564598846E1,-5.006133270E1,5.388213826E1
9.737240000E0,1.235126495E1,-1.570603943E1,-5.030928802E1,5.413185644E1
9.747172000E0,1.235247040E1,-1.578347015E1,-5.028141022E1,5.412875085E1
9.757105000E0,1.237081146E1,-1.562289429E1,-5.047985077E1,5.427086821E1
9.767037000E0,1.239377594E1,-1.564827728E1,-5.063796997E1,5.443049023E1
9.776969000E0,1.223310089E1,-1.570056152E1,-5.036938477E1,5.415931417E1
9.786902000E0,1.227948761E1,-1.578804779E1,-5.048418427E1,5.430194407E1
9.796834000E0,1.246939850E1,-1.589999390E1,-5.046773529E1,5.436256074E1
9.806767000E0,1.251826477E1,-1.576854706E1,-5.041253662E1,5.428423231E1
9.816699000E0,1.246960449E1,-1.598303223E1,-5.055703735E1,5.446983001E1
9.826631000E0,1.224260712E1,-1.569910431E1,-5.050016785E1,5.428268838E1
9.836564000E0,1.218386078E1,-1.578649902E1,-5.017816162E1,5.399544350E1
9.846496000E0,1.250330353E1,-1.563434601E1,-5.031311798E1,5.414956339E1
9.856428000E0,1.220328522E1,-1.580194092E1,-5.015886688E1,5.398641898E1
9.866361000E0,1.227283478E1,-1.583892822E1,-5.024220276E1,5.409041559E1
9.876293000E0,1.231861115E1,-1.595699310E1,-5.027510071E1,5.416603697E1
9.886226000E0,1.229859924E1,-1.573288727E1,-5.014869690E1,5.397843167E1
9.896158000E0,1.228209686E1,-1.591864777E1,-4.995500946E1,5.384938459E1
9.906090000E0,1.235137177E1,-1.565873718E1,-5.036605835E1,5.417095410E1
9.916023000E0,1.216688538E1,-1.594838715E1,-5.065476990E1,5.448201415E1
9.925955000E0,1.227772522E1,-1.595172882E1,-5.050611877E1,5.436973627E1
9.935888000E0,1.215601349E1,-1.582570648E1,-5.046895599E1,5.427096064E1
9.945820000E0,1.218093109E1,-1.578987885E1,-5.078324127E1,5.455852775E1
9.955752000E0,1.228726196E1,-1.585353088E1,-5.054441833E1,5.437875939E1
9.965685000E0,1.250141144E1,-1.560944366E1,-5.015641785E1,5.399635423E1
9.975616625E0,1.233727264E1,-1.602185059E1,-5.020573425E1,5.412507501E1
9.985548625E0,1.231140900E1,-1.581739807E1,-5.053623199E1,5.436608886E1
9.995481625E0,1.226375580E1,-1.605467224E1,-5.021126556E1,5.412322419E1
1.000541363E1,1.227651215E1,-1.585885620E1,-5.030206299E1,5.415268794E1
1.001534663E1,1.228086090E1,-1.592521667E1,-5.062189484E1,5.447025158E1
1.002527863E1,1.225796509E1,-1.577803802E1,-5.029257202E1,5.411605115E1
1.003521063E1,1.197657013E1,-1.601659393E1,-5.018856049E1,5.402648533E1
1.004514363E1,1.214826202E1,-1.582907867E1,-4.984869385E1,5.369387563E1
1.005507563E1,1.216195679E1,-1.588119507E1,-5.009117889E1,5.393748004E1
1.006500863E1,1.225741577E1,-1.585819244E1,-5.007379150E1,5.393617621E1
1.007494063E1,1.237772369E1,-1.613986969E1,-5.019759369E1,5.416181173E1
1.008487263E1,1.246962738E1,-1.564758301E1,-5.017521667E1,5.401750484E1
1.009480563E1,1.239721680E1,-1.576783752E1,-5.022329712E1,5.408045172E1
1.010473763E1,1.227523804E1,-1.574025726E1,-5.035256195E1,5.416472711E1
1.011466963E1,1.235890961E1,-1.607497406E1,-5.043534088E1,5.435872559E1
1.012460263E1,1.252269745E1,-1.579269409E1,-5.026699066E1,5.415715547E1
1.013453463E1,1.248069763E1,-1.593805695E1,-5.016049194E1,5.409126015E1
1.014446763E1,1.229057312E1,-1.565013885E1,-5.009799957E1,5.390542269E1
1.015439963E1,1.224463654E1,-1.604205322E1,-5.041695404E1,5.430605721E1
1.016433163E1,1.222597504E1,-1.568001556E1,-5.036781311E1,5.415029041E1
1.017426463E1,1.241993713E1,-1.588941956E1,-5.033490753E1,5.422482281E1
1.018419663E1,1.248681641E1,-1.596464539E1,-5.006739807E1,5.401420957E1
1.019412863E1,1.208641815E1,-1.583081818E1,-4.995049286E1,5.377497601E1
1.020406163E1,1.233323669E1,-1.552253723E1,-5.017269897E1,5.394773037E1
1.021399363E1,1.226471710E1,-1.586540222E1,-5.017531586E1,5.403421689E1
1.022392663E1,1.251759338E1,-1.543167877E1,-5.004611206E1,5.384645008E1
1.023385863E1,1.220254517E1,-1.572580719E1,-5.028424835E1,5.408057648E1
1.024379063E1,1.231459808E1,-1.562842560E1,-5.034822845E1,5.413724338E1
1.025372363E1,1.201218414E1,-1.559550476E1,-5.055064392E1,5.424831737E1
1.026365563E1,1.221247864E1,-1.562514496E1,-5.061119843E1,5.435791751E1
1.027358863E1,1.201741028E1,-1.579788971E1,-5.067909241E1,5.442758378E1
1.028352063E1,1.197384644E1,-1.561795807E1,-5.044019318E1,5.414339018E1
1.029345263E1,1.200278473E1,-1.597249603E1,-5.039128876E1,5.420765124E1
1.030338563E1,1.221808624E1,-1.578581238E1,-5.064375305E1,5.443586343E1
1.031331763E1,1.191838074E1,-1.579598999E1,-5.068493652E1,5.441069646E1
1.032324963E1,1.219097137E1,-1.554450226E1,-5.023267365E1,5.397752157E1
1.033318263E1,1.216516113E1,-1.570749664E1,-5.033577728E1,5.411475835E1
1.034311463E1,1.222153473E1,-1.581744385E1,-5.035731506E1,5.417948524E1
1.035304763E1,1.228939056E1,-1.592664337E1,-5.034744263E1,5.421763614E1
1.036297963E1,1.223550415E1,-1.585371399E1,-5.042256927E1,5.425387821E1
1.037291163E1,1.195906830E1,-1.564315796E1,-5.030488586E1,5.402137769E1
1.038284463E1,1.232131958E1,-1.557350922E1,-5.003394318E1,5.383070291E1
1.039277663E1,1.216932678E1,-1.569675446E1,-5.075641632E1,5.450407703E1
1.040270862E1,1.221962738E1,-1.576395416E1,-5.050624084E1,5.430195124E1
1.041264163E1,1.232683563E1,-1.565364838E1,-5.036280060E1,5.416086473E1
1.042257363E1,1.235963440E1,-1.567295837E1,-5.034016418E1,5.415287912E1
1.043250663E1,1.240564728E1,-1.566831207E1,-5.035857391E1,5.417916624E1
1.044243863E1,1.239984894E1,-1.574050903E1,-5.048406219E1,5.431537917E1
1.045237063E1,1.244451141E1,-1.581430817E1,-5.041249847E1,5.428055093E1
1.046230363E1,1.256057739E1,-1.558586884E1,-5.043241119E1,5.425970430E1
1.047223563E1,1.215331268E1,-1.572976685E1,-5.045590210E1,5.423031100E1
1.048216762E1,1.221620178E1,-1.576586151E1,-5.065918732E1,5.444401927E1
1.049210063E1,1.223857880E1,-1.554991913E1,-5.064332581E1,5.437213666E1
1.050203263E1,1.226735687E1,-1.546642303E1,-5.038923645E1,5.411814332E1
1.051196563E1,1.226843262E1,-1.572742462E1,-5.078045654E1,5.455750261E1
1.052189763E1,1.245878601E1,-1.541464996E1,-5.045812225E1,5.421120626E1
1.053182963E1,1.218862915E1,-1.553681946E1,-5.038088226E1,5.411274099E1
1.054176263E1,1.237333679E1,-1.552487946E1,-5.032370758E1,5.409803037E1
1.055169462E1,1.227228546E1,-1.585923767E1,-5.029213715E1,5.414262155E1
1.056162662E1,1.223598480E1,-1.553192902E1,-5.025930023E1,5.400886411E1
1.057155963E1,1.224880219E1,-1.575535583E1,-5.023796082E1,5.405661014E1
1.058149163E1,1.236583710E1,-1.585984039E1,-5.043433380E1,5.429613697E1
1.059142463E1,1.234201050E1,-1.577722931E1,-5.044150543E1,5.427330521E1
1.060135663E1,1.229198456E1,-1.583943176E1,-5.026042175E1,5.411183307E1
1.061128863E1,1.219897461E1,-1.595486450E1,-5.051282501E1,5.435915906E1
1.062122162E1,1.227453613E1,-1.578472137E1,-5.044800568E1,5.426622285E1
1.063115362E1,1.219720459E1,-1.591426086E1,-5.077494812E1,5.459057478E1
1.064108663E1,1.227315521E1,-1.564051819E1,-5.082381439E1,5.457395219E1
1.065101863E1,1.218483734E1,-1.575338745E1,-5.049510956E1,5.428071081E1
1.066095063E1,1.224411774E1,-1.565703583E1,-5.049170685E1,5.426300444E1
1.067088363E1,1.211709595E1,-1.576904297E1,-5.027512360E1,5.406546756E1
1.068081563E1,1.232460785E1,-1.557670593E1,-5.007128906E1,5.386709306E1
1.069074763E1,1.214124298E1,-1.596778870E1,-5.006118774E1,5.393053472E1
1.070068062E1,1.210742950E1,-1.547885895E1,-4.989382172E1,5.362441952E1
1.071061263E1,1.212123108E1,-1.571759033E1,-5.017577362E1,5.395901359E1
1.072054563E1,1.224550629E1,-1.552410889E1,-4.993626404E1,5.370829402E1
1.073047763E1,1.230185699E1,-1.585373688E1,-4.990193939E1,5.378550189E1
1.074040963E1,1.229864502E1,-1.565387726E1,-4.990513611E1,5.372916482E1
1.075034263E1,1.228143311E1,-1.598638153E1,-5.006047821E1,5.396711473E1
1.076027463E1,1.222413635E1,-1.554811859E1,-5.021530151E1,5.396989909E1
1.077020663E1,1.214908600E1,-1.597909546E1,-5.039128113E1,5.424216990E1
1.078013962E1,1.232898712E1,-1.566193390E1,-4.973368835E1,5.357928568E1
1.079007163E1,1.238976288E1,-1.604489136E1,-5.025724792E1,5.419165740E1
1.080000463E1,1.246841431E1,-1.578257751E1,-5.002851105E1,5.392033963E1
1.080993663E1,1.249915314E1,-1.593299103E1,-4.985369110E1,5.380966037E1
1.081986863E1,1.251779175E1,-1.565407562E1,-4.995497894E1,5.382606353E1
1.082980163E1,1.231925201E1,-1.615284729E1,-5.047708893E1,5.441153327E1
1.083973363E1,1.219010925E1,-1.563970184E1,-5.022693634E1,5.399948307E1
1.084966563E1,1.210411072E1,-1.609346008E1,-5.039131927E1,5.426595629E1
1.085959863E1,1.224675751E1,-1.588323212E1,-5.044487000E1,5.428577199E1
1.086953063E1,1.222772217E1,-1.617296600E1,-5.044764709E1,5.436954217E1
1.087946363E1,1.211320496E1,-1.574884796E1,-5.030567932E1,5.408712710E1
1.088939563E1,1.231186676E1,-1.609241486E1,-5.035420990E1,5.427793597E1
1.089932763E1,1.244870758E1,-1.558031464E1,-5.045695496E1,5.425514564E1
1.090926063E1,1.216848755E1,-1.571031189E1,-5.026174164E1,5.404746674E1
1.091919263E1,1.213846588E1,-1.547630310E1,-4.992478943E1,5.365950905E1
1.092912463E1,1.214083862E1,-1.584604645E1,-5.051727295E1,5.431843165E1
1.093905763E1,1.225051880E1,-1.552445984E1,-5.034894562E1,5.409344127E1
1.094898963E1,1.209619141E1,-1.588586426E1,-5.071514130E1,5.450416577E1
1.095892263E1,1.215435028E1,-1.572512054E1,-5.052836609E1,5.429662445E1
1.096885463E1,1.222571564E1,-1.587886047E1,-5.034615326E1,5.418801972E1
1.097878625E1,1.196862030E1,-1.572631836E1,-5.031351471E1,5.405566320E1
1.098871925E1,1.208364868E1,-1.582664490E1,-5.037759399E1,5.417009536E1
1.099865125E1,1.216777802E1,-1.565403748E1,-4.997682190E1,5.376603424E1
1.100858325E1,1.209851837E1,-1.559471130E1,-5.012940216E1,5.387509748E1
1.101851625E1,1.211690521E1,-1.540733337E1,-4.994556427E1,5.365412103E1
1.102844825E1,1.206887054E1,-1.553442383E1,-5.007379150E1,5.379926166E1
1.103838025E1,1.221865082E1,-1.552745056E1,-5.008226013E1,5.383892578E1
1.104831325E1,1.209799194E1,-1.559487152E1,-5.025075531E1,5.398796010E1
1.105824525E1,1.183526611E1,-1.550760651E1,-5.007989502E1,5.374528136E1
1.106817825E1,1.191320801E1,-1.561842346E1,-5.006156921E1,5.377750820E1
1.107811025E1,1.204428864E1,-1.575233459E1,-5.040245056E1,5.416279125E1
1.108804225E1,1.189877319E1,-1.586797333E1,-5.064273071E1,5.438804607E1
1.109797525E1,1.186132812E1,-1.563644409E1,-5.043981934E1,5.412360726E1
1.110790725E1,1.192945862E1,-1.536177063E1,-5.053310394E1,5.414693504E1
1.111783925E1,1.194835663E1,-1.541712952E1,-5.041241455E1,5.405425653E1
1.112777225E1,1.183170319E1,-1.567789459E1,-5.042872620E1,5.411877682E1
1.113770425E1,1.180004120E1,-1.561715698E1,-5.044079590E1,5.410554921E1
1.114763725E1,1.196759796E1,-1.585172272E1,-5.030153656E1,5.408091248E1
1.115756925E1,1.225161743E1,-1.556620026E1,-5.048641968E1,5.423363617E1
1.116750125E1,1.216249084E1,-1.573182678E1,-5.049220276E1,5.426674025E1
1.117743425E1,1.219725037E1,-1.546379852E1,-5.040514374E1,5.411636071E1
1.118736625E1,1.198686981E1,-1.550760651E1,-5.042436981E1,5.409979647E1
1.119729825E1,1.196214294E1,-1.549652863E1,-5.039080048E1,5.405985605E1
1.120723125E1,1.213794708E1,-1.555537415E1,-5.061336517E1,5.432321933E1
1.121716325E1,1.216030884E1,-1.565793610E1,-5.031147003E1,5.407668713E1
1.122709625E1,1.219239044E1,-1.553270721E1,-5.040320587E1,5.413319259E1
1.123702825E1,1.192568207E1,-1.587677002E1,-5.030313873E1,5.408049080E1
1.124696025E1,1.229251862E1,-1.576130676E1,-5.029541016E1,5.412165082E1
1.125689325E1,1.192685699E1,-1.554743195E1,-5.022693634E1,5.391398420E1
1.126682525E1,1.221472931E1,-1.561824036E1,-5.025273132E1,5.402282896E1
1.127675725E1,1.236969757E1,-1.559815979E1,-5.020829010E1,5.401096557E1
1.128669025E1,1.237597656E1,-1.538571930E1,-5.016840363E1,5.391431977E1
1.129662225E1,1.216073608E1,-1.545719910E1,-5.016083527E1,5.387873329E1
1.130655425E1,1.230982971E1,-1.561312866E1,-5.009822845E1,5.389929673E1
1.131648725E1,1.231839752E1,-1.574706268E1,-5.019203186E1,5.402733533E1
1.132641925E1,1.234542084E1,-1.567334747E1,-5.030992126E1,5.412163536E1
1.133635225E1,1.224319458E1,-1.580605316E1,-5.045561981E1,5.427243039E1
1.134628425E1,1.204631042E1,-1.557215881E1,-4.975263214E1,5.350635598E1
1.135621625E1,1.212886047E1,-1.587088013E1,-5.016139984E1,5.399222283E1
1.136614925E1,1.213575745E1,-1.560160065E1,-4.996891022E1,5.373619395E1
1.137608125E1,1.213083649E1,-1.598854065E1,-5.027119446E1,5.412932309E1
1.138601425E1,1.205290985E1,-1.550628662E1,-5.028520203E1,5.398443390E1
1.139594625E1,1.210116577E1,-1.580820465E1,-5.055990601E1,5.433821531E1
1.140587825E1,1.216638947E1,-1.549063873E1,-5.006050110E1,5.379623306E1
1.141581125E1,1.199599457E1,-1.585885620E1,-5.042693329E1,5.420592963E1
1.142574325E1,1.216002655E1,-1.546956635E1,-5.043846893E1,5.414067673E1
1.143567525E1,1.204061890E1,-1.563852692E1,-5.045314026E1,5.417618840E1
1.144560825E1,1.211158752E1,-1.533487701E1,-5.031192780E1,5.397350354E1
1.145554025E1,1.205718994E1,-1.565946198E1,-5.037715912E1,5.411518031E1
1.146547225E1,1.196067810E1,-1.543054199E1,-5.005505371E1,5.372771956E1
1.147540525E1,1.208568573E1,-1.534290314E1,-5.002701569E1,5.370447630E1
1.148533725E1,1.231697845E1,-1.539119720E1,-4.998946381E1,5.373586699E1
1.149527025E1,1.227753448E1,-1.558515167E1,-4.983252716E1,5.363688627E1
1.150520225E1,1.230659485E1,-1.550360870E1,-4.959455109E1,5.339881700E1
1.151513425E1,1.207663727E1,-1.577086639E1,-5.007294464E1,5.386896305E1
1.152506725E1,1.207135010E1,-1.558698273E1,-5.034213257E1,5.406479294E1
1.153499925E1,1.201927185E1,-1.598645020E1,-5.024720001E1,5.408151805E1
1.154493125E1,1.207556915E1,-1.568433380E1,-5.027405548E1,5.403053166E1
1.155486425E1,1.203671265E1,-1.581353760E1,-5.000524902E1,5.380962138E1
1.156479625E1,1.206228638E1,-1.568862152E1,-5.005437469E1,5.382445563E1
1.157472925E1,1.200352478E1,-1.581849670E1,-4.993041229E1,5.373411874E1
1.158466125E1,1.215161896E1,-1.530000305E1,-5.001171112E1,5.369285973E1
1.159459325E1,1.191242981E1,-1.567431641E1,-4.997020721E1,5.370858207E1
1.160452625E1,1.200154877E1,-1.551261139E1,-5.011968231E1,5.382063582E1
1.161445825E1,1.192415619E1,-1.567028046E1,-5.005886841E1,5.379250409E1
1.162439025E1,1.205050659E1,-1.572049713E1,-5.025390625E1,5.401669957E1
1.163432325E1,1.203849030E1,-1.578785706E1,-5.032257080E1,5.409753054E1
1.164425525E1,1.208353424E1,-1.571650696E1,-5.020764923E1,5.397988914E1
1.165418825E1,1.205584717E1,-1.587353516E1,-5.019158936E1,5.400470546E1
1.166412025E1,1.214501190E1,-1.558479309E1,-4.998439026E1,5.374780330E1
1.167405225E1,1.194207764E1,-1.573847198E1,-5.020092773E1,5.394854830E1
1.168398525E1,1.209195709E1,-1.545473480E1,-4.968818665E1,5.342265574E1
1.169391725E1,1.221459198E1,-1.554653931E1,-5.039469910E1,5.413424830E1
1.170384925E1,1.211180115E1,-1.527998352E1,-5.004216003E1,5.370653037E1
1.171378225E1,1.189002228E1,-1.566342163E1,-5.023600006E1,5.394785546E1
1.172371425E1,1.183230591E1,-1.562980652E1,-5.038173676E1,5.406120340E1
1.173364625E1,1.179718018E1,-1.614813232E1,-5.020725250E1,5.404353654E1
1.174357925E1,1.205552673E1,-1.594559479E1,-5.020989227E1,5.404286262E1
1.175351125E1,1.186392212E1,-1.579766846E1,-5.037461090E1,5.411026151E1
1.176344425E1,1.180924225E1,-1.544614410E1,-5.024206543E1,5.387306107E1
1.177337625E1,1.199553680E1,-1.571542358E1,-5.038139343E1,5.412164304E1
1.178330825E1,1.214775848E1,-1.571649933E1,-5.064456177E1,5.440080904E1
1.179324125E1,1.192941284E1,-1.560019684E1,-5.036492157E1,5.405832366E1
1.180317325E1,1.213494110E1,-1.541974640E1,-5.022304535E1,5.392012295E1
1.181310525E1,1.209517670E1,-1.566036987E1,-5.051171875E1,5.424918631E1
1.182303825E1,1.198536682E1,-1.576126099E1,-5.030229187E1,5.405910592E1
1.183297025E1,1.213626099E1,-1.582955933E1,-5.040559387E1,5.420874166E1
1.184290225E1,1.222277069E1,-1.571607208E1,-5.064668274E1,5.441945900E1
1.185283525E1,1.190464020E1,-1.569740295E1,-5.037076569E1,5.408643965E1
1.186276725E1,1.195423889E1,-1.556466675E1,-5.043727875E1,5.412099192E1
1.187270025E1,1.221908569E1,-1.565253448E1,-5.055019379E1,5.431049607E1
1.188263225E1,1.204733276E1,-1.564535522E1,-5.029094696E1,5.402864715E1
1.189256425E1,1.225086975E1,-1.587049103E1,-5.009678650E1,5.395965449E1
1.190249725E1,1.219432831E1,-1.570063782E1,-5.025679779E1,5.404588231E1
1.191242925E1,1.180463409E1,-1.581680298E1,-5.072541809E1,5.442966731E1
1.192236125E1,1.194571686E1,-1.604561615E1,-5.046551514E1,5.428563500E1
1.193229425E1,1.205303955E1,-1.601802826E1,-4.999584198E1,5.386499055E1
1.194222625E1,1.198542786E1,-1.585984802E1,-5.011734772E1,5.391598837E1
1.195215825E1,1.196173859E1,-1.589898682E1,-5.024303436E1,5.403909209E1
1.196209125E1,1.222184753E1,-1.577381897E1,-5.037255096E1,5.418100048E1
1.197202329E1,1.186265564E1,-1.580162811E1,-5.038379669E1,5.411969160E1
1.198195629E1,1.203096008E1,-1.581810760E1,-5.041082764E1,5.418678872E1
1.199188829E1,1.180936432E1,-1.595183563E1,-5.031790161E1,5.409078820E1
1.200182029E1,1.193110657E1,-1.593003845E1,-5.017885590E1,5.398180256E1
1.201175329E1,1.187427521E1,-1.591291809E1,-5.013713837E1,5.392543016E1
1.202168529E1,1.200190735E1,-1.580103302E1,-5.029959869E1,5.407187858E1
1.203161729E1,1.207625580E1,-1.564494324E1,-5.024351501E1,5.399084185E1
1.204155029E1,1.212305450E1,-1.576329041E1,-4.993922424E1,5.375291520E1
1.205148229E1,1.216510010E1,-1.574015045E1,-5.030348206E1,5.409419843E1
1.206141429E1,1.222125244E1,-1.568991852E1,-5.013906097E1,5.393939182E1
1.207134729E1,1.229981232E1,-1.561093140E1,-5.022941589E1,5.401833747E1
1.208127929E1,1.204284668E1,-1.608470154E1,-5.034832764E1,5.420979501E1
1.209121229E1,1.213285828E1,-1.576441956E1,-5.055570221E1,5.432864990E1
1.210114429E1,1.215282440E1,-1.575336456E1,-5.047698975E1,5.425666899E1
1.211107629E1,1.211431885E1,-1.569999695E1,-5.032823181E1,5.409415442E1
1.212100929E1,1.188007355E1,-1.600688171E1,-5.016026306E1,5.397599837E1
1.213094129E1,1.205627441E1,-1.567192841E1,-5.019679260E1,5.395072826E1
1.214087329E1,1.186050415E1,-1.553147125E1,-5.040502167E1,5.406074701E1
1.215080629E1,1.174368286E1,-1.579414368E1,-5.053041077E1,5.422814282E1
1.216073829E1,1.207341003E1,-1.563094330E1,-5.030094910E1,5.403960676E1
1.217067029E1,1.207341003E1,-1.563094330E1,-5.030094910E1,5.403960676E1
1.218060329E1,1.196592712E1,-1.573145294E1,-5.031943512E1,5.406207150E1
1.219053529E1,1.211161041E1,-1.597687531E1,-5.036245728E1,5.420635345E1
1.220046829E1,1.227379608E1,-1.589464569E1,-5.038741302E1,5.424184015E1
1.221040029E1,1.200580597E1,-1.587440491E1,-5.052501678E1,5.430389884E1
1.222033229E1,1.218429565E1,-1.580941772E1,-5.005382538E1,5.388673477E1
1.223026529E1,1.207052612E1,-1.612389374E1,-5.038256836E1,5.425938393E1
1.224019729E1,1.213805389E1,-1.584365082E1,-5.032682800E1,5.414003362E1
1.225012929E1,1.222412109E1,-1.625479126E1,-5.035987854E1,5.431173669E1
1.226006229E1,1.218775177E1,-1.573512268E1,-5.037555695E1,5.416486053E1
1.226999429E1,1.228439331E1,-1.593582153E1,-5.065503693E1,5.450494925E1
1.227992629E1,1.226403809E1,-1.557286835E1,-5.041988373E1,5.417642969E1
1.228985929E1,1.197562408E1,-1.594831085E1,-5.060031128E1,5.438892987E1
1.229979129E1,1.215699005E1,-1.586006927E1,-5.015234375E1,5.398695943E1
1.230972429E1,1.192759705E1,-1.600237274E1,-5.087031555E1,5.464551682E1
1.231965629E1,1.225605011E1,-1.554798126E1,-5.054362488E1,5.428267220E1
1.232958829E1,1.225247192E1,-1.603704834E1,-5.068733978E1,5.455745964E1
1.233952129E1,1.218582916E1,-1.582899475E1,-5.037894440E1,5.419492177E1
1.234945329E1,1.211714172E1,-1.610657501E1,-5.054151917E1,5.441224165E1
1.235938529E1,1.202693176E1,-1.591546631E1,-5.006439972E1,5.389242317E1
1.236931829E1,1.201560974E1,-1.603771973E1,-5.016418457E1,5.401878141E1
1.237925029E1,1.219789886E1,-1.588969421E1,-5.014126587E1,5.399460771E1
1.238918229E1,1.222414398E1,-1.596549988E1,-5.042565155E1,5.428695255E1
1.239911529E1,1.190738678E1,-1.604518127E1,-5.035657501E1,5.417580963E1
1.240904729E1,1.171276093E1,-1.600685883E1,-5.065624237E1,5.440094842E1
1.241898029E1,1.200086212E1,-1.569324493E1,-5.061460876E1,5.433357386E1
1.242891229E1,1.212493896E1,-1.612009430E1,-5.032254791E1,5.421466973E1
1.243884429E1,1.218463135E1,-1.583217621E1,-5.029150391E1,5.411430873E1
1.244877729E1,1.217142487E1,-1.577222443E1,-5.020212555E1,5.401074019E1
1.245870929E1,1.201531982E1,-1.563888550E1,-5.001389313E1,5.376180945E1
1.246864129E1,1.192681122E1,-1.595694733E1,-5.005316925E1,5.387200336E1
1.247857429E1,1.203195953E1,-1.581324005E1,-5.017231750E1,5.396376613E1
1.248850629E1,1.197794342E1,-1.574794006E1,-5.046192169E1,5.420216126E1
1.249843829E1,1.219483948E1,-1.575975800E1,-5.009242249E1,5.391043380E1
1.250837129E1,1.247092438E1,-1.587467957E1,-5.003154755E1,5.395076604E1
1.251830329E1,1.240586090E1,-1.585214233E1,-5.016418457E1,5.405220823E1
1.252823529E1,1.219499207E1,-1.609926605E1,-5.036943054E1,5.426770432E1
1.253816829E1,1.224354553E1,-1.589844513E1,-5.027163696E1,5.412857330E1
1.254810029E1,1.223460388E1,-1.578816223E1,-5.032942200E1,5.414796688E1
1.255803329E1,1.228189087E1,-1.570384216E1,-5.014872742E1,5.396619649E1
1.256796529E1,1.245096588E1,-1.578375244E1,-5.051738739E1,5.437057864E1
1.257789729E1,1.227688599E1,-1.579455566E1,-5.009829712E1,5.394468734E1
1.258783029E1,1.236267853E1,-1.588779449E1,-5.019699097E1,5.408322972E1
1.259776229E1,1.215581512E1,-1.597179413E1,-5.016336060E1,5.402985096E1
1.260769429E1,1.213467407E1,-1.574613953E1,-5.007189941E1,5.387380009E1
1.261762729E1,1.213710785E1,-1.556478882E1,-5.008909607E1,5.383762237E1
1.262755929E1,1.200153351E1,-1.561989594E1,-5.025788116E1,5.398029802E1
1.263749129E1,1.207675171E1,-1.589356995E1,-5.033231354E1,5.414605511E1
1.264742429E1,1.225909424E1,-1.591392517E1,-5.030065918E1,5.416359220E1
1.265735629E1,1.219885254E1,-1.581737518E1,-5.050116730E1,5.430809571E1
1.266728829E1,1.222972107E1,-1.593941498E1,-5.060272980E1,5.444508509E1
1.267722129E1,1.220984650E1,-1.587138367E1,-5.070227051E1,5.451331402E1
1.268715329E1,1.237228394E1,-1.579116821E1,-5.071138000E1,5.453511222E1
1.269708629E1,1.214945221E1,-1.585179138E1,-5.040415192E1,5.421685171E1
1.270701829E1,1.234035492E1,-1.569664764E1,-5.037412262E1,5.418691112E1
1.271695029E1,1.231484222E1,-1.566996002E1,-5.023371124E1,5.404284163E1
1.272688329E1,1.244932556E1,-1.569927216E1,-5.036324310E1,5.420248250E1
1.273681529E1,1.207769012E1,-1.577506256E1,-5.070327759E1,5.445682286E1
1.274674729E1,1.225230408E1,-1.576306915E1,-5.065601349E1,5.444837010E1
1.275668029E1,1.225701904E1,-1.566320801E1,-5.050133514E1,5.427665661E1
1.276661229E1,1.225122070E1,-1.549685669E1,-5.037413025E1,5.410913023E1
1.277654429E1,1.242829132E1,-1.550295258E1,-5.074565887E1,5.449702614E1
1.278647729E1,1.227917480E1,-1.541456604E1,-5.054332733E1,5.424956145E1
1.279640929E1,1.225379181E1,-1.582660675E1,-5.088033295E1,5.467581893E1
1.280634129E1,1.249762726E1,-1.587991333E1,-5.044202423E1,5.433930569E1
1.281627429E1,1.227918243E1,-1.580235291E1,-5.052366638E1,5.434274140E1
1.282620629E1,1.222718048E1,-1.566269684E1,-5.026658630E1,5.405139881E1
1.283613929E1,1.215618896E1,-1.590089417E1,-5.060549164E1,5.441991501E1
1.284607129E1,1.210253906E1,-1.553452301E1,-5.001159668E1,5.374897822E1
1.285600329E1,1.212920380E1,-1.572061920E1,-5.049533081E1,5.425895213E1
1.286593629E1,1.216038513E1,-1.552178192E1,-5.006737518E1,5.381024752E1
1.287586829E1,1.225351715E1,-1.563125610E1,-5.043824768E1,5.420794849E1
1.288580029E1,1.220353699E1,-1.544481659E1,-5.029011536E1,5.400522546E1
1.289573329E1,1.213388062E1,-1.579483032E1,-5.040063477E1,5.419346555E1
1.290566529E1,1.227439117E1,-1.560735321E1,-4.996163940E1,5.376258518E1
1.291559729E1,1.242590332E1,-1.585251617E1,-5.009529114E1,5.399299525E1
1.292553029E1,1.231848907E1,-1.549806213E1,-5.038964844E1,5.413918888E1
1.293546229E1,1.232755280E1,-1.569263458E1,-5.076917267E1,5.455030918E1
1.294539429E1,1.237735748E1,-1.559188080E1,-5.064576721E1,5.441782301E1
1.295532729E1,1.224610901E1,-1.559223938E1,-5.094783783E1,5.466961948E1
1.296525929E1,1.233267212E1,-1.546707916E1,-5.051062012E1,5.424618036E1
1.297519304E1,1.196385193E1,-1.584740448E1,-5.056866455E1,5.432737630E1
1.298512504E1,1.196811676E1,-1.565235901E1,-5.027952576E1,5.400243394E1
1.299505704E1,1.214393616E1,-1.581454468E1,-5.055661011E1,5.434653470E1
1.300499004E1,1.225505066E1,-1.564102173E1,-5.026927185E1,5.405393158E1
1.301492204E1,1.199808502E1,-1.605355072E1,-5.013814545E1,5.399540873E1
1.302485404E1,1.214967346E1,-1.574024200E1,-5.016383362E1,5.396091166E1
1.303478704E1,1.213966370E1,-1.602318573E1,-5.037062073E1,5.423387639E1
1.304471904E1,1.220880890E1,-1.574190521E1,-5.029960632E1,5.410095185E1
1.305465104E1,1.191013336E1,-1.587822723E1,-5.053296661E1,5.429134454E1
1.306458404E1,1.225370026E1,-1.561876678E1,-5.041511536E1,5.418286539E1
1.307451604E1,1.231842804E1,-1.592862701E1,-5.050959778E1,5.437540157E1
1.308444804E1,1.242554474E1,-1.583106995E1,-5.034348297E1,5.421700117E1
1.309438104E1,1.248374176E1,-1.580329132E1,-5.063983154E1,5.449752622E1
1.310431304E1,1.198619843E1,-1.561688995E1,-5.070099640E1,5.438885217E1
1.311424504E1,1.217182922E1,-1.583078003E1,-5.052519226E1,5.432828063E1
1.312417804E1,1.231689453E1,-1.547744751E1,-5.031651306E1,5.406485697E1
1.313411004E1,1.217823029E1,-1.583037567E1,-5.044021606E1,5.425058049E1
1.314404304E1,1.205557251E1,-1.568410492E1,-4.998431396E1,5.375648443E1
1.315397504E1,1.188161469E1,-1.587594604E1,-5.050647736E1,5.425977041E1
1.316390704E1,1.221793365E1,-1.555983734E1,-5.027593231E1,5.402828713E1
1.317384004E1,1.205760193E1,-1.573171234E1,-5.044531250E1,5.419965028E1
1.318377204E1,1.216289520E1,-1.583524323E1,-4.993215942E1,5.377649572E1
1.319370404E1,1.195429230E1,-1.572998810E1,-5.005787659E1,5.381569138E1
1.320363704E1,1.193036652E1,-1.560278320E1,-5.012517548E1,5.383598894E1
1.321356904E1,1.202127075E1,-1.566043854E1,-5.050317383E1,5.422481768E1
1.322350104E1,1.209539032E1,-1.575183868E1,-4.992733765E1,5.373228018E1
1.323343404E1,1.189344788E1,-1.591461945E1,-5.020259094E1,5.399101177E1
1.324336604E1,1.195345306E1,-1.579035187E1,-5.014549255E1,5.391466105E1
1.325329804E1,1.209703827E1,-1.557964325E1,-5.034059906E1,5.406699115E1
1.326323104E1,1.207854462E1,-1.562303162E1,-5.049190521E1,5.421626000E1
1.327316304E1,1.221321106E1,-1.587499237E1,-5.059664154E1,5.441689115E1
1.328309504E1,1.202724457E1,-1.575358582E1,-5.048335266E1,5.423466579E1
1.329302804E1,1.187702179E1,-1.582762146E1,-5.093352509E1,5.464248553E1
1.330296004E1,1.198229218E1,-1.589985657E1,-5.046086121E1,5.424646789E1
1.331289204E1,1.192235565E1,-1.594955444E1,-5.037453461E1,5.416756029E1
1.332282504E1,1.202935028E1,-1.603643036E1,-5.054712677E1,5.437724149E1
1.333275704E1,1.215241241E1,-1.597169495E1,-5.057380676E1,5.441034918E1
1.334269004E1,1.205532074E1,-1.629484558E1,-5.036277008E1,5.428868539E1
1.335262204E1,1.196758270E1,-1.626848602E1,-5.015478516E1,5.406837474E1
1.336255404E1,1.208483887E1,-1.632147980E1,-5.026721191E1,5.421463480E1
1.337248704E1,1.210494232E1,-1.617605591E1,-5.032035828E1,5.422483629E1
1.338241904E1,1.202981567E1,-1.624195099E1,-5.038706970E1,5.428972490E1
1.339235104E1,1.208027649E1,-1.609169006E1,-5.026603699E1,5.414379044E1
1.340228404E1,1.198522186E1,-1.613285828E1,-5.015969849E1,5.403619168E1
1.341221604E1,1.220619965E1,-1.597718048E1,-5.003516388E1,5.392382804E1
1.342214804E1,1.212905121E1,-1.578469086E1,-5.028894043E1,5.408556072E1
1.343208104E1,1.212677765E1,-1.591372681E1,-5.048500824E1,5.430507798E1
1.344201304E1,1.208399963E1,-1.594566345E1,-5.025086975E1,5.408731035E1
1.345194504E1,1.224412537E1,-1.594427490E1,-5.000528717E1,5.389496501E1
1.346187804E1,1.227000427E1,-1.574678802E1,-5.006772614E1,5.390075638E1
1.347181004E1,1.220751190E1,-1.553067017E1,-5.017250061E1,5.392128411E1
1.348174204E1,1.210964203E1,-1.590171814E1,-5.028727722E1,5.411393832E1
1.349167504E1,1.216369629E1,-1.591526794E1,-5.037706757E1,5.421346878E1
1.350160704E1,1.226966095E1,-1.582846832E1,-5.029891968E1,5.413932314E1
1.351154004E1,1.203176117E1,-1.582886505E1,-5.055392456E1,5.432325040E1
1.352147204E1,1.218498230E1,-1.595921326E1,-5.070485687E1,5.453579368E1
1.353140404E1,1.212674713E1,-1.567855835E1,-5.022006989E1,5.399009731E1
1.354133704E1,1.217715454E1,-1.597723389E1,-5.027114868E1,5.413634163E1
1.355126904E1,1.201804352E1,-1.574925995E1,-5.006810760E1,5.384503652E1
1.356120104E1,1.230302429E1,-1.572857666E1,-5.031049347E1,5.412853484E1
1.357113404E1,1.239014435E1,-1.574895477E1,-5.020923615E1,5.406026866E1
1.358106604E1,1.228667450E1,-1.582778931E1,-5.000334167E1,5.386850159E1
1.359099804E1,1.231818390E1,-1.582924652E1,-5.018296051E1,5.404287396E1
1.360093104E1,1.216481781E1,-1.601406860E1,-5.037633514E1,5.424212688E1
1.361086304E1,1.204055786E1,-1.590180206E1,-5.020903778E1,5.402582547E1
1.362079504E1,1.204210663E1,-1.593299103E1,-5.044974518E1,5.425909439E1
1.363072804E1,1.226856232E1,-1.565547180E1,-5.012725067E1,5.392914498E1
1.364066004E1,1.214483643E1,-1.591468048E1,-5.052433014E1,5.434594780E1
1.365059204E1,1.215512085E1,-1.592962646E1,-5.046285248E1,5.429548271E1
1.366052504E1,1.193704987E1,-1.617749786E1,-5.064446259E1,5.448913825E1
1.367045704E1,1.215040588E1,-1.596717072E1,-5.013122559E1,5.399743218E1
1.368038904E1,1.216107178E1,-1.629142761E1,-5.013726044E1,5.410219186E1
1.369032204E1,1.213616943E1,-1.607193756E1,-5.002213287E1,5.392409075E1
1.370025404E1,1.215721893E1,-1.631809235E1,-5.043903351E1,5.438910011E1
1.371018604E1,1.205676270E1,-1.593997192E1,-5.031478882E1,5.413895276E1
1.372011904E1,1.216690826E1,-1.606467438E1,-5.013551331E1,5.403403662E1
1.373005104E1,1.218805695E1,-1.594177246E1,-5.001645660E1,5.389188040E1
1.373998404E1,1.194551086E1,-1.618038177E1,-5.015678406E1,5.403890239E1
1.374991604E1,1.209337616E1,-1.586289215E1,-5.007304382E1,5.389982200E1
1.375984804E1,1.233551788E1,-1.600930023E1,-5.049425507E1,5.438871657E1
1.376978104E1,1.226718140E1,-1.589387512E1,-5.034487915E1,5.420060758E1
1.377971304E1,1.211884308E1,-1.596792603E1,-5.030024719E1,5.414753814E1
1.378964504E1,1.215869141E1,-1.579058075E1,-4.981153107E1,5.365039463E1
1.379957804E1,1.214650726E1,-1.606742859E1,-5.048397064E1,5.435375969E1
1.380951004E1,1.229827881E1,-1.571539307E1,-5.032072449E1,5.413313730E1
1.381944204E1,1.208403778E1,-1.589568329E1,-5.045787048E1,5.426502935E1
1.382937504E1,1.204018402E1,-1.565548706E1,-5.041731262E1,5.414762893E1
1.383930704E1,1.208441162E1,-1.606377411E1,-5.048574829E1,5.434048788E1
1.384923904E1,1.216573334E1,-1.566699219E1,-5.010801697E1,5.389130798E1
1.385917204E1,1.196822357E1,-1.584370422E1,-5.016237640E1,5.394928494E1
1.386910404E1,1.216385651E1,-1.566377258E1,-5.020016479E1,5.397564008E1
1.387903604E1,1.215814972E1,-1.578754425E1,-5.023231506E1,5.404028714E1
1.388896904E1,1.206377411E1,-1.561452484E1,-5.000660706E1,5.375880189E1
1.389890104E1,1.224716949E1,-1.605247498E1,-5.036244202E1,5.425910688E1
1.390883304E1,1.240995789E1,-1.585826111E1,-5.001560211E1,5.391708407E1
1.391876604E1,1.208130646E1,-1.617061615E1,-5.015091705E1,5.406071840E1
1.392869804E1,1.238475800E1,-1.606848907E1,-5.014372253E1,5.409224973E1
1.393863104E1,1.226656342E1,-1.594177246E1,-5.010983276E1,5.399633346E1
1.394856304E1,1.215995026E1,-1.625153351E1,-4.986903381E1,5.384140846E1
1.395849504E1,1.213366699E1,-1.589051819E1,-4.998383331E1,5.383417164E1
1.396842804E1,1.192890167E1,-1.608384705E1,-5.022290802E1,5.406782149E1
1.397835938E1,1.213873291E1,-1.579462433E1,-5.018461609E1,5.399365413E1
1.398829138E1,1.228430939E1,-1.586271667E1,-5.012888336E1,5.399476812E1
1.399822438E1,1.227453613E1,-1.562620544E1,-5.018614960E1,5.397677413E1
1.400815637E1,1.225733185E1,-1.614675903E1,-5.016098022E1,5.410253181E1
1.401808837E1,1.213850403E1,-1.590931702E1,-5.004399872E1,5.389667388E1
1.402802138E1,1.228441620E1,-1.586263275E1,-5.034754181E1,5.419783174E1
1.403795338E1,1.221765900E1,-1.568518066E1,-5.026792145E1,5.405700704E1
1.404788538E1,1.218911743E1,-1.594258881E1,-5.061469269E1,5.444802878E1
1.405781838E1,1.225661469E1,-1.580565643E1,-5.028663635E1,5.411828872E1
1.406775038E1,1.197756195E1,-1.579619598E1,-5.029563904E1,5.406138274E1
1.407768238E1,1.191307831E1,-1.588184357E1,-5.028179169E1,5.405934670E1
1.408761537E1,1.207483673E1,-1.614649963E1,-5.033373260E1,5.422172784E1
1.409754738E1,1.210723114E1,-1.624820709E1,-5.024750519E1,5.417934161E1
1.410747938E1,1.203605652E1,-1.624362183E1,-5.043943024E1,5.434020638E1
1.411741238E1,1.195489502E1,-1.615121460E1,-5.024494171E1,5.411409627E1
1.412734438E1,1.206419373E1,-1.627631378E1,-5.043172455E1,5.434907544E1
1.413727638E1,1.218141174E1,-1.607039642E1,-5.040327454E1,5.428751714E1
1.414720938E1,1.229263306E1,-1.591211700E1,-5.052286530E1,5.437705594E1
1.415714138E1,1.204276276E1,-1.602705383E1,-5.053285217E1,5.436417697E1
1.416707338E1,1.222078705E1,-1.597355652E1,-5.058833313E1,5.443970603E1
1.417700638E1,1.238198853E1,-1.604858398E1,-5.058371735E1,5.449388175E1
1.418693838E1,1.228144073E1,-1.565523529E1,-5.068327332E1,5.444919074E1
1.419687138E1,1.231742859E1,-1.579379272E1,-5.036973572E1,5.420584112E1
1.420680338E1,1.229508209E1,-1.557422638E1,-5.026654053E1,5.404119417E1
1.421673538E1,1.215589905E1,-1.586788940E1,-5.000303650E1,5.385034313E1
1.422666838E1,1.192791748E1,-1.583345795E1,-5.017126465E1,5.394561523E1
1.423660038E1,1.193360138E1,-1.603813171E1,-5.033686829E1,5.416117447E1
1.424653238E1,1.214229584E1,-1.550931549E1,-5.048218536E1,5.418879270E1
1.425646538E1,1.200078583E1,-1.580275726E1,-5.056355286E1,5.431775838E1
1.426639738E1,1.211112976E1,-1.559544373E1,-5.055854797E1,5.427765749E1
1.427632938E1,1.214183807E1,-1.582770538E1,-5.066250610E1,5.444841609E1
1.428626238E1,1.214276886E1,-1.564787292E1,-5.050523376E1,5.425017420E1
1.429619438E1,1.194004059E1,-1.573115540E1,-5.063391876E1,5.434912647E1
1.430612637E1,1.187414551E1,-1.578423309E1,-5.036922455E1,5.410356853E1
1.431605938E1,1.185720062E1,-1.577436829E1,-5.023528290E1,5.397228501E1
1.432599138E1,1.220450592E1,-1.553234100E1,-5.047412109E1,5.420184943E1
1.433592338E1,1.220288849E1,-1.577783966E1,-5.045961761E1,5.425885846E1
1.434585638E1,1.247330475E1,-1.578366852E1,-5.069665527E1,5.454226232E1
1.435578838E1,1.222475433E1,-1.617150116E1,-5.031837463E1,5.424851052E1
1.436572038E1,1.206081390E1,-1.577477264E1,-5.060121155E1,5.435797360E1
1.437565338E1,1.189370728E1,-1.558072662E1,-5.070194244E1,5.435904968E1
1.438558537E1,1.217345428E1,-1.581210327E1,-5.043437958E1,5.423875222E1
1.439551738E1,1.224234772E1,-1.607925415E1,-5.067082977E1,5.455227293E1
1.440545038E1,1.229647827E1,-1.562714386E1,-5.050729370E1,5.428073065E1
1.441538238E1,1.225998688E1,-1.609519958E1,-5.062118530E1,5.451483403E1
1.442531438E1,1.213738251E1,-1.581933594E1,-5.061595154E1,5.440167271E1
1.443524738E1,1.178752899E1,-1.608431244E1,-5.049237823E1,5.428748664E1
1.444517938E1,1.226263428E1,-1.562110138E1,-5.013191986E1,5.392216981E1
1.445511237E1,1.205818939E1,-1.577182770E1,-5.024151611E1,5.402185134E1
1.446504437E1,1.207092285E1,-1.550218964E1,-5.034255219E1,5.404070339E1
1.447497638E1,1.187963867E1,-1.601230621E1,-5.064135742E1,5.442487342E1
1.448490938E1,1.209905243E1,-1.564308167E1,-5.025611877E1,5.400713423E1
1.449484138E1,1.201035309E1,-1.576214600E1,-5.057521820E1,5.431893338E1
1.450477338E1,1.215718842E1,-1.564491272E1,-4.995406342E1,5.373982672E1
1.451470638E1,1.216448212E1,-1.603141785E1,-5.017621613E1,5.406138777E1
1.452463838E1,1.234724426E1,-1.578833771E1,-5.017101288E1,5.402644336E1
1.453457038E1,1.204750061E1,-1.585887909E1,-5.064266205E1,5.441806259E1
1.454450338E1,1.214966583E1,-1.560661316E1,-5.044686127E1,5.418548298E1
1.455443538E1,1.203298950E1,-1.598074341E1,-5.045590210E1,5.427683717E1
1.456436738E1,1.214654541E1,-1.576524353E1,-5.028709412E1,5.408209781E1
1.457430038E1,1.231957245E1,-1.605788422E1,-5.031921387E1,5.423698733E1
1.458423238E1,1.214423370E1,-1.561740112E1,-5.023357391E1,5.398886532E1
1.459416438E1,1.193151093E1,-1.597262573E1,-5.020203400E1,5.401601562E1
1.460409738E1,1.233771515E1,-1.568265533E1,-5.022229767E1,5.404113319E1
1.461402938E1,1.215242004E1,-1.591390991E1,-5.042955780E1,5.425932308E1
1.462396138E1,1.201834869E1,-1.552458191E1,-5.022551727E1,5.392639367E1
1.463389438E1,1.203630066E1,-1.596152496E1,-5.061026001E1,5.441545030E1
1.464382638E1,1.218653870E1,-1.574983978E1,-5.033390808E1,5.413013469E1
1.465375838E1,1.230744171E1,-1.574344635E1,-5.012500000E1,5.396151267E1
1.466369138E1,1.229179382E1,-1.575495911E1,-4.998554230E1,5.383178773E1
1.467362338E1,1.207289886E1,-1.592583466E1,-5.020750427E1,5.403869523E1
1.468355537E1,1.220615387E1,-1.580506134E1,-5.029270172E1,5.411234612E1
1.469348838E1,1.210891724E1,-1.595866394E1,-5.038029480E1,5.421696170E1
1.470342038E1,1.218402100E1,-1.564253235E1,-5.021118164E1,5.398427500E1
1.471335238E1,1.219833374E1,-1.578395081E1,-5.024097443E1,5.405634061E1
1.472328538E1,1.245600891E1,-1.548859406E1,-4.999064636E1,5.379696485E1
1.473321738E1,1.233110046E1,-1.563059235E1,-5.025074768E1,5.405098610E1
1.474314938E1,1.250572205E1,-1.574823761E1,-5.047628784E1,5.433466394E1
1.475308238E1,1.267336273E1,-1.585176849E1,-5.045426178E1,5.438313359E1
1.476301437E1,1.229676819E1,-1.588491821E1,-5.026064301E1,5.412645721E1
1.477294738E1,1.234786224E1,-1.582704926E1,-5.068491364E1,5.451537086E1
1.478287938E1,1.260882568E1,-1.546775055E1,-5.050559998E1,5.430515096E1
1.479281138E1,1.261237335E1,-1.587048340E1,-5.038573456E1,5.431083181E1
1.480274438E1,1.236695099E1,-1.582992554E1,-5.042926788E1,5.428295385E1
1.481267638E1,1.240694427E1,-1.614065552E1,-5.016132355E1,5.413512175E1
1.482260838E1,1.231122589E1,-1.600068665E1,-5.041423798E1,5.430638680E1
1.483254137E1,1.223709106E1,-1.583046722E1,-5.023272705E1,5.407103621E1
1.484247337E1,1.216683197E1,-1.598445129E1,-5.058385468E1,5.442665558E1
1.485240538E1,1.223316193E1,-1.593599701E1,-5.063713837E1,5.447683942E1
1.486233838E1,1.229133606E1,-1.616476440E1,-5.031749725E1,5.426073240E1
1.487227038E1,1.231816864E1,-1.601825714E1,-5.017231750E1,5.408866133E1
1.488220238E1,1.220374298E1,-1.581726074E1,-5.029898071E1,5.412120232E1
1.489213538E1,1.209369659E1,-1.601175690E1,-5.039277649E1,5.424081285E1
1.490206738E1,1.201314545E1,-1.599279785E1,-5.002870941E1,5.387909624E1
1.491199938E1,1.210972595E1,-1.599048615E1,-5.001293945E1,5.388538969E1
1.492193238E1,1.213929749E1,-1.587974548E1,-5.021712494E1,5.404894538E1
1.493186438E1,1.228741455E1,-1.561666107E1,-5.039889526E1,5.417480321E1
1.494179638E1,1.218566895E1,-1.565801239E1,-5.023690796E1,5.401306139E1
1.495172938E1,1.216751862E1,-1.571459961E1,-5.052056885E1,5.428927175E1
1.496166138E1,1.219403839E1,-1.599348450E1,-5.028993225E1,5.416237997E1
1.497159338E1,1.215738678E1,-1.573095703E1,-5.010683441E1,5.390695611E1
1.498152700E1,1.211865234E1,-1.597017670E1,-5.038715363E1,5.422889939E1
1.499145900E1,1.232082367E1,-1.587586975E1,-5.040328979E1,5.426175042E1
1.500139100E1,1.225383759E1,-1.593959045E1,-5.023567963E1,5.410961640E1
1.501132400E1,1.218406677E1,-1.575373840E1,-5.030998230E1,5.410846584E1
1.502125600E1,1.202745819E1,-1.584692383E1,-5.011583710E1,5.392014348E1
1.503118800E1,1.210095978E1,-1.568941498E1,-5.023798370E1,5.400412925E1
1.504112100E1,1.220970154E1,-1.572309875E1,-5.030796814E1,5.410345927E1
1.505105300E1,1.215522003E1,-1.562394714E1,-5.031142426E1,5.406566849E1
1.506098500E1,1.215244293E1,-1.588993073E1,-5.022782898E1,5.406483674E1
1.507091800E1,1.212498474E1,-1.580778503E1,-4.995034027E1,5.377674047E1
1.508085000E1,1.214891052E1,-1.591239929E1,-5.038568115E1,5.421731590E1
1.509078200E1,1.209973145E1,-1.583040619E1,-5.054665375E1,5.433202984E1
1.510071500E1,1.220724487E1,-1.575154877E1,-5.042682648E1,5.422170179E1
1.511064700E1,1.219505310E1,-1.563014221E1,-5.029673004E1,5.406275722E1
1.512057900E1,1.221421814E1,-1.616442108E1,-5.024637604E1,5.417724558E1
1.513051200E1,1.224249268E1,-1.585094452E1,-5.036727905E1,5.420326437E1
1.514044400E1,1.201498413E1,-1.618477631E1,-5.030279541E1,5.419112523E1
1.515037600E1,1.227938080E1,-1.606611633E1,-5.013721466E1,5.406147964E1
1.516030900E1,1.227381134E1,-1.622169495E1,-5.058960724E1,5.452612394E1
1.517024100E1,1.226102448E1,-1.593247223E1,-5.046289062E1,5.432015945E1
1.518017300E1,1.200216675E1,-1.617175293E1,-5.063491821E1,5.449286689E1
1.519010600E1,1.220164490E1,-1.589512634E1,-5.072247314E1,5.453718421E1
1.520003800E1,1.221479034E1,-1.602306366E1,-5.062870026E1,5.449041165E1
1.520997100E1,1.195854187E1,-1.588747406E1,-5.039546204E1,5.417675839E1
1.521990300E1,1.208883667E1,-1.584719086E1,-5.056768799E1,5.435406607E1
1.522983500E1,1.220700073E1,-1.546904755E1,-5.028183746E1,5.400523565E1
1.523976800E1,1.195481873E1,-1.576103973E1,-5.054740906E1,5.428046266E1
1.524970000E1,1.193285370E1,-1.564044189E1,-5.039072418E1,5.409474562E1
1.525963200E1,1.195446014E1,-1.605227661E1,-5.043957520E1,5.426541668E1
1.526956500E1,1.201679230E1,-1.581812286E1,-5.028237915E1,5.406416522E1
1.527949700E1,1.215804291E1,-1.587710571E1,-5.062893677E1,5.443518836E1
1.528942900E1,1.212091064E1,-1.595870972E1,-5.020244598E1,5.405443990E1
1.529936200E1,1.188008118E1,-1.591012573E1,-5.070919037E1,5.445815290E1
1.530929400E1,1.207151794E1,-1.585160828E1,-5.048559570E1,5.427513615E1
1.531922600E1,1.221238708E1,-1.593137360E1,-5.077072906E1,5.459503634E1
1.532915900E1,1.223633575E1,-1.562001801E1,-5.016901398E1,5.395037385E1
1.533909100E1,1.228867340E1,-1.585955048E1,-5.047273254E1,5.431421145E1
1.534902300E1,1.231045532E1,-1.565533447E1,-5.044129944E1,5.423063246E1
1.535895600E1,1.216574097E1,-1.583952332E1,-5.032772064E1,5.414586981E1
1.536888800E1,1.245251465E1,-1.574853516E1,-5.034564209E1,5.420115458E1
1.537882000E1,1.202837372E1,-1.602566528E1,-5.053118896E1,5.435903587E1
1.538875300E1,1.214862823E1,-1.564745331E1,-5.060056305E1,5.434012278E1
1.539868500E1,1.207837677E1,-1.584335327E1,-5.062105560E1,5.440027848E1
1.540861700E1,1.216941071E1,-1.594018555E1,-5.037155151E1,5.421694637E1
1.541855000E1,1.194800568E1,-1.616504669E1,-5.036734009E1,5.423036531E1
1.542848200E1,1.215543365E1,-1.578887177E1,-5.021957397E1,5.402822086E1
1.543841400E1,1.213289642E1,-1.582658386E1,-5.052642822E1,5.431949817E1
1.544834700E1,1.225550079E1,-1.565985870E1,-5.033324432E1,5.411897965E1
1.545827900E1,1.220719147E1,-1.598250580E1,-5.087544250E1,5.470618489E1
1.546821100E1,1.213865662E1,-1.599861908E1,-5.044876099E1,5.429898970E1
1.547814400E1,1.209709930E1,-1.574223328E1,-5.032037354E1,5.409526516E1
1.548807600E1,1.212759399E1,-1.556481934E1,-5.053701019E1,5.425247954E1
1.549800800E1,1.217221069E1,-1.577801514E1,-5.045871735E1,5.425118092E1
1.550794100E1,1.222833252E1,-1.583948517E1,-5.043138123E1,5.425629566E1
1.551787300E1,1.228355408E1,-1.604304504E1,-5.037215424E1,5.427355634E1
1.552780500E1,1.220230865E1,-1.621018219E1,-5.051529694E1,5.443768518E1
1.553773800E1,1.202615356E1,-1.630632782E1,-5.062242889E1,5.452664490E1
1.554767000E1,1.205139160E1,-1.617156982E1,-4.998712158E1,5.390239358E1
1.555760200E1,1.213127136E1,-1.621209717E1,-5.051051331E1,5.441793632E1
1.556753500E1,1.239688110E1,-1.602802277E1,-5.059468842E1,5.450140063E1
1.557746700E1,1.227041626E1,-1.581188965E1,-5.064624786E1,5.445751915E1
1.558739900E1,1.236163330E1,-1.578314209E1,-5.063545990E1,5.445977737E1
1.559733200E1,1.234759521E1,-1.579977417E1,-5.076923370E1,5.458581375E1
1.560726400E1,1.215146637E1,-1.587030792E1,-5.046070099E1,5.427529044E1
1.561719600E1,1.216708374E1,-1.616361237E1,-5.055659485E1,5.445428885E1
1.562712900E1,1.207333374E1,-1.585250854E1,-5.020053101E1,5.401074641E1
1.563706100E1,1.212759399E1,-1.573051453E1,-5.050505066E1,5.427050548E1
1.564699300E1,1.229818726E1,-1.562799835E1,-5.033728027E1,5.412320692E1
1.565692600E1,1.218421173E1,-1.580821991E1,-5.041568756E1,5.422265564E1
1.566685800E1,1.223371887E1,-1.590628052E1,-5.016634369E1,5.403087707E1
1.567679000E1,1.234932709E1,-1.580605316E1,-5.001965332E1,5.389158482E1
1.568672300E1,1.223340607E1,-1.575936890E1,-5.024269104E1,5.405868973E1
1.569665500E1,1.222731781E1,-1.577458191E1,-5.015692902E1,5.398205501E1
1.570658700E1,1.217472839E1,-1.598824310E1,-5.030519104E1,5.417065787E1
1.571652000E1,1.237468719E1,-1.572739410E1,-5.025598907E1,5.409388363E1
1.572645200E1,1.223664856E1,-1.577839661E1,-5.020495605E1,5.402990820E1
1.573638400E1,1.208349609E1,-1.561098480E1,-5.025106812E1,5.398966171E1
1.574631700E1,1.192801666E1,-1.585625458E1,-5.029795837E1,5.407016744E1
1.575624900E1,1.220108795E1,-1.595627594E1,-5.004132843E1,5.392220174E1
1.576618100E1,1.225080872E1,-1.558804321E1,-5.073944855E1,5.447532510E1
1.577611400E1,1.223756409E1,-1.582148743E1,-5.033274841E1,5.416145310E1
1.578604600E1,1.226785278E1,-1.586976624E1,-5.032406616E1,5.417436042E1
1.579597800E1,1.216588593E1,-1.612530518E1,-5.074085236E1,5.461381094E1
1.580591100E1,1.234188080E1,-1.591844177E1,-5.054910278E1,5.441443377E1
1.581584300E1,1.208560181E1,-1.611952972E1,-5.049696350E1,5.436767728E1
1.582577500E1,1.224342346E1,-1.603157806E1,-5.045913696E1,5.434185695E1
1.583570800E1,1.220214081E1,-1.611499786E1,-5.030824280E1,5.421719921E1
1.584564000E1,1.243292999E1,-1.596202850E1,-5.027402496E1,5.419263500E1
1.585557200E1,1.238944244E1,-1.613005829E1,-5.044016266E1,5.438646039E1
1.586550500E1,1.227091980E1,-1.581819916E1,-5.042149353E1,5.425051066E1
1.587543700E1,1.216202545E1,-1.602510071E1,-5.025390625E1,5.413107988E1
1.588536900E1,1.216726685E1,-1.586183929E1,-5.034772491E1,5.417133682E1
1.589530200E1,1.236720276E1,-1.586875916E1,-5.041522980E1,5.428131001E1
1.590523400E1,1.228624725E1,-1.576196289E1,-5.029476166E1,5.411981519E1
1.591516600E1,1.224378967E1,-1.605319977E1,-5.043833160E1,5.432900610E1
1.592509900E1,1.212861633E1,-1.561636353E1,-5.009201813E1,5.385336038E1
1.593503100E1,1.214070129E1,-1.592121124E1,-4.983644104E1,5.370802967E1
1.594496300E1,1.219190979E1,-1.581333923E1,-4.979341888E1,5.364782313E1
1.595489600E1,1.217331696E1,-1.602170563E1,-5.000939941E1,5.390570217E1
1.596482800E1,1.224603271E1,-1.588707733E1,-5.000832367E1,5.388132311E1
1.597476000E1,1.239035034E1,-1.589624786E1,-5.018352509E1,5.407954944E1
1.598469279E1,1.226737976E1,-1.566078949E1,-5.002491760E1,5.383531661E1
1.599462479E1,1.224272919E1,-1.605109406E1,-5.028025818E1,5.418142118E1
1.600455679E1,1.224684143E1,-1.591342926E1,-5.030593872E1,5.416557787E1
1.601448979E1,1.219390106E1,-1.591213226E1,-5.030963135E1,5.415668179E1
1.602442179E1,1.227307892E1,-1.567166138E1,-5.021588135E1,5.401725813E1
1.603435379E1,1.225289154E1,-1.587036896E1,-5.056513214E1,5.439517029E1
1.604428679E1,1.234476471E1,-1.591114044E1,-5.044306183E1,5.431445565E1
1.605421879E1,1.220847321E1,-1.634983063E1,-5.061383057E1,5.457218728E1
1.606415079E1,1.229393768E1,-1.584601593E1,-5.055732727E1,5.439007690E1
1.607408379E1,1.213286591E1,-1.600011444E1,-5.051566315E1,5.436030096E1
1.608401579E1,1.247447968E1,-1.559487915E1,-5.041094971E1,5.422247458E1
1.609394779E1,1.247228241E1,-1.609414673E1,-5.048783875E1,5.443896811E1
1.610388079E1,1.222124481E1,-1.583640289E1,-5.042698669E1,5.424971399E1
1.611381279E1,1.202319336E1,-1.589851379E1,-5.042852020E1,5.422504559E1
1.612374479E1,1.208834076E1,-1.577532959E1,-5.037277222E1,5.415168683E1
1.613367779E1,1.212596130E1,-1.583557892E1,-5.044995117E1,5.424944304E1
1.614360979E1,1.223289490E1,-1.567252350E1,-5.042510986E1,5.420298345E1
1.615354179E1,1.227143097E1,-1.575713348E1,-5.089106750E1,5.466969934E1
1.616347479E1,1.221372223E1,-1.571604919E1,-5.064954376E1,5.442008357E1
1.617340679E1,1.228197479E1,-1.591521454E1,-5.074275208E1,5.457992165E1
1.618333879E1,1.212555695E1,-1.581677246E1,-5.036846924E1,5.416809131E1
1.619327179E1,1.214582062E1,-1.587528992E1,-5.070092010E1,5.449889070E1
1.620320379E1,1.209683228E1,-1.562603760E1,-5.071209717E1,5.442630983E1
1.621313579E1,1.205241394E1,-1.579015350E1,-5.082639313E1,5.457024709E1
1.622306879E1,1.213304138E1,-1.557686615E1,-5.040351868E1,5.413283797E1
1.623300079E1,1.192718506E1,-1.550585938E1,-5.082562256E1,5.446038309E1
1.624293279E1,1.194765472E1,-1.579743195E1,-5.040332031E1,5.415533222E1
1.625286579E1,1.187415314E1,-1.575899506E1,-5.055820465E1,5.427221661E1
1.626279779E1,1.189948273E1,-1.582537842E1,-5.075991821E1,5.448494827E1
1.627272979E1,1.203903961E1,-1.578898621E1,-5.069091034E1,5.444078390E1
1.628266279E1,1.216262817E1,-1.592301941E1,-5.068643188E1,5.450308660E1
1.629259479E1,1.218627167E1,-1.604682159E1,-5.068705750E1,5.454524267E1
1.630252679E1,1.226526642E1,-1.566291809E1,-5.040222931E1,5.418623887E1
1.631245979E1,1.210242462E1,-1.582041168E1,-5.036810303E1,5.416364011E1
1.632239179E1,1.215585327E1,-1.595954895E1,-5.056827545E1,5.440241220E1
1.633232379E1,1.192711639E1,-1.604148102E1,-5.059876251E1,5.440422765E1
1.634225679E1,1.206298065E1,-1.595383453E1,-5.029544830E1,5.412644879E1
1.635218879E1,1.226903534E1,-1.600671387E1,-5.020889282E1,5.410801267E1
1.636212079E1,1.250034332E1,-1.610920715E1,-5.029193878E1,5.426826185E1
1.637205379E1,1.220501709E1,-1.623561096E1,-5.062001038E1,5.454303765E1
1.638198579E1,1.208650208E1,-1.611639404E1,-5.063395691E1,5.449421329E1
1.639191779E1,1.214122772E1,-1.584745026E1,-5.087120819E1,5.464824712E1
1.640185079E1,1.223307800E1,-1.623171234E1,-5.063528442E1,5.456233785E1
1.641178279E1,1.209693146E1,-1.603392792E1,-5.013186646E1,5.400580181E1
1.642171479E1,1.194341278E1,-1.585385895E1,-5.036480713E1,5.413505103E1
1.643164779E1,1.202682495E1,-1.589202118E1,-5.051324463E1,5.430275075E1
1.644157979E1,1.214785767E1,-1.621031952E1,-5.064296722E1,5.454406507E1
1.645151179E1,1.222612762E1,-1.585527802E1,-5.057569122E1,5.439456389E1
1.646144479E1,1.235308838E1,-1.580776978E1,-5.059936523E1,5.443142603E1
1.647137679E1,1.245124817E1,-1.573747253E1,-5.040451813E1,5.425234622E1
1.648130879E1,1.212442017E1,-1.597801971E1,-5.047400665E1,5.431320305E1
1.649124179E1,1.231791687E1,-1.584628296E1,-5.036380768E1,5.421576232E1
1.650117379E1,1.232448578E1,-1.600920105E1,-5.028645325E1,5.419330999E1
1.651110579E1,1.236106873E1,-1.598562622E1,-5.048901367E1,5.438268812E1
1.652103879E1,1.231528473E1,-1.601011658E1,-5.045007324E1,5.434335250E1
1.653097079E1,1.228833008E1,-1.593932343E1,-5.044053650E1,5.430757599E1
1.654090279E1,1.203774261E1,-1.613996887E1,-5.054935455E1,5.441179181E1
1.655083579E1,1.214866638E1,-1.591764832E1,-5.033385468E1,5.417064287E1
1.656076779E1,1.214324951E1,-1.615534973E1,-5.057388306E1,5.446256954E1
1.657069979E1,1.214759064E1,-1.584430695E1,-5.020045471E1,5.402491716E1
1.658063279E1,1.229758453E1,-1.618778229E1,-5.037212372E1,5.431966245E1
1.659056479E1,1.253619385E1,-1.622351837E1,-5.035607910E1,5.436996788E1
1.660049679E1,1.236481476E1,-1.600003815E1,-5.056005859E1,5.445373623E1
1.661042979E1,1.229602051E1,-1.586178589E1,-5.041970825E1,5.426725856E1
1.662036179E1,1.221759796E1,-1.611708069E1,-5.056617737E1,5.446070403E1
1.663029379E1,1.212574768E1,-1.588583374E1,-5.043510437E1,5.425028316E1
1.664022679E1,1.210988617E1,-1.623366547E1,-5.054801178E1,5.445440967E1
1.665015879E1,1.220774078E1,-1.598690796E1,-5.016094208E1,5.404378106E1
1.666009079E1,1.225473022E1,-1.620089722E1,-5.032884979E1,5.427375613E1
1.667002379E1,1.225372314E1,-1.595296478E1,-5.038913727E1,5.425602244E1
1.667995579E1,1.214098358E1,-1.595240021E1,-5.052760315E1,5.435918722E1
1.668988779E1,1.223546600E1,-1.580507660E1,-5.046573639E1,5.427980862E1
1.669982079E1,1.187121582E1,-1.594521332E1,-5.087792206E1,5.462360795E1
1.670975279E1,1.214854431E1,-1.572361755E1,-5.050410461E1,5.427231210E1
1.671968479E1,1.206408691E1,-1.564480591E1,-5.048988342E1,5.421743698E1
1.672961779E1,1.224217987E1,-1.575013733E1,-5.049807739E1,5.429542904E1
1.673954979E1,1.196585846E1,-1.604665375E1,-5.024201202E1,5.408268334E1
1.674948179E1,1.223244476E1,-1.585351562E1,-5.011241913E1,5.396499989E1
1.675941479E1,1.230210876E1,-1.601033020E1,-5.051967621E1,5.440505709E1
1.676934679E1,1.229268646E1,-1.590363312E1,-5.041294098E1,5.427246360E1
1.677927879E1,1.208724213E1,-1.614819336E1,-5.018270874E1,5.408483916E1
1.678921179E1,1.211569214E1,-1.586730957E1,-5.012590027E1,5.395523503E1
1.679914379E1,1.225477600E1,-1.593564606E1,-5.030712128E1,5.417500163E1
1.680907579E1,1.224248505E1,-1.588069153E1,-5.038990021E1,5.423298670E1
1.681900779E1,1.210368347E1,-1.616760254E1,-5.058904266E1,5.447147660E1
1.682894079E1,1.232978821E1,-1.575579071E1,-5.034847260E1,5.417783044E1
1.683887279E1,1.224829102E1,-1.595181274E1,-5.031420898E1,5.418487417E1
1.684880579E1,1.249145508E1,-1.592494202E1,-5.057637024E1,5.447576943E1
1.685873779E1,1.238796997E1,-1.593408203E1,-5.081111145E1,5.467289838E1
1.686866979E1,1.247052765E1,-1.576863098E1,-5.032955933E1,5.419620213E1
1.687860179E1,1.231082153E1,-1.576544952E1,-5.046304321E1,5.428281916E1
1.688853479E1,1.237018585E1,-1.562316895E1,-5.026454926E1,5.407060031E1
1.689846679E1,1.216352844E1,-1.594647217E1,-5.029954529E1,5.415058315E1
1.690839879E1,1.235272217E1,-1.586148834E1,-5.022483063E1,5.409907734E1
1.691833179E1,1.220268250E1,-1.596356201E1,-5.037834167E1,5.423760764E1
1.692826379E1,1.210507965E1,-1.593346405E1,-5.024534607E1,5.408329716E1
1.693819579E1,1.222348785E1,-1.593777466E1,-5.001595306E1,5.389825486E1
1.694812879E1,1.222550964E1,-1.597335815E1,-5.054124451E1,5.439695445E1
1.695806079E1,1.242140961E1,-1.583998871E1,-5.063932800E1,5.449346933E1
1.696799279E1,1.217803955E1,-1.568143463E1,-5.017536163E1,5.396090209E1
1.697792588E1,1.217852020E1,-1.588063049E1,-5.019976044E1,5.404189789E1
1.698785788E1,1.216401672E1,-1.596463776E1,-5.059564972E1,5.443117427E1
1.699778988E1,1.232573700E1,-1.598670197E1,-5.024778748E1,5.415107181E1
1.700772288E1,1.219694519E1,-1.594226074E1,-5.017852783E1,5.404447987E1
1.701765488E1,1.223958588E1,-1.610957336E1,-5.025037384E1,5.417034140E1
1.702758688E1,1.246797943E1,-1.610434723E1,-5.059362793E1,5.453912080E1
1.703751988E1,1.258377838E1,-1.620623779E1,-5.037619019E1,5.439443133E1
1.704745188E1,1.234990692E1,-1.623932648E1,-5.017786407E1,5.416690843E1
1.705738387E1,1.233175659E1,-1.603730774E1,-5.046207428E1,5.436624321E1
1.706731688E1,1.239219666E1,-1.595554352E1,-5.004507446E1,5.396902246E1
1.707724888E1,1.228645325E1,-1.580043030E1,-4.996398163E1,5.382387938E1
1.708718088E1,1.193943024E1,-1.593890381E1,-5.021170044E1,5.401678915E1
1.709711388E1,1.191002655E1,-1.592987061E1,-5.014641571E1,5.394694170E1
1.710704588E1,1.206335449E1,-1.584692383E1,-5.031360626E1,5.411199952E1
1.711697788E1,1.191110992E1,-1.595898438E1,-5.039249420E1,5.418456601E1
1.712691088E1,1.210902405E1,-1.604631805E1,-5.063391113E1,5.447848881E1
1.713684287E1,1.202927399E1,-1.615550232E1,-5.058436584E1,5.444705461E1
1.714677488E1,1.219794464E1,-1.596257019E1,-5.037796021E1,5.423589563E1
1.715670788E1,1.202313995E1,-1.573231506E1,-5.014510345E1,5.391282808E1
1.716663988E1,1.208432007E1,-1.588551331E1,-5.014888000E1,5.397490612E1
1.717657188E1,1.209239960E1,-1.575315857E1,-5.012094116E1,5.391193630E1
1.718650488E1,1.246407318E1,-1.579954529E1,-5.011475372E1,5.400432661E1
1.719643688E1,1.230447388E1,-1.569100952E1,-5.019937134E1,5.401467152E1
1.720636888E1,1.216792297E1,-1.580213165E1,-5.011585999E1,5.393853109E1
1.721630187E1,1.232060242E1,-1.578799438E1,-5.013600922E1,5.398775260E1
1.722623388E1,1.223400879E1,-1.594113922E1,-5.039117432E1,5.424998931E1
1.723616588E1,1.217752838E1,-1.557948303E1,-5.032797241E1,5.407325860E1
1.724609888E1,1.227137756E1,-1.572251129E1,-5.022147369E1,5.403684381E1
1.725603088E1,1.236064911E1,-1.546315765E1,-5.028229523E1,5.403891287E1
1.726596288E1,1.241249084E1,-1.570468140E1,-5.045557404E1,5.428141393E1
1.727589488E1,1.228907776E1,-1.545448303E1,-5.066044617E1,5.437226576E1
1.728582788E1,1.248751068E1,-1.571096039E1,-5.051008606E1,5.435109008E1
1.729575988E1,1.229468536E1,-1.533636475E1,-5.039634705E1,5.409394760E1
1.730569188E1,1.229275513E1,-1.587523651E1,-5.060639954E1,5.444394031E1
1.731562488E1,1.231443787E1,-1.558613586E1,-5.042274475E1,5.419433734E1
1.732555688E1,1.224080658E1,-1.586508942E1,-5.055794525E1,5.438422782E1
1.733548888E1,1.248535156E1,-1.573921967E1,-5.024809265E1,5.411541236E1
1.734542188E1,1.235386658E1,-1.589549255E1,-5.057246399E1,5.443214874E1
1.735535388E1,1.222045135E1,-1.560876465E1,-5.058064270E1,5.432655319E1
1.736528587E1,1.220280457E1,-1.588769531E1,-5.071044922E1,5.452409524E1
1.737521888E1,1.228730774E1,-1.566616821E1,-5.049809265E1,5.428134228E1
1.738515088E1,1.230253601E1,-1.603530121E1,-5.035738373E1,5.426185929E1
1.739508288E1,1.241076660E1,-1.564414978E1,-5.039120483E1,5.420369060E1
1.740501588E1,1.225411987E1,-1.571595001E1,-5.050516510E1,5.429480860E1
1.741494788E1,1.226065826E1,-1.560222626E1,-5.041880035E1,5.418310285E1
1.742487988E1,1.222438049E1,-1.581826782E1,-5.055726624E1,5.436626017E1
1.743481287E1,1.212100983E1,-1.547669983E1,-5.047590637E1,5.416884936E1
1.744474487E1,1.219094086E1,-1.579759216E1,-5.062989044E1,5.442029735E1
1.745467688E1,1.226525879E1,-1.562711334E1,-5.021530914E1,5.400204178E1
1.746460988E1,1.226824951E1,-1.581500244E1,-5.046408081E1,5.428855957E1
1.747454188E1,1.223117065E1,-1.573349762E1,-5.032640076E1,5.412846844E1
1.748447388E1,1.212338257E1,-1.596189117E1,-5.058344269E1,5.440995358E1
1.749440688E1,1.222576141E1,-1.548640442E1,-5.062267303E1,5.433187820E1
1.750433888E1,1.232231903E1,-1.604898834E1,-5.062343597E1,5.451735359E1
1.751427088E1,1.234903717E1,-1.574875641E1,-5.042517090E1,5.425145074E1
1.752420388E1,1.207922363E1,-1.603082275E1,-5.053575897E1,5.437607798E1
1.753413588E1,1.247351837E1,-1.558074188E1,-5.078371429E1,5.456495043E1
1.754406788E1,1.222162628E1,-1.583672333E1,-5.075530243E1,5.455520763E1
1.755400088E1,1.223139191E1,-1.565891266E1,-4.981994629E1,5.363614026E1
1.756393288E1,1.244185638E1,-1.606473541E1,-5.007972717E1,5.404493119E1
1.757386488E1,1.237438202E1,-1.553263855E1,-5.020914459E1,5.399394773E1
1.758379688E1,1.236093140E1,-1.586105347E1,-5.038825226E1,5.425257236E1
1.759372988E1,1.240077972E1,-1.575710297E1,-5.012446594E1,5.398636604E1
1.760366188E1,1.254502869E1,-1.591144562E1,-4.981365967E1,5.377687734E1
1.761359388E1,1.251318359E1,-1.592623901E1,-5.024684143E1,5.417536273E1
1.762352688E1,1.270196533E1,-1.581364441E1,-5.006678009E1,5.401938302E1
1.763345888E1,1.245223236E1,-1.581733704E1,-5.022718811E1,5.411115104E1
1.764339088E1,1.243697357E1,-1.563467407E1,-5.001053619E1,5.385327358E1
1.765332388E1,1.255808258E1,-1.584768677E1,-5.046336365E1,5.436364304E1
1.766325587E1,1.239163971E1,-1.569328308E1,-5.024977875E1,5.408208699E1
1.767318787E1,1.200793457E1,-1.571743774E1,-5.039066315E1,5.413360578E1
1.768312088E1,1.215190887E1,-1.578697968E1,-5.029715729E1,5.409899858E1
1.769305288E1,1.223361206E1,-1.569474792E1,-5.040383148E1,5.418978321E1
1.770298488E1,1.231455231E1,-1.574362183E1,-5.048142242E1,5.429441810E1
1.771291788E1,1.210108185E1,-1.563912964E1,-5.047481537E1,5.421001332E1
1.772284988E1,1.207775879E1,-1.580242920E1,-5.043616486E1,5.421619455E1
1.773278188E1,1.238525391E1,-1.571248627E1,-5.059244537E1,5.440470814E1
1.774271487E1,1.243580627E1,-1.560794067E1,-5.045662689E1,5.425982203E1
1.775264688E1,1.237857056E1,-1.573291016E1,-5.026906586E1,5.410852477E1
1.776257888E1,1.228149414E1,-1.572337341E1,-5.056771851E1,5.436132563E1
1.777251188E1,1.228677368E1,-1.586790466E1,-5.068357849E1,5.451220354E1
1.778244388E1,1.210845947E1,-1.590354156E1,-5.051657104E1,5.432735384E1
1.779237588E1,1.218254852E1,-1.579187012E1,-5.033101654E1,5.413879271E1
1.780230888E1,1.221598816E1,-1.579177856E1,-5.017507172E1,5.400137460E1
1.781224088E1,1.216789246E1,-1.591596222E1,-5.011940765E1,5.397527660E1
1.782217288E1,1.210832214E1,-1.567254639E1,-4.965193939E1,5.345610593E1
1.783210588E1,1.209957886E1,-1.555259705E1,-4.983076477E1,5.358533569E1
1.784203788E1,1.204069519E1,-1.567546082E1,-4.979512024E1,5.357473670E1
1.785196988E1,1.216247559E1,-1.575434875E1,-4.986996460E1,5.369486648E1
1.786190288E1,1.220025635E1,-1.581725311E1,-5.044849396E1,5.425939820E1
1.787183488E1,1.224098206E1,-1.554269409E1,-5.028081512E1,5.403311347E1
1.788176688E1,1.213396454E1,-1.597068024E1,-5.020330811E1,5.406170426E1
1.789169887E1,1.208158112E1,-1.630086517E1,-5.044767761E1,5.437509526E1
1.790163188E1,1.221130371E1,-1.627174377E1,-5.032857513E1,5.428490636E1
1.791156388E1,1.225759888E1,-1.600819397E1,-4.995119476E1,5.386680669E1
1.792149588E1,1.225313568E1,-1.582305145E1,-5.004996490E1,5.390275761E1
1.793142888E1,1.245852661E1,-1.585736847E1,-5.015191650E1,5.405447020E1
1.794136088E1,1.237931824E1,-1.616819000E1,-5.035997009E1,5.432112366E1
1.795129288E1,1.230139923E1,-1.595445251E1,-5.033256531E1,5.421472225E1
1.796122588E1,1.215512085E1,-1.615462494E1,-5.036676025E1,5.427273172E1
1.797115787E1,1.213190460E1,-1.600627899E1,-5.008418274E1,5.396118454E1
1.798108925E1,1.196913147E1,-1.594343567E1,-5.008114624E1,5.390338076E1
1.799102225E1,1.213865662E1,-1.590311432E1,-4.986837769E1,5.373184458E1
1.800095425E1,1.228784180E1,-1.611614990E1,-5.013932800E1,5.408025107E1
1.801088625E1,1.231497955E1,-1.600575256E1,-5.025984955E1,5.416544390E1
1.802081925E1,1.223986053E1,-1.624436188E1,-5.026160431E1,5.422105077E1
1.803075125E1,1.225843048E1,-1.612079620E1,-5.037186432E1,5.429064287E1
1.804068325E1,1.221014404E1,-1.616633606E1,-5.047406006E1,5.438813086E1
1.805061625E1,1.230977631E1,-1.592270660E1,-5.029721832E1,5.417447138E1
1.806054825E1,1.222560883E1,-1.628276062E1,-5.062004852E1,5.456173675E1
1.807048025E1,1.247783661E1,-1.600820923E1,-5.065096283E1,5.456628267E1
1.808041225E1,1.227761078E1,-1.607385254E1,-5.068150330E1,5.456851875E1
1.809034525E1,1.243157196E1,-1.573342133E1,-5.024660492E1,5.409996150E1
1.810027725E1,1.226309204E1,-1.598185730E1,-5.065238190E1,5.451116382E1
1.811020925E1,1.231101227E1,-1.582945251E1,-5.049717712E1,5.433320796E1
1.812014225E1,1.230776215E1,-1.611955261E1,-5.068054199E1,5.458789538E1
1.813007425E1,1.228430176E1,-1.611163330E1,-5.041484070E1,5.433364482E1
1.814000625E1,1.228747559E1,-1.631839752E1,-5.038061523E1,5.436431316E1
1.814993925E1,1.225124359E1,-1.593949127E1,-5.026404572E1,5.413533636E1
1.815987125E1,1.224277496E1,-1.623999786E1,-5.074538422E1,5.466916031E1
1.816980325E1,1.216915131E1,-1.604109955E1,-5.073192596E1,5.458143851E1
1.817973625E1,1.208871460E1,-1.624116516E1,-5.068537903E1,5.457948437E1
1.818966825E1,1.207609558E1,-1.600093079E1,-5.021057892E1,5.406444401E1
1.819960025E1,1.211093140E1,-1.613869476E1,-5.062812805E1,5.450082089E1
1.820953325E1,1.208664703E1,-1.600561523E1,-5.036589813E1,5.421245660E1
1.821946525E1,1.225012207E1,-1.610518646E1,-5.055876923E1,5.445761349E1
1.822939725E1,1.232193756E1,-1.600154877E1,-5.035285950E1,5.425209828E1
1.823933025E1,1.221288300E1,-1.616938019E1,-5.063037109E1,5.453473979E1
1.824926225E1,1.201493073E1,-1.565375519E1,-5.012947083E1,5.387357847E1
1.825919425E1,1.195392609E1,-1.580348206E1,-5.049257660E1,5.424155866E1
1.826912725E1,1.189927673E1,-1.575220490E1,-5.018771362E1,5.393080145E1
1.827905925E1,1.200625610E1,-1.603715515E1,-5.034095001E1,5.418073254E1
1.828899125E1,1.206720734E1,-1.588512421E1,-5.004100800E1,5.387074480E1
1.829892425E1,1.188887024E1,-1.611158752E1,-5.043293762E1,5.426241503E1
1.830885625E1,1.205768585E1,-1.622554779E1,-5.035264587E1,5.425905579E1
1.831878825E1,1.208225250E1,-1.628137970E1,-5.034465790E1,5.427383098E1
1.832872025E1,1.211695099E1,-1.623872375E1,-5.037646484E1,5.429829519E1
1.833865325E1,1.214816284E1,-1.607648468E1,-5.044415283E1,5.431982856E1
1.834858525E1,1.217423248E1,-1.592426300E1,-5.062078094E1,5.444499566E1
1.835851725E1,1.214011383E1,-1.618518829E1,-5.082498932E1,5.470395071E1
1.836845025E1,1.195397186E1,-1.614798737E1,-5.107046509E1,5.488030014E1
1.837838225E1,1.219106293E1,-1.641390991E1,-5.081561279E1,5.477467442E1
1.838831425E1,1.236143494E1,-1.592599487E1,-5.055332947E1,5.442500810E1
1.839824725E1,1.217751312E1,-1.596412659E1,-5.047985840E1,5.432643249E1
1.840817925E1,1.246546173E1,-1.589523315E1,-5.040882111E1,5.430557447E1
1.841811125E1,1.220277405E1,-1.592053223E1,-5.041358948E1,5.425772797E1
1.842804425E1,1.221382904E1,-1.607764435E1,-5.013403320E1,5.404710494E1
1.843797625E1,1.216929626E1,-1.622380829E1,-5.035118103E1,5.428208874E1
1.844790825E1,1.226649475E1,-1.603507996E1,-5.028728485E1,5.418857537E1
1.845784125E1,1.228225708E1,-1.619651031E1,-5.040177917E1,5.434629821E1
1.846777325E1,1.202303314E1,-1.592144775E1,-5.025167847E1,5.406733777E1
1.847770525E1,1.221603394E1,-1.599821472E1,-5.054862213E1,5.440898417E1
1.848763825E1,1.227043152E1,-1.603955841E1,-5.076437378E1,5.463380427E1
1.849757025E1,1.236798859E1,-1.613620758E1,-5.067041779E1,5.459702900E1
1.850750225E1,1.230822754E1,-1.626838684E1,-5.069194794E1,5.464271645E1
1.851743425E1,1.253968811E1,-1.617013550E1,-5.061494446E1,5.459477688E1
1.852736725E1,1.221624756E1,-1.620526123E1,-5.040293884E1,5.433510320E1
1.853729925E1,1.238209534E1,-1.603246307E1,-5.070214081E1,5.459911391E1
1.854723125E1,1.206916809E1,-1.618311310E1,-5.050080872E1,5.438648406E1
1.855716425E1,1.226255798E1,-1.610173798E1,-5.027960205E1,5.420031989E1
1.856709625E1,1.223853302E1,-1.613937378E1,-5.017012024E1,5.410454733E1
1.857702825E1,1.231441498E1,-1.605449677E1,-5.022018433E1,5.414294595E1
1.858696125E1,1.226777649E1,-1.619209290E1,-5.006394958E1,5.402852266E1
1.859689325E1,1.238219452E1,-1.622634125E1,-5.026994324E1,5.425569172E1
1.860682525E1,1.238152313E1,-1.619412994E1,-5.039967346E1,5.436615716E1
1.861675825E1,1.237388611E1,-1.598163605E1,-5.039627075E1,5.429834117E1
1.862669025E1,1.227593994E1,-1.592104340E1,-5.016335297E1,5.404202351E1
1.863662225E1,1.224834442E1,-1.596166229E1,-5.019636536E1,5.407838477E1
1.864655525E1,1.242010498E1,-1.625363159E1,-5.022255707E1,5.422863437E1
1.865648725E1,1.244615173E1,-1.607405853E1,-5.035542297E1,5.430424176E1
1.866641925E1,1.207981873E1,-1.602322388E1,-5.052027893E1,5.435958340E1
1.867635225E1,1.219694519E1,-1.587557220E1,-5.021353149E1,5.405735852E1
1.868628425E1,1.230905151E1,-1.609805298E1,-5.036793518E1,5.429170243E1
1.869621625E1,1.229506683E1,-1.600445557E1,-5.050972748E1,5.439249798E1
1.870614825E1,1.223532867E1,-1.600305176E1,-5.045673370E1,5.432939268E1
1.871608125E1,1.232349396E1,-1.589701080E1,-5.055619049E1,5.441058585E1
1.872601325E1,1.217858887E1,-1.595642853E1,-5.038857269E1,5.423959712E1
1.873594525E1,1.223089600E1,-1.573749542E1,-5.039566040E1,5.419396799E1
1.874587825E1,1.214202881E1,-1.583939362E1,-5.032621002E1,5.413910480E1
1.875581025E1,1.224026489E1,-1.566318512E1,-5.010762787E1,5.390671408E1
1.876574225E1,1.194206238E1,-1.603013611E1,-5.030644226E1,5.413239557E1
1.877567525E1,1.202954102E1,-1.571434021E1,-5.017308807E1,5.393504531E1
1.878560725E1,1.197645569E1,-1.606860352E1,-5.034542847E1,5.418761553E1
1.879553925E1,1.212827301E1,-1.596143341E1,-5.038818359E1,5.422943305E1
1.880547225E1,1.215309143E1,-1.618955231E1,-5.046837616E1,5.437698251E1
1.881540425E1,1.228348541E1,-1.575345612E1,-5.003919983E1,5.387928093E1
1.882533625E1,1.194223785E1,-1.621462250E1,-4.999887848E1,5.390193760E1
1.883526825E1,1.207528687E1,-1.588536072E1,-5.009542084E1,5.392317152E1
1.884520125E1,1.156308746E1,-1.582904053E1,-5.023300934E1,5.392233992E1
1.885513325E1,1.192827606E1,-1.582841492E1,-5.036032104E1,5.412009261E1
1.886506525E1,1.192993927E1,-1.616432953E1,-5.017086029E1,5.404372510E1
1.887499825E1,1.204161835E1,-1.613407135E1,-5.001754761E1,5.391719484E1
1.888493025E1,1.224214172E1,-1.607200623E1,-5.031479645E1,5.421953670E1
1.889486225E1,1.226342010E1,-1.570458984E1,-5.058502960E1,5.436792101E1
1.890479525E1,1.228507233E1,-1.575117493E1,-5.042406464E1,5.423660026E1
1.891472725E1,1.219140625E1,-1.561731720E1,-5.029815674E1,5.405955562E1
1.892465925E1,1.210748291E1,-1.576831818E1,-5.040389252E1,5.418286982E1
1.893459225E1,1.228260040E1,-1.552746582E1,-5.027332306E1,5.403120838E1
1.894452425E1,1.222648621E1,-1.588343811E1,-5.021309662E1,5.406593792E1
1.895445625E1,1.236205292E1,-1.589554596E1,-5.021971130E1,5.410645190E1
1.896438825E1,1.235824585E1,-1.588915253E1,-5.035823822E1,5.423231108E1
1.897432125E1,1.231996155E1,-1.577008057E1,-5.035856628E1,5.418913260E1
1.898425350E1,1.241986847E1,-1.611339569E1,-5.022460175E1,5.418860834E1
1.899418550E1,1.257467651E1,-1.602944183E1,-4.998703766E1,5.397934261E1
1.900411850E1,1.243763733E1,-1.611663055E1,-5.043619537E1,5.438980057E1
1.901405050E1,1.235286713E1,-1.583442688E1,-5.008721924E1,5.396343143E1
1.902398250E1,1.224996948E1,-1.612625885E1,-5.019579315E1,5.412703231E1
1.903391550E1,1.235003662E1,-1.600196838E1,-4.985111237E1,5.379330628E1
1.904384750E1,1.225085449E1,-1.619609070E1,-4.994172668E1,5.391264095E1
1.905377950E1,1.230939484E1,-1.602037811E1,-5.013776398E1,5.405524112E1
1.906371250E1,1.216963959E1,-1.610354614E1,-5.031976318E1,5.421718264E1
1.907364450E1,1.235721588E1,-1.592680359E1,-5.035791779E1,5.424282202E1
1.908357650E1,1.224485016E1,-1.617251587E1,-5.043680573E1,5.436320444E1
1.909350950E1,1.239893341E1,-1.588474274E1,-5.030812836E1,5.419378544E1
1.910344150E1,1.226201630E1,-1.611553955E1,-5.038893890E1,5.430573471E1
1.911337350E1,1.229606628E1,-1.584165192E1,-5.000049591E1,5.387207786E1
1.912330550E1,1.261159515E1,-1.603710175E1,-5.013185883E1,5.412434050E1
1.913323850E1,1.237210083E1,-1.618107605E1,-5.021389008E1,5.418792169E1
1.914317050E1,1.234972382E1,-1.623944092E1,-5.041297913E1,5.438477346E1
1.915310250E1,1.221781158E1,-1.592833710E1,-5.030107117E1,5.415888296E1
1.916303550E1,1.217334747E1,-1.613277435E1,-5.014507294E1,5.406463851E1
1.917296750E1,1.228195953E1,-1.604472351E1,-4.995940399E1,5.389083159E1
1.918289950E1,1.219070435E1,-1.601732635E1,-5.016858673E1,5.405603676E1
1.919283250E1,1.215938568E1,-1.618737793E1,-5.003942871E1,5.397986930E1
1.920276450E1,1.211384583E1,-1.624603271E1,-5.028597260E1,5.421584528E1
1.921269650E1,1.220666504E1,-1.603749847E1,-5.006845856E1,5.397272062E1
1.922262950E1,1.192739105E1,-1.621636963E1,-5.050997925E1,5.437362692E1
1.923256150E1,1.211441803E1,-1.607885742E1,-5.010529327E1,5.399841844E1
1.924249350E1,1.194160461E1,-1.622540283E1,-4.997350311E1,5.388150547E1
1.925242650E1,1.215567780E1,-1.603539276E1,-5.012774658E1,5.401560239E1
1.926235850E1,1.231311035E1,-1.588188171E1,-4.999353790E1,5.388135749E1
1.927229050E1,1.239891052E1,-1.616561890E1,-4.987459564E1,5.387518452E1
1.928222250E1,1.227246857E1,-1.597140503E1,-5.026501465E1,5.415044747E1
1.929215550E1,1.222731781E1,-1.597930145E1,-4.996475220E1,5.386391963E1
1.930208750E1,1.210742188E1,-1.591841125E1,-4.995373535E1,5.380856026E1
1.931201950E1,1.215605164E1,-1.587914276E1,-5.046138000E1,5.427953241E1
1.932195250E1,1.227487183E1,-1.588565826E1,-5.032791901E1,5.418418633E1
1.933188450E1,1.222724915E1,-1.594445038E1,-5.005193329E1,5.393447085E1
1.934181650E1,1.213662720E1,-1.598753357E1,-5.016880798E1,5.403525001E1
1.935174950E1,1.210935974E1,-1.617958069E1,-5.027214050E1,5.418213299E1
1.936168150E1,1.232799530E1,-1.602956390E1,-5.039455414E1,5.430043714E1
1.937161350E1,1.202151489E1,-1.609020233E1,-5.045912170E1,5.430961604E1
1.938154550E1,1.219028473E1,-1.587261200E1,-5.028968811E1,5.412573864E1
1.939147850E1,1.224050140E1,-1.616493988E1,-5.023065186E1,5.416875060E1
1.940141050E1,1.216850281E1,-1.578942108E1,-5.022093201E1,5.403258545E1
1.941134250E1,1.223208618E1,-1.588348389E1,-5.019476318E1,5.405019189E1
1.942127550E1,1.231125641E1,-1.551368713E1,-5.028789520E1,5.404733043E1
1.943120750E1,1.211850739E1,-1.589587402E1,-5.025736237E1,5.408640776E1
1.944113950E1,1.222071075E1,-1.599353027E1,-5.023562622E1,5.411799076E1
1.945107250E1,1.214163208E1,-1.570285034E1,-5.035104370E1,5.412232756E1
1.946100450E1,1.218387604E1,-1.590533447E1,-5.012418365E1,5.398018421E1
1.947093650E1,1.236109924E1,-1.595587921E1,-4.964120483E1,5.358764851E1
1.948086950E1,1.222116852E1,-1.600576782E1,-5.006781769E1,5.396598866E1
1.949080150E1,1.225075531E1,-1.563217163E1,-5.014273071E1,5.393272883E1
1.950073350E1,1.245040131E1,-1.589668274E1,-4.988294983E1,5.381473496E1
1.951066550E1,1.241127014E1,-1.568117523E1,-4.977128601E1,5.363879002E1
1.952059850E1,1.221898651E1,-1.610085297E1,-5.020299530E1,5.411914481E1
1.953053050E1,1.232003021E1,-1.553738403E1,-5.011862183E1,5.389869851E1
1.954046250E1,1.239818573E1,-1.581163025E1,-4.995762634E1,5.384688561E1
1.955039550E1,1.252092743E1,-1.577130127E1,-4.982328033E1,5.373887634E1
1.956032750E1,1.229691315E1,-1.614290619E1,-5.007655334E1,5.403210794E1
1.957025950E1,1.238886261E1,-1.566481781E1,-4.997472382E1,5.381768719E1
1.958019250E1,1.215738678E1,-1.586910248E1,-5.044919586E1,5.426556763E1
1.959012450E1,1.200733948E1,-1.570002747E1,-5.036555481E1,5.410504759E1
1.960005650E1,1.199200439E1,-1.607540894E1,-5.048704529E1,5.432466000E1
1.960998950E1,1.207141113E1,-1.589282227E1,-5.019598389E1,5.401793743E1
1.961992150E1,1.213190460E1,-1.619393158E1,-5.004856110E1,5.398411801E1
1.962985350E1,1.236853790E1,-1.574819946E1,-5.004521942E1,5.390278753E1
1.963978550E1,1.215604401E1,-1.618362427E1,-5.030211639E1,5.422160099E1
1.964971850E1,1.210462189E1,-1.594871521E1,-5.005078888E1,5.390700191E1
1.965965050E1,1.221614838E1,-1.610549927E1,-5.056163788E1,5.445273742E1
1.966958250E1,1.221008301E1,-1.601876831E1,-5.013893890E1,5.403332545E1
1.967951550E1,1.234344482E1,-1.620553589E1,-5.054154968E1,5.449246065E1
1.968944750E1,1.216880035E1,-1.587303162E1,-5.047557068E1,5.429379403E1
1.969937950E1,1.224691772E1,-1.597110748E1,-5.046296692E1,5.432839311E1
1.970931250E1,1.237761688E1,-1.608178711E1,-5.041648102E1,5.434750072E1
1.971924450E1,1.230791473E1,-1.593872833E1,-5.059730530E1,5.445746165E1
1.972917650E1,1.247662354E1,-1.588128662E1,-5.048934937E1,5.437881756E1
1.973910850E1,1.238957977E1,-1.609119415E1,-5.030463409E1,5.424928043E1
1.974904150E1,1.251821899E1,-1.590190125E1,-5.006164551E1,5.399763533E1
1.975897350E1,1.233465576E1,-1.603311920E1,-5.012657928E1,5.405440403E1
1.976890550E1,1.229421997E1,-1.578244781E1,-5.033662415E1,5.416649549E1
1.977883850E1,1.227942657E1,-1.592339325E1,-5.051933289E1,5.437409093E1
1.978877050E1,1.224913025E1,-1.590747833E1,-5.065718842E1,5.449073129E1
1.979870250E1,1.233963776E1,-1.602517700E1,-5.055364227E1,5.444946010E1
1.980863550E1,1.218257141E1,-1.590937805E1,-5.047281647E1,5.430495887E1
1.981856750E1,1.189972687E1,-1.611524963E1,-5.055806732E1,5.438219324E1
1.982849950E1,1.228349304E1,-1.570818329E1,-5.046334076E1,5.426029842E1
1.983843250E1,1.239164734E1,-1.595831299E1,-5.036983490E1,5.427099543E1
1.984836450E1,1.246723938E1,-1.599962616E1,-5.040058899E1,5.432899286E1
1.985829650E1,1.238808441E1,-1.599720001E1,-5.075718689E1,5.464125790E1
1.986822850E1,1.222270966E1,-1.582313538E1,-5.043214417E1,5.425096690E1
1.987816150E1,1.220136261E1,-1.608823395E1,-5.068736267E1,5.456109654E1
1.988809350E1,1.239482880E1,-1.603036499E1,-5.033612061E1,5.426167543E1
1.989802550E1,1.234086609E1,-1.602814484E1,-5.050378418E1,5.440432537E1
1.990795850E1,1.247698975E1,-1.590901947E1,-4.988372803E1,5.382525890E1
1.991789050E1,1.231906891E1,-1.624831390E1,-5.017401123E1,5.415901187E1
1.992782250E1,1.227153778E1,-1.594649506E1,-5.047274017E1,5.433579708E1
1.993775550E1,1.252720642E1,-1.610572815E1,-5.033565521E1,5.431393528E1
1.994768750E1,1.254286957E1,-1.592714691E1,-5.060651398E1,5.451620716E1
1.995761950E1,1.235983276E1,-1.604940796E1,-5.054060364E1,5.444907325E1
1.996755150E1,1.235117340E1,-1.595009613E1,-5.013981628E1,5.404589002E1
1.997748450E1,1.220996094E1,-1.587044525E1,-5.024748993E1,5.409033576E1
1.998741704E1,1.231189728E1,-1.595973969E1,-5.012126923E1,5.402256690E1
1.999734904E1,1.216863251E1,-1.590621948E1,-5.043848419E1,5.426899781E1
2.000728204E1,1.214541626E1,-1.617958069E1,-5.023267365E1,5.415359147E1
2.001721404E1,1.223762512E1,-1.605200958E1,-4.997801208E1,5.390016857E1
2.002714604E1,1.195252991E1,-1.592936707E1,-4.980891418E1,5.364266621E1
2.003707904E1,1.213566589E1,-1.598614502E1,-5.003813171E1,5.391331788E1
2.004701104E1,1.226226044E1,-1.615699768E1,-4.992048645E1,5.388382478E1
2.005694304E1,1.234668732E1,-1.603707886E1,-5.026792908E1,5.418942037E1
2.006687504E1,1.220218658E1,-1.618604279E1,-5.059951782E1,5.450864649E1
2.007680804E1,1.209802246E1,-1.598686981E1,-4.996620178E1,5.383830861E1
2.008674004E1,1.224080658E1,-1.599433899E1,-5.009952545E1,5.399646911E1
2.009667204E1,1.236688995E1,-1.599876404E1,-5.002451324E1,5.395694898E1
2.010660504E1,1.229572296E1,-1.618373108E1,-5.003631592E1,5.400676685E1
2.011653704E1,1.234347534E1,-1.605354309E1,-5.015654755E1,5.409026614E1
2.012646904E1,1.224121094E1,-1.629382324E1,-5.013914490E1,5.412272879E1
2.013640204E1,1.222470856E1,-1.609423065E1,-5.025730133E1,5.416884803E1
2.014633404E1,1.209857941E1,-1.623783875E1,-5.030873871E1,5.423110013E1
2.015626604E1,1.211122894E1,-1.589115143E1,-5.009992981E1,5.393712568E1
2.016619804E1,1.208080292E1,-1.590899658E1,-5.022043610E1,5.404751773E1
2.017613104E1,1.225736237E1,-1.587722778E1,-5.008113861E1,5.394858421E1
2.018606304E1,1.246627045E1,-1.599996185E1,-5.047502136E1,5.439792698E1
2.019599504E1,1.232015228E1,-1.571492004E1,-5.034283447E1,5.415852516E1
2.020592804E1,1.221609497E1,-1.600067139E1,-5.040075684E1,5.427237558E1
2.021586004E1,1.224673462E1,-1.578643799E1,-5.047894287E1,5.428920525E1
2.022579204E1,1.208491516E1,-1.612313843E1,-5.018511963E1,5.407908098E1
2.023572504E1,1.201494598E1,-1.585312653E1,-5.024510956E1,5.403935216E1
2.024565704E1,1.223163605E1,-1.619281769E1,-5.037875366E1,5.431242110E1
2.025558904E1,1.239681244E1,-1.597157288E1,-5.023546600E1,5.415140020E1
2.026552104E1,1.220330048E1,-1.614219666E1,-5.028363037E1,5.420271708E1
2.027545404E1,1.227095032E1,-1.575994873E1,-5.032312775E1,5.414212216E1
2.028538604E1,1.205414581E1,-1.600538635E1,-5.043379211E1,5.426824311E1
2.029531804E1,1.198720551E1,-1.575922394E1,-5.031602478E1,5.407169856E1
2.030525104E1,1.206739044E1,-1.611554718E1,-5.042167664E1,5.429252479E1
2.031518304E1,1.220977020E1,-1.589610291E1,-5.030808258E1,5.415411110E1
2.032511504E1,1.228180695E1,-1.591542816E1,-5.021206665E1,5.408692331E1
2.033504804E1,1.226476288E1,-1.563829041E1,-4.991197205E1,5.372323044E1
2.034498004E1,1.224169922E1,-1.587815094E1,-5.023631287E1,5.408938905E1
2.035491204E1,1.216403198E1,-1.586036682E1,-5.014865112E1,5.398520278E1
2.036484404E1,1.244745636E1,-1.602723694E1,-5.011437225E1,5.406719708E1
2.037477704E1,1.241503906E1,-1.559409332E1,-5.008018494E1,5.390114901E1
2.038470904E1,1.216640472E1,-1.618679047E1,-5.023771667E1,5.416513423E1
2.039464104E1,1.224578857E1,-1.594122314E1,-5.013522339E1,5.401502159E1
2.040457404E1,1.215748596E1,-1.590373993E1,-5.056418610E1,5.438262888E1
2.041450604E1,1.235214996E1,-1.556269073E1,-5.058412933E1,5.434636227E1
2.042443804E1,1.231450653E1,-1.577463531E1,-5.035153961E1,5.418268849E1
2.043437104E1,1.227861786E1,-1.559532166E1,-5.005934906E1,5.385087690E1
2.044430304E1,1.242056274E1,-1.588707733E1,-5.007121277E1,5.397958830E1
2.045423504E1,1.233807373E1,-1.582124329E1,-5.004464722E1,5.391666271E1
2.046416704E1,1.218209839E1,-1.577016449E1,-5.029772186E1,5.410140880E1
2.047410004E1,1.204911041E1,-1.586367035E1,-5.037503052E1,5.417084823E1
2.048403204E1,1.197177887E1,-1.613529205E1,-5.027089691E1,5.413717960E1
2.049396404E1,1.232806396E1,-1.601084900E1,-5.006036377E1,5.398489110E1
2.050389704E1,1.218542480E1,-1.626434326E1,-5.039004517E1,5.433387609E1
2.051382904E1,1.224250793E1,-1.602544403E1,-5.049271393E1,5.437102185E1
2.052376104E1,1.214955902E1,-1.620755768E1,-5.029564667E1,5.422129456E1
2.053369304E1,1.205816650E1,-1.589480591E1,-4.991838074E1,5.375768754E1
2.054362604E1,1.208147430E1,-1.587348938E1,-5.018099976E1,5.400057799E1
2.055355804E1,1.220222473E1,-1.591957855E1,-4.991454315E1,5.379394843E1
2.056349004E1,1.220618439E1,-1.624692535E1,-4.996958923E1,5.394361286E1
2.057342304E1,1.203281403E1,-1.601382446E1,-4.975220490E1,5.363313415E1
2.058335504E1,1.178959656E1,-1.606916046E1,-5.012131500E1,5.393847164E1
2.059328704E1,1.218262482E1,-1.612049866E1,-4.996157074E1,5.389290654E1
2.060322004E1,1.212019348E1,-1.599449158E1,-5.025157928E1,5.411048024E1
2.061315204E1,1.218549347E1,-1.550668335E1,-5.014327240E1,5.388219786E1
2.062308404E1,1.203746796E1,-1.573896027E1,-5.004206085E1,5.382214562E1
2.063301704E1,1.212816620E1,-1.591078949E1,-5.005804443E1,5.390782364E1
2.064294904E1,1.222120667E1,-1.587549591E1,-5.029769897E1,5.414099911E1
2.065288104E1,1.242111969E1,-1.586888123E1,-4.998210144E1,5.389170688E1
2.066281304E1,1.252902985E1,-1.612673187E1,-4.992745972E1,5.394255559E1
2.067274604E1,1.261933136E1,-1.592768097E1,-5.018045044E1,5.413885990E1
2.068267804E1,1.229502106E1,-1.616892242E1,-5.023269653E1,5.418418031E1
2.069261004E1,1.228139496E1,-1.588635254E1,-5.031871796E1,5.417732216E1
2.070254304E1,1.236358643E1,-1.584638214E1,-5.053224945E1,5.438266572E1
2.071247504E1,1.217475891E1,-1.577610779E1,-5.058145142E1,5.436537095E1
2.072240704E1,1.199459076E1,-1.582131958E1,-5.015569305E1,5.394235726E1
2.073233904E1,1.205403137E1,-1.576717377E1,-5.042962646E1,5.419456307E1
2.074227204E1,1.222416687E1,-1.564086151E1,-5.042678070E1,5.419342226E1
2.075220404E1,1.229818726E1,-1.593693542E1,-5.054009247E1,5.440158332E1
2.076213604E1,1.223503876E1,-1.564439392E1,-5.036257935E1,5.413716499E1
2.077206904E1,1.228791046E1,-1.576013184E1,-5.011195374E1,5.394981377E1
2.078200104E1,1.248648071E1,-1.579435730E1,-5.033838654E1,5.421556125E1
2.079193304E1,1.230699158E1,-1.597459412E1,-5.037139893E1,5.425797203E1
2.080186504E1,1.224848938E1,-1.579405975E1,-5.031419373E1,5.413867292E1
2.081179804E1,1.220090485E1,-1.589089203E1,-5.039340210E1,5.422985805E1
2.082173004E1,1.211154938E1,-1.551738739E1,-5.040808105E1,5.411518803E1
2.083166204E1,1.211331177E1,-1.569228363E1,-5.040196991E1,5.416030519E1
2.084159504E1,1.214729309E1,-1.558185577E1,-5.021318817E1,5.396031157E1
2.085152704E1,1.201448059E1,-1.580587006E1,-5.011912537E1,5.390825539E1
2.086145904E1,1.218997955E1,-1.586884308E1,-5.022908783E1,5.406826284E1
2.087139204E1,1.212796021E1,-1.611080933E1,-5.032344818E1,5.421342115E1
2.088132404E1,1.188872528E1,-1.588631439E1,-5.035553741E1,5.412390343E1
2.089125604E1,1.208952332E1,-1.579569244E1,-5.040795898E1,5.419061545E1
2.090118804E1,1.216931915E1,-1.579868317E1,-5.061325073E1,5.440029290E1
2.091112104E1,1.216117096E1,-1.601643372E1,-5.042233276E1,5.428472962E1
2.092105304E1,1.211663055E1,-1.586032104E1,-5.027917480E1,5.409582182E1
2.093098504E1,1.218640900E1,-1.622902679E1,-5.033405304E1,5.427160188E1
2.094091804E1,1.231742096E1,-1.608729553E1,-5.035263062E1,5.427621345E1
2.095085004E1,1.219081116E1,-1.633133698E1,-5.001940155E1,5.401174850E1
2.096078204E1,1.219119263E1,-1.603524017E1,-5.030072021E1,5.418409877E1
2.097071404E1,1.221870422E1,-1.628128815E1,-4.994112396E1,5.393044538E1
2.098064704E1,1.183747101E1,-1.595924377E1,-5.020788574E1,5.399680521E1
2.099057863E1,1.190331268E1,-1.603723145E1,-5.041798401E1,5.422964832E1
2.100051063E1,1.192940521E1,-1.556531525E1,-5.015246582E1,5.385034424E1
2.101044363E1,1.193995667E1,-1.599609375E1,-5.018975067E1,5.401341179E1
2.102037563E1,1.216535950E1,-1.571082306E1,-5.015336609E1,5.394614039E1
2.103030763E1,1.200323486E1,-1.606620789E1,-5.055977631E1,5.439201838E1
2.104024063E1,1.229000854E1,-1.576320648E1,-5.000670624E1,5.385344610E1
2.105017263E1,1.198170471E1,-1.614356232E1,-5.032424164E1,5.419137522E1
2.106010463E1,1.216110992E1,-1.617700958E1,-5.042803955E1,5.433760582E1
2.107003663E1,1.217450714E1,-1.625759888E1,-5.043549347E1,5.437156561E1
2.107996963E1,1.207668304E1,-1.573922729E1,-5.027278900E1,5.404556284E1
2.108990163E1,1.233739471E1,-1.620894623E1,-5.032235718E1,5.428886514E1
2.109983363E1,1.234946442E1,-1.586237335E1,-4.999008942E1,5.388073125E1
2.110976662E1,1.222642517E1,-1.607067108E1,-5.048822784E1,5.437658588E1
2.111969862E1,1.177068329E1,-1.592859650E1,-5.069450378E1,5.442611400E1
2.112963063E1,1.203924561E1,-1.612089539E1,-5.074997711E1,5.459291968E1
2.113956263E1,1.211054993E1,-1.575492096E1,-5.039295959E1,5.416948708E1
2.114949563E1,1.206742859E1,-1.606600189E1,-5.046760559E1,5.432051605E1
2.115942763E1,1.208478546E1,-1.598635864E1,-5.025539398E1,5.410369975E1
2.116935963E1,1.213831329E1,-1.602023315E1,-5.066030884E1,5.450186613E1
2.117929263E1,1.193410492E1,-1.589111328E1,-5.061480713E1,5.437654864E1
2.118922463E1,1.181906891E1,-1.622029877E1,-5.073442078E1,5.455978311E1
2.119915663E1,1.189003754E1,-1.598053741E1,-5.042591858E1,5.421737575E1
2.120908863E1,1.204660797E1,-1.619698334E1,-5.054343414E1,5.442519424E1
2.121902163E1,1.206922150E1,-1.593541718E1,-5.046001434E1,5.427537817E1
2.122895363E1,1.200097656E1,-1.604225159E1,-5.056172180E1,5.438625733E1
2.123888563E1,1.216111755E1,-1.588231659E1,-5.030134583E1,5.413285649E1
2.124881863E1,1.211590576E1,-1.633551788E1,-5.094309235E1,5.485292130E1
2.125875063E1,1.215415192E1,-1.632216644E1,-5.065961456E1,5.459425862E1
2.126868262E1,1.208638000E1,-1.632579803E1,-5.022384644E1,5.417607418E1
2.127861563E1,1.234924316E1,-1.592659760E1,-5.078582001E1,5.463844646E1
2.128854763E1,1.224656677E1,-1.588648224E1,-5.028793335E1,5.414088064E1
2.129847963E1,1.201142883E1,-1.618214417E1,-5.061761475E1,5.448191567E1
2.130841163E1,1.223548889E1,-1.604427338E1,-5.046974945E1,5.435367059E1
2.131834463E1,1.226167297E1,-1.623733521E1,-5.052828979E1,5.447116437E1
2.132827663E1,1.244062805E1,-1.627034760E1,-5.045795441E1,5.445639173E1
2.133820863E1,1.248423767E1,-1.634675598E1,-5.055877686E1,5.458262121E1
2.134814162E1,1.255749512E1,-1.618415833E1,-5.044734955E1,5.444770648E1
2.135807363E1,1.235500336E1,-1.631702423E1,-5.044403076E1,5.443796127E1
2.136800563E1,1.229779816E1,-1.617838287E1,-5.042291260E1,5.436401408E1
2.137793763E1,1.234707642E1,-1.614991760E1,-5.050114441E1,5.443928472E1
2.138787063E1,1.226165009E1,-1.593498993E1,-5.007975006E1,5.396529749E1
2.139780263E1,1.222218323E1,-1.584373474E1,-5.029042816E1,5.412515920E1
2.140773463E1,1.218898010E1,-1.584964752E1,-5.021415710E1,5.404853501E1
2.141766763E1,1.220349884E1,-1.588806915E1,-5.023339844E1,5.408096194E1
2.142759963E1,1.222862244E1,-1.587947845E1,-5.053136444E1,5.436097713E1
2.143753163E1,1.218546295E1,-1.600627136E1,-5.071923828E1,5.456305858E1
2.144746363E1,1.218593597E1,-1.623458099E1,-5.056488037E1,5.448729928E1
2.145739663E1,1.234523773E1,-1.635372162E1,-5.024720764E1,5.426445412E1
2.146732863E1,1.199089050E1,-1.623387146E1,-5.032894897E1,5.422474659E1
2.147726063E1,1.221852112E1,-1.619424438E1,-5.070582581E1,5.461342857E1
2.148719363E1,1.208728027E1,-1.647358704E1,-5.051731110E1,5.449293656E1
2.149712562E1,1.218943024E1,-1.629044342E1,-5.068336487E1,5.461468878E1
2.150705763E1,1.219122314E1,-1.618531036E1,-5.058696747E1,5.449432513E1
2.151698963E1,1.215505981E1,-1.608469391E1,-5.048442078E1,5.436119570E1
2.152692263E1,1.211525726E1,-1.616423035E1,-5.044509888E1,5.433939457E1
2.153685463E1,1.218716431E1,-1.629013062E1,-5.095768738E1,5.486876372E1
2.154678663E1,1.208957672E1,-1.631740570E1,-5.087068939E1,5.477447063E1
2.155671963E1,1.199742126E1,-1.598707581E1,-5.076484680E1,5.455817428E1
2.156665163E1,1.205160522E1,-1.608860016E1,-5.084614563E1,5.467554087E1
2.157658363E1,1.215551758E1,-1.569722748E1,-5.062826538E1,5.438180591E1
2.158651563E1,1.213687134E1,-1.599001312E1,-5.027320862E1,5.413298135E1
2.159644863E1,1.207421112E1,-1.594080353E1,-5.039508057E1,5.421770870E1
2.160638063E1,1.208068848E1,-1.609246063E1,-5.042459106E1,5.429134100E1
2.161631263E1,1.218836212E1,-1.618927765E1,-5.020381927E1,5.413937894E1
2.162624563E1,1.217111969E1,-1.598384857E1,-5.046370697E1,5.431579228E1
2.163617763E1,1.221955109E1,-1.593846130E1,-5.043880463E1,5.429019239E1
2.164610963E1,1.215798187E1,-1.616366577E1,-5.020915222E1,5.412984003E1
2.165604263E1,1.202384186E1,-1.590130615E1,-5.047283173E1,5.426721895E1
2.166597463E1,1.187371063E1,-1.614438629E1,-5.015945435E1,5.401478569E1
2.167590663E1,1.202459717E1,-1.619098663E1,-5.012736511E1,5.403232105E1
2.168583863E1,1.207691956E1,-1.653165436E1,-5.000737000E1,5.403595688E1
2.169577163E1,1.208201599E1,-1.605325317E1,-4.992507172E1,5.381630639E1
2.170570363E1,1.204884338E1,-1.617620850E1,-5.036502075E1,5.425384469E1
2.171563563E1,1.221026611E1,-1.565210724E1,-5.032798767E1,5.410162107E1
2.172556763E1,1.199133301E1,-1.615304565E1,-5.019437408E1,5.407576297E1
2.173550062E1,1.220509338E1,-1.595221710E1,-5.013571930E1,5.400951661E1
2.174543263E1,1.214278412E1,-1.626468658E1,-5.068688202E1,5.459988319E1
2.175536463E1,1.225482941E1,-1.605096436E1,-5.020115662E1,5.411072376E1
2.176529763E1,1.229386139E1,-1.656219482E1,-5.045265198E1,5.450610440E1
2.177522963E1,1.243851471E1,-1.627973938E1,-5.053385925E1,5.452905183E1
2.178516163E1,1.237523651E1,-1.653135681E1,-5.067153931E1,5.471779539E1
2.179509363E1,1.244902039E1,-1.609613037E1,-5.040418243E1,5.435664751E1
2.180502663E1,1.243750763E1,-1.610823822E1,-5.038167572E1,5.433672959E1
2.181495863E1,1.221824646E1,-1.595870972E1,-5.024306488E1,5.411406038E1
2.182489063E1,1.207371521E1,-1.616665649E1,-5.038667297E1,5.427662659E1
2.183482363E1,1.191617584E1,-1.578697205E1,-5.056812286E1,5.429879173E1
2.184475563E1,1.198000336E1,-1.592379761E1,-5.076103210E1,5.453228577E1
2.185468763E1,1.207139587E1,-1.601213837E1,-5.062402344E1,5.445088541E1
2.186461963E1,1.230789948E1,-1.639474487E1,-5.078069305E1,5.476267740E1
2.187455263E1,1.253250885E1,-1.599759674E1,-5.042786407E1,5.436870750E1
2.188448462E1,1.227955627E1,-1.629521179E1,-5.067639923E1,5.462983497E1
2.189441663E1,1.226810455E1,-1.596470642E1,-5.045900726E1,5.432761411E1
2.190434963E1,1.229724121E1,-1.610758209E1,-5.031836700E1,5.424586989E1
2.191428163E1,1.231330872E1,-1.612306976E1,-5.017241669E1,5.411877998E1
2.192421363E1,1.225142670E1,-1.619496155E1,-5.017869568E1,5.413202135E1
2.193414563E1,1.242255402E1,-1.607878876E1,-4.996385193E1,5.393731358E1
2.194407863E1,1.245446777E1,-1.625852203E1,-5.014008331E1,5.416162166E1
2.195401063E1,1.234867096E1,-1.593560791E1,-5.025705719E1,5.414983907E1
2.196394263E1,1.225188446E1,-1.626213074E1,-5.089625549E1,5.481782915E1
2.197387563E1,1.215560913E1,-1.611251831E1,-5.053957367E1,5.442077348E1
2.198380779E1,1.217441559E1,-1.628742981E1,-5.054028320E1,5.447767424E1
2.199373979E1,1.211825562E1,-1.608364105E1,-5.052707672E1,5.439228907E1
2.200367179E1,1.226529694E1,-1.615913391E1,-5.073694611E1,5.464240860E1
2.201360479E1,1.252678680E1,-1.593455505E1,-5.058580017E1,5.449544579E1
2.202353679E1,1.258462524E1,-1.616031647E1,-5.056632233E1,5.455714045E1
2.203346879E1,1.248498535E1,-1.603070068E1,-5.044061279E1,5.437934941E1
2.204340179E1,1.220581818E1,-1.611281586E1,-5.039860535E1,5.430123620E1
2.205333379E1,1.228990173E1,-1.633838654E1,-5.074754333E1,5.471103832E1
2.206326579E1,1.228096008E1,-1.627647400E1,-5.074134064E1,5.468481724E1
2.207319779E1,1.242901611E1,-1.605004120E1,-5.061035156E1,5.452973454E1
2.208313079E1,1.220756531E1,-1.616201019E1,-5.019075775E1,5.412344582E1
2.209306279E1,1.220181274E1,-1.607748413E1,-5.037108612E1,5.426431652E1
2.210299479E1,1.216645813E1,-1.619572449E1,-5.047663116E1,5.438947039E1
2.211292779E1,1.220861816E1,-1.607292175E1,-5.004312134E1,5.396019982E1
2.212285979E1,1.230725861E1,-1.619027710E1,-4.993514252E1,5.391764224E1
2.213279179E1,1.216645050E1,-1.597897339E1,-4.980213928E1,5.369919166E1
2.214272379E1,1.240323639E1,-1.614304352E1,-5.021304321E1,5.418291092E1
2.215265679E1,1.219164276E1,-1.604695892E1,-5.022379303E1,5.411626770E1
2.216258879E1,1.210791016E1,-1.582817078E1,-5.013613892E1,5.395150511E1
2.217252079E1,1.201025391E1,-1.611505127E1,-5.041326141E1,5.427188962E1
2.218245379E1,1.198767090E1,-1.591600037E1,-5.010440063E1,5.392100040E1
2.219238579E1,1.217969513E1,-1.593580627E1,-5.019446564E1,5.405348532E1
2.220231779E1,1.232394409E1,-1.587010956E1,-5.035387421E1,5.421487455E1
2.221224979E1,1.251309967E1,-1.587717438E1,-4.994358826E1,5.387972102E1
2.222218279E1,1.256576538E1,-1.572766113E1,-5.002114868E1,5.392006213E1
2.223211479E1,1.248650360E1,-1.587712860E1,-5.001010895E1,5.393521096E1
2.224204679E1,1.227293396E1,-1.586134338E1,-4.991622162E1,5.379438914E1
2.225197979E1,1.242842102E1,-1.588978577E1,-5.019384766E1,5.409596365E1
2.226191179E1,1.239976501E1,-1.595102692E1,-5.039041901E1,5.428981267E1
2.227184379E1,1.255155945E1,-1.596125793E1,-5.032962036E1,5.427130075E1
2.228177579E1,1.245205688E1,-1.571829224E1,-5.043581390E1,5.427605140E1
2.229170879E1,1.221933746E1,-1.598802948E1,-5.013735962E1,5.402484729E1
2.230164079E1,1.239897919E1,-1.591836548E1,-4.996918488E1,5.388922417E1
2.231157279E1,1.228390503E1,-1.613303375E1,-5.033851624E1,5.426910095E1
2.232150479E1,1.206935120E1,-1.605549622E1,-5.024237061E1,5.410863148E1
2.233143779E1,1.210769653E1,-1.598252869E1,-5.036368561E1,5.420828688E1
2.234136979E1,1.227748108E1,-1.593432617E1,-5.034288788E1,5.421296572E1
2.235130179E1,1.232598114E1,-1.623969269E1,-5.083126068E1,5.476745833E1
2.236123479E1,1.217855835E1,-1.600919342E1,-5.070217133E1,5.454650983E1
2.237116679E1,1.245339203E1,-1.615708160E1,-5.062378693E1,5.457935564E1
2.238109879E1,1.215837097E1,-1.615039825E1,-5.046614838E1,5.436445052E1
2.239103079E1,1.224217224E1,-1.632418823E1,-5.031523132E1,5.429523373E1
2.240096379E1,1.229309845E1,-1.601545715E1,-5.051272583E1,5.439807541E1
2.241089579E1,1.231414795E1,-1.614980316E1,-5.032365417E1,5.426715905E1
2.242082779E1,1.233305359E1,-1.578103638E1,-5.054650879E1,5.436998134E1
2.243076079E1,1.217738342E1,-1.610208893E1,-5.075914764E1,5.462652290E1
2.244069279E1,1.230433655E1,-1.592054749E1,-5.040402985E1,5.427178599E1
2.245062479E1,1.212812805E1,-1.618820953E1,-5.055941010E1,5.445551916E1
2.246055679E1,1.224182892E1,-1.603903198E1,-5.035664368E1,5.424854362E1
2.247048979E1,1.218782043E1,-1.626950836E1,-5.046762848E1,5.440791664E1
2.248042179E1,1.229667664E1,-1.598882294E1,-5.026264954E1,5.415888342E1
2.249035379E1,1.223537445E1,-1.623944092E1,-5.057814789E1,5.451213510E1
2.250028679E1,1.222927856E1,-1.602877045E1,-5.041484833E1,5.429671876E1
2.251021879E1,1.240576935E1,-1.626392365E1,-5.034133911E1,5.433846473E1
2.252015079E1,1.225713348E1,-1.591445160E1,-5.013194275E1,5.400665491E1
2.253008279E1,1.210318756E1,-1.617314911E1,-5.043088531E1,5.432616400E1
2.254001579E1,1.197797394E1,-1.580252075E1,-5.008687592E1,5.386916243E1
2.254994779E1,1.220861053E1,-1.603491974E1,-5.037450409E1,5.425642344E1
2.255987979E1,1.212361145E1,-1.577429199E1,-5.035154724E1,5.413952855E1
2.256981279E1,1.249056244E1,-1.585655212E1,-5.033068848E1,5.422750776E1
2.257974479E1,1.222435760E1,-1.553936005E1,-5.022290039E1,5.397449725E1
2.258967679E1,1.217361450E1,-1.573751831E1,-5.059938812E1,5.437062121E1
2.259960879E1,1.220906830E1,-1.547820282E1,-5.044918060E1,5.416415729E1
2.260954179E1,1.220954132E1,-1.580767059E1,-5.038410950E1,5.419883614E1
2.261947379E1,1.237674713E1,-1.572607422E1,-5.054351044E1,5.436119689E1
2.262940579E1,1.226706696E1,-1.591743469E1,-5.042041016E1,5.427765119E1
2.263933779E1,1.224887848E1,-1.561600494E1,-5.032590485E1,5.409797901E1
2.264927079E1,1.230433655E1,-1.606681061E1,-5.055764771E1,5.445745902E1
2.265920279E1,1.219651794E1,-1.590222931E1,-5.009107971E1,5.395138750E1
2.266913479E1,1.212427521E1,-1.617686462E1,-5.008894348E1,5.401473186E1
2.267906779E1,1.208126831E1,-1.571954346E1,-5.015135193E1,5.392790735E1
2.268899979E1,1.197025299E1,-1.602076721E1,-5.034490967E1,5.417159651E1
2.269893179E1,1.206794739E1,-1.578671265E1,-5.021216583E1,5.400108562E1
2.270886379E1,1.207608795E1,-1.621917725E1,-5.059707642E1,5.448814323E1
2.271879679E1,1.217396545E1,-1.591059875E1,-5.035688782E1,5.419565239E1
2.272872879E1,1.220713043E1,-1.603490448E1,-5.069152069E1,5.455054963E1
2.273866079E1,1.224304962E1,-1.579424286E1,-5.058268738E1,5.438711827E1
2.274859279E1,1.205171967E1,-1.590867615E1,-5.085042572E1,5.462687726E1
2.275852579E1,1.231094360E1,-1.590541840E1,-5.077060699E1,5.460948820E1
2.276845779E1,1.228524780E1,-1.602179718E1,-5.068336487E1,5.455665654E1
2.277838979E1,1.210951233E1,-1.591353607E1,-5.011693573E1,5.395913422E1
2.278832279E1,1.224004364E1,-1.590401459E1,-5.057713318E1,5.441325894E1
2.279825479E1,1.232167816E1,-1.563206482E1,-5.037856293E1,5.416811614E1
2.280818679E1,1.226460266E1,-1.583581543E1,-5.057567596E1,5.439754156E1
2.281811879E1,1.224025726E1,-1.593750000E1,-5.076626587E1,5.459891532E1
2.282805179E1,1.202991486E1,-1.608917999E1,-5.049678040E1,5.434616265E1
2.283798379E1,1.245550537E1,-1.584078979E1,-5.039723969E1,5.427662483E1
2.284791579E1,1.217669678E1,-1.582550049E1,-5.055887604E1,5.435916074E1
2.285784879E1,1.221828461E1,-1.566555023E1,-5.032550049E1,5.410500848E1
2.286778079E1,1.221926880E1,-1.563034821E1,-5.061745453E1,5.436676391E1
2.287771279E1,1.227919006E1,-1.581178284E1,-5.062707520E1,5.444163598E1
2.288764479E1,1.229462433E1,-1.580749512E1,-5.081793213E1,5.462139613E1
2.289757779E1,1.226638794E1,-1.592473602E1,-5.078311920E1,5.461672534E1
2.290750979E1,1.231700897E1,-1.586802673E1,-5.045959473E1,5.431089838E1
2.291744179E1,1.214701843E1,-1.591032410E1,-5.051872253E1,5.433994660E1
2.292737379E1,1.246171570E1,-1.590524292E1,-5.035099030E1,5.425397068E1
2.293730679E1,1.209335327E1,-1.589517212E1,-5.038455963E1,5.419879647E1
2.294723879E1,1.221910858E1,-1.587286377E1,-5.036495209E1,5.420223997E1
2.295717079E1,1.223513031E1,-1.593106079E1,-5.052646637E1,5.437297964E1
2.296710379E1,1.230751801E1,-1.573350525E1,-5.041825867E1,5.423116257E1
2.297703579E1,1.230943298E1,-1.609835815E1,-5.015934753E1,5.409842346E1
2.298696750E1,1.215638733E1,-1.597648621E1,-5.028411102E1,5.414349163E1
2.299689950E1,1.216287994E1,-1.572912598E1,-5.029335785E1,5.408107706E1
2.300683250E1,1.194971466E1,-1.595316315E1,-5.036679840E1,5.416745772E1
2.301676450E1,1.206129456E1,-1.588961792E1,-4.993308258E1,5.377050790E1
2.302669650E1,1.222459412E1,-1.601016998E1,-4.983043671E1,5.374791779E1
2.303662850E1,1.249735260E1,-1.599631500E1,-5.015626526E1,5.410838069E1
2.304656150E1,1.213168335E1,-1.575680542E1,-5.024162292E1,5.403402014E1
2.305649350E1,1.218495178E1,-1.588912201E1,-5.017924500E1,5.402678851E1
2.306642550E1,1.222814941E1,-1.588710022E1,-4.995465088E1,5.382745337E1
2.307635850E1,1.217694092E1,-1.592861938E1,-5.007028198E1,5.393544237E1
2.308629050E1,1.237413788E1,-1.595444489E1,-4.989585114E1,5.382619771E1
2.309622250E1,1.228008270E1,-1.594636536E1,-5.018647766E1,5.407189232E1
2.310615450E1,1.238097382E1,-1.596378326E1,-4.995473480E1,5.388512242E1
2.311608750E1,1.216452789E1,-1.593192291E1,-5.005508423E1,5.391950819E1
2.312601950E1,1.238535309E1,-1.585902405E1,-4.987632751E1,5.378246611E1
2.313595150E1,1.236390686E1,-1.601247406E1,-5.021492004E1,5.413689789E1
2.314588350E1,1.220563507E1,-1.583669281E1,-5.034266663E1,5.416790978E1
2.315581650E1,1.238075256E1,-1.566194916E1,-4.993964386E1,5.378241083E1
2.316574850E1,1.225628662E1,-1.589832306E1,-5.007433319E1,5.394823521E1
2.317568050E1,1.220983124E1,-1.572615814E1,-5.021453094E1,5.401750778E1
2.318561350E1,1.226021576E1,-1.600350952E1,-5.001684570E1,5.392689553E1
2.319554550E1,1.231420135E1,-1.574784088E1,-5.009156036E1,5.393327792E1
2.320547750E1,1.219023132E1,-1.595928192E1,-5.018714905E1,5.405599272E1
2.321540950E1,1.210926819E1,-1.564916992E1,-5.031860352E1,5.406933285E1
2.322534250E1,1.224009705E1,-1.632431793E1,-5.066891479E1,5.462272657E1
2.323527450E1,1.224922180E1,-1.602264404E1,-5.031050110E1,5.420253756E1
2.324520650E1,1.181630707E1,-1.619016266E1,-5.007229614E1,5.393497308E1
2.325513850E1,1.233962250E1,-1.582980347E1,-5.014774323E1,5.401523037E1
2.326507150E1,1.190235138E1,-1.624420166E1,-5.059751129E1,5.445776533E1
2.327500350E1,1.191016388E1,-1.613317871E1,-5.011836243E1,5.398130891E1
2.328493550E1,1.183966064E1,-1.634675598E1,-5.043614197E1,5.432493361E1
2.329486850E1,1.222837067E1,-1.584970093E1,-5.029274750E1,5.413045833E1
2.330480050E1,1.223403168E1,-1.610960388E1,-5.030067444E1,5.421576078E1
2.331473250E1,1.224635315E1,-1.577988434E1,-4.999609375E1,5.383852993E1
2.332466450E1,1.225444031E1,-1.612132263E1,-5.010227966E1,5.403986286E1
2.333459750E1,1.227452850E1,-1.590236664E1,-5.005320740E1,5.393396783E1
2.334452950E1,1.219776154E1,-1.609410858E1,-5.038810730E1,5.428413281E1
2.335446150E1,1.220549774E1,-1.582147217E1,-5.009181976E1,5.393035846E1
2.336439350E1,1.213735199E1,-1.590969849E1,-5.032836151E1,5.416066646E1
2.337432650E1,1.201682281E1,-1.547586060E1,-5.005364990E1,5.375196890E1
2.338425850E1,1.194723511E1,-1.589178467E1,-5.030553436E1,5.409188510E1
2.339419050E1,1.200123596E1,-1.586823273E1,-5.024066162E1,5.403660384E1
2.340412350E1,1.173534393E1,-1.604840851E1,-5.057690430E1,5.434420817E1
2.341405550E1,1.200175476E1,-1.598584747E1,-5.012290192E1,5.396197488E1
2.342398750E1,1.209885406E1,-1.620133972E1,-5.025544739E1,5.417080090E1
2.343391950E1,1.226022339E1,-1.590914917E1,-4.954666901E1,5.346294525E1
2.344385250E1,1.213374329E1,-1.615232849E1,-5.039880371E1,5.429700597E1
2.345378450E1,1.204241943E1,-1.601424408E1,-5.015808868E1,5.401212586E1
2.346371650E1,1.216762543E1,-1.604039001E1,-5.028708649E1,5.416766829E1
2.347364850E1,1.247368622E1,-1.563689423E1,-5.035114288E1,5.417880488E1
2.348358150E1,1.218807220E1,-1.582567596E1,-5.053559113E1,5.434010576E1
2.349351350E1,1.221362305E1,-1.586104584E1,-5.034705353E1,5.418091142E1
2.350344550E1,1.191611481E1,-1.614253998E1,-5.018601990E1,5.404823755E1
2.351337850E1,1.213175201E1,-1.594133759E1,-5.021294403E1,5.406149646E1
2.352331050E1,1.224734497E1,-1.591553497E1,-5.016013336E1,5.403092347E1
2.353324250E1,1.212594604E1,-1.595838165E1,-4.986799622E1,5.374500497E1
2.354317450E1,1.223936462E1,-1.600678253E1,-4.977977753E1,5.370330887E1
2.355310750E1,1.238521576E1,-1.593915558E1,-5.007300568E1,5.398848162E1
2.356303950E1,1.233186340E1,-1.608716583E1,-5.052076721E1,5.443546343E1
2.357297150E1,1.225581360E1,-1.604262543E1,-5.000477600E1,5.392632400E1
2.358290350E1,1.221506500E1,-1.591886902E1,-5.010218811E1,5.397080190E1
2.359283650E1,1.223744965E1,-1.576361847E1,-5.000253296E1,5.383772045E1
2.360276850E1,1.227734375E1,-1.582288361E1,-5.028620148E1,5.412761656E1
2.361270050E1,1.231591034E1,-1.580679321E1,-5.057797241E1,5.440282761E1
2.362263350E1,1.223899078E1,-1.579626465E1,-5.048470306E1,5.429567308E1
2.363256550E1,1.220845032E1,-1.561463165E1,-5.044889069E1,5.420289247E1
2.364249750E1,1.224972534E1,-1.574847412E1,-5.067104340E1,5.445755087E1
2.365242950E1,1.234288025E1,-1.579259491E1,-5.037014771E1,5.421166412E1
2.366236250E1,1.221499634E1,-1.582260132E1,-5.024626923E1,5.407632032E1
2.367229450E1,1.218804169E1,-1.581767273E1,-5.022132874E1,5.404561953E1
2.368222650E1,1.237998199E1,-1.555723572E1,-5.003278351E1,5.383837816E1
2.369215850E1,1.239775848E1,-1.561842346E1,-5.014673615E1,5.396605148E1
2.370209150E1,1.232998657E1,-1.587496185E1,-5.025248718E1,5.412352031E1
2.371202350E1,1.251557922E1,-1.594270325E1,-5.029169464E1,5.422235757E1
2.372195550E1,1.243013763E1,-1.601832581E1,-5.021823120E1,5.415686317E1
2.373188750E1,1.250896454E1,-1.620633698E1,-5.035951233E1,5.436175157E1
2.374182050E1,1.244981384E1,-1.596058655E1,-5.021329498E1,5.413975601E1
2.375175250E1,1.226580048E1,-1.600636292E1,-5.048763275E1,5.436593213E1
2.376168450E1,1.240054321E1,-1.592604065E1,-5.021300507E1,5.411800182E1
2.377161750E1,1.254766846E1,-1.579084778E1,-5.025765991E1,5.415373706E1
2.378154950E1,1.246987915E1,-1.589813232E1,-5.034410858E1,5.424737566E1
2.379148150E1,1.228804016E1,-1.578601074E1,-5.034189606E1,5.417103068E1
2.380141350E1,1.223071289E1,-1.579535675E1,-5.040246582E1,5.421708396E1
2.381134650E1,1.220298767E1,-1.587403870E1,-5.034973907E1,5.418481556E1
2.382127850E1,1.227352905E1,-1.570503998E1,-5.030233002E1,5.410741355E1
2.383121050E1,1.201744843E1,-1.580852509E1,-5.039768219E1,5.416876316E1
2.384114250E1,1.231274414E1,-1.583280182E1,-5.002787018E1,5.389869271E1
2.385107550E1,1.250358582E1,-1.596437073E1,-5.048799896E1,5.440807688E1
2.386100750E1,1.253305054E1,-1.582625580E1,-5.001411438E1,5.393476954E1
2.387093950E1,1.251931763E1,-1.593838501E1,-4.971240997E1,5.368509231E1
2.388087250E1,1.245086670E1,-1.600173950E1,-4.982889557E1,5.379589745E1
2.389080450E1,1.235267639E1,-1.596147919E1,-5.003440857E1,5.395182548E1
2.390073650E1,1.240578461E1,-1.587250519E1,-5.010650635E1,5.400464694E1
2.391066850E1,1.220913696E1,-1.600382233E1,-5.054061127E1,5.440164282E1
2.392060150E1,1.257117462E1,-1.591757202E1,-4.990853882E1,5.387268118E1
2.393053350E1,1.239045715E1,-1.617475891E1,-5.021350098E1,5.418986930E1
2.394046550E1,1.237650299E1,-1.584596252E1,-5.020108032E1,5.407791435E1
2.395039750E1,1.224044800E1,-1.610550690E1,-5.027533722E1,5.419248520E1
2.396033050E1,1.246366882E1,-1.585924530E1,-5.024597168E1,5.414347950E1
2.397026250E1,1.237194061E1,-1.601647949E1,-4.998654938E1,5.392817120E1
2.398019450E1,1.252409363E1,-1.596672821E1,-5.019245911E1,5.413937829E1
2.399012650E1,1.229899597E1,-1.601427460E1,-5.038341522E1,5.427900904E1
2.400005950E1,1.233379364E1,-1.563465118E1,-4.989319611E1,5.372053426E1
2.400999150E1,1.242517853E1,-1.598600769E1,-5.018612671E1,5.411640063E1
2.401992350E1,1.216903687E1,-1.562842560E1,-5.003698730E1,5.381480506E1
2.402985550E1,1.212477112E1,-1.595949554E1,-5.017931366E1,5.403405493E1
2.403978850E1,1.227716827E1,-1.580123901E1,-5.010159302E1,5.394976958E1
2.404972050E1,1.226306915E1,-1.608625793E1,-5.024893188E1,5.416738608E1
2.405965250E1,1.243402100E1,-1.567044067E1,-5.024767303E1,5.408323432E1
2.406958550E1,1.224467468E1,-1.589598083E1,-5.045754242E1,5.430080894E1
2.407951750E1,1.244982147E1,-1.576271057E1,-5.063082123E1,5.446963519E1
2.408944950E1,1.218878174E1,-1.576831818E1,-5.037592316E1,5.417508553E1
2.409938150E1,1.251079559E1,-1.559625244E1,-5.014318085E1,5.398242012E1
2.410931450E1,1.215155792E1,-1.594139099E1,-5.031204224E1,5.415800865E1
2.411924650E1,1.209815216E1,-1.585591125E1,-5.038044739E1,5.418454287E1
2.412917850E1,1.227923584E1,-1.600154877E1,-5.042042542E1,5.430514243E1
2.413911050E1,1.245996857E1,-1.567092896E1,-5.049311066E1,5.431742865E1
2.414904350E1,1.254296875E1,-1.590388489E1,-5.054136658E1,5.444896101E1
2.415897550E1,1.238702393E1,-1.562590027E1,-5.023532867E1,5.404808385E1
2.416890750E1,1.226085663E1,-1.603679657E1,-5.024672699E1,5.415017103E1
2.417883950E1,1.243309784E1,-1.559957123E1,-5.002665710E1,5.385717190E1
2.418877250E1,1.250487518E1,-1.570701599E1,-5.030492401E1,5.416334216E1
2.419870450E1,1.244144440E1,-1.567167664E1,-5.014212036E1,5.398725055E1
2.420863650E1,1.250799561E1,-1.587707520E1,-5.022715759E1,5.414147053E1
2.421856850E1,1.240477753E1,-1.563463593E1,-5.001018524E1,5.384551025E1
2.422850150E1,1.233142853E1,-1.588269806E1,-5.032688904E1,5.419520262E1
2.423843350E1,1.245101929E1,-1.554608154E1,-5.029721069E1,5.409730064E1
2.424836550E1,1.222096252E1,-1.583222961E1,-5.057704926E1,5.438795208E1
2.425829850E1,1.259827423E1,-1.569134521E1,-5.030918121E1,5.418439390E1
2.426823050E1,1.225692749E1,-1.574120331E1,-5.044939423E1,5.425089060E1
2.427816250E1,1.235139465E1,-1.543119812E1,-5.043847656E1,5.417304443E1
2.428809450E1,1.236461639E1,-1.570721436E1,-5.036082458E1,5.418314290E1
2.429802750E1,1.232096863E1,-1.565040588E1,-5.008466339E1,5.390004619E1
2.430795950E1,1.229092407E1,-1.579688263E1,-5.046117401E1,5.428571081E1
2.431789150E1,1.226187897E1,-1.567022705E1,-5.040545654E1,5.419058720E1
2.432782350E1,1.209500122E1,-1.607033539E1,-5.071628571E1,5.455901731E1
2.433775650E1,1.222611237E1,-1.588624573E1,-5.063308716E1,5.445695678E1
2.434768850E1,1.239408112E1,-1.579331970E1,-5.042350769E1,5.427312707E1
2.435762050E1,1.231277466E1,-1.583039856E1,-5.035210419E1,5.419908057E1
2.436755350E1,1.219641113E1,-1.579319000E1,-5.052816772E1,5.432562037E1
2.437748550E1,1.244514465E1,-1.583123016E1,-5.040578461E1,5.427939384E1
2.438741750E1,1.251854706E1,-1.608213043E1,-5.062999725E1,5.457788528E1
2.439734950E1,1.230005646E1,-1.587515259E1,-5.080704498E1,5.463211215E1
2.440728250E1,1.233148956E1,-1.594783783E1,-5.049503326E1,5.437046579E1
2.441721450E1,1.234571075E1,-1.591874695E1,-5.041796875E1,5.429359678E1
2.442714650E1,1.217067719E1,-1.598226166E1,-5.040138245E1,5.425732599E1
2.443707850E1,1.229835510E1,-1.584339142E1,-5.065127563E1,5.447764967E1
2.444701150E1,1.255100250E1,-1.570014191E1,-5.066676331E1,5.450819226E1
2.445694350E1,1.234396362E1,-1.581277466E1,-5.030789185E1,5.415995995E1
2.446687550E1,1.230504608E1,-1.602823639E1,-5.041753387E1,5.431616926E1
2.447680750E1,1.217911530E1,-1.564872742E1,-5.058952332E1,5.433703515E1
2.448674050E1,1.227511597E1,-1.574670410E1,-5.067316437E1,5.446472940E1
2.449667250E1,1.233644104E1,-1.582403564E1,-5.049758911E1,5.433778048E1
2.450660450E1,1.231584167E1,-1.570198059E1,-5.062366486E1,5.441495745E1
2.451653650E1,1.224983215E1,-1.554371643E1,-5.035729218E1,5.410658355E1
2.452646950E1,1.221717072E1,-1.551375580E1,-5.045104980E1,5.417789499E1
2.453640150E1,1.214820862E1,-1.604443359E1,-5.068135071E1,5.453074483E1
2.454633350E1,1.233501434E1,-1.566619110E1,-5.078540802E1,5.455950687E1
2.455626550E1,1.204737091E1,-1.588594818E1,-5.053755951E1,5.432814571E1
2.456619850E1,1.210155487E1,-1.573273468E1,-5.068067169E1,5.442882558E1
2.457613050E1,1.230712891E1,-1.602251434E1,-5.046984100E1,5.436351018E1
2.458606250E1,1.230613708E1,-1.585757446E1,-5.031806183E1,5.417389615E1
2.459599550E1,1.252286530E1,-1.589475250E1,-5.027911377E1,5.419828958E1
2.460592750E1,1.220883179E1,-1.593459320E1,-5.020999146E1,5.407411651E1
2.461585950E1,1.258135223E1,-1.579185486E1,-5.025372314E1,5.415819231E1
2.462579150E1,1.255047607E1,-1.602549744E1,-5.027597809E1,5.424025249E1
2.463572450E1,1.236845398E1,-1.619759369E1,-5.034702301E1,5.431540685E1
2.464565650E1,1.252521515E1,-1.591731262E1,-5.051404572E1,5.442343861E1
2.465558850E1,1.240385437E1,-1.607750702E1,-5.059928131E1,5.452182228E1
2.466552050E1,1.228277588E1,-1.593251801E1,-5.088808441E1,5.472027822E1
2.467545350E1,1.218389893E1,-1.608506012E1,-5.071125793E1,5.457845943E1
2.468538550E1,1.206787109E1,-1.589215088E1,-5.041529083E1,5.422080341E1
2.469531750E1,1.221601105E1,-1.625560760E1,-5.061750793E1,5.454913211E1
2.470524950E1,1.231877136E1,-1.572310638E1,-5.057211304E1,5.437376959E1
2.471518250E1,1.224500275E1,-1.590482330E1,-5.062677765E1,5.446075754E1
2.472511450E1,1.244882965E1,-1.560337830E1,-5.045846558E1,5.426320597E1
2.473504650E1,1.232562256E1,-1.592494965E1,-5.034772491E1,5.422562491E1
2.474497850E1,1.231044006E1,-1.553302002E1,-4.993112946E1,5.372093944E1
2.475491150E1,1.228730774E1,-1.568600464E1,-5.033742523E1,5.413764912E1
2.476484350E1,1.249986267E1,-1.529479218E1,-5.043646240E1,5.416653925E1
2.477477550E1,1.220588684E1,-1.598107910E1,-5.042834473E1,5.428993014E1
2.478470750E1,1.223822021E1,-1.572576904E1,-5.082257843E1,5.458945250E1
2.479464050E1,1.208882141E1,-1.591538239E1,-5.087873840E1,5.466337916E1
2.480457250E1,1.223625183E1,-1.553462219E1,-5.040455627E1,5.414489485E1
2.481450450E1,1.220849609E1,-1.587995148E1,-5.044236755E1,5.427386738E1
2.482443650E1,1.202950287E1,-1.541095734E1,-5.053590393E1,5.418564507E1
2.483436950E1,1.204705048E1,-1.609172058E1,-5.070027161E1,5.453982432E1
2.484430150E1,1.223896790E1,-1.598966980E1,-5.026979065E1,5.415268901E1
2.485423350E1,1.230385590E1,-1.611029816E1,-5.056871033E1,5.448046476E1
2.486416650E1,1.248760223E1,-1.568741608E1,-5.019762421E1,5.405401658E1
2.487409850E1,1.229284668E1,-1.597451019E1,-5.011045837E1,5.401256422E1
2.488403050E1,1.249636078E1,-1.607946777E1,-5.020997620E1,5.418256201E1
2.489396250E1,1.228469086E1,-1.622183228E1,-5.033129883E1,5.428905151E1
2.490389550E1,1.204759979E1,-1.595734406E1,-5.010464478E1,5.394679711E1
2.491382750E1,1.177693176E1,-1.591529846E1,-5.033654785E1,5.409030317E1
2.492375950E1,1.199885559E1,-1.581593323E1,-5.012430573E1,5.391254310E1
2.493369150E1,1.197138977E1,-1.605342865E1,-5.030087280E1,5.414059982E1
2.494362450E1,1.206828308E1,-1.587663269E1,-5.027592468E1,5.408677773E1
2.495355650E1,1.206010437E1,-1.595102692E1,-5.027229309E1,5.410346412E1
2.496348850E1,1.221852875E1,-1.620691681E1,-5.042144012E1,5.435327241E1
2.497342050E1,1.219757843E1,-1.612625885E1,-5.057456970E1,5.446672603E1
2.498335350E1,1.206851196E1,-1.613049316E1,-5.064110565E1,5.450104010E1
2.499328538E1,1.215025330E1,-1.600806427E1,-5.013681793E1,5.401469512E1
2.500321738E1,1.219507599E1,-1.596351624E1,-5.042414856E1,5.427843482E1
2.501314938E1,1.219507599E1,-1.596351624E1,-5.042414856E1,5.427843482E1
2.502308238E1,1.210559845E1,-1.600754547E1,-5.078012848E1,5.460227536E1
2.503301438E1,1.245872498E1,-1.570333862E1,-5.055690002E1,5.438579605E1
2.504294638E1,1.218395996E1,-1.585557556E1,-5.041539001E1,5.423614761E1
2.505287838E1,1.212798309E1,-1.610769653E1,-5.029847717E1,5.418932245E1
2.506281137E1,1.197496033E1,-1.639578247E1,-5.056901550E1,5.449262965E1
2.507274337E1,1.224123383E1,-1.638990784E1,-5.020803833E1,5.421553281E1
2.508267538E1,1.212604523E1,-1.639083862E1,-5.043801880E1,5.440307256E1
2.509260738E1,1.214166260E1,-1.627274323E1,-5.063349915E1,5.455248279E1
2.510254038E1,1.209612274E1,-1.637964630E1,-5.053959656E1,5.448724455E1
2.511247238E1,1.210744476E1,-1.604697418E1,-5.049131012E1,5.434581858E1
2.512240438E1,1.207674408E1,-1.620606232E1,-5.040380859E1,5.430495488E1
2.513233638E1,1.222476959E1,-1.595025635E1,-5.042683411E1,5.428371088E1
2.514226938E1,1.208807373E1,-1.598107910E1,-5.055075073E1,5.437733733E1
2.515220138E1,1.206159210E1,-1.605020142E1,-5.033872223E1,5.419481456E1
2.516213338E1,1.195317841E1,-1.620935059E1,-5.012781525E1,5.402239704E1
2.517206538E1,1.224427795E1,-1.596753693E1,-5.049962616E1,5.436080224E1
2.518199838E1,1.202185059E1,-1.579788971E1,-5.049842834E1,5.426038588E1
2.519193038E1,1.198473358E1,-1.593984222E1,-5.030205536E1,5.411108188E1
2.520186238E1,1.208365631E1,-1.589736938E1,-5.024977112E1,5.407199461E1
2.521179438E1,1.208214569E1,-1.588237762E1,-5.045994568E1,5.426264167E1
2.522172737E1,1.213902283E1,-1.587201691E1,-5.067932892E1,5.447633592E1
2.523165938E1,1.187979126E1,-1.605165863E1,-5.017886353E1,5.400651377E1
2.524159138E1,1.195838928E1,-1.594548035E1,-5.037593842E1,5.417560880E1
2.525152438E1,1.180503082E1,-1.610851288E1,-5.027452087E1,5.409593690E1
2.526145638E1,1.215100861E1,-1.589572906E1,-5.010816956E1,5.395507269E1
2.527138838E1,1.220343018E1,-1.586338806E1,-5.033322144E1,5.416644689E1
2.528132038E1,1.229711914E1,-1.579779816E1,-5.030677795E1,5.414389600E1
2.529125338E1,1.221663666E1,-1.594801331E1,-5.044036102E1,5.429378749E1
2.530118538E1,1.226168060E1,-1.596883392E1,-5.043427277E1,5.430440440E1
2.531111738E1,1.208910370E1,-1.579905701E1,-5.067358398E1,5.443866957E1
2.532104938E1,1.213686371E1,-1.567105865E1,-5.058857727E1,5.433313621E1
2.533098238E1,1.198044586E1,-1.599289703E1,-5.041062164E1,5.422669650E1
2.534091438E1,1.205097198E1,-1.596380615E1,-5.032347107E1,5.415275407E1
2.535084638E1,1.216048431E1,-1.618980408E1,-5.014192200E1,5.407586778E1
2.536077838E1,1.227554321E1,-1.579769897E1,-5.022041321E1,5.405872878E1
2.537071137E1,1.206167603E1,-1.591020203E1,-5.047766113E1,5.428271208E1
2.538064337E1,1.218647003E1,-1.566963196E1,-5.020493317E1,5.398687555E1
2.539057538E1,1.237012482E1,-1.610388947E1,-5.041508484E1,5.435104436E1
2.540050738E1,1.238409424E1,-1.576815796E1,-5.042771912E1,5.426744375E1
2.541044038E1,1.228896332E1,-1.613763428E1,-5.066801453E1,5.457737219E1
2.542037238E1,1.226498413E1,-1.597540283E1,-5.051186371E1,5.437914772E1
2.543030438E1,1.212556458E1,-1.617240906E1,-5.064024353E1,5.452531885E1
2.544023638E1,1.217370605E1,-1.587223816E1,-5.023122406E1,5.406757747E1
2.545016938E1,1.214342499E1,-1.612444305E1,-5.036423492E1,5.425879278E1
2.546010138E1,1.210023499E1,-1.579063416E1,-5.027493286E1,5.406781564E1
2.547003338E1,1.214425659E1,-1.602474213E1,-5.048765564E1,5.434407696E1
2.547996538E1,1.228332520E1,-1.546622467E1,-5.007905579E1,5.383303829E1
2.548989838E1,1.225643921E1,-1.589556885E1,-5.038461304E1,5.423558465E1
2.549983038E1,1.243321228E1,-1.562545776E1,-5.002391052E1,5.386215111E1
2.550976238E1,1.215140533E1,-1.582339478E1,-5.040582275E1,5.421054733E1
2.551969438E1,1.238706207E1,-1.550727081E1,-5.044726562E1,5.421108156E1
2.552962737E1,1.217399597E1,-1.573832703E1,-5.032022095E1,5.411123499E1
2.553955937E1,1.221511841E1,-1.566362000E1,-5.030028534E1,5.408028120E1
2.554949138E1,1.212493896E1,-1.577419281E1,-5.020156097E1,5.400033359E1
2.555942338E1,1.213852692E1,-1.573086548E1,-5.023213959E1,5.401918004E1
2.556935638E1,1.215866089E1,-1.596755219E1,-5.043632507E1,5.428276563E1
2.557928838E1,1.221746826E1,-1.573652649E1,-4.999385834E1,5.381719677E1
2.558922038E1,1.240685272E1,-1.611550140E1,-5.023413849E1,5.419509249E1
2.559915238E1,1.241497040E1,-1.578385162E1,-5.026969910E1,5.413228343E1
2.560908538E1,1.222014618E1,-1.586262512E1,-5.025159454E1,5.409415498E1
2.561901738E1,1.220578766E1,-1.566438293E1,-4.988438416E1,5.369176778E1
2.562894938E1,1.223425293E1,-1.609575653E1,-5.040242004E1,5.430611632E1
2.563888138E1,1.230149841E1,-1.599573517E1,-5.000206757E1,5.392028531E1
2.564881438E1,1.227461243E1,-1.603532410E1,-4.988502502E1,5.381740844E1
2.565874638E1,1.221513367E1,-1.572328186E1,-5.003859711E1,5.385436179E1
2.566867838E1,1.221943665E1,-1.604734802E1,-5.010836029E1,5.401555129E1
2.567861038E1,1.234000397E1,-1.583985138E1,-4.978398895E1,5.368074278E1
2.568854337E1,1.222795868E1,-1.588989258E1,-5.009543610E1,5.395891379E1
2.569847538E1,1.241341400E1,-1.566169739E1,-4.974536896E1,5.360954528E1
2.570840738E1,1.236361694E1,-1.600170135E1,-5.011403656E1,5.404007893E1
2.571833938E1,1.252495575E1,-1.564541626E1,-4.991326904E1,5.378650382E1
2.572827238E1,1.254442596E1,-1.590100861E1,-4.996163177E1,5.391075354E1
2.573820438E1,1.234725952E1,-1.551219177E1,-5.013145447E1,5.390960618E1
2.574813638E1,1.215447998E1,-1.581053925E1,-5.021326447E1,5.402847826E1
2.575806838E1,1.218465424E1,-1.585612488E1,-5.039388275E1,5.421647272E1
2.576800138E1,1.245991516E1,-1.588637543E1,-5.054872894E1,5.443161221E1
2.577793338E1,1.226856995E1,-1.571252441E1,-5.063168335E1,5.441478283E1
2.578786538E1,1.199503326E1,-1.575503540E1,-5.073809814E1,5.446518674E1
2.579779738E1,1.195885468E1,-1.569546509E1,-5.042564392E1,5.414893715E1
2.580773038E1,1.209278870E1,-1.583115387E1,-5.048918152E1,5.427723668E1
2.581766238E1,1.241782379E1,-1.576805115E1,-5.020647430E1,5.406962037E1
2.582759438E1,1.229516602E1,-1.570105743E1,-5.009826660E1,5.392152287E1
2.583752638E1,1.227659607E1,-1.590724945E1,-5.000688171E1,5.389289021E1
2.584745937E1,1.239830780E1,-1.573052979E1,-5.045358276E1,5.428380622E1
2.585739138E1,1.248847198E1,-1.584924316E1,-5.048357391E1,5.436682515E1
2.586732338E1,1.262245941E1,-1.566112518E1,-5.061899567E1,5.446907422E1
2.587725538E1,1.253487396E1,-1.575238037E1,-5.033827972E1,5.421441652E1
2.588718838E1,1.237697601E1,-1.585197449E1,-5.036567688E1,5.423261047E1
2.589712038E1,1.234851074E1,-1.590669250E1,-5.047361755E1,5.434238358E1
2.590705238E1,1.229395294E1,-1.593711090E1,-5.032713318E1,5.420288845E1
2.591698437E1,1.224417114E1,-1.559479523E1,-5.039084625E1,5.415122114E1
2.592691738E1,1.207289886E1,-1.572527313E1,-5.037093353E1,5.413196881E1
2.593684938E1,1.227720642E1,-1.554762268E1,-5.025290680E1,5.401678452E1
2.594678138E1,1.215393066E1,-1.587482452E1,-5.031807709E1,5.414459314E1
2.595671338E1,1.236296082E1,-1.592502594E1,-5.048565674E1,5.436221838E1
2.596664638E1,1.222710419E1,-1.573796844E1,-5.043578339E1,5.423056309E1
2.597657838E1,1.241428375E1,-1.592440033E1,-4.974909210E1,5.369053112E1
2.598651025E1,1.218881226E1,-1.559303284E1,-4.987532806E1,5.365871939E1
2.599644225E1,1.224570465E1,-1.561874390E1,-5.023703003E1,5.401538327E1
2.600637525E1,1.235293579E1,-1.572951508E1,-5.043983459E1,5.426038685E1
2.601630725E1,1.240270233E1,-1.584171295E1,-5.029537964E1,5.417021421E1
2.602623925E1,1.248143768E1,-1.586565399E1,-4.995108032E1,5.387592866E1
2.603617125E1,1.235447693E1,-1.605464172E1,-5.017646790E1,5.411157502E1
2.604610425E1,1.243254852E1,-1.565206909E1,-4.997413635E1,5.382350633E1
2.605603625E1,1.227568817E1,-1.588925934E1,-4.990230560E1,5.379034474E1
2.606596825E1,1.212660217E1,-1.583620453E1,-5.016511536E1,5.398498544E1
2.607590025E1,1.212715149E1,-1.589700317E1,-5.052692413E1,5.433923606E1
2.608583325E1,1.235097504E1,-1.587380981E1,-5.026660919E1,5.414107888E1
2.609576525E1,1.220214844E1,-1.596732330E1,-5.040798950E1,5.426613351E1
2.610569725E1,1.227198792E1,-1.584636688E1,-5.032279205E1,5.416726346E1
2.611562925E1,1.222688293E1,-1.587194061E1,-5.024770355E1,5.409479529E1
2.612556225E1,1.241916656E1,-1.593862915E1,-5.025733185E1,5.416710258E1
2.613549425E1,1.236581421E1,-1.604198456E1,-5.048767853E1,5.439912051E1
2.614542625E1,1.254430389E1,-1.584582520E1,-5.054400635E1,5.443478956E1
2.615535825E1,1.232043457E1,-1.609128571E1,-5.031608582E1,5.424418011E1
2.616529125E1,1.217146301E1,-1.588139343E1,-5.033515167E1,5.416632407E1
2.617522325E1,1.226850891E1,-1.612877655E1,-5.023513794E1,5.416846710E1
2.618515525E1,1.224102020E1,-1.596125793E1,-4.984400177E1,5.374968691E1
2.619508725E1,1.212972260E1,-1.636059570E1,-5.013407135E1,5.411307025E1
2.620502025E1,1.237500763E1,-1.596547699E1,-5.012667847E1,5.404369680E1
2.621495225E1,1.246527863E1,-1.597062683E1,-5.033602905E1,5.426011347E1
2.622488425E1,1.254531097E1,-1.581237030E1,-5.030586243E1,5.420420349E1
2.623481625E1,1.229321289E1,-1.610762787E1,-5.062336731E1,5.452801185E1
2.624474925E1,1.240347290E1,-1.584092712E1,-5.059981537E1,5.445293773E1
2.625468125E1,1.221960449E1,-1.596082306E1,-5.049235535E1,5.434652293E1
2.626461325E1,1.221531677E1,-1.559673309E1,-5.044783783E1,5.419830614E1
2.627454525E1,1.230661774E1,-1.590258026E1,-5.097220612E1,5.479517037E1
2.628447825E1,1.263852692E1,-1.555835724E1,-5.023853302E1,5.408978686E1
2.629441025E1,1.248032379E1,-1.612162018E1,-4.991986084E1,5.392270046E1
2.630434225E1,1.240720367E1,-1.579969788E1,-5.028301239E1,5.414748832E1
2.631427425E1,1.253909302E1,-1.591523743E1,-5.028147125E1,5.421023877E1
2.632420725E1,1.236478424E1,-1.574919891E1,-4.975482178E1,5.363270873E1
2.633413925E1,1.248941803E1,-1.608480835E1,-5.014190674E1,5.411947370E1
2.634407125E1,1.240963745E1,-1.592928314E1,-4.980088806E1,5.373890225E1
2.635400325E1,1.231803131E1,-1.599915314E1,-5.011190033E1,5.402693172E1
2.636393625E1,1.236563873E1,-1.552675629E1,-4.995801544E1,5.375679017E1
2.637386825E1,1.216008759E1,-1.616047668E1,-5.032154846E1,5.423363326E1
2.638380025E1,1.245287323E1,-1.622526550E1,-5.039508057E1,5.438747501E1
2.639373225E1,1.243197632E1,-1.616632080E1,-5.049377441E1,5.445663612E1
2.640366525E1,1.254438782E1,-1.597566986E1,-5.061392975E1,5.453763451E1
2.641359725E1,1.230302429E1,-1.637358856E1,-5.066251373E1,5.464566869E1
2.642352925E1,1.254646301E1,-1.604234314E1,-5.030884552E1,5.427476803E1
2.643346125E1,1.248532104E1,-1.618709564E1,-5.059374237E1,5.456768342E1
2.644339325E1,1.239847565E1,-1.589122009E1,-5.023670197E1,5.412928319E1
2.645332625E1,1.258207703E1,-1.598336792E1,-5.037520599E1,5.432713955E1
2.646325825E1,1.254090118E1,-1.581991577E1,-5.006139374E1,5.397857983E1
2.647319025E1,1.250738525E1,-1.623484039E1,-5.014121246E1,5.416775716E1
2.648312225E1,1.265573120E1,-1.596990204E1,-4.993782806E1,5.393507185E1
2.649305525E1,1.242939758E1,-1.611692047E1,-5.043220520E1,5.438430262E1
2.650298725E1,1.234395599E1,-1.578917694E1,-5.015397644E1,5.401011675E1
2.651291925E1,1.231594086E1,-1.604326630E1,-4.997777557E1,5.391518194E1
2.652285125E1,1.224553680E1,-1.574447632E1,-4.995043182E1,5.378556819E1
2.653278425E1,1.215522003E1,-1.598405457E1,-4.995771027E1,5.384247570E1
2.654271625E1,1.223829651E1,-1.588516998E1,-5.040097809E1,5.424364589E1
2.655264825E1,1.235498047E1,-1.591557312E1,-5.014102173E1,5.403770045E1
2.656258025E1,1.220902252E1,-1.579180145E1,-5.002408600E1,5.385954330E1
2.657251325E1,1.212767029E1,-1.610887909E1,-4.995688629E1,5.387269123E1
2.658244525E1,1.236933899E1,-1.629110718E1,-5.004946136E1,5.406800628E1
2.659237725E1,1.223708344E1,-1.665377808E1,-5.015356445E1,5.424458095E1
2.660230925E1,1.228829956E1,-1.638346100E1,-4.993337250E1,5.397000824E1
2.661224225E1,1.224382782E1,-1.635691071E1,-5.042224884E1,5.440462320E1
2.662217425E1,1.228341675E1,-1.607779694E1,-5.015955353E1,5.408658513E1
2.663210625E1,1.244472504E1,-1.611849213E1,-5.034435272E1,5.430682112E1
2.664203825E1,1.237474823E1,-1.593606567E1,-5.016329193E1,5.406892305E1
2.665197125E1,1.229195404E1,-1.598078156E1,-5.035808563E1,5.424402549E1
2.666190325E1,1.223413849E1,-1.617590332E1,-5.015965271E1,5.410475721E1
2.667183525E1,1.228730774E1,-1.608959961E1,-5.069015503E1,5.458337626E1
2.668176725E1,1.245949554E1,-1.610840607E1,-5.074332428E1,5.467727804E1
2.669170025E1,1.239022064E1,-1.609727478E1,-5.014974213E1,5.410763771E1
2.670163225E1,1.249687195E1,-1.618277740E1,-5.026232147E1,5.426191162E1
2.671156425E1,1.239405060E1,-1.604249573E1,-5.022459412E1,5.416164707E1
2.672149625E1,1.243096161E1,-1.604006958E1,-5.053408813E1,5.445646612E1
2.673142925E1,1.232479858E1,-1.599810028E1,-5.035226440E1,5.425117882E1
2.674136125E1,1.230976868E1,-1.609658813E1,-5.029122925E1,5.422027567E1
2.675129325E1,1.214763641E1,-1.597138977E1,-5.026851654E1,5.412554034E1
2.676122525E1,1.220973206E1,-1.611196899E1,-5.015050507E1,5.407167706E1
2.677115825E1,1.221708679E1,-1.601951599E1,-5.020602417E1,5.409738409E1
2.678109025E1,1.234429932E1,-1.620296478E1,-5.039421082E1,5.435525988E1
2.679102225E1,1.254112244E1,-1.614910889E1,-5.017032623E1,5.417688718E1
2.680095425E1,1.247623444E1,-1.591995239E1,-4.989015961E1,5.383427659E1
2.681088625E1,1.246199036E1,-1.609900665E1,-4.995886993E1,5.394782576E1
2.682081925E1,1.243914032E1,-1.585419464E1,-4.991987610E1,5.383383443E1
2.683075125E1,1.250564575E1,-1.604306030E1,-5.020339203E1,5.416780899E1
2.684068325E1,1.259230804E1,-1.594992065E1,-5.027307129E1,5.422497476E1
2.685061525E1,1.247044373E1,-1.596749115E1,-5.026464844E1,5.419416595E1
2.686054825E1,1.228796387E1,-1.588624573E1,-5.024322510E1,5.410867331E1
2.687048025E1,1.246348572E1,-1.616558075E1,-5.046267700E1,5.443478894E1
2.688041225E1,1.207751465E1,-1.574820709E1,-5.025749207E1,5.403413639E1
2.689034425E1,1.224475098E1,-1.582637787E1,-5.070764160E1,5.451305421E1
2.690027725E1,1.232746124E1,-1.568978882E1,-5.047150421E1,5.427253920E1
2.691020925E1,1.201687622E1,-1.617722321E1,-5.060362244E1,5.446865583E1
2.692014125E1,1.215997314E1,-1.581673431E1,-5.050125885E1,5.429927418E1
2.693007325E1,1.218125153E1,-1.589771271E1,-5.075199127E1,5.456083555E1
2.694000625E1,1.223777008E1,-1.561018372E1,-5.041499329E1,5.417667764E1
2.694993825E1,1.211671448E1,-1.588770294E1,-5.056989288E1,5.437414772E1
2.695987025E1,1.201602173E1,-1.555680847E1,-5.066417694E1,5.434388552E1
2.696980225E1,1.199592590E1,-1.607101440E1,-5.032015991E1,5.416916315E1
2.697973525E1,1.221821594E1,-1.574444580E1,-5.035202026E1,5.415254675E1
2.698966800E1,1.221142578E1,-1.611418915E1,-5.035904694E1,5.426619224E1
2.699960000E1,1.221654510E1,-1.592917633E1,-5.002888489E1,5.390614024E1
2.700953200E1,1.205878448E1,-1.617302704E1,-5.027616119E1,5.417262659E1
2.701946500E1,1.193873596E1,-1.569293213E1,-4.999082947E1,5.373904136E1
2.702939700E1,1.201319122E1,-1.604386139E1,-5.027991486E1,5.412755388E1
2.703932900E1,1.224926758E1,-1.587973022E1,-5.013385010E1,5.399641945E1
2.704926100E1,1.201180267E1,-1.620487213E1,-5.063240814E1,5.450249571E1
2.705919400E1,1.221575165E1,-1.597432709E1,-5.022137451E1,5.409796828E1
2.706912600E1,1.192584229E1,-1.606137085E1,-5.085055542E1,5.464405123E1
2.707905800E1,1.192898560E1,-1.614897919E1,-5.044109344E1,5.428990822E1
2.708899000E1,1.212575531E1,-1.624784851E1,-5.089740753E1,5.478660983E1
2.709892200E1,1.217531586E1,-1.610810852E1,-5.047010040E1,5.435936452E1
2.710885500E1,1.199325562E1,-1.604232025E1,-5.057559204E1,5.439746988E1
2.711878700E1,1.225240326E1,-1.588709259E1,-5.036444855E1,5.421345566E1
2.712871900E1,1.212593842E1,-1.618132019E1,-5.024631500E1,5.416240095E1
2.713865100E1,1.226490784E1,-1.610630035E1,-5.022759247E1,5.415396496E1
2.714858400E1,1.202799988E1,-1.626077271E1,-5.021869659E1,5.413873842E1
2.715851600E1,1.208730316E1,-1.630764008E1,-5.012696838E1,5.408100389E1
2.716844800E1,1.196724701E1,-1.629297638E1,-5.017308044E1,5.409264351E1
2.717838000E1,1.209851837E1,-1.608476257E1,-5.044050598E1,5.430781139E1
2.718831300E1,1.207101440E1,-1.638128662E1,-5.060089111E1,5.453903301E1
2.719824500E1,1.224575043E1,-1.617599487E1,-5.031053925E1,5.424731858E1
2.720817700E1,1.242385864E1,-1.633309174E1,-5.056715393E1,5.457251328E1
2.721810900E1,1.253089905E1,-1.606704712E1,-5.028750610E1,5.425870164E1
2.722804200E1,1.230299377E1,-1.603252411E1,-5.040635681E1,5.430659529E1
2.723797400E1,1.246441650E1,-1.583127594E1,-5.022847748E1,5.411922880E1
2.724790600E1,1.227194214E1,-1.609366608E1,-5.032958221E1,5.424641461E1
2.725783800E1,1.226195526E1,-1.576799011E1,-5.008600616E1,5.392210189E1
2.726777100E1,1.208596039E1,-1.600657654E1,-5.019742584E1,5.405610504E1
2.727770300E1,1.211034393E1,-1.614617920E1,-5.028994751E1,5.418891357E1
2.728763500E1,1.198438263E1,-1.618615723E1,-5.042377472E1,5.429709172E1
2.729756700E1,1.221078491E1,-1.601795959E1,-5.012988281E1,5.402484103E1
2.730749900E1,1.201892853E1,-1.620181274E1,-4.984269714E1,5.377032488E1
2.731743200E1,1.218648529E1,-1.628276825E1,-5.011742401E1,5.408692222E1
2.732736400E1,1.215074921E1,-1.615655518E1,-5.032815552E1,5.423650265E1
2.733729600E1,1.225468445E1,-1.581526184E1,-5.025597382E1,5.409216858E1
2.734722800E1,1.221297455E1,-1.599681091E1,-5.040390015E1,5.427345444E1
2.735716100E1,1.220761871E1,-1.596497345E1,-5.024964142E1,5.411961562E1
2.736709300E1,1.205758667E1,-1.588836670E1,-5.052114105E1,5.431584747E1
2.737702500E1,1.210243225E1,-1.583946991E1,-5.021567535E1,5.402750896E1
2.738695700E1,1.223699188E1,-1.589597321E1,-5.057930756E1,5.441224391E1
2.739689000E1,1.199018860E1,-1.596536255E1,-5.068804932E1,5.447876437E1
2.740682200E1,1.210935974E1,-1.595369720E1,-5.068936157E1,5.450292125E1
2.741675400E1,1.219709015E1,-1.609036255E1,-5.037448120E1,5.427022325E1
2.742668600E1,1.226247406E1,-1.613459015E1,-5.040651703E1,5.432780346E1
2.743661900E1,1.225656128E1,-1.608343506E1,-4.994063568E1,5.387919144E1
2.744655100E1,1.226464844E1,-1.602238464E1,-4.989834595E1,5.382363179E1
2.745648300E1,1.232876587E1,-1.640379333E1,-5.004431915E1,5.408804658E1
2.746641500E1,1.228831482E1,-1.604995728E1,-4.999113464E1,5.392325428E1
2.747634800E1,1.225268555E1,-1.605141449E1,-4.997442627E1,5.390008804E1
2.748628000E1,1.220068359E1,-1.590092468E1,-5.029612732E1,5.414237259E1
2.749621200E1,1.228833771E1,-1.585183716E1,-5.039476013E1,5.423943062E1
2.750614400E1,1.219200897E1,-1.595924377E1,-5.056465149E1,5.440704481E1
2.751607600E1,1.218536377E1,-1.619332886E1,-5.029887390E1,5.422807119E1
2.752600900E1,1.226534271E1,-1.586562347E1,-5.007601929E1,5.394223158E1
2.753594100E1,1.212631989E1,-1.596376038E1,-5.019962311E1,5.405452284E1
2.754587300E1,1.246829224E1,-1.614469910E1,-5.026744080E1,5.424873477E1
2.755580500E1,1.233348083E1,-1.629685211E1,-5.039714050E1,5.438358125E1
2.756573800E1,1.229481506E1,-1.618965912E1,-5.010208893E1,5.406927829E1
2.757567000E1,1.253695679E1,-1.628164673E1,-5.019691467E1,5.424018389E1
2.758560200E1,1.237782288E1,-1.597101593E1,-4.986247253E1,5.380102245E1
2.759553400E1,1.235405731E1,-1.593085480E1,-5.023536682E1,5.412953857E1
2.760546700E1,1.228121948E1,-1.583750916E1,-5.004243469E1,5.390640331E1
2.761539900E1,1.249356842E1,-1.606619263E1,-5.008919525E1,5.406606402E1
2.762533100E1,1.233829498E1,-1.599510193E1,-5.013890839E1,5.405540623E1
2.763526300E1,1.241857910E1,-1.621524048E1,-5.019115448E1,5.418770265E1
2.764519600E1,1.249695587E1,-1.594623566E1,-5.022751617E1,5.415957643E1
2.765512800E1,1.213587189E1,-1.593373871E1,-5.029785156E1,5.413905510E1
2.766506000E1,1.255571747E1,-1.578027344E1,-5.010704803E1,5.401277010E1
2.767499200E1,1.223916626E1,-1.612813568E1,-5.014934540E1,5.408207462E1
2.768492400E1,1.241847992E1,-1.584252167E1,-5.028779602E1,5.416702470E1
2.769485700E1,1.226287842E1,-1.624438477E1,-5.023082733E1,5.419773277E1
2.770478900E1,1.244467163E1,-1.606393433E1,-5.025024414E1,5.420338434E1
2.771472100E1,1.220670319E1,-1.637791443E1,-5.030136108E1,5.429057571E1
2.772465300E1,1.246325684E1,-1.592558289E1,-4.994139099E1,5.388041848E1
2.773458600E1,1.235417175E1,-1.611763000E1,-5.015940094E1,5.411440713E1
2.774451800E1,1.250962830E1,-1.602415466E1,-5.036338043E1,5.431145755E1
2.775445000E1,1.227191162E1,-1.630040741E1,-5.044229126E1,5.441257064E1
2.776438200E1,1.253156281E1,-1.599980164E1,-5.053596497E1,5.446941778E1
2.777431500E1,1.221776581E1,-1.627095032E1,-5.094790649E1,5.486079476E1
2.778424700E1,1.219487762E1,-1.627256012E1,-5.023936462E1,5.419875470E1
2.779417900E1,1.230680847E1,-1.630386353E1,-5.048424530E1,5.446037573E1
2.780411100E1,1.253289032E1,-1.592208099E1,-5.056287384E1,5.447192134E1
2.781404300E1,1.223361969E1,-1.597917938E1,-5.064636230E1,5.449816180E1
2.782397600E1,1.227821350E1,-1.594202423E1,-5.046023560E1,5.432437795E1
2.783390800E1,1.231084442E1,-1.622160339E1,-5.090030670E1,5.482279206E1
2.784384000E1,1.259615326E1,-1.608364105E1,-5.057232666E1,5.454270630E1
2.785377200E1,1.228765106E1,-1.618702698E1,-5.078689575E1,5.470205655E1
2.786370500E1,1.229728699E1,-1.593556976E1,-5.045571136E1,5.432259622E1
2.787363700E1,1.207582092E1,-1.645915222E1,-5.050233459E1,5.447214832E1
2.788356900E1,1.224896240E1,-1.618952942E1,-5.007745361E1,5.403600007E1
2.789350100E1,1.222458649E1,-1.630760956E1,-5.015655518E1,5.413925259E1
2.790343400E1,1.233367920E1,-1.617246246E1,-5.018999481E1,5.415444362E1
2.791336600E1,1.255773926E1,-1.626609039E1,-5.067292023E1,5.468114260E1
2.792329800E1,1.252775574E1,-1.590223694E1,-5.031436157E1,5.423431371E1
2.793323000E1,1.222223663E1,-1.624730682E1,-5.050489807E1,5.444357424E1
2.794316300E1,1.224147797E1,-1.588687897E1,-5.019981384E1,5.405800603E1
2.795309500E1,1.223730469E1,-1.613766479E1,-5.043175507E1,5.434646051E1
2.796302700E1,1.213533020E1,-1.588047028E1,-5.028643036E1,5.411266629E1
2.797295900E1,1.208822632E1,-1.616871643E1,-5.040847015E1,5.430070414E1
2.798289100E1,1.227450562E1,-1.594741821E1,-5.033467865E1,5.420851880E1
2.799282329E1,1.219149017E1,-1.601404572E1,-5.014857483E1,5.403666950E1
2.800275529E1,1.226538849E1,-1.598964691E1,-5.000344086E1,5.391152623E1
2.801268729E1,1.195689392E1,-1.616642761E1,-5.014131927E1,5.402288952E1
2.802261929E1,1.186022949E1,-1.595206451E1,-5.021740723E1,5.400853076E1
2.803255229E1,1.219912720E1,-1.629285431E1,-5.032959747E1,5.428944822E1
2.804248429E1,1.230885315E1,-1.590296936E1,-4.983863068E1,5.374291961E1
2.805241629E1,1.232474518E1,-1.603150177E1,-4.982509613E1,5.377219167E1
2.806234829E1,1.234637451E1,-1.588278198E1,-5.026704407E1,5.414306462E1
2.807228129E1,1.225877380E1,-1.593901825E1,-5.027725220E1,5.414916367E1
2.808221329E1,1.232600403E1,-1.570302582E1,-5.015757751E1,5.398423823E1
2.809214529E1,1.232450867E1,-1.582990265E1,-5.000408173E1,5.387845136E1
2.810207729E1,1.250599670E1,-1.568679047E1,-5.008954620E1,5.395774261E1
2.811200929E1,1.238839722E1,-1.584101105E1,-5.044219971E1,5.430308949E1
2.812194229E1,1.239826202E1,-1.570399475E1,-5.037486267E1,5.420294403E1
2.813187429E1,1.230104828E1,-1.581185150E1,-5.020887756E1,5.405794875E1
2.814180629E1,1.209013367E1,-1.578988647E1,-5.026177979E1,5.405310679E1
2.815173829E1,1.210874176E1,-1.602568054E1,-5.024108887E1,5.410740314E1
2.816167129E1,1.198413849E1,-1.587012482E1,-4.992739105E1,5.374220701E1
2.817160329E1,1.219062805E1,-1.573863220E1,-4.997224426E1,5.379164575E1
2.818153529E1,1.228993988E1,-1.588809204E1,-5.040924072E1,5.426385207E1
2.819146729E1,1.221520233E1,-1.566323090E1,-5.043650055E1,5.420690507E1
2.820140029E1,1.228675842E1,-1.577027130E1,-5.042651367E1,5.424480778E1
2.821133229E1,1.204539490E1,-1.563307190E1,-5.069870758E1,5.440444307E1
2.822126429E1,1.229000854E1,-1.566914368E1,-5.056614685E1,5.434612756E1
2.823119629E1,1.223927307E1,-1.558542633E1,-5.048616028E1,5.423612909E1
2.824112829E1,1.226909637E1,-1.563916779E1,-5.057087708E1,5.433716871E1
2.825106129E1,1.219696808E1,-1.544478607E1,-5.009384155E1,5.382100342E1
2.826099329E1,1.235771179E1,-1.546652222E1,-5.026413727E1,5.402230878E1
2.827092529E1,1.226979065E1,-1.554774475E1,-4.992455292E1,5.370978601E1
2.828085729E1,1.219598389E1,-1.550212860E1,-5.016893768E1,5.390714537E1
2.829079029E1,1.221854401E1,-1.551196289E1,-5.013948822E1,5.388768031E1
2.830072229E1,1.213533783E1,-1.582608795E1,-5.001245880E1,5.384215374E1
2.831065429E1,1.209918976E1,-1.558316040E1,-5.009777832E1,5.384248019E1
2.832058629E1,1.219134521E1,-1.558264923E1,-5.015579987E1,5.391708556E1
2.833051929E1,1.218392944E1,-1.567726898E1,-5.010466766E1,5.389529313E1
2.834045129E1,1.225804138E1,-1.570713806E1,-5.047310638E1,5.426332309E1
2.835038329E1,1.194197845E1,-1.534366608E1,-5.027827454E1,5.390680688E1
2.836031529E1,1.203359985E1,-1.585226440E1,-5.039920807E1,5.418654802E1
2.837024729E1,1.219836426E1,-1.562629700E1,-5.022360229E1,5.399436522E1
2.838018029E1,1.209029388E1,-1.608061218E1,-5.030889130E1,5.418252336E1
2.839011229E1,1.201991272E1,-1.572406006E1,-5.002191162E1,5.379512997E1
2.840004429E1,1.205472565E1,-1.611309052E1,-5.053926086E1,5.439820755E1
2.840997629E1,1.228295898E1,-1.555161285E1,-5.032734680E1,5.408849767E1
2.841990929E1,1.218524170E1,-1.604454803E1,-5.063220215E1,5.449337144E1
2.842984129E1,1.237042236E1,-1.592309570E1,-5.044258881E1,5.432335678E1
2.843977329E1,1.224053192E1,-1.606327057E1,-5.046007538E1,5.435143503E1
2.844970529E1,1.230969238E1,-1.566720581E1,-5.034769440E1,5.414683920E1
2.845963729E1,1.207301331E1,-1.592069244E1,-5.057722473E1,5.438089517E1
2.846957029E1,1.215519714E1,-1.597038269E1,-5.076482391E1,5.458817901E1
2.847950229E1,1.211227417E1,-1.594879913E1,-5.054154968E1,5.436469096E1
2.848943429E1,1.216545868E1,-1.550446320E1,-5.086193848E1,5.454652647E1
2.849936629E1,1.214212799E1,-1.594132233E1,-5.062596130E1,5.444763528E1
2.850929929E1,1.222576904E1,-1.580587769E1,-5.036569977E1,5.418485869E1
2.851923129E1,1.217409515E1,-1.625768280E1,-5.047413635E1,5.440734586E1
2.852916329E1,1.229643250E1,-1.573335266E1,-5.010279083E1,5.393542701E1
2.853909529E1,1.199639893E1,-1.585088348E1,-5.030665588E1,5.409180826E1
2.854902829E1,1.225326538E1,-1.567643738E1,-4.999567413E1,5.380948460E1
2.855896029E1,1.221589661E1,-1.610589600E1,-5.033558655E1,5.424296534E1
2.856889229E1,1.231289673E1,-1.602358246E1,-5.009449768E1,5.401686143E1
2.857882429E1,1.217390442E1,-1.616941071E1,-5.026659393E1,5.418841442E1
2.858875629E1,1.209811401E1,-1.577654266E1,-5.012488556E1,5.392372218E1
2.859868929E1,1.227272797E1,-1.612934875E1,-5.049156189E1,5.440747711E1
2.860862129E1,1.218189240E1,-1.570676422E1,-5.015464783E1,5.394988085E1
2.861855329E1,1.198070526E1,-1.617226410E1,-5.025426483E1,5.413474447E1
2.862848529E1,1.210411835E1,-1.591519165E1,-5.038388062E1,5.420644272E1
2.863841829E1,1.252087402E1,-1.600991821E1,-5.028106689E1,5.423352704E1
2.864835029E1,1.254524994E1,-1.607261658E1,-5.062796783E1,5.457933150E1
2.865828229E1,1.251586151E1,-1.579427338E1,-5.026705170E1,5.415609243E1
2.866821429E1,1.237361145E1,-1.591060638E1,-5.024824524E1,5.414000190E1
2.867814629E1,1.260432434E1,-1.564056396E1,-5.024747467E1,5.411381472E1
2.868807929E1,1.243832397E1,-1.587077332E1,-5.033548737E1,5.422411491E1
2.869801129E1,1.233628082E1,-1.577880859E1,-5.030566406E1,5.414623220E1
2.870794329E1,1.193501282E1,-1.599005890E1,-5.051216888E1,5.431027269E1
2.871787529E1,1.211125183E1,-1.580051422E1,-5.060564423E1,5.438078611E1
2.872780829E1,1.228843689E1,-1.623458862E1,-5.024492645E1,5.421365311E1
2.873774029E1,1.222885895E1,-1.596212769E1,-5.010943604E1,5.399342637E1
2.874767229E1,1.236747742E1,-1.589706421E1,-5.024732208E1,5.413376511E1
2.875760429E1,1.227210236E1,-1.595474243E1,-5.041813660E1,5.428763027E1
2.876753729E1,1.213730621E1,-1.593756866E1,-5.034732819E1,5.418647204E1
2.877746929E1,1.240689087E1,-1.589456177E1,-5.002902985E1,5.393952041E1
2.878740129E1,1.231044006E1,-1.591474152E1,-5.038688660E1,5.425554601E1
2.879733329E1,1.214963531E1,-1.581161499E1,-5.040924072E1,5.420989169E1
2.880726529E1,1.219858551E1,-1.604797363E1,-5.052303314E1,5.439595411E1
2.881719829E1,1.221813965E1,-1.609071350E1,-5.043581390E1,5.433199170E1
2.882713029E1,1.248790741E1,-1.601696014E1,-5.043054962E1,5.436663663E1
2.883706229E1,1.241042328E1,-1.579959106E1,-5.029544067E1,5.415973630E1
2.884699429E1,1.240853119E1,-1.576742554E1,-5.026743317E1,5.412391515E1
2.885692729E1,1.246822357E1,-1.577024841E1,-5.004621887E1,5.393311930E1
2.886685929E1,1.244624329E1,-1.583393860E1,-5.029597473E1,5.417847965E1
2.887679129E1,1.240930176E1,-1.576735687E1,-5.033432007E1,5.418619833E1
2.888672329E1,1.232572174E1,-1.594509125E1,-5.017164612E1,5.406813688E1
2.889665529E1,1.234851074E1,-1.570111847E1,-5.021083069E1,5.403830454E1
2.890658829E1,1.230376434E1,-1.575448608E1,-5.034773254E1,5.417084660E1
2.891652029E1,1.223835754E1,-1.584637451E1,-5.042085266E1,5.425078215E1
2.892645229E1,1.216963196E1,-1.582935333E1,-5.013840485E1,5.396784236E1
2.893638429E1,1.238061523E1,-1.593791199E1,-5.035488129E1,5.424860129E1
2.894631729E1,1.269658661E1,-1.603321075E1,-5.037910461E1,5.437206397E1
2.895624929E1,1.261497498E1,-1.600363159E1,-5.073920441E1,5.467833832E1
2.896618129E1,1.238627625E1,-1.603392029E1,-5.064363861E1,5.454616917E1
2.897611329E1,1.240214539E1,-1.614690399E1,-5.063661194E1,5.457657178E1
2.898604529E1,1.235869598E1,-1.581039429E1,-5.046814728E1,5.431150729E1
2.899597917E1,1.235977173E1,-1.585057068E1,-5.073912811E1,5.457530274E1
2.900591117E1,1.240576935E1,-1.581816864E1,-5.026683807E1,5.413753395E1
2.901584317E1,1.242403412E1,-1.594344330E1,-5.036929321E1,5.427352676E1
2.902577517E1,1.267559052E1,-1.560097504E1,-5.052644348E1,5.437814366E1
2.903570817E1,1.235282898E1,-1.579494476E1,-5.069032288E1,5.451221420E1
2.904564017E1,1.229935455E1,-1.580535889E1,-5.017276001E1,5.402211898E1
2.905557217E1,1.206965637E1,-1.593124390E1,-4.999133301E1,5.383878261E1
2.906550417E1,1.231893158E1,-1.587955475E1,-5.024061584E1,5.411132797E1
2.907543617E1,1.230161285E1,-1.593305206E1,-5.030053711E1,5.417873993E1
2.908536917E1,1.260535431E1,-1.586511993E1,-5.048003387E1,5.439513588E1
2.909530117E1,1.273898315E1,-1.609802246E1,-5.077354431E1,5.476660315E1
2.910523317E1,1.264995575E1,-1.580242157E1,-5.013650513E1,5.406854034E1
2.911516517E1,1.240779114E1,-1.611528778E1,-5.048228455E1,5.442533265E1
2.912509817E1,1.235663605E1,-1.601737976E1,-5.045958710E1,5.436370884E1
2.913503017E1,1.231614685E1,-1.600669861E1,-5.057805634E1,5.446137766E1
2.914496217E1,1.224019623E1,-1.586655426E1,-5.054045868E1,5.436826199E1
2.915489417E1,1.198653412E1,-1.595461273E1,-5.048496246E1,5.428589230E1
2.916482617E1,1.242660522E1,-1.581134796E1,-5.044814301E1,5.430869520E1
2.917475917E1,1.235350800E1,-1.601605225E1,-5.050263214E1,5.440256375E1
2.918469117E1,1.186569977E1,-1.575917053E1,-5.045573425E1,5.417497029E1
2.919462317E1,1.182868958E1,-1.575097656E1,-5.052004242E1,5.422440268E1
2.920455517E1,1.220727539E1,-1.571489716E1,-5.068673706E1,5.445292351E1
2.921448817E1,1.211621094E1,-1.619657898E1,-5.047351074E1,5.437561057E1
2.922442017E1,1.188127899E1,-1.586251068E1,-5.032710266E1,5.408882785E1
2.923435217E1,1.211222076E1,-1.605252838E1,-5.021720886E1,5.409397032E1
2.924428417E1,1.213878632E1,-1.584810638E1,-5.003218842E1,5.386773141E1
2.925421617E1,1.208753204E1,-1.577773285E1,-5.017249298E1,5.396595535E1
2.926414917E1,1.217427826E1,-1.556130219E1,-4.990393829E1,5.367280721E1
2.927408117E1,1.212887573E1,-1.607238770E1,-5.000124359E1,5.390320615E1
2.928401317E1,1.226631927E1,-1.599507141E1,-5.009918976E1,5.400216396E1
2.929394517E1,1.212670898E1,-1.617910767E1,-5.009652710E1,5.402298236E1
2.930387817E1,1.223167419E1,-1.585926056E1,-4.989870453E1,5.376811985E1
2.931381017E1,1.211338043E1,-1.618138123E1,-5.030168152E1,5.421097903E1
2.932374217E1,1.227629852E1,-1.581735992E1,-5.006051636E1,5.391615415E1
2.933367417E1,1.246493530E1,-1.589461517E1,-5.015474701E1,5.406951129E1
2.934360617E1,1.220449066E1,-1.591574860E1,-4.998410034E1,5.385787716E1
2.935353917E1,1.215043640E1,-1.600483704E1,-5.036887360E1,5.422924802E1
2.936347117E1,1.241516876E1,-1.564038086E1,-4.984648895E1,5.369758272E1
2.937340317E1,1.246958160E1,-1.600534058E1,-5.028733063E1,5.422616540E1
2.938333517E1,1.237464142E1,-1.588605499E1,-5.034329987E1,5.422127198E1
2.939326817E1,1.222985840E1,-1.589041901E1,-5.025537109E1,5.410801398E1
2.940320017E1,1.232232666E1,-1.548507690E1,-5.037567139E1,5.412333701E1
2.941313217E1,1.224035645E1,-1.577201843E1,-5.072615814E1,5.451353971E1
2.942306417E1,1.223966980E1,-1.587073517E1,-5.013697815E1,5.399450277E1
2.943299617E1,1.232022095E1,-1.589826202E1,-5.011600494E1,5.400144934E1
2.944292917E1,1.220072174E1,-1.560917664E1,-5.014633179E1,5.391807302E1
2.945286117E1,1.212573242E1,-1.583225250E1,-5.050350952E1,5.429823275E1
2.946279317E1,1.194652557E1,-1.559117126E1,-5.029222870E1,5.399178051E1
2.947272517E1,1.227397919E1,-1.583720398E1,-5.030094910E1,5.414474190E1
2.948265817E1,1.226614380E1,-1.566672516E1,-5.035362244E1,5.414232959E1
2.949259017E1,1.231739807E1,-1.617048645E1,-5.045835876E1,5.439897882E1
2.950252217E1,1.239329529E1,-1.581758881E1,-5.039659882E1,5.425501872E1
2.951245417E1,1.233407593E1,-1.582110596E1,-5.067866516E1,5.450471471E1
2.952238617E1,1.252410126E1,-1.577462006E1,-5.065660858E1,5.451406922E1
2.953231917E1,1.250733185E1,-1.598640442E1,-5.070236969E1,5.461436412E1
2.954225117E1,1.230828094E1,-1.566999817E1,-5.000022888E1,5.382439513E1
2.955218317E1,1.239698792E1,-1.578485107E1,-5.030734253E1,5.416341519E1
2.956211517E1,1.247941589E1,-1.592687225E1,-5.028556061E1,5.420367779E1
2.957204817E1,1.230664062E1,-1.586977386E1,-5.025018311E1,5.411454544E1
2.958198017E1,1.214514160E1,-1.576656342E1,-5.019898987E1,5.400025528E1
2.959191217E1,1.217694855E1,-1.620434570E1,-5.008232880E1,5.402868269E1
2.960184417E1,1.245344543E1,-1.596757507E1,-4.995479584E1,5.390299977E1
2.961177617E1,1.255449677E1,-1.618599701E1,-5.060166931E1,5.459057451E1
2.962170917E1,1.243218994E1,-1.592126465E1,-5.029616547E1,5.420101729E1
2.963164117E1,1.244039154E1,-1.602537537E1,-5.047103882E1,5.439578804E1
2.964157317E1,1.275622559E1,-1.612847137E1,-5.041920471E1,5.445130929E1
2.965150517E1,1.251048279E1,-1.625408936E1,-5.026304626E1,5.428702810E1
2.966143717E1,1.246628571E1,-1.607164764E1,-5.040570068E1,5.435476795E1
2.967137017E1,1.235303497E1,-1.620708466E1,-5.050955200E1,5.446541939E1
2.968130217E1,1.238231659E1,-1.590143585E1,-5.061705780E1,5.448177646E1
2.969123417E1,1.232965088E1,-1.607626343E1,-5.049162292E1,5.440469210E1
2.970116617E1,1.246004486E1,-1.625581360E1,-5.068762207E1,5.466936276E1
2.971109917E1,1.257818604E1,-1.625004578E1,-5.065991974E1,5.466902432E1
2.972103117E1,1.235029602E1,-1.592561340E1,-5.048785400E1,5.436155237E1
2.973096317E1,1.224908447E1,-1.598568726E1,-5.032266998E1,5.420289090E1
2.974089517E1,1.235993958E1,-1.591840363E1,-5.023767090E1,5.412935671E1
2.975082717E1,1.245863342E1,-1.590187836E1,-5.011536407E1,5.403366542E1
2.976076017E1,1.223683929E1,-1.576136017E1,-5.041773987E1,5.422277385E1
2.977069217E1,1.248107910E1,-1.560711670E1,-5.042823792E1,5.424358586E1
2.978062417E1,1.218929291E1,-1.585948944E1,-5.078053284E1,5.457806136E1
2.979055617E1,1.235219574E1,-1.582188416E1,-5.051145935E1,5.435362254E1
2.980048917E1,1.228643036E1,-1.599311066E1,-5.046965790E1,5.434999842E1
2.981042117E1,1.235488892E1,-1.592015839E1,-5.060851288E1,5.447307866E1
2.982035317E1,1.225150299E1,-1.615797424E1,-5.047296906E1,5.439393406E1
2.983028517E1,1.223856354E1,-1.604265594E1,-5.070017242E1,5.456790935E1
2.984021717E1,1.224514008E1,-1.609607697E1,-5.062843323E1,5.451848677E1
2.985015017E1,1.233473206E1,-1.610816193E1,-5.038072205E1,5.431238946E1
2.986008217E1,1.203425598E1,-1.626856995E1,-5.064727783E1,5.454022769E1
2.987001417E1,1.244514465E1,-1.601367950E1,-5.039569092E1,5.432352363E1
2.987994617E1,1.222357178E1,-1.594174194E1,-5.035579681E1,5.421495288E1
2.988987817E1,1.213732147E1,-1.588525391E1,-5.026693726E1,5.409640326E1
2.989981117E1,1.224275208E1,-1.611489105E1,-5.058151245E1,5.447994212E1
2.990974317E1,1.231275940E1,-1.598157501E1,-5.058591461E1,5.446053196E1
2.991967517E1,1.215580750E1,-1.599730682E1,-5.068653870E1,5.452341411E1
2.992960717E1,1.250042725E1,-1.592704773E1,-5.059311676E1,5.449399044E1
2.993954017E1,1.215301514E1,-1.609822845E1,-5.067118835E1,5.453822573E1
2.994947217E1,1.240661621E1,-1.596414948E1,-5.063944244E1,5.452642777E1
2.995940417E1,1.228653717E1,-1.615166473E1,-5.047743988E1,5.440411020E1
2.996933617E1,1.224367523E1,-1.607919312E1,-5.032920837E1,5.423538743E1
2.997926817E1,1.245265961E1,-1.631734467E1,-5.064236450E1,5.464406235E1
2.998920117E1,1.253817749E1,-1.598319244E1,-5.011844635E1,5.407889607E1
2.999913300E1,1.249282074E1,-1.622927094E1,-5.068388367E1,5.466549066E1
3.000906500E1,1.229366302E1,-1.597576141E1,-5.064122009E1,5.450589212E1
3.001899700E1,1.220024872E1,-1.616239929E1,-5.062053680E1,5.452071135E1
3.002893000E1,1.222724915E1,-1.599324036E1,-5.070677185E1,5.455699836E1
3.003886200E1,1.224913788E1,-1.613562012E1,-5.093791962E1,5.481853035E1
3.004879400E1,1.236660767E1,-1.633356476E1,-5.079860687E1,5.477423466E1
3.005872600E1,1.241807556E1,-1.642408752E1,-5.062963104E1,5.465637009E1
3.006865800E1,1.227770996E1,-1.602126312E1,-5.044385529E1,5.433236209E1
3.007859100E1,1.216742706E1,-1.624317169E1,-5.052772522E1,5.445124355E1
3.008852300E1,1.246141052E1,-1.596679688E1,-5.043073273E1,5.434596727E1
3.009845500E1,1.219084930E1,-1.645547485E1,-5.040402985E1,5.440556667E1
3.010838700E1,1.245363617E1,-1.621824646E1,-5.039199829E1,5.438270004E1
3.011831900E1,1.215909576E1,-1.653645325E1,-5.086546326E1,5.485064492E1
3.012825200E1,1.211656189E1,-1.596221924E1,-5.049688721E1,5.432806947E1
3.013818400E1,1.221207428E1,-1.646716309E1,-5.045392609E1,5.446008516E1
3.014811600E1,1.222812653E1,-1.594070435E1,-5.023749542E1,5.410581373E1
3.015804800E1,1.209926605E1,-1.630226135E1,-5.069541931E1,5.460935363E1
3.016798000E1,1.214228821E1,-1.590853882E1,-5.044089508E1,5.426601761E1
3.017791300E1,1.209278107E1,-1.626311493E1,-5.066948700E1,5.457216483E1
3.018784500E1,1.226985168E1,-1.594773102E1,-5.019986725E1,5.408240062E1
3.019777700E1,1.213713837E1,-1.611998749E1,-5.071121979E1,5.457831013E1
3.020770900E1,1.250483704E1,-1.595967865E1,-5.085010529E1,5.474317765E1
3.021764200E1,1.212354279E1,-1.613538361E1,-5.070847321E1,5.457728601E1
3.022757400E1,1.223730469E1,-1.608003998E1,-5.045693970E1,5.435275591E1
3.023750600E1,1.226239777E1,-1.643703461E1,-5.069309998E1,5.468393631E1
3.024743800E1,1.214463806E1,-1.617221069E1,-5.035236359E1,5.426226268E1
3.025737000E1,1.216971588E1,-1.633721924E1,-5.065388489E1,5.459691174E1
3.026730300E1,1.217079163E1,-1.618927765E1,-5.048229980E1,5.439378157E1
3.027723500E1,1.210619354E1,-1.597148132E1,-5.063491058E1,5.445679303E1
3.028716700E1,1.256052399E1,-1.584586334E1,-5.059580994E1,5.448664177E1
3.029709900E1,1.235391998E1,-1.615003967E1,-5.052053070E1,5.445885734E1
3.030703100E1,1.225062561E1,-1.613629913E1,-5.033123779E1,5.425579670E1
3.031696400E1,1.228141785E1,-1.597929382E1,-5.068869781E1,5.454828266E1
3.032689600E1,1.253662109E1,-1.589094543E1,-5.055268097E1,5.445422452E1
3.033682800E1,1.224898529E1,-1.590907288E1,-5.032984161E1,5.418698365E1
3.034676000E1,1.230206299E1,-1.593348694E1,-5.001122284E1,5.391047365E1
3.035669300E1,1.218752289E1,-1.611402130E1,-5.018898773E1,5.410297484E1
3.036662500E1,1.240869904E1,-1.601410675E1,-5.036866760E1,5.429023948E1
3.037655700E1,1.236377716E1,-1.597321320E1,-5.063468170E1,5.451492930E1
3.038648900E1,1.233039093E1,-1.592722321E1,-5.020858765E1,5.409821857E1
3.039642100E1,1.254679871E1,-1.606104279E1,-5.013532257E1,5.411958816E1
3.040635400E1,1.233771515E1,-1.593417358E1,-4.993226624E1,5.384559698E1
3.041628600E1,1.212330627E1,-1.596015930E1,-5.027646637E1,5.412415644E1
3.042621800E1,1.214483643E1,-1.609249878E1,-5.015865326E1,5.405882042E1
3.043615000E1,1.230597687E1,-1.594508362E1,-4.993181610E1,5.384114614E1
3.044608200E1,1.226422119E1,-1.624702454E1,-5.049515533E1,5.444389442E1
3.045601500E1,1.237296295E1,-1.609259796E1,-5.057409668E1,5.449588220E1
3.046594700E1,1.224237061E1,-1.595742798E1,-5.051638031E1,5.437296962E1
3.047587900E1,1.231301117E1,-1.595991516E1,-5.041963196E1,5.429980131E1
3.048581100E1,1.203847504E1,-1.588098145E1,-5.024714661E1,5.405465933E1
3.049574400E1,1.176584625E1,-1.627465820E1,-5.018408203E1,5.405313799E1
3.050567600E1,1.203514099E1,-1.615099335E1,-5.019790649E1,5.408815971E1
3.051560800E1,1.222451019E1,-1.602909088E1,-5.031091309E1,5.419924704E1
3.052554000E1,1.227850342E1,-1.580295563E1,-5.060865021E1,5.442178359E1
3.053547200E1,1.222477722E1,-1.594457245E1,-5.040586090E1,5.426255967E1
3.054540500E1,1.211332703E1,-1.579600525E1,-5.034223175E1,5.413489421E1
3.055533700E1,1.210552216E1,-1.609568787E1,-5.042385101E1,5.429714160E1
3.056526900E1,1.228541565E1,-1.591347504E1,-5.026175690E1,5.413330150E1
3.057520100E1,1.230578613E1,-1.610715485E1,-5.046526337E1,5.438396470E1
3.058513300E1,1.222589111E1,-1.584474182E1,-5.020317841E1,5.404523456E1
3.059506600E1,1.206890869E1,-1.601341248E1,-5.021696472E1,5.407246510E1
3.060499800E1,1.222796631E1,-1.584658813E1,-5.053991699E1,5.435918253E1
3.061493000E1,1.224673462E1,-1.618473053E1,-5.033039093E1,5.426855685E1
3.062486200E1,1.214727783E1,-1.585444641E1,-5.045627594E1,5.426560247E1
3.063479400E1,1.185016632E1,-1.621805573E1,-5.034605408E1,5.420495304E1
3.064472700E1,1.219566345E1,-1.616426086E1,-5.027435303E1,5.419896778E1
3.065465900E1,1.227299500E1,-1.630932617E1,-5.039402008E1,5.437074384E1
3.066459100E1,1.206147766E1,-1.616548920E1,-5.002554321E1,5.393845806E1
3.067452300E1,1.208583069E1,-1.598445892E1,-5.027552795E1,5.412207444E1
3.068445500E1,1.186187744E1,-1.585177612E1,-5.022453308E1,5.398598583E1
3.069438800E1,1.219139099E1,-1.610889435E1,-5.036463165E1,5.426529842E1
3.070432000E1,1.228629303E1,-1.584468079E1,-5.039052582E1,5.423294200E1
3.071425200E1,1.219275665E1,-1.588873291E1,-5.077336884E1,5.458067544E1
3.072418400E1,1.246534729E1,-1.570736694E1,-5.034393311E1,5.419056984E1
3.073411700E1,1.217509460E1,-1.611859894E1,-5.023062134E1,5.414016513E1
3.074404900E1,1.225625610E1,-1.589201355E1,-5.016029358E1,5.402616922E1
3.075398100E1,1.200293732E1,-1.615321350E1,-5.000505066E1,5.390270774E1
3.076391300E1,1.230077362E1,-1.609487152E1,-4.981833649E1,5.377936938E1
3.077384500E1,1.227440643E1,-1.632658386E1,-5.012551117E1,5.412749083E1
3.078377800E1,1.236929321E1,-1.573189545E1,-5.018559265E1,5.402856336E1
3.079371000E1,1.233509064E1,-1.588675690E1,-5.047159576E1,5.433162509E1
3.080364200E1,1.236299896E1,-1.586397552E1,-5.022691345E1,5.410408762E1
3.081357400E1,1.228975677E1,-1.617946625E1,-5.026261139E1,5.421386680E1
3.082350600E1,1.246469879E1,-1.593376923E1,-5.012707520E1,5.405531783E1
3.083343900E1,1.228520203E1,-1.602230072E1,-5.020285034E1,5.411068741E1
3.084337100E1,1.249167633E1,-1.592770386E1,-5.009567261E1,5.403064077E1
3.085330300E1,1.224208832E1,-1.627165985E1,-5.030701447E1,5.427182828E1
3.086323500E1,1.239319611E1,-1.597533417E1,-5.016852570E1,5.408958848E1
3.087316700E1,1.226531219E1,-1.616721344E1,-5.065841675E1,5.457189626E1
3.088310000E1,1.230696106E1,-1.598216248E1,-5.058798981E1,5.446132133E1
3.089303200E1,1.223235321E1,-1.605391693E1,-5.026378632E1,5.416462802E1
3.090296400E1,1.241346741E1,-1.604255676E1,-5.006381989E1,5.401707010E1
3.091289600E1,1.237602234E1,-1.619155121E1,-5.007962799E1,5.406756328E1
3.092282900E1,1.252757263E1,-1.601024628E1,-4.990966797E1,5.389102911E1
3.093276100E1,1.239293671E1,-1.630447388E1,-5.010001373E1,5.412422863E1
3.094269300E1,1.233000183E1,-1.635301971E1,-5.036587524E1,5.437068685E1
3.095262500E1,1.230850983E1,-1.632597351E1,-5.036412048E1,5.435606183E1
3.096255700E1,1.254422760E1,-1.619331360E1,-5.043601990E1,5.443687311E1
3.097249000E1,1.237818909E1,-1.605461121E1,-5.065733337E1,5.456313344E1
3.098242200E1,1.241533661E1,-1.586953735E1,-5.011725616E1,5.401594361E1
3.099235350E1,1.237928772E1,-1.610143280E1,-5.027165222E1,5.421938694E1
3.100228550E1,1.234150696E1,-1.590367126E1,-5.038313293E1,5.425587192E1
3.101221750E1,1.230461121E1,-1.608045959E1,-5.029032135E1,5.421347673E1
3.102215050E1,1.234265137E1,-1.597979736E1,-5.023009491E1,5.413647016E1
3.103208250E1,1.231535339E1,-1.624118805E1,-5.038566589E1,5.435217977E1
3.104201450E1,1.212302399E1,-1.624257660E1,-5.028146362E1,5.421267923E1
3.105194650E1,1.233303070E1,-1.630176544E1,-5.041130066E1,5.439807383E1
3.106187850E1,1.249623871E1,-1.594303131E1,-5.028198242E1,5.420898436E1
3.107181150E1,1.242682648E1,-1.619113159E1,-4.994809723E1,5.395730882E1
3.108174350E1,1.268011475E1,-1.600717163E1,-4.985870361E1,5.387861523E1
3.109167550E1,1.234167480E1,-1.592128754E1,-5.011531067E1,5.401248649E1
3.110160750E1,1.216995239E1,-1.607963562E1,-4.989861298E1,5.381945745E1
3.111153950E1,1.221642303E1,-1.612046814E1,-4.995403290E1,5.389356072E1
3.112147250E1,1.226807404E1,-1.597551727E1,-5.022151947E1,5.411029302E1
3.113140450E1,1.230186462E1,-1.609646606E1,-5.004203033E1,5.398737716E1
3.114133650E1,1.218530273E1,-1.595178986E1,-5.009374237E1,5.396595433E1
3.115126850E1,1.215096283E1,-1.594851685E1,-5.026670837E1,5.411786265E1
3.116120050E1,1.225852203E1,-1.602412415E1,-5.061202240E1,5.448505050E1
3.117113350E1,1.224456787E1,-1.618585205E1,-5.050756836E1,5.443276321E1
3.118106550E1,1.217949677E1,-1.631252289E1,-5.064475250E1,5.458323461E1
3.119099750E1,1.202354431E1,-1.603348541E1,-5.028005981E1,5.412691278E1
3.120092950E1,1.222922516E1,-1.611150360E1,-5.015375519E1,5.407895761E1
3.121086150E1,1.226065826E1,-1.617247009E1,-5.024042511E1,5.418461816E1
3.122079450E1,1.242533112E1,-1.623370361E1,-5.032920837E1,5.432265827E1
3.123072650E1,1.230322266E1,-1.602487183E1,-5.026042175E1,5.416895605E1
3.124065850E1,1.249405670E1,-1.615592194E1,-5.019536591E1,5.419123568E1
3.125059050E1,1.245664978E1,-1.608171844E1,-5.031645966E1,5.427279156E1
3.126052350E1,1.228583527E1,-1.588693237E1,-5.001351929E1,5.389516193E1
3.127045550E1,1.245877075E1,-1.614764404E1,-5.040480804E1,5.437473725E1
3.128038750E1,1.237023163E1,-1.627926636E1,-5.049309540E1,5.447558927E1
3.129031950E1,1.252156830E1,-1.619274139E1,-5.045373535E1,5.444790131E1
3.130025150E1,1.254019928E1,-1.626604462E1,-5.075363922E1,5.475191960E1
3.131018450E1,1.238568878E1,-1.618731689E1,-5.053016663E1,5.448607395E1
3.132011650E1,1.228831482E1,-1.633206940E1,-5.039041138E1,5.437768596E1
3.133004850E1,1.238511658E1,-1.608039093E1,-5.038264465E1,5.431740943E1
3.133998050E1,1.241246033E1,-1.621920776E1,-5.044197083E1,5.441988876E1
3.134991250E1,1.261241150E1,-1.591275024E1,-5.050721741E1,5.443590317E1
3.135984550E1,1.240566254E1,-1.612926483E1,-5.015474701E1,5.412533875E1
3.136977750E1,1.248596954E1,-1.583789825E1,-4.999936676E1,5.391358950E1
3.137970950E1,1.262053680E1,-1.619583130E1,-5.013076019E1,5.417265009E1
3.138964150E1,1.266139221E1,-1.577814484E1,-5.003355408E1,5.396866907E1
3.139957350E1,1.266585541E1,-1.623429871E1,-5.042739868E1,5.446924715E1
3.140950650E1,1.281428528E1,-1.606272888E1,-5.037085724E1,5.440073920E1
3.141943850E1,1.248149872E1,-1.616622925E1,-5.028897858E1,5.427813689E1
3.142937050E1,1.264451599E1,-1.586213684E1,-5.000777435E1,5.396543955E1
3.143930250E1,1.250626373E1,-1.592761993E1,-5.024994659E1,5.417705088E1
3.144923450E1,1.249764252E1,-1.581787109E1,-5.025859070E1,5.415091923E1
3.145916750E1,1.235395050E1,-1.595236969E1,-5.028781891E1,5.418452659E1
3.146909950E1,1.246298218E1,-1.588238525E1,-5.027806091E1,5.417988091E1
3.147903150E1,1.248090363E1,-1.589960480E1,-5.045241547E1,5.435086581E1
3.148896350E1,1.240287018E1,-1.596643066E1,-5.021936798E1,5.413633731E1
3.149889550E1,1.240554810E1,-1.602500916E1,-5.028510284E1,5.421522028E1
3.150882850E1,1.261186218E1,-1.584845734E1,-5.025031281E1,5.417865451E1
3.151876050E1,1.237906647E1,-1.616029358E1,-5.026698303E1,5.423251754E1
3.152869250E1,1.242514038E1,-1.592086029E1,-5.013112640E1,5.404616305E1
3.153862450E1,1.232838440E1,-1.625791168E1,-5.040784454E1,5.438069093E1
3.154855650E1,1.242060089E1,-1.572792053E1,-5.000992584E1,5.387607534E1
3.155848950E1,1.238300323E1,-1.605996704E1,-5.001525116E1,5.397023864E1
3.156842150E1,1.231606293E1,-1.591841125E1,-4.998970795E1,5.388925796E1
3.157835350E1,1.202522278E1,-1.602664948E1,-5.036735535E1,5.420636458E1
3.158828550E1,1.233294678E1,-1.577499390E1,-5.031937408E1,5.415709941E1
3.159821750E1,1.230400085E1,-1.605661774E1,-5.027426910E1,5.419137887E1
3.160815050E1,1.246743774E1,-1.588881683E1,-5.045159912E1,5.434386219E1
3.161808250E1,1.245920563E1,-1.605142212E1,-5.048191071E1,5.441785796E1
3.162801450E1,1.254422760E1,-1.560886383E1,-5.052129364E1,5.434515054E1
3.163794650E1,1.255919647E1,-1.604514313E1,-5.090732574E1,5.483371088E1
3.164787850E1,1.233264160E1,-1.584868622E1,-5.052819061E1,5.437253857E1
3.165781150E1,1.227279663E1,-1.617474365E1,-5.070119476E1,5.461551995E1
3.166774350E1,1.232585907E1,-1.559526062E1,-5.066179657E1,5.442202300E1
3.167767550E1,1.238902283E1,-1.602014160E1,-5.084269714E1,5.472762261E1
3.168760750E1,1.227894592E1,-1.598815155E1,-5.061393738E1,5.448086049E1
3.169753950E1,1.229769897E1,-1.624636078E1,-5.098789978E1,5.490850173E1
3.170747250E1,1.230900574E1,-1.586531830E1,-5.090725708E1,5.472448054E1
3.171740450E1,1.234181976E1,-1.610394287E1,-5.070217133E1,5.461105811E1
3.172733650E1,1.234537506E1,-1.586833954E1,-5.070095825E1,5.454172396E1
3.173726850E1,1.244699860E1,-1.591227722E1,-5.081005096E1,5.467896871E1
3.174720050E1,1.229254150E1,-1.594521332E1,-5.025946045E1,5.414212564E1
3.175713350E1,1.224372864E1,-1.600630951E1,-5.049234772E1,5.436531995E1
3.176706550E1,1.221400452E1,-1.583504486E1,-5.046269989E1,5.428088644E1
3.177699750E1,1.228419495E1,-1.593590546E1,-5.008822632E1,5.397856004E1
3.178692950E1,1.246332550E1,-1.587644958E1,-5.029814911E1,5.419686280E1
3.179686150E1,1.235784149E1,-1.596205902E1,-5.073857880E1,5.460683980E1
3.180679450E1,1.237320709E1,-1.570640564E1,-5.025244904E1,5.408415725E1
3.181672650E1,1.223740387E1,-1.585042572E1,-5.032964325E1,5.416699215E1
3.182665850E1,1.257063293E1,-1.575990295E1,-5.022005463E1,5.411514797E1
3.183659050E1,1.237281036E1,-1.587828064E1,-5.052337646E1,5.438582354E1
3.184652250E1,1.226991272E1,-1.583316040E1,-5.059243774E1,5.441355055E1
3.185645550E1,1.226330566E1,-1.611216736E1,-5.083001709E1,5.471454322E1
3.186638750E1,1.215266418E1,-1.582994080E1,-5.066494751E1,5.445375266E1
3.187631950E1,1.213760376E1,-1.619145966E1,-5.086342621E1,5.474096196E1
3.188625150E1,1.215337372E1,-1.607955933E1,-5.073284912E1,5.459009709E1
3.189618350E1,1.191430664E1,-1.610344696E1,-5.071428680E1,5.452715464E1
3.190611650E1,1.197126770E1,-1.618479156E1,-5.108901215E1,5.491216523E1
3.191604850E1,1.225950623E1,-1.617607880E1,-5.105617523E1,5.494264325E1
3.192598050E1,1.211182404E1,-1.592189026E1,-5.045947266E1,5.428039473E1
3.193591250E1,1.229116058E1,-1.592499542E1,-5.074694061E1,5.458873592E1
3.194584450E1,1.232025909E1,-1.610204315E1,-5.089949036E1,5.478889209E1
3.195577750E1,1.237722778E1,-1.598530579E1,-5.084897614E1,5.472060072E1
3.196570950E1,1.226634216E1,-1.599950409E1,-5.067134857E1,5.453469398E1
3.197564150E1,1.232447815E1,-1.575687408E1,-5.085620880E1,5.464911542E1
3.198557350E1,1.216091156E1,-1.588451385E1,-5.065087891E1,5.445839774E1
3.199550538E1,1.222589874E1,-1.597168732E1,-5.035832214E1,5.422663557E1
3.200543838E1,1.228131104E1,-1.593648529E1,-5.059767914E1,5.445114598E1
3.201537038E1,1.226496124E1,-1.572219086E1,-5.034270477E1,5.414798688E1
3.202530238E1,1.227555847E1,-1.597364044E1,-5.038119507E1,5.425966588E1
3.203523438E1,1.214414978E1,-1.602475739E1,-5.053843689E1,5.439123851E1
3.204516637E1,1.189976501E1,-1.631694794E1,-5.063932037E1,5.451777660E1
3.205509938E1,1.216429138E1,-1.629973602E1,-5.044063568E1,5.438666295E1
3.206503138E1,1.224905396E1,-1.636107635E1,-5.025337982E1,5.425058825E1
3.207496338E1,1.230576324E1,-1.603543091E1,-5.046146393E1,5.435923284E1
3.208489538E1,1.217752838E1,-1.631707001E1,-5.064081573E1,5.458050192E1
3.209482738E1,1.247489929E1,-1.608572388E1,-5.050315094E1,5.445127987E1
3.210476038E1,1.228216553E1,-1.620584869E1,-5.047456360E1,5.441656634E1
3.211469238E1,1.241112518E1,-1.604664612E1,-5.028847504E1,5.422602329E1
3.212462438E1,1.236151886E1,-1.639226532E1,-5.007921600E1,5.412431419E1
3.213455638E1,1.227868652E1,-1.603380585E1,-5.017186737E1,5.408387327E1
3.214448838E1,1.189163971E1,-1.620877838E1,-5.030157471E1,5.416995486E1
3.215442138E1,1.233867645E1,-1.603332520E1,-5.040351105E1,5.431228571E1
3.216435338E1,1.234193420E1,-1.617202759E1,-5.064522552E1,5.457835363E1
3.217428538E1,1.234742737E1,-1.587216949E1,-5.016649628E1,5.404685075E1
3.218421738E1,1.223091888E1,-1.621913147E1,-5.056484985E1,5.449274854E1
3.219414938E1,1.241890717E1,-1.620011902E1,-5.031356049E1,5.429666178E1
3.220408237E1,1.235794830E1,-1.626208496E1,-5.013735199E1,5.413804908E1
3.221401438E1,1.220877838E1,-1.594290924E1,-5.022673035E1,5.409209800E1
3.222394638E1,1.230056763E1,-1.623664856E1,-5.026528931E1,5.423589245E1
3.223387838E1,1.244348907E1,-1.598054504E1,-5.026796722E1,5.419489615E1
3.224381038E1,1.229843140E1,-1.601494598E1,-5.042119598E1,5.431415022E1
3.225374338E1,1.249394989E1,-1.551596832E1,-4.982768250E1,5.366229589E1
3.226367538E1,1.236174011E1,-1.601759338E1,-4.994969940E1,5.389200671E1
3.227360738E1,1.247399902E1,-1.593610382E1,-5.002191162E1,5.396064954E1
3.228353937E1,1.261780548E1,-1.620846558E1,-5.025655365E1,5.429221451E1
3.229347138E1,1.257435608E1,-1.585542297E1,-5.045970917E1,5.436626820E1
3.230340438E1,1.254983521E1,-1.610280609E1,-5.035559082E1,5.433676706E1
3.231333638E1,1.230764771E1,-1.644684601E1,-5.024995422E1,5.428659904E1
3.232326838E1,1.223524475E1,-1.602011871E1,-5.003180695E1,5.394003267E1
3.233320038E1,1.223108673E1,-1.613278198E1,-5.031959534E1,5.423954104E1
3.234313238E1,1.244160461E1,-1.598177338E1,-4.988495636E1,5.383975740E1
3.235306538E1,1.217426300E1,-1.625040436E1,-4.992227936E1,5.389362019E1
3.236299738E1,1.237765503E1,-1.591569519E1,-4.992521667E1,5.384276142E1
3.237292938E1,1.232585144E1,-1.627294922E1,-4.979192352E1,5.381422803E1
3.238286138E1,1.231574249E1,-1.601679230E1,-5.015742493E1,5.407386082E1
3.239279338E1,1.237008667E1,-1.640079498E1,-5.053224945E1,5.454826629E1
3.240272638E1,1.235813141E1,-1.601735687E1,-5.032929993E1,5.424313380E1
3.241265838E1,1.198898315E1,-1.618396759E1,-5.010168457E1,5.399847517E1
3.242259038E1,1.228616333E1,-1.556758881E1,-5.017639923E1,5.395341204E1
3.243252238E1,1.253405762E1,-1.586228943E1,-5.024581146E1,5.416046894E1
3.244245438E1,1.230725861E1,-1.575917053E1,-5.038548279E1,5.420808930E1
3.245238738E1,1.255622864E1,-1.608837891E1,-5.019805145E1,5.418799852E1
3.246231938E1,1.241787720E1,-1.600160217E1,-5.035099792E1,5.427225754E1
3.247225138E1,1.245690918E1,-1.611171722E1,-5.049329376E1,5.444570445E1
3.248218338E1,1.230904388E1,-1.593907166E1,-5.043281555E1,5.430502234E1
3.249211538E1,1.219389343E1,-1.589804077E1,-5.058588409E1,5.440928604E1
3.250204838E1,1.208183289E1,-1.594695282E1,-5.016519165E1,5.400761468E1
3.251198038E1,1.201602936E1,-1.590962982E1,-5.051570892E1,5.430780911E1
3.252191237E1,1.243931580E1,-1.616488647E1,-5.037374878E1,5.434661625E1
3.253184438E1,1.235095215E1,-1.622104645E1,-5.075354004E1,5.469543119E1
3.254177638E1,1.232895660E1,-1.602537537E1,-5.075991821E1,5.463867791E1
3.255170838E1,1.247100067E1,-1.614838409E1,-5.076648712E1,5.471318288E1
3.256164138E1,1.269308472E1,-1.612182617E1,-5.036044312E1,5.438016099E1
3.257157338E1,1.252279663E1,-1.605509949E1,-5.066693878E1,5.460517687E1
3.258150538E1,1.241948700E1,-1.578543854E1,-5.092748260E1,5.474515697E1
3.259143738E1,1.230721283E1,-1.586693573E1,-5.053963470E1,5.438273451E1
3.260136937E1,1.245755005E1,-1.609973145E1,-5.058679199E1,5.452903291E1
3.261130238E1,1.236079407E1,-1.587665558E1,-5.070451355E1,5.455094057E1
3.262123438E1,1.235161591E1,-1.570558929E1,-5.115390015E1,5.491766065E1
3.263116638E1,1.251990509E1,-1.598838043E1,-5.078515625E1,5.469468372E1
3.264109838E1,1.232051849E1,-1.598201752E1,-5.046469116E1,5.434984005E1
3.265103038E1,1.264166260E1,-1.582450104E1,-5.045131683E1,5.436507920E1
3.266096338E1,1.253982544E1,-1.585042572E1,-5.040171814E1,5.430300552E1
3.267089538E1,1.253968048E1,-1.580897522E1,-5.050648499E1,5.438816332E1
3.268082738E1,1.255541229E1,-1.593645477E1,-5.028081512E1,5.421963978E1
3.269075938E1,1.232994843E1,-1.617681122E1,-5.046076202E1,5.440593123E1
3.270069138E1,1.236475372E1,-1.605071259E1,-5.027854156E1,5.420741878E1
3.271062438E1,1.220457458E1,-1.612226868E1,-5.013773346E1,5.406173790E1
3.272055638E1,1.211469269E1,-1.604982758E1,-5.042049408E1,5.428249227E1
3.273048838E1,1.237808228E1,-1.583568573E1,-5.031943512E1,5.418515861E1
3.274042038E1,1.254988098E1,-1.610330963E1,-5.020611572E1,5.419843309E1
3.275035238E1,1.225129700E1,-1.574295044E1,-5.024452209E1,5.405965933E1
3.276028537E1,1.249859619E1,-1.593735504E1,-5.048125458E1,5.439275003E1
3.277021738E1,1.238922882E1,-1.598045349E1,-5.046339417E1,5.436379342E1
3.278014938E1,1.250767517E1,-1.596472931E1,-5.040913391E1,5.433594852E1
3.279008138E1,1.237108612E1,-1.619416046E1,-5.024558258E1,5.422096618E1
3.280001338E1,1.228398132E1,-1.645294952E1,-5.048512268E1,5.450085648E1
3.280994638E1,1.229109955E1,-1.608384705E1,-5.031072235E1,5.423034250E1
3.281987838E1,1.223564911E1,-1.605611420E1,-5.020120239E1,5.410795352E1
3.282981038E1,1.228083801E1,-1.577130127E1,-4.985448456E1,5.371240598E1
3.283974237E1,1.243761444E1,-1.622987366E1,-5.010801697E1,5.411946430E1
3.284967438E1,1.244897461E1,-1.577279663E1,-5.013780212E1,5.401441737E1
3.285960638E1,1.236763000E1,-1.601326752E1,-5.019064331E1,5.411546622E1
3.286953938E1,1.248841858E1,-1.571063232E1,-5.000247955E1,5.387979703E1
3.287947138E1,1.245970917E1,-1.595821381E1,-5.010723114E1,5.404297876E1
3.288940338E1,1.231616211E1,-1.604139709E1,-5.007664490E1,5.400633883E1
3.289933538E1,1.217412567E1,-1.596498871E1,-5.025960541E1,5.412132792E1
3.290926738E1,1.225273895E1,-1.590308380E1,-5.014972687E1,5.401881886E1
3.291920038E1,1.225150299E1,-1.583819580E1,-4.986573792E1,5.373583152E1
3.292913238E1,1.240604401E1,-1.577494049E1,-5.008945465E1,5.396028301E1
3.293906438E1,1.248731995E1,-1.583608246E1,-5.053775024E1,5.441303949E1
3.294899638E1,1.263571930E1,-1.575887299E1,-5.046112823E1,5.435373899E1
3.295892838E1,1.242589569E1,-1.583349609E1,-5.059580231E1,5.445215968E1
3.296886138E1,1.244802856E1,-1.586463165E1,-5.029004669E1,5.418236566E1
3.297879338E1,1.243854523E1,-1.609593201E1,-5.041300201E1,5.436236940E1
3.298872538E1,1.249544525E1,-1.588944244E1,-5.004618073E1,5.397435260E1
3.299865804E1,1.270626831E1,-1.621990204E1,-5.059686279E1,5.463128226E1
3.300859004E1,1.234182739E1,-1.621542358E1,-5.053469849E1,5.448868154E1
3.301852304E1,1.233554840E1,-1.638143921E1,-5.062931061E1,5.462457686E1
3.302845504E1,1.220493317E1,-1.602550507E1,-5.037973785E1,5.425767404E1
3.303838704E1,1.214795685E1,-1.618591309E1,-5.053793335E1,5.443931801E1
3.304831904E1,1.216763306E1,-1.589923096E1,-5.025814056E1,5.409914539E1
3.305825104E1,1.201934814E1,-1.627649689E1,-5.046595764E1,5.437096616E1
3.306818404E1,1.219526672E1,-1.573983765E1,-5.043485260E1,5.422307052E1
3.307811604E1,1.203112030E1,-1.610826874E1,-5.044038391E1,5.429969159E1
3.308804804E1,1.217210388E1,-1.590216064E1,-5.033731079E1,5.417456676E1
3.309798004E1,1.229102325E1,-1.591718292E1,-5.036669159E1,5.423310416E1
3.310791204E1,1.230681610E1,-1.581397247E1,-5.004789734E1,5.391040230E1
3.311784404E1,1.209916687E1,-1.592884064E1,-5.032675934E1,5.415626010E1
3.312777704E1,1.208153534E1,-1.580117798E1,-5.081645203E1,5.457061955E1
3.313770904E1,1.229747772E1,-1.630466461E1,-5.081400299E1,5.476434010E1
3.314764104E1,1.215117645E1,-1.618384552E1,-5.084123993E1,5.472110765E1
3.315757304E1,1.201245117E1,-1.635496521E1,-5.087625885E1,5.477387685E1
3.316750504E1,1.194948578E1,-1.606407928E1,-5.048674011E1,5.431165419E1
3.317743804E1,1.207260132E1,-1.608039093E1,-5.087607574E1,5.470559165E1
3.318737004E1,1.217407990E1,-1.607291412E1,-5.062918854E1,5.449643586E1
3.319730204E1,1.228967285E1,-1.627570343E1,-5.038861847E1,5.435942837E1
3.320723404E1,1.247605133E1,-1.587196350E1,-5.024780273E1,5.415175677E1
3.321716604E1,1.237685394E1,-1.617430878E1,-5.035997009E1,5.432238365E1
3.322709904E1,1.252299500E1,-1.619386292E1,-5.042802429E1,5.442473917E1
3.323703104E1,1.237033844E1,-1.621638489E1,-5.027454376E1,5.425427322E1
3.324696304E1,1.250093079E1,-1.620013428E1,-5.072956848E1,5.470106708E1
3.325689504E1,1.229839325E1,-1.619226837E1,-5.037431335E1,5.432321306E1
3.326682704E1,1.235591125E1,-1.635177612E1,-5.026882935E1,5.428631807E1
3.327676004E1,1.220655823E1,-1.617560577E1,-4.998166656E1,5.393345231E1
3.328669204E1,1.223963165E1,-1.602024078E1,-5.013188934E1,5.403390627E1
3.329662404E1,1.252487183E1,-1.599186707E1,-5.043431854E1,5.437124896E1
3.330655604E1,1.243014526E1,-1.609838104E1,-5.026596832E1,5.422484629E1
3.331648804E1,1.261198425E1,-1.637175751E1,-5.015203094E1,5.424318205E1
3.332642004E1,1.229630280E1,-1.626644897E1,-4.984326935E1,5.385302149E1
3.333635304E1,1.215167236E1,-1.650460052E1,-5.026715851E1,5.428491691E1
3.334628504E1,1.229304504E1,-1.610199738E1,-5.061431885E1,5.451791034E1
3.335621704E1,1.250973511E1,-1.612794495E1,-5.031783295E1,5.429998520E1
3.336614904E1,1.240084839E1,-1.600825500E1,-5.037652588E1,5.429401098E1
3.337608104E1,1.251908875E1,-1.620220184E1,-5.055235291E1,5.454153749E1
3.338601404E1,1.224817657E1,-1.621866608E1,-5.039883423E1,5.434248292E1
3.339594604E1,1.217758942E1,-1.598682404E1,-5.064649200E1,5.448797463E1
3.340587804E1,1.246374512E1,-1.604199219E1,-5.064017487E1,5.456297065E1
3.341581004E1,1.238333893E1,-1.628056335E1,-5.049209595E1,5.447802841E1
3.342574204E1,1.243472290E1,-1.623934174E1,-5.066520691E1,5.463791490E1
3.343567504E1,1.234174347E1,-1.657086182E1,-5.060845947E1,5.466377469E1
3.344560704E1,1.252127075E1,-1.639170074E1,-5.036292267E1,5.442328596E1
3.345553904E1,1.227136230E1,-1.616070557E1,-5.041461945E1,5.434508801E1
3.346547104E1,1.202249146E1,-1.631935120E1,-5.014895630E1,5.409047367E1
3.347540304E1,1.235725403E1,-1.608209991E1,-5.025336456E1,5.419166278E1
3.348533504E1,1.230117035E1,-1.601140594E1,-5.018913269E1,5.409836368E1
3.349526804E1,1.216761017E1,-1.595788574E1,-5.058668518E1,5.442166455E1
3.350520004E1,1.199501038E1,-1.582704926E1,-5.048193359E1,5.424759332E1
3.351513204E1,1.207418060E1,-1.582839203E1,-5.053926849E1,5.431888706E1
3.352506404E1,1.226306915E1,-1.607826233E1,-5.090661621E1,5.477569679E1
3.353499604E1,1.239250183E1,-1.592296600E1,-5.051058960E1,5.439149391E1
3.354492904E1,1.237083435E1,-1.618250275E1,-5.040439606E1,5.436463997E1
3.355486104E1,1.238704681E1,-1.591937256E1,-5.069309235E1,5.455872949E1
3.356479304E1,1.229367828E1,-1.604162598E1,-5.055422974E1,5.444445274E1
3.357472504E1,1.247866821E1,-1.598796844E1,-5.048876953E1,5.441000041E1
3.358465704E1,1.235308075E1,-1.584912872E1,-5.055605316E1,5.440319840E1
3.359459004E1,1.228946686E1,-1.581532288E1,-5.081233978E1,5.461729861E1
3.360452204E1,1.212938690E1,-1.605073547E1,-5.039820862E1,5.426534408E1
3.361445404E1,1.238279724E1,-1.603993225E1,-5.055269623E1,5.446272294E1
3.362438604E1,1.219018555E1,-1.592514801E1,-5.088504791E1,5.469459812E1
3.363431804E1,1.208247375E1,-1.595091248E1,-5.088757324E1,5.468055314E1
3.364425004E1,1.207788086E1,-1.615536499E1,-5.090088654E1,5.475190658E1
3.365418304E1,1.223642731E1,-1.578168488E1,-5.076868439E1,5.455502768E1
3.366411504E1,1.219273376E1,-1.624571228E1,-5.046212769E1,5.439680372E1
3.367404704E1,1.243595123E1,-1.597492218E1,-5.031167603E1,5.423205479E1
3.368397904E1,1.219455719E1,-1.595700836E1,-5.036917877E1,5.422534012E1
3.369391104E1,1.207611084E1,-1.570064545E1,-5.053462982E1,5.427791016E1
3.370384404E1,1.218608093E1,-1.601631165E1,-5.053013611E1,5.439041701E1
3.371377604E1,1.225338745E1,-1.569238281E1,-5.059573364E1,5.437209436E1
3.372370804E1,1.215302277E1,-1.592109680E1,-5.069565582E1,5.450896078E1
3.373364004E1,1.210273743E1,-1.580364990E1,-5.052359009E1,5.430345071E1
3.374357204E1,1.219137573E1,-1.614122009E1,-5.057861328E1,5.447352338E1
3.375350504E1,1.249058533E1,-1.590394592E1,-5.064686584E1,5.453489926E1
3.376343704E1,1.238666534E1,-1.605744934E1,-5.077494049E1,5.467509250E1
3.377336904E1,1.207131958E1,-1.571996307E1,-5.054979706E1,5.429655586E1
3.378330104E1,1.209915161E1,-1.604784393E1,-5.079895782E1,5.463018287E1
3.379323304E1,1.251078033E1,-1.591033173E1,-5.070507050E1,5.459544353E1
3.380316504E1,1.249504852E1,-1.617257690E1,-5.049553680E1,5.447456029E1
3.381309804E1,1.233686829E1,-1.572238159E1,-5.028145599E1,5.410745253E1
3.382303004E1,1.233889771E1,-1.605336761E1,-5.071666718E1,5.460896756E1
3.383296204E1,1.226555634E1,-1.581192017E1,-5.033776093E1,5.416964894E1
3.384289404E1,1.226840210E1,-1.612622070E1,-5.048239899E1,5.439707062E1
3.385282604E1,1.238748169E1,-1.593064117E1,-5.011232758E1,5.402296184E1
3.386275904E1,1.229811096E1,-1.605589294E1,-5.050853729E1,5.440723822E1
3.387269104E1,1.238562775E1,-1.590584564E1,-5.036862946E1,5.425309699E1
3.388262304E1,1.243229675E1,-1.611997223E1,-5.081934357E1,5.474505629E1
3.389255504E1,1.241627502E1,-1.593073273E1,-5.045320129E1,5.434590740E1
3.390248704E1,1.217396545E1,-1.592469788E1,-5.062615204E1,5.445005700E1
3.391242004E1,1.229795074E1,-1.598083496E1,-5.019455719E1,5.409362486E1
3.392235204E1,1.233602142E1,-1.628645325E1,-5.049897003E1,5.447542527E1
3.393228404E1,1.233294678E1,-1.591948700E1,-5.012606812E1,5.401994398E1
3.394221604E1,1.250023651E1,-1.603822327E1,-5.015306091E1,5.411848148E1
3.395214804E1,1.237552643E1,-1.576299286E1,-5.024178314E1,5.409124117E1
3.396208004E1,1.245310974E1,-1.584676361E1,-5.050252533E1,5.437559125E1
3.397201304E1,1.236682129E1,-1.581242371E1,-5.054380035E1,5.438425109E1
3.398194504E1,1.230260468E1,-1.603186035E1,-5.059658813E1,5.448292723E1
3.399187704E1,1.230319214E1,-1.580584717E1,-5.040914154E1,5.424274046E1
3.400180863E1,1.241857147E1,-1.600556946E1,-5.030950165E1,5.423509129E1
3.401174063E1,1.230741882E1,-1.572973633E1,-5.029265594E1,5.411329231E1
3.402167263E1,1.224237061E1,-1.589508820E1,-5.038877869E1,5.423613633E1
3.403160563E1,1.223626709E1,-1.563525391E1,-5.006085968E1,5.385422053E1
3.404153763E1,1.202544403E1,-1.579640961E1,-5.046942139E1,5.423375661E1
3.405146963E1,1.212387085E1,-1.601167297E1,-5.027360535E1,5.413683875E1
3.406140163E1,1.208067322E1,-1.607243347E1,-5.069519806E1,5.453685808E1
3.407133363E1,1.222399902E1,-1.600915527E1,-5.058662415E1,5.444929519E1
3.408126663E1,1.213920593E1,-1.595455170E1,-5.060774231E1,5.443391978E1
3.409119862E1,1.226872253E1,-1.592234039E1,-5.037264252E1,5.423509556E1
3.410113063E1,1.243500519E1,-1.586828613E1,-5.039656067E1,5.427932559E1
3.411106263E1,1.257199860E1,-1.588505554E1,-5.027405548E1,5.420212904E1
3.412099463E1,1.238793945E1,-1.586998749E1,-5.069233704E1,5.454384091E1
3.413092763E1,1.247891235E1,-1.613656616E1,-5.026029205E1,5.424213287E1
3.414085963E1,1.219011688E1,-1.624024200E1,-5.030458069E1,5.424845849E1
3.415079163E1,1.228748322E1,-1.607775879E1,-5.062717438E1,5.452143942E1
3.416072363E1,1.234022522E1,-1.620355988E1,-5.073017883E1,5.466614634E1
3.417065562E1,1.238680267E1,-1.577697754E1,-5.074866486E1,5.456897365E1
3.418058763E1,1.220135498E1,-1.581523132E1,-5.078231049E1,5.456956719E1
3.419052063E1,1.221146393E1,-1.580422974E1,-5.065515900E1,5.445033206E1
3.420045263E1,1.231184387E1,-1.598950195E1,-5.051248932E1,5.439445973E1
3.421038463E1,1.224347687E1,-1.599869537E1,-5.075902557E1,5.461080165E1
3.422031663E1,1.215416718E1,-1.630480957E1,-5.049077606E1,5.443242657E1
3.423024863E1,1.219318390E1,-1.635147858E1,-5.062981415E1,5.458408803E1
3.424018163E1,1.212901306E1,-1.609004211E1,-5.059934998E1,5.446371848E1
3.425011363E1,1.221144867E1,-1.595935059E1,-5.077596283E1,5.460786345E1
3.426004563E1,1.215568542E1,-1.615678406E1,-5.083085632E1,5.470446338E1
3.426997763E1,1.216501617E1,-1.617214966E1,-5.064925385E1,5.454239597E1
3.427990963E1,1.217839050E1,-1.620685577E1,-5.081140900E1,5.470625790E1
3.428984163E1,1.237670898E1,-1.625760651E1,-5.074945831E1,5.470831942E1
3.429977463E1,1.217419434E1,-1.622592926E1,-5.056292725E1,5.448028451E1
3.430970663E1,1.225085449E1,-1.616230011E1,-5.067365265E1,5.458133796E1
3.431963863E1,1.229460907E1,-1.618768311E1,-5.082698059E1,5.474103079E1
3.432957063E1,1.245107269E1,-1.605067444E1,-5.058608246E1,5.451243069E1
3.433950263E1,1.202575684E1,-1.606690979E1,-5.051745605E1,5.435786773E1
3.434943563E1,1.216633606E1,-1.611359406E1,-5.067434692E1,5.454866710E1
3.435936763E1,1.211213684E1,-1.617677307E1,-5.057974243E1,5.446744156E1
3.436929963E1,1.232752228E1,-1.589965057E1,-5.086227417E1,5.469677895E1
3.437923163E1,1.216897583E1,-1.596844482E1,-5.097388458E1,5.478514500E1
3.438916363E1,1.201695251E1,-1.575709534E1,-5.114459991E1,5.484946036E1
3.439909563E1,1.182769012E1,-1.607482147E1,-5.114328003E1,5.489926440E1
3.440902862E1,1.192143250E1,-1.612667084E1,-5.056493378E1,5.439671491E1
3.441896063E1,1.196963501E1,-1.629544067E1,-5.077961731E1,5.465695823E1
3.442889263E1,1.211701202E1,-1.601989746E1,-5.063088226E1,5.446967352E1
3.443882463E1,1.187757874E1,-1.638673401E1,-5.067117310E1,5.456344666E1
3.444875663E1,1.182971954E1,-1.597205353E1,-5.048399353E1,5.425571271E1
3.445868963E1,1.180679321E1,-1.619966125E1,-5.061417389E1,5.443917697E1
3.446862163E1,1.215385437E1,-1.628646088E1,-5.037226105E1,5.431693720E1
3.447855363E1,1.212785339E1,-1.639481354E1,-5.042089081E1,5.438879451E1
3.448848562E1,1.213121796E1,-1.614255524E1,-5.047782898E1,5.436689946E1
3.449841762E1,1.214676666E1,-1.643563080E1,-5.018262482E1,5.418458945E1
3.450834963E1,1.229086304E1,-1.611936951E1,-5.053077698E1,5.444500720E1
3.451828263E1,1.192432404E1,-1.640408325E1,-5.071914673E1,5.462339513E1
3.452821463E1,1.227270508E1,-1.585051727E1,-5.062299347E1,5.444764141E1
3.453814663E1,1.218963623E1,-1.607677460E1,-5.070441437E1,5.457094052E1
3.454807863E1,1.221737671E1,-1.590299225E1,-5.058859253E1,5.441851845E1
3.455801063E1,1.218997955E1,-1.617782593E1,-5.070465851E1,5.460109933E1
3.456794363E1,1.229553223E1,-1.600099182E1,-5.066457367E1,5.453540939E1
3.457787563E1,1.219082642E1,-1.627825165E1,-5.043384552E1,5.437987219E1
3.458780763E1,1.244412231E1,-1.613811493E1,-5.057061005E1,5.452230309E1
3.459773963E1,1.229474640E1,-1.652043915E1,-5.066756439E1,5.469266660E1
3.460767163E1,1.243363953E1,-1.619992065E1,-5.051869202E1,5.449010061E1
3.461760363E1,1.234578705E1,-1.638496399E1,-5.063689423E1,5.463497561E1
3.462753663E1,1.246757507E1,-1.637982941E1,-5.081523132E1,5.482633468E1
3.463746863E1,1.224935150E1,-1.632628632E1,-5.050863647E1,5.447675280E1
3.464740063E1,1.228349304E1,-1.610203552E1,-5.019785309E1,5.412932850E1
3.465733263E1,1.231503296E1,-1.628814697E1,-5.030374146E1,5.429024013E1
3.466726463E1,1.218285370E1,-1.596190643E1,-5.025822449E1,5.412110041E1
3.467719763E1,1.229869843E1,-1.620266724E1,-5.030214691E1,5.425947284E1
3.468712963E1,1.252041626E1,-1.597140503E1,-5.012171936E1,5.407433174E1
3.469706163E1,1.217217255E1,-1.604084778E1,-5.038959503E1,5.426400160E1
3.470699363E1,1.218457794E1,-1.593988800E1,-5.041035461E1,5.425631596E1
3.471692563E1,1.239513397E1,-1.649192047E1,-5.049694824E1,5.454873572E1
3.472685763E1,1.255970001E1,-1.603330994E1,-5.039412689E1,5.435421895E1
3.473679063E1,1.223246765E1,-1.599647522E1,-5.014769745E1,5.403991158E1
3.474672263E1,1.243412781E1,-1.588998413E1,-5.012396240E1,5.403249705E1
3.475665463E1,1.239662170E1,-1.614636993E1,-5.042150879E1,5.437563830E1
3.476658663E1,1.234680939E1,-1.573033142E1,-5.017547607E1,5.401356707E1
3.477651863E1,1.224151611E1,-1.599681854E1,-5.062158203E1,5.448208410E1
3.478645063E1,1.224006653E1,-1.599198151E1,-5.027770233E1,5.416096429E1
3.479638363E1,1.225016022E1,-1.612608337E1,-5.047771454E1,5.438857100E1
3.480631562E1,1.226796722E1,-1.589103699E1,-5.014454651E1,5.401392062E1
3.481624762E1,1.213686371E1,-1.594875336E1,-5.036597443E1,5.420698824E1
3.482617963E1,1.222019196E1,-1.580226135E1,-5.019607544E1,5.402490671E1
3.483611163E1,1.215819550E1,-1.584325409E1,-5.030684662E1,5.412586475E1
3.484604463E1,1.221416473E1,-1.577951813E1,-5.034666443E1,5.415686135E1
3.485597663E1,1.229624939E1,-1.586058807E1,-5.076270294E1,5.458578582E1
3.486590863E1,1.210061646E1,-1.580091858E1,-5.070274353E1,5.446890992E1
3.487584063E1,1.210879517E1,-1.594149780E1,-5.051148987E1,5.433382815E1
3.488577262E1,1.199646759E1,-1.596747589E1,-5.045603180E1,5.426496721E1
3.489570462E1,1.232602692E1,-1.592028809E1,-5.074362183E1,5.459213925E1
3.490563763E1,1.198567963E1,-1.596857452E1,-5.066342926E1,5.445580734E1
3.491556963E1,1.221495056E1,-1.587429047E1,-5.076654053E1,5.457508362E1
3.492550163E1,1.216166687E1,-1.555895233E1,-5.077806091E1,5.448301211E1
3.493543363E1,1.224375153E1,-1.583115387E1,-5.097896576E1,5.476668544E1
3.494536563E1,1.232112122E1,-1.591563416E1,-5.085543823E1,5.469362885E1
3.495529863E1,1.240000153E1,-1.561427307E1,-5.090901947E1,5.467443484E1
3.496523063E1,1.231748962E1,-1.547232819E1,-5.068266296E1,5.440446503E1
3.497516263E1,1.235724640E1,-1.565070343E1,-5.053689575E1,5.432884951E1
3.498509463E1,1.228268433E1,-1.579711151E1,-5.091738129E1,5.470825151E1
3.499502625E1,1.227465057E1,-1.567680359E1,-5.054263306E1,5.432298753E1
3.500495825E1,1.229972076E1,-1.594740295E1,-5.042825317E1,5.430111887E1
3.501489125E1,1.194792938E1,-1.597480774E1,-5.021883392E1,5.403590269E1
3.502482325E1,1.195343781E1,-1.608728790E1,-5.061414337E1,5.443782708E1
3.503475525E1,1.212842560E1,-1.587970734E1,-5.057778931E1,5.438176702E1
3.504468725E1,1.227441406E1,-1.572801971E1,-5.065111542E1,5.443865665E1
3.505461925E1,1.243782806E1,-1.590221405E1,-5.052494812E1,5.440910182E1
3.506455225E1,1.235445404E1,-1.607379150E1,-5.044136047E1,5.436294836E1
3.507448425E1,1.234722137E1,-1.601417542E1,-5.066492462E1,5.455128117E1
3.508441625E1,1.226675415E1,-1.603149414E1,-5.058001709E1,5.445934438E1
3.509434825E1,1.215379333E1,-1.595968628E1,-5.041650391E1,5.426094493E1
3.510428025E1,1.228127289E1,-1.605517578E1,-5.066905212E1,5.455227929E1
3.511421225E1,1.216847229E1,-1.582009125E1,-5.062181091E1,5.441428806E1
3.512414525E1,1.214247131E1,-1.615419769E1,-5.020364380E1,5.411842166E1
3.513407725E1,1.226383209E1,-1.590057373E1,-5.048661041E1,5.433348556E1
3.514400925E1,1.210584259E1,-1.630274963E1,-5.072860718E1,5.464176660E1
3.515394125E1,1.213610840E1,-1.597661591E1,-5.082067871E1,5.463770463E1
3.516387325E1,1.183144379E1,-1.637838745E1,-5.098457336E1,5.484214947E1
3.517380525E1,1.181889343E1,-1.604054260E1,-5.069841766E1,5.447306493E1
3.518373825E1,1.211769867E1,-1.614588928E1,-5.082729340E1,5.468950645E1
3.519367025E1,1.210903931E1,-1.582810974E1,-5.070134735E1,5.447737617E1
3.520360225E1,1.213693237E1,-1.611985779E1,-5.090513611E1,5.475844980E1
3.521353425E1,1.218784332E1,-1.610544586E1,-5.048027039E1,5.437082498E1
3.522346625E1,1.204055786E1,-1.594680023E1,-5.044422913E1,5.425767893E1
3.523339925E1,1.225419617E1,-1.586827087E1,-5.064141846E1,5.446577464E1
3.524333125E1,1.197631836E1,-1.607176208E1,-5.083348083E1,5.464225939E1
3.525326325E1,1.201471710E1,-1.574098206E1,-5.069474030E1,5.442507360E1
3.526319525E1,1.179024506E1,-1.616108704E1,-5.045763397E1,5.427857256E1
3.527312725E1,1.203808594E1,-1.574067688E1,-5.009724426E1,5.387409678E1
3.528305925E1,1.205787659E1,-1.597080994E1,-5.016702271E1,5.401101115E1
3.529299225E1,1.235047150E1,-1.591056061E1,-5.029464722E1,5.417777795E1
3.530292425E1,1.227359772E1,-1.601901245E1,-5.053706360E1,5.441732039E1
3.531285625E1,1.226014709E1,-1.561991882E1,-5.054344177E1,5.430407514E1
3.532278825E1,1.213932037E1,-1.590727997E1,-5.027105713E1,5.410715147E1
3.533272025E1,1.222338104E1,-1.565861511E1,-4.997040558E1,5.377401515E1
3.534265225E1,1.227417755E1,-1.582035065E1,-5.063845062E1,5.445357298E1
3.535258525E1,1.217868042E1,-1.572063446E1,-5.064893341E1,5.441298614E1
3.536251725E1,1.204684448E1,-1.597174835E1,-5.073643494E1,5.453814296E1
3.537244925E1,1.208473206E1,-1.566558838E1,-5.034706879E1,5.409508983E1
3.538238125E1,1.207536316E1,-1.573242950E1,-5.068104553E1,5.442326809E1
3.539231325E1,1.200402832E1,-1.561130524E1,-5.072684479E1,5.441527662E1
3.540224625E1,1.212277222E1,-1.561193848E1,-5.042234039E1,5.415816319E1
3.541217825E1,1.214829254E1,-1.558843231E1,-5.046595764E1,5.419772241E1
3.542211025E1,1.209432220E1,-1.568873596E1,-5.064997101E1,5.438592308E1
3.543204225E1,1.247605133E1,-1.549747467E1,-5.078182220E1,5.454004991E1
3.544197425E1,1.236191559E1,-1.567075348E1,-5.066325378E1,5.445323457E1
3.545190625E1,1.240480042E1,-1.557840729E1,-5.039302063E1,5.418507521E1
3.546183925E1,1.220494843E1,-1.598106384E1,-5.068875885E1,5.453169208E1
3.547177125E1,1.205494690E1,-1.570302582E1,-5.072549438E1,5.445165328E1
3.548170325E1,1.224776459E1,-1.591365814E1,-5.087572479E1,5.469544429E1
3.549163525E1,1.231404114E1,-1.576805878E1,-5.058320618E1,5.439602958E1
3.550156725E1,1.254147339E1,-1.588304901E1,-5.055886841E1,5.445878235E1
3.551149925E1,1.254350281E1,-1.582629395E1,-5.082533264E1,5.469026861E1
3.552143225E1,1.226465607E1,-1.594741058E1,-5.027064514E1,5.414683237E1
3.553136425E1,1.243698120E1,-1.571144104E1,-5.027481842E1,5.412102409E1
3.554129625E1,1.218394470E1,-1.586463165E1,-5.018339539E1,5.402321925E1
3.555122825E1,1.237547302E1,-1.566393280E1,-5.000782013E1,5.384508517E1
3.556116025E1,1.252551270E1,-1.594647217E1,-5.068733215E1,5.459289408E1
3.557109225E1,1.257705688E1,-1.571280670E1,-5.012140656E1,5.401138815E1
3.558102525E1,1.224870300E1,-1.601397705E1,-5.052375031E1,5.439786330E1
3.559095725E1,1.222374725E1,-1.575698853E1,-5.037439728E1,5.417824827E1
3.560088925E1,1.225967407E1,-1.575226593E1,-5.055532074E1,5.435323307E1
3.561082125E1,1.253494263E1,-1.575077057E1,-5.029238892E1,5.417135722E1
3.562075325E1,1.239220428E1,-1.601498413E1,-5.077198792E1,5.466114891E1
3.563068625E1,1.248232269E1,-1.611836243E1,-5.052184296E1,5.447996515E1
3.564061825E1,1.230902863E1,-1.592754364E1,-5.051236725E1,5.437552829E1
3.565055025E1,1.241551208E1,-1.592488861E1,-5.052618408E1,5.441178453E1
3.566048225E1,1.227181244E1,-1.578530884E1,-5.053353882E1,5.434530248E1
3.567041425E1,1.250905609E1,-1.601072693E1,-5.076712799E1,5.468200020E1
3.568034625E1,1.234539032E1,-1.600696564E1,-5.048760223E1,5.438409317E1
3.569027925E1,1.205480194E1,-1.616829681E1,-5.051912689E1,5.439590291E1
3.570021125E1,1.209580994E1,-1.586559296E1,-5.034202576E1,5.415113309E1
3.571014325E1,1.226432037E1,-1.601626587E1,-5.027762604E1,5.417355449E1
3.572007525E1,1.232727814E1,-1.591965485E1,-5.036560059E1,5.424104460E1
3.573000725E1,1.228804779E1,-1.587355804E1,-5.054818726E1,5.438828181E1
3.573993925E1,1.244230652E1,-1.579866028E1,-5.040151215E1,5.426528434E1
3.574987225E1,1.224275970E1,-1.583377075E1,-5.058515167E1,5.440083668E1
3.575980425E1,1.220273590E1,-1.586293030E1,-5.059913635E1,5.441334322E1
3.576973625E1,1.200714111E1,-1.615029907E1,-5.082164001E1,5.466116255E1
3.577966825E1,1.224526978E1,-1.584545135E1,-5.098899841E1,5.478049762E1
3.578960025E1,1.190472412E1,-1.613045502E1,-5.099934387E1,5.479824003E1
3.579953225E1,1.196610260E1,-1.606485748E1,-5.083513641E1,5.463953103E1
3.580946525E1,1.202558899E1,-1.614468384E1,-5.085511017E1,5.469467832E1
3.581939725E1,1.218264771E1,-1.620468140E1,-5.074614716E1,5.464595187E1
3.582932925E1,1.209264374E1,-1.631732941E1,-5.066066742E1,5.458012912E1
3.583926125E1,1.191716003E1,-1.606641388E1,-5.057516479E1,5.438745859E1
3.584919325E1,1.186367035E1,-1.609112549E1,-5.049057007E1,5.430440737E1
3.585912625E1,1.189952087E1,-1.583657074E1,-5.061872101E1,5.435669679E1
3.586905825E1,1.171634674E1,-1.616362762E1,-5.098976898E1,5.475848957E1
3.587899025E1,1.175028229E1,-1.624787903E1,-5.055703735E1,5.438820399E1
3.588892225E1,1.168334198E1,-1.619141388E1,-5.081506348E1,5.459700577E1
3.589885425E1,1.177635956E1,-1.601309204E1,-5.085158539E1,5.459840197E1
3.590878625E1,1.192132568E1,-1.589570618E1,-5.061165619E1,5.437215485E1
3.591871925E1,1.182406616E1,-1.609149933E1,-5.081642151E1,5.459902551E1
3.592865125E1,1.200189972E1,-1.587734222E1,-5.088523102E1,5.463920139E1
3.593858325E1,1.211629486E1,-1.626290894E1,-5.110901642E1,5.498561964E1
3.594851525E1,1.177470398E1,-1.593088531E1,-5.094258118E1,5.465879012E1
3.595844725E1,1.185146332E1,-1.617406464E1,-5.071656036E1,5.453647444E1
3.596837925E1,1.197994995E1,-1.621458435E1,-5.044055939E1,5.432018021E1
3.597831225E1,1.189462280E1,-1.625408173E1,-5.068431091E1,5.453967911E1
3.598824425E1,1.207463837E1,-1.600787354E1,-5.073408508E1,5.455269284E1
3.599817700E1,1.207654572E1,-1.627544403E1,-5.086669922E1,5.475540269E1
3.600810900E1,1.225621033E1,-1.597192383E1,-5.075272369E1,5.459996341E1
3.601804100E1,1.221108246E1,-1.609207916E1,-5.108886719E1,5.493758183E1
3.602797300E1,1.235260010E1,-1.595751953E1,-5.057910919E1,5.445617913E1
3.603790600E1,1.224845123E1,-1.612669373E1,-5.055259705E1,5.445787249E1
3.604783800E1,1.242171478E1,-1.572420502E1,-5.020307159E1,5.405458370E1
3.605777000E1,1.225827789E1,-1.591382599E1,-5.038543701E1,5.424211922E1
3.606770200E1,1.233643341E1,-1.562537384E1,-5.018431854E1,5.398894076E1
3.607763400E1,1.220194244E1,-1.571086884E1,-5.015644073E1,5.395727334E1
3.608756600E1,1.255559540E1,-1.578349304E1,-5.010082245E1,5.400790718E1
3.609749900E1,1.223682404E1,-1.573996735E1,-5.026613617E1,5.407560337E1
3.610743100E1,1.243894196E1,-1.546508026E1,-5.035148621E1,5.412178995E1
3.611736300E1,1.241716766E1,-1.570147705E1,-5.027296448E1,5.411185999E1
3.612729500E1,1.264678955E1,-1.554575348E1,-5.029312897E1,5.413880825E1
3.613722700E1,1.283767700E1,-1.571961975E1,-5.000453949E1,5.396634475E1
3.614716000E1,1.305352020E1,-1.567360687E1,-5.029376984E1,5.427264160E1
3.615709200E1,1.274331665E1,-1.569879913E1,-5.066368866E1,5.454955327E1
3.616702400E1,1.274352264E1,-1.555763245E1,-5.038058472E1,5.424611150E1
3.617695600E1,1.288964081E1,-1.574460602E1,-5.002825165E1,5.400797554E1
3.618688800E1,1.274389648E1,-1.536708832E1,-5.007285309E1,5.390588945E1
3.619682000E1,1.277832794E1,-1.536408997E1,-4.981499481E1,5.367377976E1
3.620675300E1,1.265784454E1,-1.513000488E1,-4.978957367E1,5.355501585E1
3.621668500E1,1.258710480E1,-1.527078247E1,-4.987010956E1,5.365314373E1
3.622661700E1,1.267289734E1,-1.522595215E1,-4.972328949E1,5.352417644E1
3.623654900E1,1.296154785E1,-1.539835358E1,-4.962474060E1,5.355115214E1
3.624648100E1,1.313573456E1,-1.510942078E1,-4.967755890E1,5.356026491E1
3.625641300E1,1.311739349E1,-1.508089447E1,-4.982891083E1,5.368817136E1
3.626634600E1,1.299217987E1,-1.508162689E1,-4.990660858E1,5.373008271E1
3.627627800E1,1.278845978E1,-1.534850311E1,-4.976052094E1,5.362117767E1
3.628621000E1,1.293851471E1,-1.547496796E1,-4.987860870E1,5.380293117E1
3.629614200E1,1.303124237E1,-1.547377777E1,-4.963716888E1,5.360130233E1
3.630607400E1,1.301211548E1,-1.513613892E1,-4.944679260E1,5.332357030E1
3.631600600E1,1.301328278E1,-1.535009766E1,-4.975363922E1,5.366931751E1
3.632593900E1,1.298526764E1,-1.528034973E1,-4.992764282E1,5.380404986E1
3.633587100E1,1.281515503E1,-1.559197235E1,-4.971156311E1,5.365237466E1
3.634580300E1,1.279728699E1,-1.544257355E1,-4.972388458E1,5.361630657E1
3.635573500E1,1.302004242E1,-1.539669037E1,-4.985707092E1,5.378017386E1
3.636566700E1,1.290045166E1,-1.529120636E1,-4.974396515E1,5.361627284E1
3.637559900E1,1.332235718E1,-1.543207550E1,-4.975495911E1,5.376978809E1
3.638553200E1,1.335572815E1,-1.552315521E1,-4.969214630E1,5.374619267E1
3.639546400E1,1.342118073E1,-1.550316620E1,-4.993244171E1,5.397893098E1
3.640539600E1,1.357474518E1,-1.544718170E1,-4.970207214E1,5.378833614E1
3.641532800E1,1.327932739E1,-1.526148987E1,-4.975070953E1,5.370648665E1
3.642526000E1,1.325454712E1,-1.537665558E1,-4.968520355E1,5.367256290E1
3.643519200E1,1.342648315E1,-1.552819061E1,-4.983833313E1,5.390041375E1
3.644512500E1,1.327764130E1,-1.542122650E1,-4.973625946E1,5.373830561E1
3.645505700E1,1.319514465E1,-1.534513855E1,-4.976345062E1,5.372137505E1
3.646498900E1,1.330149841E1,-1.559115601E1,-4.984503937E1,5.389380257E1
3.647492100E1,1.326509094E1,-1.536982727E1,-4.993091583E1,5.390074753E1
3.648485300E1,1.311391449E1,-1.517826843E1,-5.040560150E1,5.425015436E1
3.649478500E1,1.317768097E1,-1.525592041E1,-5.001031494E1,5.392055252E1
3.650471800E1,1.339045715E1,-1.525704956E1,-4.986814117E1,5.384155838E1
3.651465000E1,1.336744690E1,-1.506488800E1,-4.999831390E1,5.390241999E1
3.652458200E1,1.340483093E1,-1.523279572E1,-5.008213043E1,5.403653714E1
3.653451400E1,1.349867249E1,-1.509539795E1,-4.981080627E1,5.376989511E1
3.654444600E1,1.343798065E1,-1.527107239E1,-4.969585419E1,5.369788543E1
3.655437800E1,1.342291260E1,-1.513711548E1,-4.997317505E1,5.391312523E1
3.656431100E1,1.364008331E1,-1.509741211E1,-4.996064758E1,5.394487957E1
3.657424300E1,1.375830841E1,-1.496311951E1,-4.947541809E1,5.348834444E1
3.658417500E1,1.382524872E1,-1.516228485E1,-4.927128601E1,5.337313940E1
3.659410700E1,1.369242859E1,-1.512761688E1,-4.953787994E1,5.357545093E1
3.660403900E1,1.363979340E1,-1.530104828E1,-4.963999176E1,5.370563122E1
3.661397100E1,1.353025818E1,-1.492680359E1,-5.003257751E1,5.393640852E1
3.662390400E1,1.338509369E1,-1.520950317E1,-4.978486633E1,5.374962917E1
3.663383600E1,1.351391602E1,-1.493344116E1,-4.951296234E1,5.345247451E1
3.664376800E1,1.343589783E1,-1.517291260E1,-4.981527710E1,5.378013071E1
3.665370000E1,1.344741058E1,-1.513060760E1,-4.922496796E1,5.322467105E1